,date,Yield Rate_DGS10,Tenures_DGS10,Coupon Rate_DGS10,Coupon Payment Frequency_DGS10,gold_future_auction_Gold_Future_Auction,XAUUSD Currency_LBMA_Gold_Spot,Dividend Yield Rate_reit,823 | Share Price (Daily)(HK$)_reit,SOFR_SOFR,LBMA-Gold Bullion ($/oz)_SPGlobal_PriceChart-Gold_full,S&P GSCI Gold 12 Month Forward_SPGold_foward_12months,value_Treasury 3 months full,PX_LAST_tb,DGS5_Treasury_5_years_full,Month,ACTIVE_MAIN_BUS_standardized,NEW_REG_MAIN_BUS_standardized,Residential_StampDuty_standardized,NonResidential_StampDuty_standardized,mrf
0,2018-04-03 00:00:00,2.79,10.0,4.0,2.0,1335.025,1332.74,3.7448,66.7,1.83,1330.16,99.92,1.72,98.3125,2.6,201804,0.0,0.0,0.0,0.0,0.0
1,2018-04-04 00:00:00,2.79,10.0,4.0,2.0,1340.225,1333.19,3.796,65.8,1.74,1337.16,100.13,1.68,98.24609375,2.61,201804,0.0,0.0,0.0,0.0,0.0
2,2018-04-06 00:00:00,2.77,10.0,4.0,2.0,1328.4,1333.03,3.7392,66.8,1.75,1332.39,99.85,1.7,98.32421875,2.58,201804,0.0,0.0,0.0,0.0,0.0
3,2018-04-09 00:00:00,2.78,10.0,4.0,2.0,1330.225,1336.35,3.6652,68.15,1.75,1333.76,100.12,1.73,98.29296875,2.6,201804,0.0,0.0,0.0,0.0,0.0
4,2018-04-10 00:00:00,2.8,10.0,4.0,2.0,1337.45,1339.64,3.6625,68.2,1.75,1339.3,100.55,1.71,98.22265625,2.62,201804,0.0,0.0,0.0,0.0,0.0
5,2018-04-11 00:00:00,2.79,10.0,4.0,2.0,1347.975,1353.38,3.6759,67.95,1.76,1358.84,101.6,1.7,98.23828125,2.62,201804,0.0,0.0,0.0,0.0,0.0
6,2018-04-12 00:00:00,2.83,10.0,4.0,2.0,1343.625,1334.94,3.6571,68.3,1.73,1338.49,100.26,1.72,98.11328125,2.67,201804,0.0,0.0,0.0,0.0,0.0
7,2018-04-13 00:00:00,2.82,10.0,4.0,2.0,1342.225,1346.2,3.6678,68.1,1.72,1345.54,100.72,1.73,98.10546875,2.67,201804,0.0,0.0,0.0,0.0,0.0
8,2018-04-16 00:00:00,2.83,10.0,4.0,2.0,1346.875,1345.93,3.6895,67.7,1.77,1349.18,100.92,1.76,98.05078125,2.69,201804,0.0,0.0,0.0,0.0,0.0
9,2018-04-17 00:00:00,2.82,10.0,4.0,2.0,1342.525,1347.52,3.6358,68.7,1.76,1343.67,100.82,1.77,98.01953125,2.68,201804,0.0,0.0,0.0,0.0,0.0
10,2018-04-18 00:00:00,2.87,10.0,4.0,2.0,1349.0,1349.41,3.6332,68.75,1.75,1351.67,101.13,1.78,97.91015625,2.73,201804,0.0,0.0,0.0,0.0,0.0
11,2018-04-19 00:00:00,2.92,10.0,4.0,2.0,1348.25,1345.53,3.5991,69.4,1.73,1345.3,100.79,1.79,97.88671875,2.77,201804,0.0,0.0,0.0,0.0,0.0
12,2018-04-20 00:00:00,2.96,10.0,4.0,2.0,1338.45,1336.36,3.6544,68.35,1.72,1338.58,100.02,1.78,97.81640625,2.8,201804,0.0,0.0,0.0,0.0,0.0
13,2018-04-23 00:00:00,2.98,10.0,4.0,2.0,1326.15,1324.83,3.7004,67.5,1.7,1324.32,98.98,1.84,97.7734375,2.83,201804,0.0,0.0,0.0,0.0,0.0
14,2018-04-24 00:00:00,3.0,10.0,4.0,2.0,1328.1,1330.35,3.7059,67.4,1.71,1328.4,99.65,1.84,97.78515625,2.83,201804,0.0,0.0,0.0,0.0,0.0
15,2018-04-25 00:00:00,3.03,10.0,4.0,2.0,1323.6750000000002,1323.13,3.7308,66.95,1.71,1320.48,98.9,1.82,97.77734375,2.84,201804,0.0,0.0,0.0,0.0,0.0
16,2018-04-26 00:00:00,3.0,10.0,4.0,2.0,1321.3000000000002,1316.8,3.7505,66.6,1.72,1317.67,98.55,1.79,97.82421875,2.82,201804,0.0,0.0,0.0,0.0,0.0
17,2018-04-27 00:00:00,2.96,10.0,4.0,2.0,1319.6,1324.0,3.7004,67.5,1.72,1322.49,98.96,1.78,97.83203125,2.8,201804,0.0,0.0,0.0,0.0,0.0
18,2018-04-30 00:00:00,2.95,10.0,4.0,2.0,1314.725,1315.39,3.5888,69.6,1.77,1313.18,98.63,1.84,97.80859375,2.79,201804,0.0,0.0,0.0,0.0,0.0
19,2018-05-02 00:00:00,2.97,10.0,4.0,2.0,1307.475,1304.96,3.6491,68.45,1.75,1306.41,97.63,1.81,97.8046875,2.8,201805,0.0,0.0,0.0,0.0,0.0
20,2018-05-03 00:00:00,2.94,10.0,4.0,2.0,1314.175,1312.06,3.7059,67.4,1.74,1313.89,98.14,1.8,97.84765625,2.78,201805,0.0,0.0,0.0,0.0,0.0
21,2018-05-04 00:00:00,2.95,10.0,4.0,2.0,1309.375,1314.5,3.7281,67.0,1.72,1310.91,98.31,1.8,97.80078125,2.78,201805,0.0,0.0,0.0,0.0,0.0
22,2018-05-07 00:00:00,2.95,10.0,4.0,2.0,1309.375,1314.21,3.7561,66.5,1.71,1315.2,98.37,1.83,97.80078125,2.78,201805,0.0,0.0,0.0,0.0,0.0
23,2018-05-08 00:00:00,2.97,10.0,4.0,2.0,1308.3249999999998,1314.63,3.7533,66.55,1.72,1307.8,98.44,1.84,97.77734375,2.81,201805,0.0,0.0,0.0,0.0,0.0
24,2018-05-09 00:00:00,3.0,10.0,4.0,2.0,1310.35,1312.72,3.7281,67.0,1.72,1315.0,98.47,1.85,97.72265625,2.84,201805,0.0,0.0,0.0,0.0,0.0
25,2018-05-10 00:00:00,2.97,10.0,4.0,2.0,1316.8,1321.6,3.7308,66.95,1.73,1317.36,99.24,1.86,97.72265625,2.83,201805,0.0,0.0,0.0,0.0,0.0
26,2018-05-11 00:00:00,2.97,10.0,4.0,2.0,1324.5749999999998,1319.3,3.6922,67.65,1.73,1321.46,99.21,1.88,97.70703125,2.84,201805,0.0,0.0,0.0,0.0,0.0
27,2018-05-14 00:00:00,3.0,10.0,4.0,2.0,1320.275,1313.5,3.6385,68.65,1.75,1319.34,99.01,1.9,97.66796875,2.85,201805,0.0,0.0,0.0,0.0,0.0
28,2018-05-15 00:00:00,3.08,10.0,4.0,2.0,1302.525,1290.53,3.6571,68.3,1.79,1294.0,96.97,1.89,97.57421875,2.92,201805,0.0,0.0,0.0,0.0,0.0
29,2018-05-16 00:00:00,3.09,10.0,4.0,2.0,1291.5,1290.73,3.6868,67.75,1.75,1288.62,97.08,1.88,97.53515625,2.94,201805,0.0,0.0,0.0,0.0,0.0
30,2018-05-17 00:00:00,3.11,10.0,4.0,2.0,1289.175,1290.79,3.7087,67.35,1.74,1288.43,96.92,1.88,97.57421875,2.94,201805,0.0,0.0,0.0,0.0,0.0
31,2018-05-18 00:00:00,3.06,10.0,4.0,2.0,1287.75,1293.04,3.7087,67.35,1.73,1291.89,97.02,1.87,97.66796875,2.9,201805,0.0,0.0,0.0,0.0,0.0
32,2018-05-21 00:00:00,3.06,10.0,4.0,2.0,1287.1,1292.6,3.6305,68.8,1.69,1288.69,97.0,1.9,97.625,2.9,201805,0.0,0.0,0.0,0.0,0.0
33,2018-05-23 00:00:00,3.01,10.0,4.0,2.0,1291.5,1293.41,3.6017,69.35,1.67,1293.94,96.91,1.88,97.7890625,2.83,201805,0.0,0.0,0.0,0.0,0.0
34,2018-05-24 00:00:00,2.98,10.0,4.0,2.0,1300.6,1304.63,3.5632,70.1,1.74,1304.85,97.99,1.87,97.828125,2.82,201805,0.0,0.0,0.0,0.0,0.0
35,2018-05-25 00:00:00,2.93,10.0,4.0,2.0,1303.725,1302.25,3.5811,69.75,1.73,1303.76,97.92,1.86,97.94140625,2.76,201805,0.0,0.0,0.0,0.0,0.0
36,2018-05-29 00:00:00,2.77,10.0,4.0,2.0,1298.775,1298.77,3.594,69.5,1.72,1302.01,97.48,1.9,98.36328125,2.58,201805,0.0,0.0,0.0,0.0,0.0
37,2018-05-30 00:00:00,2.84,10.0,4.0,2.0,1299.65,1301.38,3.6226,68.95,1.72,1301.83,97.67,1.9,98.12890625,2.67,201805,0.0,0.0,0.0,0.0,0.0
38,2018-05-31 00:00:00,2.83,10.0,4.0,2.0,1304.425,1298.51,3.5991,69.4,1.81,1304.08,97.55,1.89,98.09375,2.68,201805,0.0,0.0,0.0,0.0,0.0
39,2018-06-01 00:00:00,2.89,10.0,4.0,2.0,1296.875,1293.4,3.548,70.4,1.81,1298.25,97.18,1.88,98.0078125,2.74,201806,0.0,0.0,0.0,0.0,0.0
40,2018-06-04 00:00:00,2.94,10.0,4.0,2.0,1295.0500000000002,1292.02,3.45,72.4,1.8,1293.47,97.04,1.91,97.87890625,2.78,201806,0.0,0.0,0.0,0.0,0.0
41,2018-06-05 00:00:00,2.92,10.0,4.0,2.0,1292.15,1296.4,3.4263,72.9,1.75,1295.34,97.39,1.91,97.94921875,2.76,201806,0.0,0.0,0.0,0.0,0.0
42,2018-06-06 00:00:00,2.97,10.0,4.0,2.0,1297.675,1296.4,3.45,72.4,1.73,1299.28,97.32,1.91,97.8828125,2.81,201806,0.0,0.0,0.0,0.0,0.0
43,2018-06-07 00:00:00,2.93,10.0,4.0,2.0,1297.775,1297.18,3.3914,73.65,1.71,1297.88,97.4,1.9,97.95703125,2.77,201806,0.0,0.0,0.0,0.0,0.0
44,2018-06-08 00:00:00,2.93,10.0,4.0,2.0,1298.725,1298.17,3.4076,73.3,1.69,1297.79,97.4,1.89,97.9296875,2.77,201806,0.0,0.0,0.0,0.0,0.0
45,2018-06-11 00:00:00,2.96,10.0,4.0,2.0,1297.8249999999998,1300.49,3.3984,73.5,1.69,1300.92,97.48,1.91,97.88671875,2.8,201806,0.0,0.0,0.0,0.0,0.0
46,2018-06-12 00:00:00,2.96,10.0,4.0,2.0,1298.475,1295.97,3.4216,73.0,1.67,1298.94,97.21,1.89,97.8515625,2.81,201806,0.0,0.0,0.0,0.0,0.0
47,2018-06-13 00:00:00,2.98,10.0,4.0,2.0,1295.275,1299.31,3.5156,71.05,1.71,1298.07,97.35,1.9,97.79296875,2.85,201806,0.0,0.0,0.0,0.0,0.0
48,2018-06-14 00:00:00,2.94,10.0,4.0,2.0,1304.025,1302.25,3.4983,71.4,1.9,1305.6,97.86,1.9,97.80859375,2.81,201806,0.0,0.0,0.0,0.0,0.0
49,2018-06-15 00:00:00,2.93,10.0,4.0,2.0,1292.675,1278.94,3.491,71.55,1.91,1281.08,95.61,1.9,97.83203125,2.81,201806,0.0,0.0,0.0,0.0,0.0
50,2018-06-19 00:00:00,2.89,10.0,4.0,2.0,1277.575,1274.66,3.5205,70.95,1.88,1274.06,95.61,1.91,97.87890625,2.77,201806,0.0,0.0,0.0,0.0,0.0
51,2018-06-20 00:00:00,2.93,10.0,4.0,2.0,1273.725,1267.86,3.5305,70.75,1.87,1274.19,95.32,1.9,97.82421875,2.8,201806,0.0,0.0,0.0,0.0,0.0
52,2018-06-21 00:00:00,2.9,10.0,4.0,2.0,1264.9250000000002,1267.19,3.5965,69.45,1.87,1268.15,95.0,1.9,97.90234375,2.77,201806,0.0,0.0,0.0,0.0,0.0
53,2018-06-22 00:00:00,2.9,10.0,4.0,2.0,1269.4250000000002,1270.56,3.5683,70.0,1.92,1269.52,95.01,1.89,97.91015625,2.77,201806,0.0,0.0,0.0,0.0,0.0
54,2018-06-25 00:00:00,2.87,10.0,4.0,2.0,1269.25,1265.64,3.5405,70.55,1.91,1266.33,94.88,1.9,97.94140625,2.75,201806,0.0,0.0,0.0,0.0,0.0
55,2018-06-26 00:00:00,2.88,10.0,4.0,2.0,1258.725,1259.04,3.5057,71.25,1.9,1260.82,94.2,1.9,97.94921875,2.75,201806,0.0,0.0,0.0,0.0,0.0
56,2018-06-27 00:00:00,2.83,10.0,4.0,2.0,1255.6999999999998,1252.35,3.543,70.5,1.9,1255.49,93.91,1.89,98.05078125,2.71,201806,0.0,0.0,0.0,0.0,0.0
57,2018-06-28 00:00:00,2.84,10.0,4.0,2.0,1251.025,1248.25,3.518,71.0,1.93,1249.94,93.51,1.89,98.01953125,2.73,201806,0.0,0.0,0.0,0.0,0.0
58,2018-06-29 00:00:00,2.85,10.0,4.0,2.0,1250.5,1252.6,3.4861,71.65,2.12,1251.13,93.78,1.89,97.96484375,2.73,201806,0.0,0.0,0.0,0.0,0.0
59,2018-07-03 00:00:00,2.83,10.0,4.0,2.0,1248.8,1252.73,3.462,72.15,2.0,1254.68,93.67,1.94,97.98828125,2.72,201807,0.0,0.0,0.0,0.0,0.0
60,2018-07-05 00:00:00,2.84,10.0,4.0,2.0,1254.0,1257.91,3.45,72.4,1.97,1258.19,94.04,1.92,97.93359375,2.74,201807,0.0,0.0,0.0,0.0,0.0
61,2018-07-06 00:00:00,2.82,10.0,4.0,2.0,1254.775,1255.48,3.3754,74.0,1.93,1254.84,93.84,1.93,97.96484375,2.71,201807,0.0,0.0,0.0,0.0,0.0
62,2018-07-09 00:00:00,2.86,10.0,4.0,2.0,1262.3249999999998,1257.68,3.3083,75.5,1.89,1261.56,94.33,1.95,97.90625,2.75,201807,0.0,0.0,0.0,0.0,0.0
63,2018-07-10 00:00:00,2.87,10.0,4.0,2.0,1253.85,1255.54,3.3663,74.2,1.89,1254.45,94.24,1.95,97.8984375,2.77,201807,0.0,0.0,0.0,0.0,0.0
64,2018-07-11 00:00:00,2.85,10.0,4.0,2.0,1250.7,1241.96,3.3914,73.65,1.89,1246.32,93.58,1.93,97.88671875,2.74,201807,0.0,0.0,0.0,0.0,0.0
65,2018-07-12 00:00:00,2.85,10.0,4.0,2.0,1245.375,1247.39,3.3326,74.95,1.9,1247.32,93.92,1.94,97.8828125,2.75,201807,0.0,0.0,0.0,0.0,0.0
66,2018-07-13 00:00:00,2.83,10.0,4.0,2.0,1241.1,1244.32,3.3105,75.45,1.9,1242.19,93.7,1.94,97.921875,2.73,201807,0.0,0.0,0.0,0.0,0.0
67,2018-07-16 00:00:00,2.85,10.0,4.0,2.0,1243.0,1240.93,3.355,74.45,1.95,1239.63,93.59,1.98,97.87109375,2.75,201807,0.0,0.0,0.0,0.0,0.0
68,2018-07-17 00:00:00,2.86,10.0,4.0,2.0,1238.225,1227.54,3.3573,74.4,1.92,1227.74,92.65,1.98,97.84375,2.76,201807,0.0,0.0,0.0,0.0,0.0
69,2018-07-18 00:00:00,2.88,10.0,4.0,2.0,1223.975,1227.51,3.3984,73.5,1.9,1226.39,92.68,1.96,97.83984375,2.77,201807,0.0,0.0,0.0,0.0,0.0
70,2018-07-19 00:00:00,2.84,10.0,4.0,2.0,1217.475,1222.97,3.3891,73.7,1.9,1217.45,92.34,1.96,97.90625,2.74,201807,0.0,0.0,0.0,0.0,0.0
71,2018-07-20 00:00:00,2.89,10.0,4.0,2.0,1226.8,1229.53,3.3215,75.2,1.88,1229.14,92.81,1.95,97.88671875,2.77,201807,0.0,0.0,0.0,0.0,0.0
72,2018-07-23 00:00:00,2.96,10.0,4.0,2.0,1227.2,1224.5,3.2376,77.15,1.87,1224.76,92.37,1.96,97.79296875,2.83,201807,0.0,0.0,0.0,0.0,0.0
73,2018-07-24 00:00:00,2.95,10.0,4.0,2.0,1226.3249999999998,1224.52,3.2545,76.75,1.9,1227.72,92.37,1.98,97.78125,2.83,201807,0.0,0.0,0.0,0.0,0.0
74,2018-07-25 00:00:00,2.94,10.0,4.0,2.0,1231.025,1231.63,3.2844,76.05,1.87,1228.75,92.8,1.97,97.73046875,2.82,201807,0.0,0.0,0.0,0.0,0.0
75,2018-07-26 00:00:00,2.98,10.0,4.0,2.0,1228.3,1222.69,3.2587,76.65,1.9,1227.06,92.4,1.95,97.69921875,2.86,201807,0.0,0.0,0.0,0.0,0.0
76,2018-07-27 00:00:00,2.96,10.0,4.0,2.0,1221.5500000000002,1224.22,3.2355,77.2,1.88,1224.03,92.21,1.96,97.72265625,2.84,201807,0.0,0.0,0.0,0.0,0.0
77,2018-07-30 00:00:00,2.98,10.0,4.0,2.0,1222.925,1221.45,3.2126,77.75,1.88,1224.31,92.12,2.01,97.73828125,2.85,201807,0.0,0.0,0.0,0.0,0.0
78,2018-07-31 00:00:00,2.96,10.0,4.0,2.0,1220.075,1224.15,3.2105,77.8,1.93,1222.01,92.27,1.99,97.7265625,2.85,201807,0.0,0.0,0.0,0.0,0.0
79,2018-08-01 00:00:00,3.0,10.0,4.0,2.0,1220.875,1215.96,3.2003,78.05,1.88,1217.51,91.85,1.99,97.71484375,2.87,201808,0.0,0.0,0.0,0.0,0.0
80,2018-08-02 00:00:00,2.98,10.0,4.0,2.0,1216.525,1207.83,3.2866,76.0,1.91,1214.15,91.28,1.98,97.74609375,2.85,201808,0.0,0.0,0.0,0.0,0.0
81,2018-08-03 00:00:00,2.95,10.0,4.0,2.0,1212.0,1214.9,3.3282,75.05,1.86,1219.63,91.52,1.97,97.81640625,2.82,201808,0.0,0.0,0.0,0.0,0.0
82,2018-08-06 00:00:00,2.94,10.0,4.0,2.0,1210.825,1207.64,3.2866,76.0,1.86,1210.98,91.11,2.02,97.82421875,2.8,201808,0.0,0.0,0.0,0.0,0.0
83,2018-08-07 00:00:00,2.98,10.0,4.0,2.0,1213.875,1210.97,3.2439,77.0,1.87,1211.9,91.15,2.02,97.76171875,2.84,201808,0.0,0.0,0.0,0.0,0.0
84,2018-08-08 00:00:00,2.96,10.0,4.0,2.0,1210.9499999999998,1213.88,3.2085,77.85,1.88,1210.45,91.34,2.02,97.77734375,2.83,201808,0.0,0.0,0.0,0.0,0.0
85,2018-08-09 00:00:00,2.93,10.0,4.0,2.0,1214.925,1212.47,3.2355,77.2,1.91,1213.49,91.27,2.02,97.83203125,2.8,201808,0.0,0.0,0.0,0.0,0.0
86,2018-08-10 00:00:00,2.87,10.0,4.0,2.0,1213.025,1210.57,3.2566,76.7,1.9,1214.99,91.18,2.01,97.94921875,2.75,201808,0.0,0.0,0.0,0.0,0.0
87,2018-08-13 00:00:00,2.88,10.0,4.0,2.0,1202.375,1193.5,3.2566,76.7,1.91,1195.89,89.69,2.03,97.91796875,2.75,201808,0.0,0.0,0.0,0.0,0.0
88,2018-08-14 00:00:00,2.89,10.0,4.0,2.0,1196.15,1194.09,3.2481,76.9,1.93,1197.68,89.82,2.04,97.87890625,2.77,201808,0.0,0.0,0.0,0.0,0.0
89,2018-08-15 00:00:00,2.86,10.0,4.0,2.0,1184.35,1174.85,3.2355,77.2,1.98,1179.69,88.65,2.03,97.94921875,2.73,201808,0.0,0.0,0.0,0.0,0.0
90,2018-08-16 00:00:00,2.87,10.0,4.0,2.0,1180.025,1174.16,3.2355,77.2,1.99,1181.34,88.57,2.03,97.94140625,2.75,201808,0.0,0.0,0.0,0.0,0.0
91,2018-08-17 00:00:00,2.87,10.0,4.0,2.0,1177.5500000000002,1184.25,3.2439,77.0,1.9,1179.16,88.58,2.01,97.95703125,2.75,201808,0.0,0.0,0.0,0.0,0.0
92,2018-08-20 00:00:00,2.82,10.0,4.0,2.0,1186.55,1190.48,3.2105,77.8,1.9,1186.62,89.33,2.03,98.01953125,2.7,201808,0.0,0.0,0.0,0.0,0.0
93,2018-08-21 00:00:00,2.85,10.0,4.0,2.0,1192.525,1195.99,3.2271,77.4,1.9,1187.9,89.71,2.04,97.98828125,2.73,201808,0.0,0.0,0.0,0.0,0.0
94,2018-08-22 00:00:00,2.82,10.0,4.0,2.0,1196.75,1195.8,3.2758,76.25,1.9,1195.27,89.95,2.05,98.02734375,2.7,201808,0.0,0.0,0.0,0.0,0.0
95,2018-08-23 00:00:00,2.82,10.0,4.0,2.0,1189.8249999999998,1185.56,3.2866,76.0,1.94,1189.55,89.24,2.04,97.9765625,2.72,201808,0.0,0.0,0.0,0.0,0.0
96,2018-08-27 00:00:00,2.85,10.0,4.0,2.0,1193.825,1211.38,3.2209,77.55,1.95,1210.09,90.9,2.08,97.9296875,2.74,201808,0.0,0.0,0.0,0.0,0.0
97,2018-08-28 00:00:00,2.88,10.0,4.0,2.0,1212.5,1201.0,3.2003,78.05,1.95,1209.3,90.78,2.09,97.87890625,2.77,201808,0.0,0.0,0.0,0.0,0.0
98,2018-08-29 00:00:00,2.89,10.0,4.0,2.0,1204.25,1206.6,3.2023,78.0,1.93,1203.67,90.56,2.09,97.84765625,2.78,201808,0.0,0.0,0.0,0.0,0.0
99,2018-08-30 00:00:00,2.86,10.0,4.0,2.0,1199.8249999999998,1199.98,3.2044,77.95,1.93,1200.8,90.05,2.07,97.91796875,2.75,201808,0.0,0.0,0.0,0.0,0.0
100,2018-08-31 00:00:00,2.86,10.0,4.0,2.0,1204.65,1201.15,3.1941,78.2,1.97,1202.84,90.16,2.07,97.97265625,2.74,201808,0.0,0.0,0.0,0.0,0.0
101,2018-09-04 00:00:00,2.9,10.0,4.0,2.0,1193.3,1191.52,3.1839,78.45,1.95,1192.52,89.62,2.09,97.9140625,2.78,201809,0.0,0.0,0.0,0.0,0.0
102,2018-09-05 00:00:00,2.9,10.0,4.0,2.0,1195.7,1196.73,3.2887,75.95,1.95,1197.53,89.79,2.1,97.921875,2.77,201809,0.0,0.0,0.0,0.0,0.0
103,2018-09-06 00:00:00,2.88,10.0,4.0,2.0,1204.725,1199.98,3.3018,75.65,1.94,1199.4,90.02,2.09,97.9765625,2.76,201809,0.0,0.0,0.0,0.0,0.0
104,2018-09-07 00:00:00,2.94,10.0,4.0,2.0,1199.825,1196.93,3.3018,75.65,1.94,1198.42,89.76,2.1,97.8125,2.82,201809,0.0,0.0,0.0,0.0,0.0
105,2018-09-10 00:00:00,2.94,10.0,4.0,2.0,1196.1999999999998,1195.88,3.3438,74.7,1.94,1196.71,89.72,2.11,97.80078125,2.83,201809,0.0,0.0,0.0,0.0,0.0
106,2018-09-11 00:00:00,2.98,10.0,4.0,2.0,1191.925,1198.59,3.2672,76.45,1.94,1190.71,89.91,2.11,97.72265625,2.87,201809,0.0,0.0,0.0,0.0,0.0
107,2018-09-12 00:00:00,2.97,10.0,4.0,2.0,1196.6999999999998,1206.24,3.246,76.95,1.94,1199.03,90.56,2.12,97.73046875,2.87,201809,0.0,0.0,0.0,0.0,0.0
108,2018-09-13 00:00:00,2.97,10.0,4.0,2.0,1208.225,1201.47,3.2376,77.15,1.94,1203.07,90.36,2.11,97.71484375,2.87,201809,0.0,0.0,0.0,0.0,0.0
109,2018-09-14 00:00:00,2.99,10.0,4.0,2.0,1204.075,1194.85,3.2481,76.9,1.95,1196.72,89.84,2.12,97.66015625,2.9,201809,0.0,0.0,0.0,0.0,0.0
110,2018-09-17 00:00:00,2.99,10.0,4.0,2.0,1199.35,1201.46,3.2953,75.8,2.0,1204.23,90.17,2.13,97.67578125,2.89,201809,0.0,0.0,0.0,0.0,0.0
111,2018-09-18 00:00:00,3.05,10.0,4.0,2.0,1199.8000000000002,1198.36,3.2672,76.45,1.94,1199.25,89.96,2.13,97.60546875,2.94,201809,0.0,0.0,0.0,0.0,0.0
112,2018-09-19 00:00:00,3.08,10.0,4.0,2.0,1203.15,1204.04,3.278,76.2,1.92,1204.59,90.38,2.12,97.61328125,2.96,201809,0.0,0.0,0.0,0.0,0.0
113,2018-09-20 00:00:00,3.07,10.0,4.0,2.0,1205.675,1207.18,3.3018,75.65,1.92,1203.99,90.59,2.13,97.59375,2.96,201809,0.0,0.0,0.0,0.0,0.0
114,2018-09-21 00:00:00,3.07,10.0,4.0,2.0,1203.15,1200.04,3.3709,74.1,1.92,1198.05,89.86,2.14,97.61328125,2.95,201809,0.0,0.0,0.0,0.0,0.0
115,2018-09-24 00:00:00,3.08,10.0,4.0,2.0,1200.75,1199.03,3.3891,73.7,1.95,1201.99,90.09,2.18,97.58203125,2.96,201809,0.0,0.0,0.0,0.0,0.0
116,2018-09-26 00:00:00,3.06,10.0,4.0,2.0,1196.525,1194.44,3.2587,76.65,1.92,1194.16,89.68,2.16,97.62890625,2.96,201809,0.0,0.0,0.0,0.0,0.0
117,2018-09-27 00:00:00,3.06,10.0,4.0,2.0,1190.7,1182.83,3.2608,76.6,2.16,1182.49,88.81,2.14,97.609375,2.96,201809,0.0,0.0,0.0,0.0,0.0
118,2018-09-28 00:00:00,3.05,10.0,4.0,2.0,1185.375,1190.88,3.3602,77.05,2.25,1191.49,89.45,2.15,97.62890625,2.94,201809,0.0,0.0,0.0,0.0,0.0
119,2018-10-02 00:00:00,3.05,10.0,4.0,2.0,1198.6750000000002,1203.32,3.4752,74.5,2.2,1207.1,90.28,2.19,97.64453125,2.94,201810,0.0,0.0,0.0,0.0,0.0
120,2018-10-03 00:00:00,3.15,10.0,4.0,2.0,1202.35,1197.35,3.4566,74.9,2.2,1201.7,89.99,2.19,97.51171875,3.02,201810,0.0,0.0,0.0,0.0,0.0
121,2018-10-04 00:00:00,3.19,10.0,4.0,2.0,1201.45,1199.92,3.5417,73.1,2.18,1203.34,89.9,2.18,97.5234375,3.05,201810,0.0,0.0,0.0,0.0,0.0
122,2018-10-05 00:00:00,3.23,10.0,4.0,2.0,1202.4499999999998,1203.63,3.649,70.95,2.16,1201.98,90.24,2.18,97.48828125,3.07,201810,0.0,0.0,0.0,0.0,0.0
123,2018-10-09 00:00:00,3.21,10.0,4.0,2.0,1186.475,1189.77,3.6671,70.6,2.15,1188.18,89.2,2.21,97.48828125,3.05,201810,0.0,0.0,0.0,0.0,0.0
124,2018-10-10 00:00:00,3.22,10.0,4.0,2.0,1187.5,1194.79,3.576,72.4,2.15,1187.45,89.31,2.23,97.58984375,3.05,201810,0.0,0.0,0.0,0.0,0.0
125,2018-10-11 00:00:00,3.14,10.0,4.0,2.0,1203.3249999999998,1224.09,3.6184,71.55,2.17,1218.5,91.83,2.22,97.58203125,3.0,201810,0.0,0.0,0.0,0.0,0.0
126,2018-10-12 00:00:00,3.15,10.0,4.0,2.0,1219.25,1217.05,3.5983,71.95,2.18,1218.88,91.4,2.23,97.58203125,3.0,201810,0.0,0.0,0.0,0.0,0.0
127,2018-10-15 00:00:00,3.16,10.0,4.0,2.0,1231.475,1227.06,3.5859,72.2,2.21,1227.74,92.04,2.27,97.58203125,3.01,201810,0.0,0.0,0.0,0.0,0.0
128,2018-10-16 00:00:00,3.16,10.0,4.0,2.0,1229.775,1224.95,3.621,71.5,2.18,1228.01,92.07,2.26,97.5703125,3.02,201810,0.0,0.0,0.0,0.0,0.0
129,2018-10-18 00:00:00,3.17,10.0,4.0,2.0,1223.8,1225.81,3.5081,73.8,2.19,1227.19,92.02,2.27,97.55078125,3.03,201810,0.0,0.0,0.0,0.0,0.0
130,2018-10-19 00:00:00,3.2,10.0,4.0,2.0,1228.05,1226.49,3.5393,73.15,2.19,1226.52,91.92,2.26,97.51171875,3.05,201810,0.0,0.0,0.0,0.0,0.0
131,2018-10-22 00:00:00,3.2,10.0,4.0,2.0,1222.6,1222.1,3.5034,73.9,2.18,1221.69,91.63,2.3,97.5,3.05,201810,0.0,0.0,0.0,0.0,0.0
132,2018-10-23 00:00:00,3.17,10.0,4.0,2.0,1235.775,1230.3,3.5809,72.3,2.17,1233.08,92.52,2.29,97.5703125,3.01,201810,0.0,0.0,0.0,0.0,0.0
133,2018-10-24 00:00:00,3.1,10.0,4.0,2.0,1231.1,1233.79,3.5539,72.85,2.18,1230.54,92.09,2.29,97.703125,2.94,201810,0.0,0.0,0.0,0.0,0.0
134,2018-10-25 00:00:00,3.14,10.0,4.0,2.0,1231.475,1232.17,3.5735,72.45,2.19,1229.45,92.19,2.29,97.67578125,2.98,201810,0.0,0.0,0.0,0.0,0.0
135,2018-10-26 00:00:00,3.08,10.0,4.0,2.0,1234.9499999999998,1233.53,3.5514,72.9,2.19,1241.8,92.43,2.28,97.76953125,2.91,201810,0.0,0.0,0.0,0.0,0.0
136,2018-10-29 00:00:00,3.08,10.0,4.0,2.0,1230.775,1229.42,3.5393,73.15,2.18,1230.69,91.81,2.3,97.75,2.91,201810,0.0,0.0,0.0,0.0,0.0
137,2018-10-30 00:00:00,3.12,10.0,4.0,2.0,1222.7,1222.93,3.5908,72.1,2.18,1224.39,91.65,2.29,97.68359375,2.94,201810,0.0,0.0,0.0,0.0,0.0
138,2018-10-31 00:00:00,3.15,10.0,4.0,2.0,1216.325,1214.76,3.7252,69.5,2.22,1215.54,90.87,2.29,97.65234375,2.98,201810,0.0,0.0,0.0,0.0,0.0
139,2018-11-01 00:00:00,3.14,10.0,4.0,2.0,1227.2,1233.43,3.6594,70.75,2.22,1231.45,92.61,2.27,97.70703125,2.96,201811,0.0,0.0,0.0,0.0,0.0
140,2018-11-02 00:00:00,3.22,10.0,4.0,2.0,1233.8,1232.89,3.5809,72.3,2.25,1231.35,92.26,2.28,97.58203125,3.04,201811,0.0,0.0,0.0,0.0,0.0
141,2018-11-05 00:00:00,3.2,10.0,4.0,2.0,1231.925,1231.49,3.6568,70.8,2.24,1230.61,92.19,2.32,97.578125,3.03,201811,0.0,0.0,0.0,0.0,0.0
142,2018-11-06 00:00:00,3.22,10.0,4.0,2.0,1233.225,1227.19,3.5958,72.0,2.22,1227.95,91.76,2.31,97.54296875,3.05,201811,0.0,0.0,0.0,0.0,0.0
143,2018-11-07 00:00:00,3.22,10.0,4.0,2.0,1232.5,1226.49,3.5637,72.65,2.18,1227.65,92.02,2.32,97.48046875,3.07,201811,0.0,0.0,0.0,0.0,0.0
144,2018-11-08 00:00:00,3.24,10.0,4.0,2.0,1223.8000000000002,1224.0,3.5686,72.55,2.21,1224.24,91.86,2.3,97.46875,3.09,201811,0.0,0.0,0.0,0.0,0.0
145,2018-11-09 00:00:00,3.19,10.0,4.0,2.0,1215.225,1209.65,3.5958,72.0,2.2,1210.72,90.72,2.31,97.57421875,3.05,201811,0.0,0.0,0.0,0.0,0.0
146,2018-11-13 00:00:00,3.14,10.0,4.0,2.0,1199.8249999999998,1202.23,3.5809,72.3,2.2,1204.26,90.35,2.34,97.6484375,2.99,201811,0.0,0.0,0.0,0.0,0.0
147,2018-11-15 00:00:00,3.11,10.0,4.0,2.0,1211.225,1213.36,3.4869,74.25,2.28,1213.32,91.38,2.32,97.73046875,2.94,201811,0.0,0.0,0.0,0.0,0.0
148,2018-11-16 00:00:00,3.08,10.0,4.0,2.0,1219.1,1223.36,3.5321,73.3,2.26,1220.92,91.91,2.31,97.85546875,2.9,201811,0.0,0.0,0.0,0.0,0.0
149,2018-11-19 00:00:00,3.06,10.0,4.0,2.0,1222.5749999999998,1224.17,3.5297,73.35,2.24,1222.79,92.1,2.34,97.890625,2.87,201811,0.0,0.0,0.0,0.0,0.0
150,2018-11-20 00:00:00,3.06,10.0,4.0,2.0,1223.05,1221.66,3.5539,72.85,2.2,1224.17,91.8,2.34,97.8671875,2.88,201811,0.0,0.0,0.0,0.0,0.0
151,2018-11-21 00:00:00,3.06,10.0,4.0,2.0,1225.05,1226.04,3.5272,73.4,2.18,1226.64,92.32,2.36,97.85546875,2.89,201811,0.0,0.0,0.0,0.0,0.0
152,2018-11-23 00:00:00,3.05,10.0,4.0,2.0,1222.9,1223.05,3.4845,74.3,2.23,1223.22,91.98,2.36,97.8671875,2.88,201811,0.0,0.0,0.0,0.0,0.0
153,2018-11-26 00:00:00,3.07,10.0,4.0,2.0,1225.025,1222.4,3.4337,75.4,2.2,1223.3,91.96,2.37,97.84375,2.9,201811,0.0,0.0,0.0,0.0,0.0
154,2018-11-27 00:00:00,3.06,10.0,4.0,2.0,1223.125,1215.05,3.5466,73.0,2.19,1213.22,91.28,2.36,97.83203125,2.89,201811,0.0,0.0,0.0,0.0,0.0
155,2018-11-28 00:00:00,3.06,10.0,4.0,2.0,1213.225,1221.23,3.4682,74.65,2.19,1213.52,92.0,2.35,97.88671875,2.87,201811,0.0,0.0,0.0,0.0,0.0
156,2018-11-29 00:00:00,3.03,10.0,4.0,2.0,1226.35,1224.21,3.4314,75.45,2.24,1227.35,92.05,2.32,97.89453125,2.85,201811,0.0,0.0,0.0,0.0,0.0
157,2018-11-30 00:00:00,3.01,10.0,4.0,2.0,1219.0,1220.52,3.4752,74.5,2.28,1219.15,91.73,2.32,97.94140625,2.84,201811,0.0,0.0,0.0,0.0,0.0
158,2018-12-03 00:00:00,2.98,10.0,4.0,2.0,1230.675,1230.67,3.4223,75.65,2.23,1234.19,92.73,2.34,97.87890625,2.83,201812,0.0,0.0,0.0,0.0,0.0
159,2018-12-04 00:00:00,2.91,10.0,4.0,2.0,1239.775,1238.54,3.3777,76.65,2.27,1238.44,93.25,2.38,97.93359375,2.79,201812,0.0,0.0,0.0,0.0,0.0
160,2018-12-06 00:00:00,2.87,10.0,4.0,2.0,1239.5,1237.78,3.3515,77.25,2.34,1242.94,93.03,2.36,98.00390625,2.75,201812,0.0,0.0,0.0,0.0,0.0
161,2018-12-07 00:00:00,2.85,10.0,4.0,2.0,1242.25,1249.31,3.2628,79.35,2.3,1245.81,93.7,2.35,98.11328125,2.7,201812,0.0,0.0,0.0,0.0,0.0
162,2018-12-10 00:00:00,2.85,10.0,4.0,2.0,1246.0749999999998,1244.46,3.3755,76.7,2.22,1246.7,93.43,2.37,98.09765625,2.71,201812,0.0,0.0,0.0,0.0,0.0
163,2018-12-11 00:00:00,2.89,10.0,4.0,2.0,1246.775,1243.25,3.3558,77.15,2.19,1244.18,93.3,2.37,98.04296875,2.75,201812,0.0,0.0,0.0,0.0,0.0
164,2018-12-12 00:00:00,2.91,10.0,4.0,2.0,1245.25,1245.66,3.3235,77.9,2.2,1246.22,93.51,2.39,98.01171875,2.77,201812,0.0,0.0,0.0,0.0,0.0
165,2018-12-13 00:00:00,2.91,10.0,4.0,2.0,1243.6,1241.99,3.2793,78.95,2.21,1242.65,93.32,2.38,98.0390625,2.75,201812,0.0,0.0,0.0,0.0,0.0
166,2018-12-14 00:00:00,2.89,10.0,4.0,2.0,1237.25,1239.02,3.2834,78.85,2.21,1238.7,92.87,2.37,98.11328125,2.73,201812,0.0,0.0,0.0,0.0,0.0
167,2018-12-17 00:00:00,2.86,10.0,4.0,2.0,1240.375,1245.85,3.271,79.15,2.31,1242.59,93.62,2.36,98.20703125,2.69,201812,0.0,0.0,0.0,0.0,0.0
168,2018-12-18 00:00:00,2.82,10.0,4.0,2.0,1247.55,1249.42,3.2648,79.3,2.32,1246.4,93.71,2.34,98.30078125,2.65,201812,0.0,0.0,0.0,0.0,0.0
169,2018-12-19 00:00:00,2.77,10.0,4.0,2.0,1251.8,1243.08,3.296,78.55,2.3,1255.88,93.91,2.35,98.29882813,2.62,201812,0.0,0.0,0.0,0.0,0.0
170,2018-12-20 00:00:00,2.79,10.0,4.0,2.0,1257.375,1259.86,3.3086,78.25,2.41,1258.05,94.77,2.34,98.24414063,2.65,201812,0.0,0.0,0.0,0.0,0.0
171,2018-12-21 00:00:00,2.79,10.0,4.0,2.0,1257.875,1256.94,3.3342,77.65,2.4,1259.93,94.04,2.34,98.31640625,2.64,201812,0.0,0.0,0.0,0.0,0.0
172,2018-12-24 00:00:00,2.74,10.0,4.0,2.0,1259.7,1269.22,3.2855,78.8,2.41,1265.54,95.05,2.41,98.48046875,2.58,201812,0.0,0.0,0.0,0.0,0.0
173,2018-12-27 00:00:00,2.77,10.0,4.0,2.0,1269.55,1275.71,3.2814,78.9,2.44,1275.31,95.74,2.36,98.45117188,2.6,201812,0.0,0.0,0.0,0.0,0.0
174,2018-12-28 00:00:00,2.72,10.0,4.0,2.0,1278.125,1280.71,3.2814,78.9,2.46,1277.53,95.88,2.35,98.54101563,2.56,201812,0.0,0.0,0.0,0.0,0.0
175,2018-12-31 00:00:00,2.69,10.0,4.0,2.0,1280.325,1282.49,3.2648,79.3,3.0,1281.34,95.79,2.4,98.60742188,2.51,201812,0.0,0.0,0.0,0.0,0.0
176,2019-01-02 00:00:00,2.66,10.0,4.0,2.0,1285.0500000000002,1284.59,3.3107,78.2,3.15,1287.08,95.99,2.37,98.64648438,2.49,201901,0.0,0.0,0.0,0.0,0.0
177,2019-01-03 00:00:00,2.56,10.0,4.0,2.0,1289.2,1294.28,3.3129,78.15,2.7,1289.1,96.78,2.36,98.81445313,2.37,201901,0.0,0.0,0.0,0.0,0.0
178,2019-01-04 00:00:00,2.67,10.0,4.0,2.0,1285.125,1286.05,3.1983,80.95,2.45,1282.97,96.15,2.37,98.60546875,2.49,201901,0.0,0.0,0.0,0.0,0.0
179,2019-01-07 00:00:00,2.7,10.0,4.0,2.0,1291.85,1289.21,3.1845,81.3,2.41,1288.24,96.46,2.41,98.515625,2.53,201901,0.0,0.0,0.0,0.0,0.0
180,2019-01-08 00:00:00,2.73,10.0,4.0,2.0,1285.1750000000002,1285.39,3.2201,80.4,2.42,1284.48,96.24,2.41,98.43945313,2.58,201901,0.0,0.0,0.0,0.0,0.0
181,2019-01-09 00:00:00,2.74,10.0,4.0,2.0,1284.9499999999998,1293.56,3.2403,79.9,2.45,1289.65,96.77,2.4,98.50390625,2.57,201901,0.0,0.0,0.0,0.0,0.0
182,2019-01-10 00:00:00,2.74,10.0,4.0,2.0,1292.15,1286.65,3.2648,79.3,2.43,1289.31,96.55,2.38,98.4609375,2.56,201901,0.0,0.0,0.0,0.0,0.0
183,2019-01-11 00:00:00,2.71,10.0,4.0,2.0,1290.875,1290.25,3.2464,79.75,2.41,1290.3,96.77,2.38,98.52148438,2.52,201901,0.0,0.0,0.0,0.0,0.0
184,2019-01-14 00:00:00,2.71,10.0,4.0,2.0,1293.225,1291.72,3.2403,79.9,2.4,1289.85,97.01,2.4,98.53515625,2.53,201901,0.0,0.0,0.0,0.0,0.0
185,2019-01-15 00:00:00,2.72,10.0,4.0,2.0,1291.875,1289.51,3.2201,80.4,2.46,1289.4,96.75,2.4,98.53125,2.53,201901,0.0,0.0,0.0,0.0,0.0
186,2019-01-16 00:00:00,2.73,10.0,4.0,2.0,1291.4,1293.67,3.2342,80.05,2.43,1294.48,97.16,2.38,98.52148438,2.54,201901,0.0,0.0,0.0,0.0,0.0
187,2019-01-17 00:00:00,2.75,10.0,4.0,2.0,1292.35,1292.05,3.2566,79.5,2.41,1291.74,97.05,2.37,98.48046875,2.58,201901,0.0,0.0,0.0,0.0,0.0
188,2019-01-18 00:00:00,2.79,10.0,4.0,2.0,1284.625,1282.11,3.2628,79.35,2.42,1283.55,96.34,2.36,98.39453125,2.62,201901,0.0,0.0,0.0,0.0,0.0
189,2019-01-22 00:00:00,2.74,10.0,4.0,2.0,1283.425,1285.22,3.2322,80.1,2.41,1281.04,96.36,2.38,98.453125,2.57,201901,0.0,0.0,0.0,0.0,0.0
190,2019-01-23 00:00:00,2.76,10.0,4.0,2.0,1282.35,1282.72,3.1963,81.0,2.4,1282.68,96.43,2.36,98.45703125,2.59,201901,0.0,0.0,0.0,0.0,0.0
191,2019-01-24 00:00:00,2.72,10.0,4.0,2.0,1281.725,1281.21,3.1709,81.65,2.41,1282.65,96.11,2.32,98.49804688,2.55,201901,0.0,0.0,0.0,0.0,0.0
192,2019-01-25 00:00:00,2.76,10.0,4.0,2.0,1288.4250000000002,1305.25,3.1155,83.1,2.4,1298.59,97.44,2.34,98.4296875,2.59,201901,0.0,0.0,0.0,0.0,0.0
193,2019-01-28 00:00:00,2.75,10.0,4.0,2.0,1301.575,1303.36,3.0675,84.4,2.39,1302.55,97.87,2.37,98.45898438,2.58,201901,0.0,0.0,0.0,0.0,0.0
194,2019-01-29 00:00:00,2.72,10.0,4.0,2.0,1307.9499999999998,1311.79,3.0298,85.45,2.4,1310.67,98.27,2.37,98.49609375,2.55,201901,0.0,0.0,0.0,0.0,0.0
195,2019-01-30 00:00:00,2.7,10.0,4.0,2.0,1311.825,1319.91,3.0423,85.1,2.39,1311.66,98.31,2.37,98.61132813,2.49,201901,0.0,0.0,0.0,0.0,0.0
196,2019-01-31 00:00:00,2.63,10.0,4.0,2.0,1322.875,1321.25,3.0105,86.0,2.58,1322.59,98.98,2.36,98.70507813,2.43,201901,0.0,0.0,0.0,0.0,0.0
197,2019-02-01 00:00:00,2.7,10.0,4.0,2.0,1319.725,1317.98,3.0405,85.15,2.47,1317.94,98.75,2.35,98.61328125,2.51,201902,0.0,0.0,0.0,0.0,0.0
198,2019-02-04 00:00:00,2.73,10.0,4.0,2.0,1311.575,1312.25,2.9862,86.7,2.4,1314.58,98.55,2.37,98.55664063,2.53,201902,0.0,0.0,0.0,0.0,0.0
199,2019-02-08 00:00:00,2.63,10.0,4.0,2.0,1312.975,1314.29,2.981,86.85,2.37,1314.26,98.51,2.38,98.68164063,2.44,201902,0.0,0.0,0.0,0.0,0.0
200,2019-02-11 00:00:00,2.65,10.0,4.0,2.0,1306.575,1308.12,2.9896,86.6,2.4,1309.25,98.03,2.4,98.6484375,2.47,201902,0.0,0.0,0.0,0.0,0.0
201,2019-02-12 00:00:00,2.68,10.0,4.0,2.0,1310.8,1310.8,2.9983,86.35,2.39,1309.52,98.18,2.38,98.61523438,2.49,201902,0.0,0.0,0.0,0.0,0.0
202,2019-02-13 00:00:00,2.71,10.0,4.0,2.0,1311.975,1306.27,3.0105,86.0,2.38,1313.6,98.27,2.39,98.57226563,2.53,201902,0.0,0.0,0.0,0.0,0.0
203,2019-02-14 00:00:00,2.66,10.0,4.0,2.0,1308.5500000000002,1312.57,2.9879,86.65,2.39,1310.67,98.16,2.38,98.63476563,2.48,201902,0.0,0.0,0.0,0.0,0.0
204,2019-02-15 00:00:00,2.66,10.0,4.0,2.0,1317.275,1322.49,2.9896,86.6,2.43,1315.3,98.74,2.38,98.6015625,2.49,201902,0.0,0.0,0.0,0.0,0.0
205,2019-02-19 00:00:00,2.65,10.0,4.0,2.0,1331.85,1340.94,2.9155,88.8,2.4,1337.75,100.39,2.41,98.65234375,2.47,201902,0.0,0.0,0.0,0.0,0.0
206,2019-02-20 00:00:00,2.65,10.0,4.0,2.0,1344.75,1338.44,2.8751,90.05,2.39,1345.45,100.61,2.4,98.63671875,2.47,201902,0.0,0.0,0.0,0.0,0.0
207,2019-02-21 00:00:00,2.69,10.0,4.0,2.0,1333.15,1323.63,2.8895,89.6,2.39,1331.29,99.14,2.4,98.58007813,2.51,201902,0.0,0.0,0.0,0.0,0.0
208,2019-02-22 00:00:00,2.65,10.0,4.0,2.0,1325.65,1329.4,2.9057,89.1,2.4,1330.09,99.52,2.41,98.6484375,2.47,201902,0.0,0.0,0.0,0.0,0.0
209,2019-02-25 00:00:00,2.67,10.0,4.0,2.0,1330.1,1327.58,2.9172,88.75,2.38,1328.34,99.27,2.42,98.62695313,2.48,201902,0.0,0.0,0.0,0.0,0.0
210,2019-02-26 00:00:00,2.64,10.0,4.0,2.0,1326.3,1328.96,2.9287,88.4,2.38,1328.33,99.2,2.4,98.65234375,2.45,201902,0.0,0.0,0.0,0.0,0.0
211,2019-02-27 00:00:00,2.69,10.0,4.0,2.0,1324.65,1319.86,2.9057,89.1,2.37,1322.36,98.66,2.4,98.62304688,2.49,201902,0.0,0.0,0.0,0.0,0.0
212,2019-02-28 00:00:00,2.73,10.0,4.0,2.0,1322.3000000000002,1313.32,2.9172,88.75,2.58,1315.65,98.28,2.4,98.58984375,2.52,201902,0.0,0.0,0.0,0.0,0.0
213,2019-03-01 00:00:00,2.76,10.0,4.0,2.0,1310.95,1293.44,2.8735,90.1,2.38,1303.67,97.04,2.39,98.52148438,2.56,201903,-1.7405177510619574,-0.2826703835291258,0.0,0.0,-1.0115940672955417
214,2019-03-04 00:00:00,2.72,10.0,4.0,2.0,1286.4250000000002,1286.74,2.8735,90.1,2.38,1286.14,96.18,2.41,98.55859375,2.53,201903,-1.7405177510619574,-0.2826703835291258,0.0,0.0,-1.0115940672955417
215,2019-03-05 00:00:00,2.72,10.0,4.0,2.0,1284.4,1288.01,2.8879,89.65,2.38,1285.05,95.98,2.41,98.54492188,2.53,201903,-1.7405177510619574,-0.2826703835291258,0.0,0.0,-1.0115940672955417
216,2019-03-06 00:00:00,2.69,10.0,4.0,2.0,1285.6999999999998,1286.36,2.8895,89.6,2.38,1286.74,96.19,2.41,98.60351563,2.49,201903,-1.7405177510619574,-0.2826703835291258,0.0,0.0,-1.0115940672955417
217,2019-03-07 00:00:00,2.64,10.0,4.0,2.0,1285.85,1285.61,2.8992,89.3,2.38,1285.91,96.15,2.4,98.6796875,2.44,201903,-1.7405177510619574,-0.2826703835291258,0.0,0.0,-1.0115940672955417
218,2019-03-08 00:00:00,2.62,10.0,4.0,2.0,1295.425,1298.3,2.9572,87.55,2.39,1298.26,97.22,2.41,98.6953125,2.42,201903,-1.7405177510619574,-0.2826703835291258,0.0,0.0,-1.0115940672955417
219,2019-03-11 00:00:00,2.64,10.0,4.0,2.0,1294.55,1293.35,2.942,88.0,2.38,1292.51,96.69,2.41,98.68164063,2.44,201903,-1.7405177510619574,-0.2826703835291258,0.0,0.0,-1.0115940672955417
220,2019-03-12 00:00:00,2.61,10.0,4.0,2.0,1297.0,1301.58,2.9155,88.8,2.39,1297.4,97.26,2.41,98.72070313,2.41,201903,-1.7405177510619574,-0.2826703835291258,0.0,0.0,-1.0115940672955417
221,2019-03-13 00:00:00,2.61,10.0,4.0,2.0,1307.6750000000002,1309.12,2.9304,88.35,2.4,1308.18,98.18,2.4,98.69921875,2.42,201903,-1.7405177510619574,-0.2826703835291258,0.0,0.0,-1.0115940672955417
222,2019-03-14 00:00:00,2.63,10.0,4.0,2.0,1297.375,1296.17,2.9639,87.35,2.42,1294.31,97.12,2.4,98.70703125,2.43,201903,-1.7405177510619574,-0.2826703835291258,0.0,0.0,-1.0115940672955417
223,2019-03-15 00:00:00,2.59,10.0,4.0,2.0,1303.075,1302.4,2.9879,86.65,2.46,1302.04,97.68,2.4,98.75390625,2.4,201903,-1.7405177510619574,-0.2826703835291258,0.0,0.0,-1.0115940672955417
224,2019-03-18 00:00:00,2.6,10.0,4.0,2.0,1305.475,1303.71,2.9656,87.3,2.41,1304.69,97.6,2.39,98.71875,2.42,201903,-1.7405177510619574,-0.2826703835291258,0.0,0.0,-1.0115940672955417
225,2019-03-19 00:00:00,2.61,10.0,4.0,2.0,1308.025,1306.56,2.9387,88.1,2.42,1307.29,97.98,2.41,98.68945313,2.42,201903,-1.7405177510619574,-0.2826703835291258,0.0,0.0,-1.0115940672955417
226,2019-03-20 00:00:00,2.54,10.0,4.0,2.0,1303.35,1312.53,2.9673,87.25,2.47,1301.49,97.6,2.42,98.8125,2.34,201903,-1.7405177510619574,-0.2826703835291258,0.0,0.0,-1.0115940672955417
227,2019-03-21 00:00:00,2.54,10.0,4.0,2.0,1313.4499999999998,1309.36,2.9656,87.3,2.44,1309.53,98.0,2.43,98.79882813,2.34,201903,-1.7405177510619574,-0.2826703835291258,0.0,0.0,-1.0115940672955417
228,2019-03-22 00:00:00,2.44,10.0,4.0,2.0,1311.1999999999998,1313.68,2.9404,88.05,2.4,1312.6,98.35,2.41,98.95898438,2.24,201903,-1.7405177510619574,-0.2826703835291258,0.0,0.0,-1.0115940672955417
229,2019-03-25 00:00:00,2.43,10.0,4.0,2.0,1319.4499999999998,1321.9,2.9287,88.4,2.4,1321.4,99.09,2.41,99.08203125,2.21,201903,-1.7405177510619574,-0.2826703835291258,0.0,0.0,-1.0115940672955417
230,2019-03-26 00:00:00,2.41,10.0,4.0,2.0,1315.775,1315.71,2.9254,88.5,2.4,1314.08,98.53,2.41,99.05078125,2.18,201903,-1.7405177510619574,-0.2826703835291258,0.0,0.0,-1.0115940672955417
231,2019-03-27 00:00:00,2.39,10.0,4.0,2.0,1313.975,1309.55,2.9271,88.45,2.4,1310.59,98.17,2.39,99.140625,2.18,201903,-1.7405177510619574,-0.2826703835291258,0.0,0.0,-1.0115940672955417
232,2019-03-28 00:00:00,2.39,10.0,4.0,2.0,1301.025,1290.42,2.8357,91.3,2.43,1290.23,96.62,2.38,99.08398438,2.2,201903,-1.7405177510619574,-0.2826703835291258,0.0,0.0,-1.0115940672955417
233,2019-03-29 00:00:00,2.41,10.0,4.0,2.0,1293.275,1292.38,2.9539,91.8,2.65,1295.72,96.88,2.35,99.04882813,2.23,201903,-1.7405177510619574,-0.2826703835291258,0.0,0.0,-1.0115940672955417
234,2019-04-01 00:00:00,2.49,10.0,4.0,2.0,1292.7,1287.72,2.93,92.55,2.46,1291.98,96.59,2.38,98.93945313,2.31,201904,-1.535217905944023,0.9531337188807307,0.0,0.0,-0.2910420935316461
235,2019-04-02 00:00:00,2.48,10.0,4.0,2.0,1288.75,1292.46,2.9316,92.5,2.46,1290.63,96.67,2.37,98.98828125,2.28,201904,-1.535217905944023,0.9531337188807307,0.0,0.0,-0.2910420935316461
236,2019-04-03 00:00:00,2.52,10.0,4.0,2.0,1291.15,1289.93,2.9142,93.05,2.47,1291.15,96.67,2.39,98.9375,2.32,201904,-1.535217905944023,0.9531337188807307,0.0,0.0,-0.2910420935316461
237,2019-04-04 00:00:00,2.51,10.0,4.0,2.0,1287.375,1292.21,2.9443,92.1,2.46,1288.23,96.59,2.39,98.93945313,2.32,201904,-1.535217905944023,0.9531337188807307,0.0,0.0,-0.2910420935316461
238,2019-04-08 00:00:00,2.52,10.0,4.0,2.0,1298.55,1297.48,2.9427,92.15,2.46,1299.36,97.16,2.38,98.90820313,2.33,201904,-1.535217905944023,0.9531337188807307,0.0,0.0,-0.2910420935316461
239,2019-04-09 00:00:00,2.51,10.0,4.0,2.0,1302.425,1304.1,2.9127,93.1,2.45,1304.93,97.63,2.37,98.92578125,2.31,201904,-1.535217905944023,0.9531337188807307,0.0,0.0,-0.2910420935316461
240,2019-04-10 00:00:00,2.48,10.0,4.0,2.0,1305.125,1307.99,2.9095,93.2,2.45,1307.88,98.03,2.38,98.98242188,2.28,201904,-1.535217905944023,0.9531337188807307,0.0,0.0,-0.2910420935316461
241,2019-04-11 00:00:00,2.51,10.0,4.0,2.0,1301.725,1292.52,2.9475,92.0,2.44,1295.73,96.54,2.38,98.92773438,2.31,201904,-1.535217905944023,0.9531337188807307,0.0,0.0,-0.2910420935316461
242,2019-04-12 00:00:00,2.56,10.0,4.0,2.0,1295.225,1290.43,2.9363,92.35,2.44,1292.28,96.73,2.39,98.87304688,2.38,201904,-1.535217905944023,0.9531337188807307,0.0,0.0,-0.2910420935316461
243,2019-04-15 00:00:00,2.55,10.0,4.0,2.0,1286.2,1287.95,2.9766,91.1,2.47,1287.29,96.44,2.38,98.87890625,2.37,201904,-1.535217905944023,0.9531337188807307,0.0,0.0,-0.2910420935316461
244,2019-04-16 00:00:00,2.6,10.0,4.0,2.0,1280.05,1276.79,2.9636,91.5,2.47,1276.2,95.4,2.38,98.84960938,2.41,201904,-1.535217905944023,0.9531337188807307,0.0,0.0,-0.2910420935316461
245,2019-04-17 00:00:00,2.59,10.0,4.0,2.0,1275.975,1273.98,2.9914,90.65,2.5,1273.59,95.35,2.39,98.87109375,2.4,201904,-1.535217905944023,0.9531337188807307,0.0,0.0,-0.2910420935316461
246,2019-04-18 00:00:00,2.57,10.0,4.0,2.0,1276.1,1275.82,2.9799,91.0,2.5,1275.31,95.3,2.37,98.91210938,2.38,201904,-1.535217905944023,0.9531337188807307,0.0,0.0,-0.2910420935316461
247,2019-04-23 00:00:00,2.57,10.0,4.0,2.0,1271.475,1272.42,2.9997,90.4,2.46,1268.83,95.08,2.4,98.94726563,2.36,201904,-1.535217905944023,0.9531337188807307,0.0,0.0,-0.2910420935316461
248,2019-04-24 00:00:00,2.53,10.0,4.0,2.0,1272.725,1275.76,3.0063,90.2,2.44,1274.89,95.53,2.39,99.00976563,2.32,201904,-1.535217905944023,0.9531337188807307,0.0,0.0,-0.2910420935316461
249,2019-04-25 00:00:00,2.54,10.0,4.0,2.0,1279.3249999999998,1277.17,2.9685,91.35,2.45,1280.04,95.55,2.38,98.99023438,2.33,201904,-1.535217905944023,0.9531337188807307,0.0,0.0,-0.2910420935316461
250,2019-04-26 00:00:00,2.51,10.0,4.0,2.0,1282.85,1286.16,2.9268,92.65,2.46,1287.52,96.2,2.37,99.07421875,2.29,201904,-1.535217905944023,0.9531337188807307,0.0,0.0,-0.2910420935316461
251,2019-04-29 00:00:00,2.54,10.0,4.0,2.0,1280.825,1279.9,2.894,93.7,2.48,1279.54,95.65,2.39,99.06054688,2.32,201904,-1.535217905944023,0.9531337188807307,0.0,0.0,-0.2910420935316461
252,2019-04-30 00:00:00,2.51,10.0,4.0,2.0,1283.725,1283.53,2.9636,91.5,2.76,1283.06,95.95,2.38,99.09765625,2.28,201904,-1.535217905944023,0.9531337188807307,0.0,0.0,-0.2910420935316461
253,2019-05-02 00:00:00,2.55,10.0,4.0,2.0,1271.2,1270.69,2.8544,95.0,2.5,1268.45,94.97,2.41,98.97265625,2.34,201905,-1.2925839596749575,1.0728866739007379,0.0,0.0,-0.10984864288710983
254,2019-05-03 00:00:00,2.54,10.0,4.0,2.0,1274.3,1279.11,2.8262,95.95,2.43,1281.04,95.66,2.38,98.99609375,2.33,201905,-1.2925839596749575,1.0728866739007379,0.0,0.0,-0.10984864288710983
255,2019-05-06 00:00:00,2.51,10.0,4.0,2.0,1274.3,1281.1,2.8499,95.15,2.42,1279.05,95.83,2.39,99.06054688,2.3,201905,-1.2925839596749575,1.0728866739007379,0.0,0.0,-0.10984864288710983
256,2019-05-07 00:00:00,2.45,10.0,4.0,2.0,1281.25,1284.43,2.8635,94.7,2.44,1283.83,96.04,2.38,99.07226563,2.25,201905,-1.2925839596749575,1.0728866739007379,0.0,0.0,-0.10984864288710983
257,2019-05-08 00:00:00,2.49,10.0,4.0,2.0,1286.475,1280.88,2.8787,94.2,2.43,1282.72,95.79,2.38,99.05273438,2.28,201905,-1.2925839596749575,1.0728866739007379,0.0,0.0,-0.10984864288710983
258,2019-05-09 00:00:00,2.45,10.0,4.0,2.0,1285.1,1284.08,2.93,92.55,2.41,1283.84,96.14,2.38,99.109375,2.25,201905,-1.2925839596749575,1.0728866739007379,0.0,0.0,-0.10984864288710983
259,2019-05-10 00:00:00,2.47,10.0,4.0,2.0,1286.25,1286.05,2.908,93.25,2.4,1287.27,96.37,2.38,99.10546875,2.26,201905,-1.2925839596749575,1.0728866739007379,0.0,0.0,-0.10984864288710983
260,2019-05-14 00:00:00,2.42,10.0,4.0,2.0,1298.0,1296.92,2.8013,96.8,2.39,1296.96,96.97,2.36,99.20703125,2.2,201905,-1.2925839596749575,1.0728866739007379,0.0,0.0,-0.10984864288710983
261,2019-05-15 00:00:00,2.37,10.0,4.0,2.0,1299.0,1296.49,2.841,95.45,2.48,1296.2,97.05,2.37,99.26367188,2.15,201905,-1.2925839596749575,1.0728866739007379,0.0,0.0,-0.10984864288710983
262,2019-05-17 00:00:00,2.39,10.0,4.0,2.0,1283.3,1277.53,2.8589,94.85,2.42,1276.5,95.46,2.34,99.19726563,2.17,201905,-1.2925839596749575,1.0728866739007379,0.0,0.0,-0.10984864288710983
263,2019-05-20 00:00:00,2.41,10.0,4.0,2.0,1276.05,1277.82,2.7812,97.5,2.39,1278.13,95.58,2.34,99.16796875,2.21,201905,-1.2925839596749575,1.0728866739007379,0.0,0.0,-0.10984864288710983
264,2019-05-21 00:00:00,2.43,10.0,4.0,2.0,1273.575,1274.68,2.7841,97.4,2.38,1274.19,95.29,2.34,99.11523438,2.23,201905,-1.2925839596749575,1.0728866739007379,0.0,0.0,-0.10984864288710983
265,2019-05-22 00:00:00,2.39,10.0,4.0,2.0,1273.9,1273.34,2.7985,96.9,2.37,1275.31,95.37,2.33,99.16601563,2.19,201905,-1.2925839596749575,1.0728866739007379,0.0,0.0,-0.10984864288710983
266,2019-05-23 00:00:00,2.31,10.0,4.0,2.0,1279.8000000000002,1283.45,2.7869,97.3,2.37,1286.69,96.14,2.32,99.2734375,2.11,201905,-1.2925839596749575,1.0728866739007379,0.0,0.0,-0.10984864288710983
267,2019-05-24 00:00:00,2.32,10.0,4.0,2.0,1282.0,1284.93,2.7855,97.35,2.37,1283.77,96.01,2.3,99.25,2.12,201905,-1.2925839596749575,1.0728866739007379,0.0,0.0,-0.10984864288710983
268,2019-05-28 00:00:00,2.26,10.0,4.0,2.0,1281.1,1279.33,2.8232,96.05,2.41,1278.78,95.53,2.32,99.3046875,2.06,201905,-1.2925839596749575,1.0728866739007379,0.0,0.0,-0.10984864288710983
269,2019-05-29 00:00:00,2.25,10.0,4.0,2.0,1282.575,1279.78,2.7999,96.85,2.4,1282.0,95.76,2.32,99.31835938,2.05,201905,-1.2925839596749575,1.0728866739007379,0.0,0.0,-0.10984864288710983
270,2019-05-30 00:00:00,2.22,10.0,4.0,2.0,1278.7,1288.65,2.8454,95.3,2.4,1288.26,96.22,2.33,99.38671875,2.03,201905,-1.2925839596749575,1.0728866739007379,0.0,0.0,-0.10984864288710983
271,2019-05-31 00:00:00,2.14,10.0,4.0,2.0,1295.775,1305.58,2.8909,93.8,2.49,1300.11,97.5,2.3,99.60742188,1.93,201905,-1.2925839596749575,1.0728866739007379,0.0,0.0,-0.10984864288710983
272,2019-06-03 00:00:00,2.07,10.0,4.0,2.0,1315.525,1325.31,2.8291,95.85,2.4,1319.82,98.63,2.3,99.74023438,1.83,201906,-1.26411199364556,0.25433318232330365,0.0,0.0,-0.5048894056611282
273,2019-06-04 00:00:00,2.12,10.0,4.0,2.0,1323.925,1325.52,2.8262,95.95,2.39,1321.4,98.71,2.3,99.65625,1.89,201906,-1.26411199364556,0.25433318232330365,0.0,0.0,-0.5048894056611282
274,2019-06-05 00:00:00,2.12,10.0,4.0,2.0,1336.4,1330.32,2.841,95.45,2.4,1330.56,99.0,2.3,99.69921875,1.86,201906,-1.26411199364556,0.25433318232330365,0.0,0.0,-0.5048894056611282
275,2019-06-06 00:00:00,2.12,10.0,4.0,2.0,1336.075,1335.33,2.7985,96.9,2.4,1335.64,99.6,2.28,99.66992188,1.88,201906,-1.26411199364556,0.25433318232330365,0.0,0.0,-0.5048894056611282
276,2019-06-10 00:00:00,2.15,10.0,4.0,2.0,1328.6,1327.98,2.7586,98.3,2.39,1329.04,98.72,2.24,99.63671875,1.91,201906,-1.26411199364556,0.25433318232330365,0.0,0.0,-0.5048894056611282
277,2019-06-11 00:00:00,2.15,10.0,4.0,2.0,1323.475,1326.84,2.7322,99.25,2.38,1326.26,98.87,2.22,99.60742188,1.92,201906,-1.26411199364556,0.25433318232330365,0.0,0.0,-0.5048894056611282
278,2019-06-12 00:00:00,2.13,10.0,4.0,2.0,1334.5,1333.58,2.8217,96.1,2.37,1335.17,99.22,2.19,99.68164063,1.88,201906,-1.26411199364556,0.25433318232330365,0.0,0.0,-0.5048894056611282
279,2019-06-13 00:00:00,2.1,10.0,4.0,2.0,1335.85,1342.31,2.8276,95.9,2.35,1338.19,99.72,2.14,99.74804688,1.84,201906,-1.26411199364556,0.25433318232330365,0.0,0.0,-0.5048894056611282
280,2019-06-14 00:00:00,2.09,10.0,4.0,2.0,1351.85,1341.7,2.8291,95.85,2.35,1350.18,99.78,2.15,99.7421875,1.85,201906,-1.26411199364556,0.25433318232330365,0.0,0.0,-0.5048894056611282
281,2019-06-17 00:00:00,2.09,10.0,4.0,2.0,1337.25,1339.66,2.8217,96.1,2.41,1338.98,99.64,2.18,99.703125,1.85,201906,-1.26411199364556,0.25433318232330365,0.0,0.0,-0.5048894056611282
282,2019-06-18 00:00:00,2.06,10.0,4.0,2.0,1342.9499999999998,1346.61,2.7884,97.25,2.39,1348.58,100.21,2.17,99.70898438,1.83,201906,-1.26411199364556,0.25433318232330365,0.0,0.0,-0.5048894056611282
283,2019-06-19 00:00:00,2.03,10.0,4.0,2.0,1343.225,1360.38,2.7956,97.0,2.36,1344.15,100.06,2.13,99.90039063,1.77,201906,-1.26411199364556,0.25433318232330365,0.0,0.0,-0.5048894056611282
284,2019-06-20 00:00:00,2.01,10.0,4.0,2.0,1380.575,1388.44,2.7913,97.15,2.36,1384.84,103.4,2.09,99.84570313,1.74,201906,-1.26411199364556,0.25433318232330365,0.0,0.0,-0.5048894056611282
285,2019-06-21 00:00:00,2.07,10.0,4.0,2.0,1392.75,1399.63,2.8217,96.1,2.37,1393.47,103.63,2.07,99.86328125,1.8,201906,-1.26411199364556,0.25433318232330365,0.0,0.0,-0.5048894056611282
286,2019-06-24 00:00:00,2.02,10.0,4.0,2.0,1405.575,1419.72,2.7884,97.25,2.39,1410.04,104.95,2.08,99.92382813,1.75,201906,-1.26411199364556,0.25433318232330365,0.0,0.0,-0.5048894056611282
287,2019-06-25 00:00:00,2.0,10.0,4.0,2.0,1430.475,1423.44,2.7755,97.7,2.41,1432.35,104.98,2.07,99.91796875,1.73,201906,-1.26411199364556,0.25433318232330365,0.0,0.0,-0.5048894056611282
288,2019-06-26 00:00:00,2.05,10.0,4.0,2.0,1405.35,1409.0,2.777,97.65,2.43,1410.14,104.75,2.1,99.83203125,1.8,201906,-1.26411199364556,0.25433318232330365,0.0,0.0,-0.5048894056611282
289,2019-06-27 00:00:00,2.01,10.0,4.0,2.0,1402.375,1409.78,2.7784,97.6,2.42,1404.85,104.51,2.09,99.8671875,1.76,201906,-1.26411199364556,0.25433318232330365,0.0,0.0,-0.5048894056611282
290,2019-06-28 00:00:00,2.0,10.0,4.0,2.0,1411.1,1409.55,2.8247,96.0,2.5,1412.3,104.67,2.08,99.86132813,1.76,201906,-1.26411199364556,0.25433318232330365,0.0,0.0,-0.5048894056611282
291,2019-07-02 00:00:00,1.98,10.0,4.0,2.0,1392.0749999999998,1418.65,2.8247,96.0,2.51,1397.04,104.36,2.15,99.85351563,1.75,201907,-1.2055464794155542,0.4355573878620555,0.0,0.0,-0.3849945457767493
292,2019-07-03 00:00:00,1.96,10.0,4.0,2.0,1419.3,1418.78,2.7699,97.9,2.56,1420.58,105.32,2.16,99.85742188,1.74,201907,-1.2055464794155542,0.4355573878620555,0.0,0.0,-0.3849945457767493
293,2019-07-05 00:00:00,2.04,10.0,4.0,2.0,1401.525,1399.45,2.7336,99.2,2.59,1394.93,103.89,2.18,99.71679688,1.84,201907,-1.2055464794155542,0.4355573878620555,0.0,0.0,-0.3849945457767493
294,2019-07-08 00:00:00,2.05,10.0,4.0,2.0,1402.5,1395.53,2.7628,98.15,2.48,1398.46,104.04,2.21,99.68164063,1.86,201907,-1.2055464794155542,0.4355573878620555,0.0,0.0,-0.3849945457767493
295,2019-07-09 00:00:00,2.07,10.0,4.0,2.0,1389.725,1397.61,2.7855,97.35,2.45,1397.13,104.2,2.21,99.64648438,1.88,201907,-1.2055464794155542,0.4355573878620555,0.0,0.0,-0.3849945457767493
296,2019-07-10 00:00:00,2.07,10.0,4.0,2.0,1401.875,1419.02,2.7869,97.3,2.46,1406.26,105.19,2.15,99.765625,1.82,201907,-1.2055464794155542,0.4355573878620555,0.0,0.0,-0.3849945457767493
297,2019-07-11 00:00:00,2.13,10.0,4.0,2.0,1418.425,1403.81,2.7784,97.6,2.41,1411.21,104.91,2.12,99.71484375,1.88,201907,-1.2055464794155542,0.4355573878620555,0.0,0.0,-0.3849945457767493
298,2019-07-12 00:00:00,2.12,10.0,4.0,2.0,1406.6,1415.75,2.7656,98.05,2.36,1407.99,105.41,2.1,99.74023438,1.86,201907,-1.2055464794155542,0.4355573878620555,0.0,0.0,-0.3849945457767493
299,2019-07-15 00:00:00,2.09,10.0,4.0,2.0,1414.325,1414.13,2.7784,97.6,2.46,1410.51,105.51,2.11,99.76757813,1.84,201907,-1.2055464794155542,0.4355573878620555,0.0,0.0,-0.3849945457767493
300,2019-07-16 00:00:00,2.13,10.0,4.0,2.0,1412.975,1406.23,2.7699,97.9,2.47,1409.56,105.36,2.1,99.73242188,1.88,201907,-1.2055464794155542,0.4355573878620555,0.0,0.0,-0.3849945457767493
301,2019-07-17 00:00:00,2.06,10.0,4.0,2.0,1405.5749999999998,1426.57,2.7956,97.0,2.47,1422.06,106.25,2.09,99.79296875,1.83,201907,-1.2055464794155542,0.4355573878620555,0.0,0.0,-0.3849945457767493
302,2019-07-18 00:00:00,2.04,10.0,4.0,2.0,1419.1750000000002,1446.1,2.8013,96.8,2.46,1425.53,106.59,2.01,99.875,1.78,201907,-1.2055464794155542,0.4355573878620555,0.0,0.0,-0.3849945457767493
303,2019-07-19 00:00:00,2.05,10.0,4.0,2.0,1438.375,1425.37,2.7898,97.2,2.41,1429.33,106.47,2.02,99.7890625,1.8,201907,-1.2055464794155542,0.4355573878620555,0.0,0.0,-0.3849945457767493
304,2019-07-22 00:00:00,2.05,10.0,4.0,2.0,1426.1,1424.88,2.8247,96.0,2.4,1426.8,106.5,2.04,99.79296875,1.8,201907,-1.2055464794155542,0.4355573878620555,0.0,0.0,-0.3849945457767493
305,2019-07-23 00:00:00,2.08,10.0,4.0,2.0,1421.55,1417.83,2.8291,95.85,2.4,1424.23,106.13,2.02,99.7578125,1.83,201907,-1.2055464794155542,0.4355573878620555,0.0,0.0,-0.3849945457767493
306,2019-07-24 00:00:00,2.05,10.0,4.0,2.0,1426.25,1425.86,2.841,95.45,2.41,1423.9,106.28,2.05,99.7734375,1.82,201907,-1.2055464794155542,0.4355573878620555,0.0,0.0,-0.3849945457767493
307,2019-07-25 00:00:00,2.08,10.0,4.0,2.0,1421.225,1414.58,2.8439,95.35,2.42,1418.64,105.66,2.06,99.7109375,1.85,201907,-1.2055464794155542,0.4355573878620555,0.0,0.0,-0.3849945457767493
308,2019-07-26 00:00:00,2.08,10.0,4.0,2.0,1419.325,1418.9,2.8544,95.0,2.41,1419.49,106.1,2.08,99.72851563,1.85,201907,-1.2055464794155542,0.4355573878620555,0.0,0.0,-0.3849945457767493
309,2019-07-29 00:00:00,2.06,10.0,4.0,2.0,1419.0,1426.8,2.9363,92.35,2.4,1419.63,106.19,2.07,99.72070313,1.84,201907,-1.2055464794155542,0.4355573878620555,0.0,0.0,-0.3849945457767493
310,2019-07-30 00:00:00,2.06,10.0,4.0,2.0,1427.1750000000002,1430.88,2.9395,92.25,2.39,1428.8,106.82,2.04,99.7421875,1.84,201907,-1.2055464794155542,0.4355573878620555,0.0,0.0,-0.3849945457767493
311,2019-07-31 00:00:00,2.02,10.0,4.0,2.0,1429.05,1413.78,2.9668,91.4,2.55,1427.68,106.53,2.04,99.71289063,1.84,201907,-1.2055464794155542,0.4355573878620555,0.0,0.0,-0.3849945457767493
312,2019-08-01 00:00:00,1.9,10.0,4.0,2.0,1406.6,1445.18,2.998,90.45,2.19,1413.94,106.18,2.03,99.88867188,1.68,201908,-1.2326231305534447,-0.04664397823545541,0.0,0.0,-0.63963355439445
313,2019-08-02 00:00:00,1.86,10.0,4.0,2.0,1438.9,1440.83,2.9443,92.1,2.19,1445.94,107.91,2.02,99.91992188,1.66,201908,-1.2326231305534447,-0.04664397823545541,0.0,0.0,-0.63963355439445
314,2019-08-05 00:00:00,1.75,10.0,4.0,2.0,1461.35,1463.7,2.9914,90.65,2.13,1457.49,109.16,2.0,100.078125,1.55,201908,-1.2326231305534447,-0.04664397823545541,0.0,0.0,-0.63963355439445
315,2019-08-06 00:00:00,1.73,10.0,4.0,2.0,1463.55,1474.42,2.9475,92.0,2.11,1473.73,109.68,2.01,100.0585938,1.53,201908,-1.2326231305534447,-0.04664397823545541,0.0,0.0,-0.63963355439445
316,2019-08-07 00:00:00,1.71,10.0,4.0,2.0,1496.85,1501.16,2.962,91.55,2.1,1502.56,112.21,1.98,100.0292969,1.52,201908,-1.2326231305534447,-0.04664397823545541,0.0,0.0,-0.63963355439445
317,2019-08-08 00:00:00,1.72,10.0,4.0,2.0,1496.575,1500.95,2.9363,92.35,2.09,1496.49,111.52,1.98,100.0195313,1.54,201908,-1.2326231305534447,-0.04664397823545541,0.0,0.0,-0.63963355439445
318,2019-08-09 00:00:00,1.74,10.0,4.0,2.0,1500.6,1496.95,2.9799,91.0,2.11,1502.47,111.48,1.96,99.97851563,1.57,201908,-1.2326231305534447,-0.04664397823545541,0.0,0.0,-0.63963355439445
319,2019-08-12 00:00:00,1.65,10.0,4.0,2.0,1503.325,1511.16,3.0434,89.1,2.12,1505.46,112.1,1.96,100.0664063,1.49,201908,-1.2326231305534447,-0.04664397823545541,0.0,0.0,-0.63963355439445
320,2019-08-13 00:00:00,1.68,10.0,4.0,2.0,1512.8000000000002,1501.51,3.1331,86.55,2.16,1501.27,111.93,1.96,99.95898438,1.57,201908,-1.2326231305534447,-0.04664397823545541,0.0,0.0,-0.63963355439445
321,2019-08-14 00:00:00,1.59,10.0,4.0,2.0,1506.8,1516.36,3.1223,86.85,2.13,1518.42,112.9,1.92,100.0742188,1.51,201908,-1.2326231305534447,-0.04664397823545541,0.0,0.0,-0.63963355439445
322,2019-08-15 00:00:00,1.52,10.0,4.0,2.0,1516.65,1523.29,2.998,90.45,2.18,1518.6,113.09,1.87,100.1816406,1.42,201908,-1.2326231305534447,-0.04664397823545541,0.0,0.0,-0.63963355439445
323,2019-08-16 00:00:00,1.55,10.0,4.0,2.0,1512.15,1513.52,2.9284,92.6,2.13,1507.8,112.55,1.83,100.203125,1.42,201908,-1.2326231305534447,-0.04664397823545541,0.0,0.0,-0.63963355439445
324,2019-08-19 00:00:00,1.6,10.0,4.0,2.0,1497.975,1495.92,2.8817,94.1,2.11,1501.18,111.68,1.9,100.109375,1.47,201908,-1.2326231305534447,-0.04664397823545541,0.0,0.0,-0.63963355439445
325,2019-08-20 00:00:00,1.55,10.0,4.0,2.0,1503.6,1507.2,2.8909,93.8,2.13,1502.31,111.97,1.9,100.1582031,1.42,201908,-1.2326231305534447,-0.04664397823545541,0.0,0.0,-0.63963355439445
326,2019-08-21 00:00:00,1.59,10.0,4.0,2.0,1501.45,1502.65,2.8756,94.3,2.1,1503.35,111.99,1.93,100.0722656,1.47,201908,-1.2326231305534447,-0.04664397823545541,0.0,0.0,-0.63963355439445
327,2019-08-22 00:00:00,1.62,10.0,4.0,2.0,1500.375,1498.06,2.9221,92.8,2.09,1500.7,111.47,1.96,100.015625,1.5,201908,-1.2326231305534447,-0.04664397823545541,0.0,0.0,-0.63963355439445
328,2019-08-23 00:00:00,1.52,10.0,4.0,2.0,1499.65,1526.96,2.9459,92.05,2.1,1534.16,113.59,1.93,100.1230469,1.4,201908,-1.2326231305534447,-0.04664397823545541,0.0,0.0,-0.63963355439445
329,2019-08-26 00:00:00,1.54,10.0,4.0,2.0,1499.65,1527.31,3.0197,89.8,2.1,1533.97,113.56,1.96,100.1015625,1.43,201908,-1.2326231305534447,-0.04664397823545541,0.0,0.0,-0.63963355439445
330,2019-08-27 00:00:00,1.49,10.0,4.0,2.0,1532.4,1542.81,3.0281,89.55,2.15,1539.04,114.64,1.94,100.1132813,1.4,201908,-1.2326231305534447,-0.04664397823545541,0.0,0.0,-0.63963355439445
331,2019-08-28 00:00:00,1.47,10.0,4.0,2.0,1539.45,1539.01,3.0164,89.9,2.12,1537.47,114.44,1.95,100.0996094,1.37,201908,-1.2326231305534447,-0.04664397823545541,0.0,0.0,-0.63963355439445
332,2019-08-29 00:00:00,1.5,10.0,4.0,2.0,1538.4250000000002,1527.63,3.0315,89.45,2.12,1536.9,113.62,1.95,100.0742188,1.4,201908,-1.2326231305534447,-0.04664397823545541,0.0,0.0,-0.63963355439445
333,2019-08-30 00:00:00,1.5,10.0,4.0,2.0,1527.475,1520.38,3.0815,88.0,2.16,1529.31,113.13,1.95,100.0878906,1.39,201908,-1.2326231305534447,-0.04664397823545541,0.0,0.0,-0.63963355439445
334,2019-09-03 00:00:00,1.47,10.0,4.0,2.0,1535.15,1547.1,3.1367,86.45,2.17,1548.98,115.02,1.94,100.1464844,1.35,201909,-1.3026905648350617,-0.5302951379772763,0.0,0.0,-0.916492851406169
335,2019-09-04 00:00:00,1.47,10.0,4.0,2.0,1542.4499999999998,1552.55,2.962,91.55,2.21,1545.45,115.32,1.93,100.1679688,1.32,201909,-1.3026905648350617,-0.5302951379772763,0.0,0.0,-0.916492851406169
336,2019-09-05 00:00:00,1.57,10.0,4.0,2.0,1535.85,1519.05,3.0332,89.4,2.21,1518.97,112.82,1.93,100.0507813,1.43,201909,-1.3026905648350617,-0.5302951379772763,0.0,0.0,-0.916492851406169
337,2019-09-06 00:00:00,1.55,10.0,4.0,2.0,1514.325,1506.82,3.0349,89.35,2.15,1520.8,112.12,1.92,100.0390625,1.42,201909,-1.3026905648350617,-0.5302951379772763,0.0,0.0,-0.916492851406169
338,2019-09-09 00:00:00,1.63,10.0,4.0,2.0,1509.575,1499.13,3.0572,88.7,2.12,1501.94,111.85,1.92,99.99609375,1.49,201909,-1.3026905648350617,-0.5302951379772763,0.0,0.0,-0.916492851406169
339,2019-09-10 00:00:00,1.72,10.0,4.0,2.0,1496.425,1485.78,3.0572,88.7,2.14,1496.5,111.02,1.91,99.90234375,1.58,201909,-1.3026905648350617,-0.5302951379772763,0.0,0.0,-0.916492851406169
340,2019-09-11 00:00:00,1.75,10.0,4.0,2.0,1492.15,1497.2,3.013,90.0,2.15,1495.35,111.33,1.92,99.921875,1.6,201909,-1.3026905648350617,-0.5302951379772763,0.0,0.0,-0.916492851406169
341,2019-09-12 00:00:00,1.79,10.0,4.0,2.0,1509.075,1499.26,3.0434,89.1,2.2,1513.02,111.72,1.91,99.8828125,1.65,201909,-1.3026905648350617,-0.5302951379772763,0.0,0.0,-0.916492851406169
342,2019-09-13 00:00:00,1.9,10.0,4.0,2.0,1504.6999999999998,1488.53,3.0231,89.7,2.2,1493.4,111.2,1.92,99.79882813,1.75,201909,-1.3026905648350617,-0.5302951379772763,0.0,0.0,-0.916492851406169
343,2019-09-16 00:00:00,1.84,10.0,4.0,2.0,1499.625,1498.43,3.0503,88.9,2.43,1504.65,112.05,1.95,99.828125,1.69,201909,-1.3026905648350617,-0.5302951379772763,0.0,0.0,-0.916492851406169
344,2019-09-17 00:00:00,1.81,10.0,4.0,2.0,1500.6999999999998,1501.38,3.0417,89.15,5.25,1504.15,112.18,1.95,99.859375,1.66,201909,-1.3026905648350617,-0.5302951379772763,0.0,0.0,-0.916492851406169
345,2019-09-18 00:00:00,1.8,10.0,4.0,2.0,1502.85,1494.0,3.071,88.3,2.55,1508.2,112.32,1.91,99.8046875,1.68,201909,-1.3026905648350617,-0.5302951379772763,0.0,0.0,-0.916492851406169
346,2019-09-19 00:00:00,1.79,10.0,4.0,2.0,1499.5500000000002,1499.03,3.0815,88.0,1.95,1500.4,111.62,1.89,99.83789063,1.66,201909,-1.3026905648350617,-0.5302951379772763,0.0,0.0,-0.916492851406169
347,2019-09-20 00:00:00,1.74,10.0,4.0,2.0,1503.0,1516.9,3.0903,87.75,1.86,1503.68,112.26,1.87,99.90429688,1.61,201909,-1.3026905648350617,-0.5302951379772763,0.0,0.0,-0.916492851406169
348,2019-09-23 00:00:00,1.72,10.0,4.0,2.0,1520.8,1522.24,3.1115,87.15,1.85,1525.27,113.45,1.9,99.90625,1.59,201909,-1.3026905648350617,-0.5302951379772763,0.0,0.0,-0.916492851406169
349,2019-09-24 00:00:00,1.64,10.0,4.0,2.0,1520.45,1531.87,3.144,86.25,1.96,1525.19,114.07,1.88,99.96875,1.52,201909,-1.3026905648350617,-0.5302951379772763,0.0,0.0,-0.916492851406169
350,2019-09-25 00:00:00,1.73,10.0,4.0,2.0,1529.8,1504.05,3.179,85.3,2.01,1517.94,112.03,1.85,99.8828125,1.6,201909,-1.3026905648350617,-0.5302951379772763,0.0,0.0,-0.916492851406169
351,2019-09-26 00:00:00,1.7,10.0,4.0,2.0,1506.725,1504.78,3.1642,85.7,1.85,1510.02,112.24,1.79,99.91015625,1.59,201909,-1.3026905648350617,-0.5302951379772763,0.0,0.0,-0.916492851406169
352,2019-09-27 00:00:00,1.69,10.0,4.0,2.0,1493.025,1497.01,3.1679,85.6,1.82,1491.9,111.6,1.76,99.94335938,1.56,201909,-1.3026905648350617,-0.5302951379772763,0.0,0.0,-0.916492851406169
353,2019-09-30 00:00:00,1.68,10.0,4.0,2.0,1486.4499999999998,1472.49,3.2622,86.45,2.35,1473.85,109.14,1.84,99.95507813,1.55,201909,-1.3026905648350617,-0.5302951379772763,0.0,0.0,-0.916492851406169
354,2019-10-02 00:00:00,1.6,10.0,4.0,2.0,1488.3249999999998,1499.45,3.2453,86.9,1.85,1498.58,111.65,1.75,100.1152344,1.43,201910,-1.3259206722179875,-0.3708178371031747,0.0,0.0,-0.8483692546605811
355,2019-10-03 00:00:00,1.54,10.0,4.0,2.0,1510.55,1505.19,3.2453,86.9,1.84,1509.56,111.97,1.67,100.2148438,1.34,201910,-1.3259206722179875,-0.3708178371031747,0.0,0.0,-0.8483692546605811
356,2019-10-04 00:00:00,1.52,10.0,4.0,2.0,1504.325,1504.66,3.2249,87.45,1.82,1507.51,111.93,1.68,100.2011719,1.34,201910,-1.3259206722179875,-0.3708178371031747,0.0,0.0,-0.8483692546605811
357,2019-10-08 00:00:00,1.54,10.0,4.0,2.0,1502.925,1505.51,3.3043,85.35,1.85,1502.91,111.29,1.68,100.1855469,1.36,201910,-1.3259206722179875,-0.3708178371031747,0.0,0.0,-0.8483692546605811
358,2019-10-09 00:00:00,1.59,10.0,4.0,2.0,1505.325,1505.57,3.3978,83.0,1.85,1507.54,111.96,1.66,100.1679688,1.4,201910,-1.3259206722179875,-0.3708178371031747,0.0,0.0,-0.8483692546605811
359,2019-10-10 00:00:00,1.67,10.0,4.0,2.0,1501.5,1493.99,3.5034,80.5,1.85,1492.14,111.13,1.65,100.125,1.48,201910,-1.3259206722179875,-0.3708178371031747,0.0,0.0,-0.8483692546605811
360,2019-10-11 00:00:00,1.76,10.0,4.0,2.0,1488.75,1489.01,3.4019,82.9,1.85,1482.15,110.27,1.65,100.0742188,1.59,201910,-1.3259206722179875,-0.3708178371031747,0.0,0.0,-0.8483692546605811
361,2019-10-15 00:00:00,1.77,10.0,4.0,2.0,1491.275,1481.01,3.4393,82.0,2.0,1480.8,109.93,1.64,100.09375,1.59,201910,-1.3259206722179875,-0.3708178371031747,0.0,0.0,-0.8483692546605811
362,2019-10-16 00:00:00,1.75,10.0,4.0,2.0,1483.8249999999998,1490.13,3.3434,84.35,2.05,1486.08,110.67,1.63,100.1171875,1.57,201910,-1.3259206722179875,-0.3708178371031747,0.0,0.0,-0.8483692546605811
363,2019-10-17 00:00:00,1.76,10.0,4.0,2.0,1488.5500000000002,1491.87,3.312,85.15,1.95,1491.48,110.99,1.63,100.1210938,1.57,201910,-1.3259206722179875,-0.3708178371031747,0.0,0.0,-0.8483692546605811
364,2019-10-18 00:00:00,1.76,10.0,4.0,2.0,1488.75,1490.05,3.3836,83.35,1.88,1489.9,110.64,1.63,100.1386719,1.56,201910,-1.3259206722179875,-0.3708178371031747,0.0,0.0,-0.8483692546605811
365,2019-10-21 00:00:00,1.8,10.0,4.0,2.0,1491.25,1484.5,3.3775,83.5,1.86,1485.41,110.23,1.64,100.1171875,1.61,201910,-1.3259206722179875,-0.3708178371031747,0.0,0.0,-0.8483692546605811
366,2019-10-22 00:00:00,1.78,10.0,4.0,2.0,1486.4,1487.68,3.3574,84.0,1.87,1484.71,110.18,1.62,100.1132813,1.6,201910,-1.3259206722179875,-0.3708178371031747,0.0,0.0,-0.8483692546605811
367,2019-10-23 00:00:00,1.77,10.0,4.0,2.0,1494.35,1492.12,3.3614,83.9,1.87,1493.69,110.78,1.62,100.1210938,1.58,201910,-1.3259206722179875,-0.3708178371031747,0.0,0.0,-0.8483692546605811
368,2019-10-24 00:00:00,1.77,10.0,4.0,2.0,1492.6999999999998,1503.98,3.3043,85.35,1.86,1502.05,111.44,1.64,100.1113281,1.58,201910,-1.3259206722179875,-0.3708178371031747,0.0,0.0,-0.8483692546605811
369,2019-10-25 00:00:00,1.8,10.0,4.0,2.0,1509.0500000000002,1504.63,3.3179,85.0,1.84,1509.25,111.52,1.63,100.0839844,1.62,201910,-1.3259206722179875,-0.3708178371031747,0.0,0.0,-0.8483692546605811
370,2019-10-28 00:00:00,1.85,10.0,4.0,2.0,1498.725,1492.51,3.314,85.1,1.82,1491.19,110.85,1.62,100.0722656,1.66,201910,-1.3259206722179875,-0.3708178371031747,0.0,0.0,-0.8483692546605811
371,2019-10-29 00:00:00,1.84,10.0,4.0,2.0,1489.75,1487.72,3.3159,85.05,1.81,1490.27,110.47,1.6,100.0820313,1.66,201910,-1.3259206722179875,-0.3708178371031747,0.0,0.0,-0.8483692546605811
372,2019-10-30 00:00:00,1.78,10.0,4.0,2.0,1491.125,1495.66,3.2889,85.75,1.82,1494.46,110.9,1.59,100.0878906,1.61,201910,-1.3259206722179875,-0.3708178371031747,0.0,0.0,-0.8483692546605811
373,2019-10-31 00:00:00,1.69,10.0,4.0,2.0,1508.6750000000002,1512.99,3.3004,85.45,1.76,1510.23,112.17,1.51,100.1679688,1.51,201910,-1.3259206722179875,-0.3708178371031747,0.0,0.0,-0.8483692546605811
374,2019-11-01 00:00:00,1.73,10.0,4.0,2.0,1509.3249999999998,1514.34,3.2603,86.5,1.58,1511.25,111.97,1.49,100.1523438,1.55,201911,-1.2923576923952538,-0.3238445230275302,0.0,0.0,-0.808101107711392
375,2019-11-04 00:00:00,1.79,10.0,4.0,2.0,1509.325,1509.82,3.2889,85.75,1.56,1507.53,112.0,1.5,100.1328125,1.6,201911,-1.2923576923952538,-0.3238445230275302,0.0,0.0,-0.808101107711392
376,2019-11-05 00:00:00,1.86,10.0,4.0,2.0,1496.775,1483.61,3.314,85.1,1.58,1485.49,110.03,1.53,100.1054688,1.66,201911,-1.2923576923952538,-0.3238445230275302,0.0,0.0,-0.808101107711392
377,2019-11-06 00:00:00,1.81,10.0,4.0,2.0,1487.3,1490.57,3.2946,85.6,1.57,1488.8,110.71,1.53,100.109375,1.63,201911,-1.2923576923952538,-0.3238445230275302,0.0,0.0,-0.808101107711392
378,2019-11-07 00:00:00,1.92,10.0,4.0,2.0,1484.175,1468.48,3.2793,86.0,1.56,1469.55,108.86,1.53,100.0878906,1.74,201911,-1.2923576923952538,-0.3238445230275302,0.0,0.0,-0.808101107711392
379,2019-11-08 00:00:00,1.94,10.0,4.0,2.0,1465.5,1459.0,3.314,85.1,1.56,1466.6,108.81,1.52,100.0917969,1.74,201911,-1.2923576923952538,-0.3238445230275302,0.0,0.0,-0.808101107711392
380,2019-11-12 00:00:00,1.92,10.0,4.0,2.0,1453.525,1456.32,3.4267,82.3,1.57,1451.31,108.06,1.56,100.0917969,1.73,201911,-1.2923576923952538,-0.3238445230275302,0.0,0.0,-0.808101107711392
381,2019-11-13 00:00:00,1.88,10.0,4.0,2.0,1463.1750000000002,1463.58,3.4774,81.1,1.57,1464.71,108.84,1.54,100.1113281,1.69,201911,-1.2923576923952538,-0.3238445230275302,0.0,0.0,-0.808101107711392
382,2019-11-14 00:00:00,1.82,10.0,4.0,2.0,1467.15,1471.4,3.5363,79.75,1.58,1471.32,109.56,1.54,100.1289063,1.63,201911,-1.2923576923952538,-0.3238445230275302,0.0,0.0,-0.808101107711392
383,2019-11-15 00:00:00,1.84,10.0,4.0,2.0,1466.25,1468.21,3.5363,79.75,1.59,1466.78,109.21,1.54,100.1152344,1.65,201911,-1.2923576923952538,-0.3238445230275302,0.0,0.0,-0.808101107711392
384,2019-11-18 00:00:00,1.81,10.0,4.0,2.0,1463.025,1471.51,3.5077,80.4,1.56,1473.03,109.45,1.54,100.1152344,1.63,201911,-1.2923576923952538,-0.3238445230275302,0.0,0.0,-0.808101107711392
385,2019-11-19 00:00:00,1.79,10.0,4.0,2.0,1466.6750000000002,1472.46,3.4561,81.6,1.57,1472.94,109.61,1.54,100.109375,1.63,201911,-1.2923576923952538,-0.3238445230275302,0.0,0.0,-0.808101107711392
386,2019-11-20 00:00:00,1.73,10.0,4.0,2.0,1473.7,1471.61,3.4582,81.55,1.57,1468.99,109.58,1.54,100.1171875,1.58,201911,-1.2923576923952538,-0.3238445230275302,0.0,0.0,-0.808101107711392
387,2019-11-21 00:00:00,1.77,10.0,4.0,2.0,1467.975,1464.41,3.5187,80.15,1.58,1468.35,108.81,1.55,100.1171875,1.62,201911,-1.2923576923952538,-0.3238445230275302,0.0,0.0,-0.808101107711392
388,2019-11-22 00:00:00,1.77,10.0,4.0,2.0,1467.875,1461.93,3.5012,80.55,1.58,1466.13,108.84,1.55,100.1015625,1.62,201911,-1.2923576923952538,-0.3238445230275302,0.0,0.0,-0.808101107711392
389,2019-11-25 00:00:00,1.76,10.0,4.0,2.0,1458.9250000000002,1455.26,3.4184,82.5,1.56,1457.24,108.39,1.58,100.1054688,1.62,201911,-1.2923576923952538,-0.3238445230275302,0.0,0.0,-0.808101107711392
390,2019-11-26 00:00:00,1.74,10.0,4.0,2.0,1456.15,1461.39,3.4753,81.15,1.54,1459.65,108.6,1.57,100.1035156,1.58,201911,-1.2923576923952538,-0.3238445230275302,0.0,0.0,-0.808101107711392
391,2019-11-27 00:00:00,1.77,10.0,4.0,2.0,1457.0749999999998,1454.44,3.4753,81.15,1.55,1454.27,108.15,1.59,100.0761719,1.63,201911,-1.2923576923952538,-0.3238445230275302,0.0,0.0,-0.808101107711392
392,2019-11-29 00:00:00,1.78,10.0,4.0,2.0,1458.25,1463.98,3.5253,80.0,1.65,1461.54,109.03,1.56,100.0644531,1.62,201911,-1.2923576923952538,-0.3238445230275302,0.0,0.0,-0.808101107711392
393,2019-12-02 00:00:00,1.83,10.0,4.0,2.0,1459.325,1462.44,3.5208,80.1,1.63,1464.4,108.78,1.57,100.0605469,1.65,201912,-1.276782961308974,-0.5653801441695787,0.0,0.0,-0.9210815527392764
394,2019-12-03 00:00:00,1.72,10.0,4.0,2.0,1473.85,1477.61,3.5586,79.25,1.55,1478.84,109.91,1.54,100.1054688,1.54,201912,-1.276782961308974,-0.5653801441695787,0.0,0.0,-0.9210815527392764
395,2019-12-04 00:00:00,1.77,10.0,4.0,2.0,1475.475,1474.59,3.5858,78.65,1.54,1473.09,109.61,1.52,100.09375,1.6,201912,-1.276782961308974,-0.5653801441695787,0.0,0.0,-0.9210815527392764
396,2019-12-05 00:00:00,1.8,10.0,4.0,2.0,1475.275,1476.0,3.5407,79.65,1.55,1477.21,109.83,1.51,100.0957031,1.62,201912,-1.276782961308974,-0.5653801441695787,0.0,0.0,-0.9210815527392764
397,2019-12-06 00:00:00,1.84,10.0,4.0,2.0,1467.25,1460.17,3.5034,80.5,1.55,1459.55,108.56,1.5,100.1074219,1.67,201912,-1.276782961308974,-0.5653801441695787,0.0,0.0,-0.9210815527392764
398,2019-12-09 00:00:00,1.83,10.0,4.0,2.0,1462.65,1461.68,3.4925,80.75,1.56,1461.78,108.56,1.51,100.1054688,1.67,201912,-1.276782961308974,-0.5653801441695787,0.0,0.0,-0.9210815527392764
399,2019-12-10 00:00:00,1.85,10.0,4.0,2.0,1464.7,1464.39,3.5385,79.7,1.55,1463.3,108.8,1.53,100.09375,1.68,201912,-1.276782961308974,-0.5653801441695787,0.0,0.0,-0.9210815527392764
400,2019-12-11 00:00:00,1.79,10.0,4.0,2.0,1467.425,1474.88,3.5497,79.45,1.54,1471.36,109.3,1.54,100.0976563,1.64,201912,-1.276782961308974,-0.5653801441695787,0.0,0.0,-0.9210815527392764
401,2019-12-12 00:00:00,1.9,10.0,4.0,2.0,1471.25,1469.8,3.5407,79.65,1.53,1466.15,109.11,1.53,100.0859375,1.73,201912,-1.276782961308974,-0.5653801441695787,0.0,0.0,-0.9210815527392764
402,2019-12-13 00:00:00,1.82,10.0,4.0,2.0,1468.6,1476.33,3.5034,80.5,1.54,1472.23,109.79,1.54,100.0996094,1.66,201912,-1.276782961308974,-0.5653801441695787,0.0,0.0,-0.9210815527392764
403,2019-12-16 00:00:00,1.89,10.0,4.0,2.0,1477.65,1476.18,3.5519,79.4,1.62,1474.3,109.79,1.54,100.0976563,1.72,201912,-1.276782961308974,-0.5653801441695787,0.0,0.0,-0.9210815527392764
404,2019-12-17 00:00:00,1.89,10.0,4.0,2.0,1477.1,1476.22,3.5654,79.1,1.54,1476.57,109.79,1.53,100.1054688,1.71,201912,-1.276782961308974,-0.5653801441695787,0.0,0.0,-0.9210815527392764
405,2019-12-18 00:00:00,1.92,10.0,4.0,2.0,1476.475,1475.4,3.5744,78.9,1.53,1475.6,109.61,1.53,100.1113281,1.74,201912,-1.276782961308974,-0.5653801441695787,0.0,0.0,-0.9210815527392764
406,2019-12-19 00:00:00,1.92,10.0,4.0,2.0,1475.5500000000002,1478.8,3.5744,78.9,1.53,1476.67,110.02,1.54,100.1074219,1.73,201912,-1.276782961308974,-0.5653801441695787,0.0,0.0,-0.9210815527392764
407,2019-12-20 00:00:00,1.92,10.0,4.0,2.0,1477.95,1478.22,3.4774,81.1,1.53,1477.4,109.76,1.55,100.1113281,1.73,201912,-1.276782961308974,-0.5653801441695787,0.0,0.0,-0.9210815527392764
408,2019-12-23 00:00:00,1.93,10.0,4.0,2.0,1483.025,1485.79,3.4817,81.0,1.52,1482.88,110.35,1.56,100.1035156,1.75,201912,-1.276782961308974,-0.5653801441695787,0.0,0.0,-0.9210815527392764
409,2019-12-24 00:00:00,1.9,10.0,4.0,2.0,1486.475,1499.41,3.4817,81.0,1.52,1499.54,111.52,1.55,100.1132813,1.72,201912,-1.276782961308974,-0.5653801441695787,0.0,0.0,-0.9210815527392764
410,2019-12-27 00:00:00,1.88,10.0,4.0,2.0,1511.05,1510.56,3.4519,81.7,1.53,1512.74,112.53,1.54,100.1210938,1.68,201912,-1.276782961308974,-0.5653801441695787,0.0,0.0,-0.9210815527392764
411,2019-12-30 00:00:00,1.9,10.0,4.0,2.0,1513.125,1515.16,3.4309,82.2,1.54,1514.92,112.61,1.54,100.1328125,1.68,201912,-1.276782961308974,-0.5653801441695787,0.0,0.0,-0.9210815527392764
412,2019-12-31 00:00:00,1.92,10.0,4.0,2.0,1518.875,1517.27,3.4184,82.5,1.55,1520.5,112.98,1.52,100.1132813,1.69,201912,-1.276782961308974,-0.5653801441695787,0.0,0.0,-0.9210815527392764
413,2020-01-02 00:00:00,1.88,10.0,4.0,2.0,1523.8249999999998,1529.13,3.4267,82.3,1.54,1527.8,113.31,1.51,100.1289063,1.67,202001,-1.350659228132272,-0.8878142506641259,0.0,0.0,-1.119236739398199
414,2020-01-03 00:00:00,1.8,10.0,4.0,2.0,1548.075,1552.2,3.4498,81.75,1.55,1548.22,115.09,1.49,100.1425781,1.59,202001,-1.350659228132272,-0.8878142506641259,0.0,0.0,-1.119236739398199
415,2020-01-06 00:00:00,1.81,10.0,4.0,2.0,1574.975,1565.74,3.4753,81.15,1.55,1565.02,116.3,1.53,100.1386719,1.61,202001,-1.350659228132272,-0.8878142506641259,0.0,0.0,-1.119236739398199
416,2020-01-07 00:00:00,1.83,10.0,4.0,2.0,1567.175,1574.37,3.4817,81.0,1.56,1569.65,116.7,1.51,100.1386719,1.62,202001,-1.350659228132272,-0.8878142506641259,0.0,0.0,-1.119236739398199
417,2020-01-08 00:00:00,1.87,10.0,4.0,2.0,1577.4,1556.42,3.4947,80.7,1.55,1568.67,115.68,1.51,100.1308594,1.67,202001,-1.350659228132272,-0.8878142506641259,0.0,0.0,-1.119236739398199
418,2020-01-09 00:00:00,1.85,10.0,4.0,2.0,1549.3,1552.32,3.4646,81.4,1.55,1547.81,115.33,1.51,100.1289063,1.65,202001,-1.350659228132272,-0.8878142506641259,0.0,0.0,-1.119236739398199
419,2020-01-10 00:00:00,1.83,10.0,4.0,2.0,1551.1999999999998,1562.34,3.4519,81.7,1.55,1559.69,115.79,1.51,100.1347656,1.63,202001,-1.350659228132272,-0.8878142506641259,0.0,0.0,-1.119236739398199
420,2020-01-13 00:00:00,1.85,10.0,4.0,2.0,1550.125,1547.88,3.404,82.85,1.54,1559.69,115.15,1.54,100.125,1.65,202001,-1.350659228132272,-0.8878142506641259,0.0,0.0,-1.119236739398199
421,2020-01-14 00:00:00,1.82,10.0,4.0,2.0,1545.025,1546.39,3.3876,83.25,1.55,1543.56,114.76,1.54,100.1367188,1.63,202001,-1.350659228132272,-0.8878142506641259,0.0,0.0,-1.119236739398199
422,2020-01-15 00:00:00,1.79,10.0,4.0,2.0,1550.45,1556.25,3.3775,83.5,1.56,1550.38,115.42,1.54,100.1328125,1.6,202001,-1.350659228132272,-0.8878142506641259,0.0,0.0,-1.119236739398199
423,2020-01-16 00:00:00,1.81,10.0,4.0,2.0,1554.875,1552.51,3.3277,84.75,1.55,1550.49,115.16,1.52,100.1347656,1.63,202001,-1.350659228132272,-0.8878142506641259,0.0,0.0,-1.119236739398199
424,2020-01-17 00:00:00,1.84,10.0,4.0,2.0,1557.05,1557.24,3.2698,86.25,1.54,1557.06,115.91,1.53,100.1308594,1.63,202001,-1.350659228132272,-0.8878142506641259,0.0,0.0,-1.119236739398199
425,2020-01-21 00:00:00,1.78,10.0,4.0,2.0,1553.775,1558.17,3.3775,83.5,1.54,1557.77,115.74,1.53,100.1464844,1.57,202001,-1.350659228132272,-0.8878142506641259,0.0,0.0,-1.119236739398199
426,2020-01-22 00:00:00,1.77,10.0,4.0,2.0,1557.5,1558.78,3.4102,82.7,1.54,1557.59,115.64,1.52,100.1542969,1.57,202001,-1.350659228132272,-0.8878142506641259,0.0,0.0,-1.119236739398199
427,2020-01-23 00:00:00,1.74,10.0,4.0,2.0,1558.475,1562.94,3.4372,82.05,1.54,1563.91,116.27,1.52,100.1601563,1.55,202001,-1.350659228132272,-0.8878142506641259,0.0,0.0,-1.119236739398199
428,2020-01-24 00:00:00,1.7,10.0,4.0,2.0,1563.0749999999998,1571.53,3.4561,81.6,1.53,1571.2,116.78,1.51,100.171875,1.51,202001,-1.350659228132272,-0.8878142506641259,0.0,0.0,-1.119236739398199
429,2020-01-29 00:00:00,1.6,10.0,4.0,2.0,1572.325,1576.83,3.5253,80.0,1.53,1571.2,116.72,1.53,100.1796875,1.41,202001,-1.350659228132272,-0.8878142506641259,0.0,0.0,-1.119236739398199
430,2020-01-30 00:00:00,1.57,10.0,4.0,2.0,1579.325,1574.28,3.5564,79.3,1.58,1582.44,117.63,1.54,100.2011719,1.39,202001,-1.350659228132272,-0.8878142506641259,0.0,0.0,-1.119236739398199
431,2020-01-31 00:00:00,1.51,10.0,4.0,2.0,1582.525,1589.16,3.5699,79.0,1.6,1586.7,117.55,1.52,100.2167969,1.32,202001,-1.350659228132272,-0.8878142506641259,0.0,0.0,-1.119236739398199
432,2020-02-03 00:00:00,1.54,10.0,4.0,2.0,1576.8,1576.73,3.6087,78.15,1.59,1576.06,117.18,1.54,100.2167969,1.35,202002,-1.1983436376783156,-2.0314114772958654,-0.7550786586322423,-0.42229664702467196,-1.101782605157774
433,2020-02-04 00:00:00,1.61,10.0,4.0,2.0,1564.775,1552.92,3.6064,78.2,1.6,1555.66,115.28,1.54,100.1933594,1.42,202002,-1.1983436376783156,-2.0314114772958654,-0.7550786586322423,-0.42229664702467196,-1.101782605157774
434,2020-02-05 00:00:00,1.66,10.0,4.0,2.0,1552.75,1556.02,3.6249,77.8,1.59,1558.14,115.8,1.54,100.1855469,1.46,202002,-1.1983436376783156,-2.0314114772958654,-0.7550786586322423,-0.42229664702467196,-1.101782605157774
435,2020-02-06 00:00:00,1.65,10.0,4.0,2.0,1564.025,1566.66,3.5099,80.35,1.59,1563.9,116.33,1.54,100.171875,1.45,202002,-1.1983436376783156,-2.0314114772958654,-0.7550786586322423,-0.42229664702467196,-1.101782605157774
436,2020-02-07 00:00:00,1.59,10.0,4.0,2.0,1570.475,1570.44,3.4968,80.65,1.58,1567.48,116.57,1.53,100.1894531,1.41,202002,-1.1983436376783156,-2.0314114772958654,-0.7550786586322423,-0.42229664702467196,-1.101782605157774
437,2020-02-10 00:00:00,1.56,10.0,4.0,2.0,1573.625,1572.15,3.5631,79.15,1.58,1574.48,116.96,1.55,100.1933594,1.38,202002,-1.1983436376783156,-2.0314114772958654,-0.7550786586322423,-0.42229664702467196,-1.101782605157774
438,2020-02-11 00:00:00,1.59,10.0,4.0,2.0,1569.1,1567.89,3.5789,78.8,1.58,1564.53,116.28,1.54,100.1835938,1.4,202002,-1.1983436376783156,-2.0314114772958654,-0.7550786586322423,-0.42229664702467196,-1.101782605157774
439,2020-02-12 00:00:00,1.62,10.0,4.0,2.0,1565.225,1566.06,3.5654,79.1,1.57,1566.69,116.35,1.55,100.1816406,1.45,202002,-1.1983436376783156,-2.0314114772958654,-0.7550786586322423,-0.42229664702467196,-1.101782605157774
440,2020-02-13 00:00:00,1.61,10.0,4.0,2.0,1575.025,1576.0,3.5812,78.75,1.57,1575.71,116.88,1.56,100.1796875,1.43,202002,-1.1983436376783156,-2.0314114772958654,-0.7550786586322423,-0.42229664702467196,-1.101782605157774
441,2020-02-14 00:00:00,1.59,10.0,4.0,2.0,1578.875,1584.06,3.5835,78.7,1.58,1581.57,117.39,1.55,100.1914063,1.42,202002,-1.1983436376783156,-2.0314114772958654,-0.7550786586322423,-0.42229664702467196,-1.101782605157774
442,2020-02-18 00:00:00,1.55,10.0,4.0,2.0,1589.025,1601.61,3.6133,78.05,1.6,1602.43,118.62,1.55,100.1933594,1.39,202002,-1.1983436376783156,-2.0314114772958654,-0.7550786586322423,-0.42229664702467196,-1.101782605157774
443,2020-02-19 00:00:00,1.56,10.0,4.0,2.0,1606.85,1611.7,3.6133,78.05,1.59,1606.18,119.23,1.55,100.1972656,1.41,202002,-1.1983436376783156,-2.0314114772958654,-0.7550786586322423,-0.42229664702467196,-1.101782605157774
444,2020-02-20 00:00:00,1.52,10.0,4.0,2.0,1614.675,1619.56,3.6203,77.9,1.6,1621.2,119.86,1.55,100.203125,1.37,202002,-1.1983436376783156,-2.0314114772958654,-0.7550786586322423,-0.42229664702467196,-1.101782605157774
445,2020-02-21 00:00:00,1.46,10.0,4.0,2.0,1638.5,1643.41,3.6889,76.45,1.58,1642.4,121.91,1.53,100.2207031,1.3,202002,-1.1983436376783156,-2.0314114772958654,-0.7550786586322423,-0.42229664702467196,-1.101782605157774
446,2020-02-24 00:00:00,1.38,10.0,4.0,2.0,1677.0,1659.38,3.7553,75.1,1.58,1673.86,123.92,1.5,100.2792969,1.21,202002,-1.1983436376783156,-2.0314114772958654,-0.7550786586322423,-0.42229664702467196,-1.101782605157774
447,2020-02-25 00:00:00,1.33,10.0,4.0,2.0,1653.1,1635.14,3.7603,75.0,1.59,1654.65,121.96,1.5,100.3164063,1.16,202002,-1.1983436376783156,-2.0314114772958654,-0.7550786586322423,-0.42229664702467196,-1.101782605157774
448,2020-02-26 00:00:00,1.33,10.0,4.0,2.0,1641.4250000000002,1640.96,3.8059,74.1,1.58,1639.23,121.38,1.5,100.3398438,1.14,202002,-1.1983436376783156,-2.0314114772958654,-0.7550786586322423,-0.42229664702467196,-1.101782605157774
449,2020-02-27 00:00:00,1.3,10.0,4.0,2.0,1649.3,1645.01,3.8085,74.05,1.58,1647.79,121.25,1.42,100.4101563,1.11,202002,-1.1983436376783156,-2.0314114772958654,-0.7550786586322423,-0.42229664702467196,-1.101782605157774
450,2020-02-28 00:00:00,1.13,10.0,4.0,2.0,1618.1,1585.69,3.9061,72.2,1.6,1586.71,115.49,1.25,100.5,0.89,202002,-1.1983436376783156,-2.0314114772958654,-0.7550786586322423,-0.42229664702467196,-1.101782605157774
451,2020-03-02 00:00:00,1.1,10.0,4.0,2.0,1604.6750000000002,1589.44,3.9499,71.4,1.59,1596.46,117.31,1.1,100.5742188,0.88,202003,-1.0102401058178716,-0.5381240236565504,-0.7099520730874185,0.7782701870312105,-0.3700115038826576
452,2020-03-03 00:00:00,1.02,10.0,4.0,2.0,1607.275,1640.9,3.9361,71.65,1.64,1638.34,120.9,0.93,100.7480469,0.77,202003,-1.0102401058178716,-0.5381240236565504,-0.7099520730874185,0.7782701870312105,-0.3700115038826576
453,2020-03-04 00:00:00,1.02,10.0,4.0,2.0,1643.3249999999998,1636.93,3.8162,73.9,1.23,1640.3,120.7,0.71,100.8378906,0.75,202003,-1.0102401058178716,-0.5381240236565504,-0.7099520730874185,0.7782701870312105,-0.3700115038826576
454,2020-03-05 00:00:00,0.92,10.0,4.0,2.0,1653.525,1672.23,3.783,74.55,1.12,1659.7,122.42,0.61,100.9472656,0.67,202003,-1.0102401058178716,-0.5381240236565504,-0.7099520730874185,0.7782701870312105,-0.3700115038826576
455,2020-03-06 00:00:00,0.74,10.0,4.0,2.0,1685.325,1673.83,3.8188,73.85,1.1,1667.99,122.58,0.45,101.0136719,0.58,202003,-1.0102401058178716,-0.5381240236565504,-0.7099520730874185,0.7782701870312105,-0.3700115038826576
456,2020-03-09 00:00:00,0.54,10.0,4.0,2.0,1674.55,1680.47,3.8214,73.8,1.09,1665.68,122.63,0.32,101.078125,0.46,202003,-1.0102401058178716,-0.5381240236565504,-0.7099520730874185,0.7782701870312105,-0.3700115038826576
457,2020-03-10 00:00:00,0.76,10.0,4.0,2.0,1656.5500000000002,1649.4,3.7108,76.0,1.11,1654.22,121.57,0.43,100.9824219,0.63,202003,-1.0102401058178716,-0.5381240236565504,-0.7099520730874185,0.7782701870312105,-0.3700115038826576
458,2020-03-11 00:00:00,0.82,10.0,4.0,2.0,1658.125,1635.04,3.6626,77.0,1.15,1649.06,120.26,0.41,101.0039063,0.66,202003,-1.0102401058178716,-0.5381240236565504,-0.7099520730874185,0.7782701870312105,-0.3700115038826576
459,2020-03-12 00:00:00,0.88,10.0,4.0,2.0,1603.6750000000002,1576.15,3.7329,75.55,1.2,1570.53,116.52,0.33,101.0429688,0.66,202003,-1.0102401058178716,-0.5381240236565504,-0.7099520730874185,0.7782701870312105,-0.3700115038826576
460,2020-03-13 00:00:00,0.94,10.0,4.0,2.0,1575.475,1529.83,3.8475,73.3,1.1,1530.94,111.14,0.27,101.0078125,0.7,202003,-1.0102401058178716,-0.5381240236565504,-0.7099520730874185,0.7782701870312105,-0.3700115038826576
461,2020-03-16 00:00:00,0.73,10.0,4.0,2.0,1496.1750000000002,1514.1,3.9637,71.15,0.26,1502.23,108.84,0.24,101.0351563,0.49,202003,-1.0102401058178716,-0.5381240236565504,-0.7099520730874185,0.7782701870312105,-0.3700115038826576
462,2020-03-17 00:00:00,1.02,10.0,4.0,2.0,1504.275,1528.3,3.8659,72.95,0.54,1539.44,111.83,0.19,101.0566406,0.66,202003,-1.0102401058178716,-0.5381240236565504,-0.7099520730874185,0.7782701870312105,-0.3700115038826576
463,2020-03-18 00:00:00,1.18,10.0,4.0,2.0,1502.1,1486.05,3.9918,70.65,0.1,1490.6,108.44,0.02,101.1269531,0.79,202003,-1.0102401058178716,-0.5381240236565504,-0.7099520730874185,0.7782701870312105,-0.3700115038826576
464,2020-03-19 00:00:00,1.12,10.0,4.0,2.0,1477.475,1471.24,4.2282,66.7,0.06,1475.03,108.63,0.04,101.1953125,0.66,202003,-1.0102401058178716,-0.5381240236565504,-0.7099520730874185,0.7782701870312105,-0.3700115038826576
465,2020-03-20 00:00:00,0.92,10.0,4.0,2.0,1499.4250000000002,1498.65,4.225,66.75,0.04,1486.54,108.94,0.05,101.3027344,0.52,202003,-1.0102401058178716,-0.5381240236565504,-0.7099520730874185,0.7782701870312105,-0.3700115038826576
466,2020-03-23 00:00:00,0.76,10.0,4.0,2.0,1509.95,1553.23,4.4238,63.75,0.02,1543.67,115.25,0.02,101.21875,0.38,202003,-1.0102401058178716,-0.5381240236565504,-0.7099520730874185,0.7782701870312105,-0.3700115038826576
467,2020-03-24 00:00:00,0.84,10.0,4.0,2.0,1602.625,1632.32,4.3792,64.4,0.01,1622.25,121.13,0.01,101.2011719,0.52,202003,-1.0102401058178716,-0.5381240236565504,-0.7099520730874185,0.7782701870312105,-0.3700115038826576
468,2020-03-25 00:00:00,0.88,10.0,4.0,2.0,1613.2,1616.9,4.2155,66.9,0.01,1612.98,118.93,-0.04,101.2714844,0.56,202003,-1.0102401058178716,-0.5381240236565504,-0.7099520730874185,0.7782701870312105,-0.3700115038826576
469,2020-03-26 00:00:00,0.83,10.0,4.0,2.0,1627.4499999999998,1631.34,4.2795,65.9,0.01,1630.56,121.06,-0.05,101.2832031,0.51,202003,-1.0102401058178716,-0.5381240236565504,-0.7099520730874185,0.7782701870312105,-0.3700115038826576
470,2020-03-27 00:00:00,0.72,10.0,4.0,2.0,1619.25,1628.16,4.2409,66.5,0.01,1626.54,120.53,0.03,101.2929688,0.41,202003,-1.0102401058178716,-0.5381240236565504,-0.7099520730874185,0.7782701870312105,-0.3700115038826576
471,2020-03-30 00:00:00,0.7,10.0,4.0,2.0,1621.375,1622.51,4.3724,64.5,0.01,1621.69,119.68,0.12,101.2382813,0.39,202003,-1.0102401058178716,-0.5381240236565504,-0.7099520730874185,0.7782701870312105,-0.3700115038826576
472,2020-03-31 00:00:00,0.7,10.0,4.0,2.0,1606.8000000000002,1577.18,4.3712,65.7,0.01,1612.1,116.3,0.11,101.2324219,0.37,202003,-1.0102401058178716,-0.5381240236565504,-0.7099520730874185,0.7782701870312105,-0.3700115038826576
473,2020-04-01 00:00:00,0.62,10.0,4.0,2.0,1585.4,1591.51,4.3613,65.85,0.01,1587.82,115.93,0.09,101.2324219,0.37,202004,-1.0146146065588122,-0.4192409448231292,-0.8467758804593244,0.06942487543438612,-0.5528016391017199
474,2020-04-02 00:00:00,0.63,10.0,4.0,2.0,1602.425,1613.99,4.4526,64.5,0.01,1606.88,119.22,0.09,101.2128906,0.39,202004,-1.0146146065588122,-0.4192409448231292,-0.8467758804593244,0.06942487543438612,-0.5528016391017199
475,2020-04-03 00:00:00,0.62,10.0,4.0,2.0,1611.425,1620.81,4.5262,63.45,0.01,1618.74,119.76,0.1,101.1972656,0.39,202004,-1.0146146065588122,-0.4192409448231292,-0.8467758804593244,0.06942487543438612,-0.5528016391017199
476,2020-04-06 00:00:00,0.67,10.0,4.0,2.0,1642.4499999999998,1660.97,4.4115,65.1,0.01,1649.1,123.09,0.15,101.1855469,0.44,202004,-1.0146146065588122,-0.4192409448231292,-0.8467758804593244,0.06942487543438612,-0.5528016391017199
477,2020-04-07 00:00:00,0.75,10.0,4.0,2.0,1650.725,1647.72,4.2864,67.0,0.01,1651.11,122.32,0.14,101.1953125,0.48,202004,-1.0146146065588122,-0.4192409448231292,-0.8467758804593244,0.06942487543438612,-0.5528016391017199
478,2020-04-08 00:00:00,0.77,10.0,4.0,2.0,1648.425,1646.14,4.3057,66.7,0.01,1648.74,122.36,0.22,101.1738281,0.47,202004,-1.0146146065588122,-0.4192409448231292,-0.8467758804593244,0.06942487543438612,-0.5528016391017199
479,2020-04-09 00:00:00,0.73,10.0,4.0,2.0,1671.575,1683.73,4.2547,67.5,0.01,1681.76,127.43,0.25,101.1542969,0.41,202004,-1.0146146065588122,-0.4192409448231292,-0.8467758804593244,0.06942487543438612,-0.5528016391017199
480,2020-04-14 00:00:00,0.76,10.0,4.0,2.0,1728.875,1726.97,4.1622,69.0,0.06,1731.06,128.75,0.2,101.1289063,0.42,202004,-1.0146146065588122,-0.4192409448231292,-0.8467758804593244,0.06942487543438612,-0.5528016391017199
481,2020-04-15 00:00:00,0.63,10.0,4.0,2.0,1715.45,1717.03,4.1743,68.8,0.03,1717.36,126.91,0.14,101.1601563,0.34,202004,-1.0146146065588122,-0.4192409448231292,-0.8467758804593244,0.06942487543438612,-0.5528016391017199
482,2020-04-16 00:00:00,0.61,10.0,4.0,2.0,1723.675,1717.7,4.1622,69.0,0.03,1724.73,126.27,0.14,101.1523438,0.35,202004,-1.0146146065588122,-0.4192409448231292,-0.8467758804593244,0.06942487543438612,-0.5528016391017199
483,2020-04-17 00:00:00,0.65,10.0,4.0,2.0,1692.85,1682.82,4.0794,70.4,0.03,1693.9,123.82,0.12,101.1464844,0.36,202004,-1.0146146065588122,-0.4192409448231292,-0.8467758804593244,0.06942487543438612,-0.5528016391017199
484,2020-04-20 00:00:00,0.63,10.0,4.0,2.0,1685.575,1695.65,4.1263,69.6,0.02,1692.74,124.72,0.12,101.1484375,0.35,202004,-1.0146146065588122,-0.4192409448231292,-0.8467758804593244,0.06942487543438612,-0.5528016391017199
485,2020-04-21 00:00:00,0.58,10.0,4.0,2.0,1680.3249999999998,1686.2,4.2705,67.25,0.01,1681.19,123.04,0.11,101.1464844,0.34,202004,-1.0146146065588122,-0.4192409448231292,-0.8467758804593244,0.06942487543438612,-0.5528016391017199
486,2020-04-22 00:00:00,0.63,10.0,4.0,2.0,1706.6,1714.08,4.2705,67.25,0.01,1710.39,126.79,0.12,101.1367188,0.37,202004,-1.0146146065588122,-0.4192409448231292,-0.8467758804593244,0.06942487543438612,-0.5528016391017199
487,2020-04-23 00:00:00,0.61,10.0,4.0,2.0,1731.9,1730.51,4.2421,67.7,0.01,1737.64,127.37,0.11,101.1289063,0.37,202004,-1.0146146065588122,-0.4192409448231292,-0.8467758804593244,0.06942487543438612,-0.5528016391017199
488,2020-04-24 00:00:00,0.6,10.0,4.0,2.0,1721.575,1729.6,4.3186,66.5,0.03,1718.82,126.72,0.12,101.1230469,0.36,202004,-1.0146146065588122,-0.4192409448231292,-0.8467758804593244,0.06942487543438612,-0.5528016391017199
489,2020-04-27 00:00:00,0.67,10.0,4.0,2.0,1716.1,1713.99,4.2864,67.0,0.03,1713.53,125.99,0.12,101.1035156,0.41,202004,-1.0146146065588122,-0.4192409448231292,-0.8467758804593244,0.06942487543438612,-0.5528016391017199
490,2020-04-28 00:00:00,0.62,10.0,4.0,2.0,1699.8249999999998,1707.79,4.2048,68.3,0.01,1702.28,125.98,0.11,101.1132813,0.37,202004,-1.0146146065588122,-0.4192409448231292,-0.8467758804593244,0.06942487543438612,-0.5528016391017199
491,2020-04-29 00:00:00,0.63,10.0,4.0,2.0,1704.675,1713.41,4.1263,69.6,0.01,1700.88,125.37,0.1,101.0839844,0.36,202004,-1.0146146065588122,-0.4192409448231292,-0.8467758804593244,0.06942487543438612,-0.5528016391017199
492,2020-05-04 00:00:00,0.64,10.0,4.0,2.0,1706.4,1702.07,4.2673,67.3,0.05,1704.49,126.11,0.13,101.0742188,0.36,202005,-0.9329698297990163,-0.2617933550510616,0.7131599286541475,-0.25732514057195766,-0.18473209919197203
493,2020-05-05 00:00:00,0.66,10.0,4.0,2.0,1697.925,1705.92,4.2358,67.8,0.05,1698.9,126.25,0.13,101.0742188,0.36,202005,-0.9329698297990163,-0.2617933550510616,0.7131599286541475,-0.25732514057195766,-0.18473209919197203
494,2020-05-06 00:00:00,0.72,10.0,4.0,2.0,1695.2,1685.71,4.1773,68.75,0.05,1686.94,124.61,0.12,101.0664063,0.37,202005,-0.9329698297990163,-0.2617933550510616,0.7131599286541475,-0.25732514057195766,-0.18473209919197203
495,2020-05-07 00:00:00,0.63,10.0,4.0,2.0,1696.35,1716.06,4.1987,68.4,0.05,1698.76,127.5,0.11,101.0761719,0.29,202005,-0.9329698297990163,-0.2617933550510616,0.7131599286541475,-0.25732514057195766,-0.18473209919197203
496,2020-05-08 00:00:00,0.69,10.0,4.0,2.0,1696.35,1702.7,4.1956,68.45,0.06,1713.78,126.87,0.12,101.046875,0.33,202005,-0.9329698297990163,-0.2617933550510616,0.7131599286541475,-0.25732514057195766,-0.18473209919197203
497,2020-05-11 00:00:00,0.73,10.0,4.0,2.0,1700.775,1697.93,4.1652,68.95,0.06,1695.7,125.72,0.12,101.0371094,0.36,202005,-0.9329698297990163,-0.2617933550510616,0.7131599286541475,-0.25732514057195766,-0.18473209919197203
498,2020-05-12 00:00:00,0.69,10.0,4.0,2.0,1702.9250000000002,1702.7,4.2515,67.55,0.06,1708.97,126.26,0.13,101.03125,0.34,202005,-0.9329698297990163,-0.2617933550510616,0.7131599286541475,-0.25732514057195766,-0.18473209919197203
499,2020-05-13 00:00:00,0.64,10.0,4.0,2.0,1704.125,1716.28,4.2673,67.3,0.04,1715.12,126.93,0.13,101.03125,0.31,202005,-0.9329698297990163,-0.2617933550510616,0.7131599286541475,-0.25732514057195766,-0.18473209919197203
500,2020-05-14 00:00:00,0.63,10.0,4.0,2.0,1724.0,1730.3,4.3284,66.35,0.02,1730.11,128.65,0.12,101.03125,0.31,202005,-0.9329698297990163,-0.2617933550510616,0.7131599286541475,-0.25732514057195766,-0.18473209919197203
501,2020-05-15 00:00:00,0.64,10.0,4.0,2.0,1735.1,1743.67,4.3415,66.15,0.05,1744.07,129.77,0.12,101.0214844,0.31,202005,-0.9329698297990163,-0.2617933550510616,0.7131599286541475,-0.25732514057195766,-0.18473209919197203
502,2020-05-18 00:00:00,0.73,10.0,4.0,2.0,1745.8000000000002,1732.55,4.3089,66.65,0.04,1736.54,128.44,0.13,101.015625,0.38,202005,-0.9329698297990163,-0.2617933550510616,0.7131599286541475,-0.25732514057195766,-0.18473209919197203
503,2020-05-19 00:00:00,0.7,10.0,4.0,2.0,1736.6,1745.05,4.1562,69.1,0.04,1739.13,129.34,0.13,101.0097656,0.35,202005,-0.9329698297990163,-0.2617933550510616,0.7131599286541475,-0.25732514057195766,-0.18473209919197203
504,2020-05-20 00:00:00,0.68,10.0,4.0,2.0,1749.175,1748.18,4.1712,68.85,0.01,1745.99,129.91,0.12,101.0,0.34,202005,-0.9329698297990163,-0.2617933550510616,0.7131599286541475,-0.25732514057195766,-0.18473209919197203
505,2020-05-21 00:00:00,0.68,10.0,4.0,2.0,1728.85,1727.0,4.2327,67.85,0.02,1724.32,127.6,0.12,100.9980469,0.35,202005,-0.9329698297990163,-0.2617933550510616,0.7131599286541475,-0.25732514057195766,-0.18473209919197203
506,2020-05-22 00:00:00,0.66,10.0,4.0,2.0,1733.0,1734.68,4.7119,60.95,0.04,1736.32,128.65,0.12,100.9746094,0.34,202005,-0.9329698297990163,-0.2617933550510616,0.7131599286541475,-0.25732514057195766,-0.18473209919197203
507,2020-05-26 00:00:00,0.69,10.0,4.0,2.0,1721.5,1710.58,4.7509,60.45,0.06,1709.48,126.84,0.14,100.9609375,0.35,202005,-0.9329698297990163,-0.2617933550510616,0.7131599286541475,-0.25732514057195766,-0.18473209919197203
508,2020-05-27 00:00:00,0.68,10.0,4.0,2.0,1699.875,1709.47,4.8842,58.8,0.06,1700.95,126.9,0.15,100.9511719,0.34,202005,-0.9329698297990163,-0.2617933550510616,0.7131599286541475,-0.25732514057195766,-0.18473209919197203
509,2020-05-28 00:00:00,0.7,10.0,4.0,2.0,1720.3249999999998,1718.33,5.0384,57.0,0.06,1722.73,127.16,0.15,100.9472656,0.34,202005,-0.9329698297990163,-0.2617933550510616,0.7131599286541475,-0.25732514057195766,-0.18473209919197203
510,2020-05-29 00:00:00,0.65,10.0,4.0,2.0,1727.1750000000002,1730.27,4.9558,57.95,0.06,1731.55,128.87,0.14,100.9257813,0.3,202005,-0.9329698297990163,-0.2617933550510616,0.7131599286541475,-0.25732514057195766,-0.18473209919197203
511,2020-06-01 00:00:00,0.66,10.0,4.0,2.0,1732.6999999999998,1739.55,4.685,61.3,0.06,1738.02,128.86,0.14,100.9179688,0.31,202006,-0.7623265896890505,-0.2832503009868498,0.3788621829380921,0.4823858077160195,-0.04608222500544716
512,2020-06-02 00:00:00,0.68,10.0,4.0,2.0,1741.2,1727.7,4.4014,65.25,0.07,1739.61,127.83,0.15,100.9101563,0.32,202006,-0.7623265896890505,-0.2832503009868498,0.3788621829380921,0.4823858077160195,-0.04608222500544716
513,2020-06-03 00:00:00,0.77,10.0,4.0,2.0,1711.475,1699.67,4.358,65.9,0.06,1696.19,125.89,0.16,100.8984375,0.38,202006,-0.7623265896890505,-0.2832503009868498,0.3788621829380921,0.4823858077160195,-0.04608222500544716
514,2020-06-04 00:00:00,0.82,10.0,4.0,2.0,1703.25,1714.01,4.4115,65.1,0.07,1712.17,127.81,0.15,100.9023438,0.4,202006,-0.7623265896890505,-0.2832503009868498,0.3788621829380921,0.4823858077160195,-0.04608222500544716
515,2020-06-05 00:00:00,0.91,10.0,4.0,2.0,1696.5,1685.06,4.3349,66.25,0.07,1681.39,124.67,0.15,100.8867188,0.47,202006,-0.7623265896890505,-0.2832503009868498,0.3788621829380921,0.4823858077160195,-0.04608222500544716
516,2020-06-08 00:00:00,0.88,10.0,4.0,2.0,1691.175,1698.53,4.3415,66.15,0.07,1690.47,126.3,0.17,100.8769531,0.45,202006,-0.7623265896890505,-0.2832503009868498,0.3788621829380921,0.4823858077160195,-0.04608222500544716
517,2020-06-09 00:00:00,0.84,10.0,4.0,2.0,1710.5,1715.33,4.1895,68.55,0.08,1718.72,127.5,0.19,100.8730469,0.4,202006,-0.7623265896890505,-0.2832503009868498,0.3788621829380921,0.4823858077160195,-0.04608222500544716
518,2020-06-10 00:00:00,0.75,10.0,4.0,2.0,1719.85,1738.7,4.1442,69.3,0.07,1717.54,127.39,0.17,100.875,0.33,202006,-0.7623265896890505,-0.2832503009868498,0.3788621829380921,0.4823858077160195,-0.04608222500544716
519,2020-06-11 00:00:00,0.66,10.0,4.0,2.0,1735.075,1727.7,4.2079,68.25,0.08,1741.94,128.68,0.17,100.859375,0.32,202006,-0.7623265896890505,-0.2832503009868498,0.3788621829380921,0.4823858077160195,-0.04608222500544716
520,2020-06-12 00:00:00,0.71,10.0,4.0,2.0,1734.675,1730.75,4.28,67.1,0.08,1733.8,128.45,0.16,100.8476563,0.33,202006,-0.7623265896890505,-0.2832503009868498,0.3788621829380921,0.4823858077160195,-0.04608222500544716
521,2020-06-15 00:00:00,0.71,10.0,4.0,2.0,1710.4250000000002,1725.16,4.4115,65.1,0.09,1721.16,127.75,0.18,100.8515625,0.33,202006,-0.7623265896890505,-0.2832503009868498,0.3788621829380921,0.4823858077160195,-0.04608222500544716
522,2020-06-16 00:00:00,0.75,10.0,4.0,2.0,1724.1,1726.53,4.3646,65.8,0.09,1727.34,128.46,0.17,100.8417969,0.34,202006,-0.7623265896890505,-0.2832503009868498,0.3788621829380921,0.4823858077160195,-0.04608222500544716
523,2020-06-17 00:00:00,0.74,10.0,4.0,2.0,1720.8249999999998,1726.95,4.3284,66.35,0.09,1748.03,128.4,0.17,100.8398438,0.34,202006,-0.7623265896890505,-0.2832503009868498,0.3788621829380921,0.4823858077160195,-0.04608222500544716
524,2020-06-18 00:00:00,0.71,10.0,4.0,2.0,1726.075,1722.93,4.3514,66.0,0.09,1724.09,128.0,0.16,100.8359375,0.34,202006,-0.7623265896890505,-0.2832503009868498,0.3788621829380921,0.4823858077160195,-0.04608222500544716
525,2020-06-19 00:00:00,0.7,10.0,4.0,2.0,1731.65,1743.87,4.3712,65.7,0.09,1741.04,129.47,0.15,100.8203125,0.33,202006,-0.7623265896890505,-0.2832503009868498,0.3788621829380921,0.4823858077160195,-0.04608222500544716
526,2020-06-22 00:00:00,0.71,10.0,4.0,2.0,1753.65,1754.43,4.4251,64.9,0.08,1756.93,130.38,0.16,100.8261719,0.34,202006,-0.7623265896890505,-0.2832503009868498,0.3788621829380921,0.4823858077160195,-0.04608222500544716
527,2020-06-23 00:00:00,0.72,10.0,4.0,2.0,1762.75,1768.41,4.4873,64.0,0.07,1767.04,131.47,0.16,100.8242188,0.33,202006,-0.7623265896890505,-0.2832503009868498,0.3788621829380921,0.4823858077160195,-0.04608222500544716
528,2020-06-24 00:00:00,0.69,10.0,4.0,2.0,1770.875,1761.17,4.4909,63.95,0.08,1772.24,131.14,0.15,100.8242188,0.33,202006,-0.7623265896890505,-0.2832503009868498,0.3788621829380921,0.4823858077160195,-0.04608222500544716
529,2020-06-26 00:00:00,0.64,10.0,4.0,2.0,1754.85,1771.29,4.5014,63.8,0.08,1760.56,131.55,0.14,100.8046875,0.3,202006,-0.7623265896890505,-0.2832503009868498,0.3788621829380921,0.4823858077160195,-0.04608222500544716
530,2020-06-29 00:00:00,0.64,10.0,4.0,2.0,1770.1999999999998,1772.82,4.512,63.65,0.08,1772.68,131.68,0.14,100.7949219,0.28,202006,-0.7623265896890505,-0.2832503009868498,0.3788621829380921,0.4823858077160195,-0.04608222500544716
531,2020-06-30 00:00:00,0.66,10.0,4.0,2.0,1769.4,1780.96,4.5334,63.35,0.1,1783.66,133.18,0.16,100.7949219,0.29,202006,-0.7623265896890505,-0.2832503009868498,0.3788621829380921,0.4823858077160195,-0.04608222500544716
532,2020-07-02 00:00:00,0.68,10.0,4.0,2.0,1774.65,1775.38,4.4422,64.65,0.11,1776.31,132.58,0.14,100.7753906,0.29,202007,-0.7958518582985001,-0.39024507193692887,0.2528687560969439,0.46961382011968045,-0.11590358850470114
533,2020-07-06 00:00:00,0.69,10.0,4.0,2.0,1781.15,1784.68,4.3186,66.5,0.1,1783.27,133.01,0.15,100.7714844,0.31,202007,-0.7958518582985001,-0.39024507193692887,0.2528687560969439,0.46961382011968045,-0.11590358850470114
534,2020-07-07 00:00:00,0.65,10.0,4.0,2.0,1782.525,1794.86,4.3712,65.7,0.1,1793.97,134.53,0.15,100.765625,0.29,202007,-0.7958518582985001,-0.39024507193692887,0.2528687560969439,0.46961382011968045,-0.11590358850470114
535,2020-07-08 00:00:00,0.67,10.0,4.0,2.0,1805.225,1808.89,4.4081,65.15,0.1,1812.09,136.0,0.15,100.765625,0.3,202007,-0.7958518582985001,-0.39024507193692887,0.2528687560969439,0.46961382011968045,-0.11590358850470114
536,2020-07-09 00:00:00,0.62,10.0,4.0,2.0,1812.275,1803.55,4.5262,63.45,0.1,1801.65,134.82,0.13,100.7617188,0.28,202007,-0.7958518582985001,-0.39024507193692887,0.2528687560969439,0.46961382011968045,-0.11590358850470114
537,2020-07-10 00:00:00,0.65,10.0,4.0,2.0,1804.425,1798.7,4.5406,63.25,0.1,1800.69,134.74,0.13,100.7519531,0.3,202007,-0.7958518582985001,-0.39024507193692887,0.2528687560969439,0.46961382011968045,-0.11590358850470114
538,2020-07-13 00:00:00,0.64,10.0,4.0,2.0,1807.775,1802.76,4.5695,62.85,0.1,1806.22,135.77,0.14,100.7460938,0.3,202007,-0.7958518582985001,-0.39024507193692887,0.2528687560969439,0.46961382011968045,-0.11590358850470114
539,2020-07-14 00:00:00,0.63,10.0,4.0,2.0,1800.0500000000002,1809.36,4.5767,62.75,0.11,1809.04,135.7,0.15,100.7421875,0.28,202007,-0.7958518582985001,-0.39024507193692887,0.2528687560969439,0.46961382011968045,-0.11590358850470114
540,2020-07-15 00:00:00,0.64,10.0,4.0,2.0,1806.9499999999998,1810.29,4.6209,62.15,0.13,1806.74,135.69,0.16,100.7421875,0.28,202007,-0.7958518582985001,-0.39024507193692887,0.2528687560969439,0.46961382011968045,-0.11590358850470114
541,2020-07-16 00:00:00,0.62,10.0,4.0,2.0,1806.15,1797.16,4.6926,61.2,0.12,1805.56,134.58,0.11,100.7421875,0.28,202007,-0.7958518582985001,-0.39024507193692887,0.2528687560969439,0.46961382011968045,-0.11590358850470114
542,2020-07-17 00:00:00,0.64,10.0,4.0,2.0,1805.125,1810.42,4.708,61.0,0.12,1810.06,135.08,0.11,100.7304688,0.29,202007,-0.7958518582985001,-0.39024507193692887,0.2528687560969439,0.46961382011968045,-0.11590358850470114
543,2020-07-20 00:00:00,0.62,10.0,4.0,2.0,1812.975,1817.77,4.7587,60.35,0.12,1817.09,135.56,0.13,100.7246094,0.29,202007,-0.7958518582985001,-0.39024507193692887,0.2528687560969439,0.46961382011968045,-0.11590358850470114
544,2020-07-21 00:00:00,0.61,10.0,4.0,2.0,1832.875,1841.91,4.708,61.0,0.11,1838.3,137.84,0.13,100.7226563,0.27,202007,-0.7958518582985001,-0.39024507193692887,0.2528687560969439,0.46961382011968045,-0.11590358850470114
545,2020-07-22 00:00:00,0.6,10.0,4.0,2.0,1851.7,1871.41,4.8227,59.55,0.1,1856.7,139.85,0.13,100.7148438,0.27,202007,-0.7958518582985001,-0.39024507193692887,0.2528687560969439,0.46961382011968045,-0.11590358850470114
546,2020-07-23 00:00:00,0.59,10.0,4.0,2.0,1880.3249999999998,1887.44,4.8635,59.05,0.1,1887.7,141.93,0.12,100.7109375,0.27,202007,-0.7958518582985001,-0.39024507193692887,0.2528687560969439,0.46961382011968045,-0.11590358850470114
547,2020-07-24 00:00:00,0.59,10.0,4.0,2.0,1897.975,1902.02,4.8759,58.9,0.1,1902.48,142.69,0.11,100.7011719,0.27,202007,-0.7958518582985001,-0.39024507193692887,0.2528687560969439,0.46961382011968045,-0.11590358850470114
548,2020-07-27 00:00:00,0.62,10.0,4.0,2.0,1938.6,1942.24,4.905,58.55,0.1,1941.43,144.99,0.11,100.6992188,0.3,202007,-0.7958518582985001,-0.39024507193692887,0.2528687560969439,0.46961382011968045,-0.11590358850470114
549,2020-07-28 00:00:00,0.59,10.0,4.0,2.0,1936.275,1958.43,4.9345,58.2,0.1,1949.97,145.6,0.11,100.6953125,0.26,202007,-0.7958518582985001,-0.39024507193692887,0.2528687560969439,0.46961382011968045,-0.11590358850470114
550,2020-07-29 00:00:00,0.58,10.0,4.0,2.0,1952.625,1970.79,4.8471,59.25,0.09,1955.46,146.42,0.11,100.6914063,0.25,202007,-0.7958518582985001,-0.39024507193692887,0.2528687560969439,0.46961382011968045,-0.11590358850470114
551,2020-07-30 00:00:00,0.55,10.0,4.0,2.0,1954.9250000000002,1956.64,4.7627,60.3,0.1,1940.1,145.67,0.09,100.6855469,0.23,202007,-0.7958518582985001,-0.39024507193692887,0.2528687560969439,0.46961382011968045,-0.11590358850470114
552,2020-07-31 00:00:00,0.55,10.0,4.0,2.0,1969.8000000000002,1975.86,4.7746,60.15,0.1,1975.1,147.14,0.09,100.6757813,0.21,202007,-0.7958518582985001,-0.39024507193692887,0.2528687560969439,0.46961382011968045,-0.11590358850470114
553,2020-08-03 00:00:00,0.56,10.0,4.0,2.0,1965.75,1976.98,4.7352,60.65,0.1,1973.74,147.21,0.1,100.6679688,0.22,202008,-0.5290827355276939,-0.7761801400522548,0.2521467307282266,-0.23497416227836412,-0.32202257678252155
554,2020-08-04 00:00:00,0.52,10.0,4.0,2.0,1975.075,2019.21,4.6736,61.45,0.09,1994.05,149.75,0.09,100.6679688,0.19,202008,-0.5290827355276939,-0.7761801400522548,0.2521467307282266,-0.23497416227836412,-0.32202257678252155
555,2020-08-05 00:00:00,0.55,10.0,4.0,2.0,2041.3000000000002,2038.12,4.6812,61.35,0.09,2047.55,151.96,0.1,100.6640625,0.22,202008,-0.5290827355276939,-0.7761801400522548,0.2521467307282266,-0.23497416227836412,-0.32202257678252155
556,2020-08-06 00:00:00,0.55,10.0,4.0,2.0,2058.15,2063.54,4.7119,60.95,0.09,2052.5,153.55,0.1,100.6582031,0.21,202008,-0.5290827355276939,-0.7761801400522548,0.2521467307282266,-0.23497416227836412,-0.32202257678252155
557,2020-08-07 00:00:00,0.57,10.0,4.0,2.0,2046.325,2035.55,4.6774,61.4,0.09,2039.08,150.49,0.1,100.6367188,0.23,202008,-0.5290827355276939,-0.7761801400522548,0.2521467307282266,-0.23497416227836412,-0.32202257678252155
558,2020-08-10 00:00:00,0.59,10.0,4.0,2.0,2037.4,2027.34,4.7158,60.9,0.09,2036.19,151.3,0.11,100.6367188,0.24,202008,-0.5290827355276939,-0.7761801400522548,0.2521467307282266,-0.23497416227836412,-0.32202257678252155
559,2020-08-11 00:00:00,0.64,10.0,4.0,2.0,1968.125,1911.89,4.6433,61.85,0.1,1950.13,144.27,0.11,100.6328125,0.27,202008,-0.5290827355276939,-0.7761801400522548,0.2521467307282266,-0.23497416227836412,-0.32202257678252155
560,2020-08-12 00:00:00,0.69,10.0,4.0,2.0,1931.8000000000002,1915.83,4.555,63.05,0.09,1944.14,144.3,0.11,100.625,0.3,202008,-0.5290827355276939,-0.7761801400522548,0.2521467307282266,-0.23497416227836412,-0.32202257678252155
561,2020-08-13 00:00:00,0.71,10.0,4.0,2.0,1937.625,1953.71,4.555,63.05,0.09,1947.7,145.89,0.1,100.6171875,0.32,202008,-0.5290827355276939,-0.7761801400522548,0.2521467307282266,-0.23497416227836412,-0.32202257678252155
562,2020-08-14 00:00:00,0.71,10.0,4.0,2.0,1946.525,1945.12,4.584,62.65,0.09,1948.09,144.3,0.1,100.6113281,0.29,202008,-0.5290827355276939,-0.7761801400522548,0.2521467307282266,-0.23497416227836412,-0.32202257678252155
563,2020-08-17 00:00:00,0.69,10.0,4.0,2.0,1961.35,1985.3,4.5334,63.35,0.1,1983.71,147.55,0.1,100.6035156,0.29,202008,-0.5290827355276939,-0.7761801400522548,0.2521467307282266,-0.23497416227836412,-0.32202257678252155
564,2020-08-18 00:00:00,0.67,10.0,4.0,2.0,2006.95,2002.44,4.6024,62.4,0.09,1995.56,148.57,0.09,100.6015625,0.27,202008,-0.5290827355276939,-0.7761801400522548,0.2521467307282266,-0.23497416227836412,-0.32202257678252155
565,2020-08-19 00:00:00,0.68,10.0,4.0,2.0,1987.075,1928.98,4.6622,61.6,0.09,1963.24,145.36,0.11,100.5957031,0.29,202008,-0.5290827355276939,-0.7761801400522548,0.2521467307282266,-0.23497416227836412,-0.32202257678252155
566,2020-08-20 00:00:00,0.65,10.0,4.0,2.0,1927.6,1947.26,4.7627,60.3,0.07,1942.01,143.66,0.11,100.59375,0.26,202008,-0.5290827355276939,-0.7761801400522548,0.2521467307282266,-0.23497416227836412,-0.32202257678252155
567,2020-08-21 00:00:00,0.64,10.0,4.0,2.0,1928.6,1940.48,4.6736,61.45,0.07,1939.85,143.69,0.1,100.578125,0.27,202008,-0.5290827355276939,-0.7761801400522548,0.2521467307282266,-0.23497416227836412,-0.32202257678252155
568,2020-08-24 00:00:00,0.65,10.0,4.0,2.0,1945.75,1928.88,4.5695,62.85,0.08,1931.69,143.16,0.12,100.5761719,0.28,202008,-0.5290827355276939,-0.7761801400522548,0.2521467307282266,-0.23497416227836412,-0.32202257678252155
569,2020-08-25 00:00:00,0.69,10.0,4.0,2.0,1918.3000000000002,1928.18,4.5914,62.55,0.08,1920.86,141.91,0.11,100.5664063,0.3,202008,-0.5290827355276939,-0.7761801400522548,0.2521467307282266,-0.23497416227836412,-0.32202257678252155
570,2020-08-26 00:00:00,0.69,10.0,4.0,2.0,1925.725,1954.46,4.6321,62.0,0.07,1940.06,144.03,0.11,100.5625,0.28,202008,-0.5290827355276939,-0.7761801400522548,0.2521467307282266,-0.23497416227836412,-0.32202257678252155
571,2020-08-27 00:00:00,0.74,10.0,4.0,2.0,1931.3249999999998,1929.54,4.7235,60.8,0.07,1918.27,142.46,0.11,100.5585938,0.31,202008,-0.5290827355276939,-0.7761801400522548,0.2521467307282266,-0.23497416227836412,-0.32202257678252155
572,2020-08-28 00:00:00,0.74,10.0,4.0,2.0,1956.6,1964.83,4.6736,61.45,0.07,1966.36,145.2,0.1,100.546875,0.28,202008,-0.5290827355276939,-0.7761801400522548,0.2521467307282266,-0.23497416227836412,-0.32202257678252155
573,2020-08-31 00:00:00,0.72,10.0,4.0,2.0,1956.6,1967.8,4.6546,61.7,0.09,1967.93,145.79,0.11,100.5429688,0.28,202008,-0.5290827355276939,-0.7761801400522548,0.2521467307282266,-0.23497416227836412,-0.32202257678252155
574,2020-09-01 00:00:00,0.68,10.0,4.0,2.0,1980.15,1970.18,4.7003,61.1,0.09,1976.52,145.78,0.12,100.5390625,0.26,202009,-0.49514264357212057,-0.33428303726656233,1.8712886200765078,0.03643057414384331,0.26957337834541706
575,2020-09-02 00:00:00,0.66,10.0,4.0,2.0,1958.025,1942.92,4.4838,64.05,0.09,1940.23,143.24,0.12,100.5351563,0.26,202009,-0.49514264357212057,-0.33428303726656233,1.8712886200765078,0.03643057414384331,0.26957337834541706
576,2020-09-03 00:00:00,0.63,10.0,4.0,2.0,1937.275,1930.91,4.4664,64.3,0.1,1935.33,142.59,0.11,100.5273438,0.24,202009,-0.49514264357212057,-0.33428303726656233,1.8712886200765078,0.03643057414384331,0.26957337834541706
577,2020-09-04 00:00:00,0.72,10.0,4.0,2.0,1931.9499999999998,1933.94,4.5586,63.0,0.09,1921.33,142.31,0.11,100.5136719,0.3,202009,-0.49514264357212057,-0.33428303726656233,1.8712886200765078,0.03643057414384331,0.26957337834541706
578,2020-09-08 00:00:00,0.69,10.0,4.0,2.0,1915.775,1932.03,4.5804,62.7,0.09,1926.65,142.94,0.13,100.5078125,0.28,202009,-0.49514264357212057,-0.33428303726656233,1.8712886200765078,0.03643057414384331,0.26957337834541706
579,2020-09-09 00:00:00,0.71,10.0,4.0,2.0,1937.8000000000002,1946.84,4.5586,63.0,0.09,1945.89,143.75,0.12,100.5019531,0.28,202009,-0.49514264357212057,-0.33428303726656233,1.8712886200765078,0.03643057414384331,0.26957337834541706
580,2020-09-10 00:00:00,0.68,10.0,4.0,2.0,1955.525,1946.09,4.5658,62.9,0.09,1958.04,144.53,0.12,100.4960938,0.26,202009,-0.49514264357212057,-0.33428303726656233,1.8712886200765078,0.03643057414384331,0.26957337834541706
581,2020-09-11 00:00:00,0.67,10.0,4.0,2.0,1945.95,1940.55,4.5695,62.85,0.09,1947.8,143.4,0.11,100.4824219,0.26,202009,-0.49514264357212057,-0.33428303726656233,1.8712886200765078,0.03643057414384331,0.26957337834541706
582,2020-09-14 00:00:00,0.68,10.0,4.0,2.0,1950.5,1956.86,4.5156,63.6,0.09,1959.39,144.6,0.11,100.4804688,0.27,202009,-0.49514264357212057,-0.33428303726656233,1.8712886200765078,0.03643057414384331,0.26957337834541706
583,2020-09-15 00:00:00,0.68,10.0,4.0,2.0,1956.4499999999998,1954.15,4.4664,64.3,0.1,1953.24,144.78,0.11,100.4726563,0.27,202009,-0.49514264357212057,-0.33428303726656233,1.8712886200765078,0.03643057414384331,0.26957337834541706
584,2020-09-16 00:00:00,0.69,10.0,4.0,2.0,1963.3,1959.26,4.4081,65.15,0.1,1966.77,145.1,0.12,100.4746094,0.28,202009,-0.49514264357212057,-0.33428303726656233,1.8712886200765078,0.03643057414384331,0.26957337834541706
585,2020-09-17 00:00:00,0.69,10.0,4.0,2.0,1936.175,1944.44,4.4319,64.8,0.1,1948.3,143.52,0.09,100.46875,0.28,202009,-0.49514264357212057,-0.33428303726656233,1.8712886200765078,0.03643057414384331,0.26957337834541706
586,2020-09-18 00:00:00,0.7,10.0,4.0,2.0,1952.8,1950.86,4.4081,65.15,0.09,1954.65,144.41,0.1,100.4570313,0.29,202009,-0.49514264357212057,-0.33428303726656233,1.8712886200765078,0.03643057414384331,0.26957337834541706
587,2020-09-21 00:00:00,0.68,10.0,4.0,2.0,1920.125,1912.51,4.4909,63.95,0.08,1897.09,140.64,0.1,100.453125,0.27,202009,-0.49514264357212057,-0.33428303726656233,1.8712886200765078,0.03643057414384331,0.26957337834541706
588,2020-09-22 00:00:00,0.68,10.0,4.0,2.0,1904.55,1900.21,4.537,63.3,0.07,1903.6,140.46,0.1,100.4472656,0.27,202009,-0.49514264357212057,-0.33428303726656233,1.8712886200765078,0.03643057414384331,0.26957337834541706
589,2020-09-23 00:00:00,0.68,10.0,4.0,2.0,1880.75,1863.34,4.5477,63.15,0.06,1868.69,137.5,0.11,100.4433594,0.28,202009,-0.49514264357212057,-0.33428303726656233,1.8712886200765078,0.03643057414384331,0.26957337834541706
590,2020-09-24 00:00:00,0.67,10.0,4.0,2.0,1856.25,1868.07,4.5731,62.8,0.07,1863.8,138.05,0.1,100.4414063,0.27,202009,-0.49514264357212057,-0.33428303726656233,1.8712886200765078,0.03643057414384331,0.26957337834541706
591,2020-09-25 00:00:00,0.66,10.0,4.0,2.0,1864.875,1861.58,4.5622,62.95,0.08,1862.09,137.31,0.1,100.4238281,0.26,202009,-0.49514264357212057,-0.33428303726656233,1.8712886200765078,0.03643057414384331,0.26957337834541706
592,2020-09-28 00:00:00,0.67,10.0,4.0,2.0,1857.625,1881.48,4.5914,62.55,0.08,1869.9,138.49,0.11,100.4179688,0.26,202009,-0.49514264357212057,-0.33428303726656233,1.8712886200765078,0.03643057414384331,0.26957337834541706
593,2020-09-29 00:00:00,0.66,10.0,4.0,2.0,1883.1750000000002,1898.07,4.6135,62.25,0.07,1886.19,140.02,0.09,100.4160156,0.24,202009,-0.49514264357212057,-0.33428303726656233,1.8712886200765078,0.03643057414384331,0.26957337834541706
594,2020-09-30 00:00:00,0.69,10.0,4.0,2.0,1885.15,1885.82,4.5614,63.0,0.08,1899.84,139.47,0.1,100.4121094,0.28,202009,-0.49514264357212057,-0.33428303726656233,1.8712886200765078,0.03643057414384331,0.26957337834541706
595,2020-10-05 00:00:00,0.78,10.0,4.0,2.0,1904.625,1913.53,4.5434,63.25,0.09,1913.4,141.24,0.1,100.3847656,0.33,202010,-0.5323636110833994,-0.7448645973351585,0.26694825078692885,-0.30309142945883977,-0.32834284677261727
596,2020-10-06 00:00:00,0.76,10.0,4.0,2.0,1912.95,1878.18,4.5979,62.5,0.1,1912.99,140.46,0.1,100.3828125,0.32,202010,-0.5323636110833994,-0.7448645973351585,0.26694825078692885,-0.30309142945883977,-0.32834284677261727
597,2020-10-07 00:00:00,0.81,10.0,4.0,2.0,1886.25,1887.42,4.547,63.2,0.09,1883.72,139.24,0.1,100.375,0.35,202010,-0.5323636110833994,-0.7448645973351585,0.26694825078692885,-0.30309142945883977,-0.32834284677261727
598,2020-10-08 00:00:00,0.78,10.0,4.0,2.0,1889.4,1893.82,4.5979,62.5,0.08,1889.49,139.64,0.09,100.3710938,0.33,202010,-0.5323636110833994,-0.7448645973351585,0.26694825078692885,-0.30309142945883977,-0.32834284677261727
599,2020-10-09 00:00:00,0.79,10.0,4.0,2.0,1917.825,1930.4,4.6727,61.5,0.09,1926.15,141.88,0.1,100.3535156,0.34,202010,-0.5323636110833994,-0.7448645973351585,0.26694825078692885,-0.30309142945883977,-0.32834284677261727
600,2020-10-14 00:00:00,0.73,10.0,4.0,2.0,1903.25,1901.52,4.6841,61.35,0.09,1910.19,140.58,0.12,100.34375,0.3,202010,-0.5323636110833994,-0.7448645973351585,0.26694825078692885,-0.30309142945883977,-0.32834284677261727
601,2020-10-15 00:00:00,0.74,10.0,4.0,2.0,1891.8000000000002,1908.71,4.6956,61.2,0.1,1900.24,140.63,0.11,100.3378906,0.32,202010,-0.5323636110833994,-0.7448645973351585,0.26694825078692885,-0.30309142945883977,-0.32834284677261727
602,2020-10-16 00:00:00,0.76,10.0,4.0,2.0,1906.625,1899.29,4.746,60.55,0.09,1903.31,140.46,0.11,100.3242188,0.32,202010,-0.5323636110833994,-0.7448645973351585,0.26694825078692885,-0.30309142945883977,-0.32834284677261727
603,2020-10-19 00:00:00,0.78,10.0,4.0,2.0,1907.8,1904.08,4.6841,61.35,0.09,1906.81,140.81,0.11,100.3242188,0.34,202010,-0.5323636110833994,-0.7448645973351585,0.26694825078692885,-0.30309142945883977,-0.32834284677261727
604,2020-10-20 00:00:00,0.81,10.0,4.0,2.0,1902.375,1906.95,4.7033,61.1,0.08,1908.43,141.06,0.1,100.3222656,0.34,202010,-0.5323636110833994,-0.7448645973351585,0.26694825078692885,-0.30309142945883977,-0.32834284677261727
605,2020-10-21 00:00:00,0.83,10.0,4.0,2.0,1921.5500000000002,1924.33,4.6994,61.15,0.07,1923.29,142.07,0.1,100.3183594,0.36,202010,-0.5323636110833994,-0.7448645973351585,0.26694825078692885,-0.30309142945883977,-0.32834284677261727
606,2020-10-22 00:00:00,0.87,10.0,4.0,2.0,1908.9,1904.11,4.6956,61.2,0.07,1899.38,140.29,0.09,100.3085938,0.38,202010,-0.5323636110833994,-0.7448645973351585,0.26694825078692885,-0.30309142945883977,-0.32834284677261727
607,2020-10-23 00:00:00,0.85,10.0,4.0,2.0,1907.125,1902.05,4.6387,61.95,0.08,1899.92,140.37,0.1,100.296875,0.37,202010,-0.5323636110833994,-0.7448645973351585,0.26694825078692885,-0.30309142945883977,-0.32834284677261727
608,2020-10-27 00:00:00,0.79,10.0,4.0,2.0,1902.3000000000002,1907.99,4.7265,60.8,0.09,1909.74,140.87,0.1,100.2871094,0.34,202010,-0.5323636110833994,-0.7448645973351585,0.26694825078692885,-0.30309142945883977,-0.32834284677261727
609,2020-10-28 00:00:00,0.79,10.0,4.0,2.0,1883.4,1877.19,4.7895,60.0,0.08,1882.04,138.46,0.1,100.2851563,0.34,202010,-0.5323636110833994,-0.7448645973351585,0.26694825078692885,-0.30309142945883977,-0.32834284677261727
610,2020-10-29 00:00:00,0.85,10.0,4.0,2.0,1873.5749999999998,1867.59,4.7776,60.15,0.09,1872.14,137.59,0.09,100.28125,0.38,202010,-0.5323636110833994,-0.7448645973351585,0.26694825078692885,-0.30309142945883977,-0.32834284677261727
611,2020-10-30 00:00:00,0.88,10.0,4.0,2.0,1878.8249999999998,1878.81,4.8666,59.05,0.09,1880.77,138.42,0.09,100.265625,0.38,202010,-0.5323636110833994,-0.7448645973351585,0.26694825078692885,-0.30309142945883977,-0.32834284677261727
612,2020-11-02 00:00:00,0.87,10.0,4.0,2.0,1888.325,1895.48,4.8624,59.1,0.11,1894.44,139.35,0.09,100.2617188,0.38,202011,-0.4872987112090547,-0.5157972015341762,0.3655047136168241,2.1917034810260794,0.38852807047491816
613,2020-11-03 00:00:00,0.9,10.0,4.0,2.0,1904.0749999999998,1909.17,4.7855,60.05,0.1,1905.12,140.63,0.1,100.2578125,0.39,202011,-0.4872987112090547,-0.5157972015341762,0.3655047136168241,2.1917034810260794,0.38852807047491816
614,2020-11-04 00:00:00,0.78,10.0,4.0,2.0,1894.35,1902.92,4.746,60.55,0.1,1899.19,139.64,0.1,100.2539063,0.33,202011,-0.4872987112090547,-0.5157972015341762,0.3655047136168241,2.1917034810260794,0.38852807047491816
615,2020-11-05 00:00:00,0.79,10.0,4.0,2.0,1927.625,1949.66,4.6803,61.4,0.11,1948.94,143.37,0.1,100.25,0.33,202011,-0.4872987112090547,-0.5157972015341762,0.3655047136168241,2.1917034810260794,0.38852807047491816
616,2020-11-06 00:00:00,0.83,10.0,4.0,2.0,1944.375,1951.35,4.5833,62.7,0.1,1951.65,143.83,0.1,100.2304688,0.36,202011,-0.4872987112090547,-0.5157972015341762,0.3655047136168241,2.1917034810260794,0.38852807047491816
617,2020-11-09 00:00:00,0.96,10.0,4.0,2.0,1912.375,1863.04,4.5614,63.0,0.1,1855.21,136.73,0.11,100.2304688,0.44,202011,-0.4872987112090547,-0.5157972015341762,0.3655047136168241,2.1917034810260794,0.38852807047491816
618,2020-11-10 00:00:00,0.98,10.0,4.0,2.0,1876.8000000000002,1877.32,4.2605,67.45,0.1,1884.61,138.41,0.1,100.2207031,0.46,202011,-0.4872987112090547,-0.5157972015341762,0.3655047136168241,2.1917034810260794,0.38852807047491816
619,2020-11-12 00:00:00,0.88,10.0,4.0,2.0,1871.425,1876.83,4.2013,68.4,0.09,1879.3,138.24,0.1,100.21875,0.4,202011,-0.4872987112090547,-0.5157972015341762,0.3655047136168241,2.1917034810260794,0.38852807047491816
620,2020-11-13 00:00:00,0.89,10.0,4.0,2.0,1884.5500000000002,1889.2,4.2075,68.3,0.09,1893.05,139.19,0.09,100.203125,0.41,202011,-0.4872987112090547,-0.5157972015341762,0.3655047136168241,2.1917034810260794,0.38852807047491816
621,2020-11-16 00:00:00,0.91,10.0,4.0,2.0,1889.1,1888.95,4.1438,69.35,0.1,1890.88,139.11,0.09,100.1992188,0.41,202011,-0.4872987112090547,-0.5157972015341762,0.3655047136168241,2.1917034810260794,0.38852807047491816
622,2020-11-17 00:00:00,0.87,10.0,4.0,2.0,1887.225,1880.38,4.0107,71.65,0.09,1887.27,138.83,0.09,100.1933594,0.39,202011,-0.4872987112090547,-0.5157972015341762,0.3655047136168241,2.1917034810260794,0.38852807047491816
623,2020-11-18 00:00:00,0.88,10.0,4.0,2.0,1876.65,1872.24,4.0532,70.9,0.07,1880.58,137.82,0.09,100.1914063,0.4,202011,-0.4872987112090547,-0.5157972015341762,0.3655047136168241,2.1917034810260794,0.38852807047491816
624,2020-11-19 00:00:00,0.86,10.0,4.0,2.0,1857.375,1866.54,4.1468,69.3,0.06,1859.44,136.97,0.07,100.1835938,0.39,202011,-0.4872987112090547,-0.5157972015341762,0.3655047136168241,2.1917034810260794,0.38852807047491816
625,2020-11-20 00:00:00,0.83,10.0,4.0,2.0,1871.35,1870.99,4.226,68.0,0.05,1873.93,137.76,0.07,100.171875,0.38,202011,-0.4872987112090547,-0.5157972015341762,0.3655047136168241,2.1917034810260794,0.38852807047491816
626,2020-11-23 00:00:00,0.86,10.0,4.0,2.0,1852.0,1837.86,4.3116,66.65,0.05,1832.1,135.32,0.08,100.1679688,0.39,202011,-0.4872987112090547,-0.5157972015341762,0.3655047136168241,2.1917034810260794,0.38852807047491816
627,2020-11-24 00:00:00,0.88,10.0,4.0,2.0,1808.85,1807.59,4.2323,67.9,0.07,1805.54,132.88,0.09,100.1621094,0.39,202011,-0.4872987112090547,-0.5157972015341762,0.3655047136168241,2.1917034810260794,0.38852807047491816
628,2020-11-25 00:00:00,0.88,10.0,4.0,2.0,1809.375,1807.56,4.2044,68.35,0.08,1812.8,132.77,0.09,100.1503906,0.39,202011,-0.4872987112090547,-0.5157972015341762,0.3655047136168241,2.1917034810260794,0.38852807047491816
629,2020-11-27 00:00:00,0.84,10.0,4.0,2.0,1793.675,1787.79,4.1952,68.5,0.08,1784.73,131.12,0.09,100.140625,0.37,202011,-0.4872987112090547,-0.5157972015341762,0.3655047136168241,2.1917034810260794,0.38852807047491816
630,2020-11-30 00:00:00,0.84,10.0,4.0,2.0,1767.25,1776.95,4.226,68.0,0.09,1774.39,130.57,0.08,100.140625,0.36,202011,-0.4872987112090547,-0.5157972015341762,0.3655047136168241,2.1917034810260794,0.38852807047491816
631,2020-12-01 00:00:00,0.92,10.0,4.0,2.0,1803.475,1815.24,4.2668,67.35,0.08,1810.06,133.28,0.09,100.1328125,0.42,202012,-0.36228603917269303,-0.785458819375839,-0.3922609108518584,0.6420356526702592,-0.2244925291825328
632,2020-12-02 00:00:00,0.95,10.0,4.0,2.0,1827.775,1831.28,4.2891,67.0,0.08,1827.5,134.01,0.09,100.1289063,0.42,202012,-0.36228603917269303,-0.785458819375839,-0.3922609108518584,0.6420356526702592,-0.2244925291825328
633,2020-12-03 00:00:00,0.92,10.0,4.0,2.0,1833.5749999999998,1841.08,4.0589,70.8,0.08,1827.49,134.77,0.08,100.1230469,0.4,202012,-0.36228603917269303,-0.785458819375839,-0.3922609108518584,0.6420356526702592,-0.2244925291825328
634,2020-12-04 00:00:00,0.97,10.0,4.0,2.0,1841.15,1838.86,4.0589,70.8,0.09,1833.94,134.81,0.09,100.1113281,0.42,202012,-0.36228603917269303,-0.785458819375839,-0.3922609108518584,0.6420356526702592,-0.2244925291825328
635,2020-12-07 00:00:00,0.94,10.0,4.0,2.0,1846.375,1862.73,4.1378,69.45,0.08,1865.82,136.68,0.08,100.1054688,0.4,202012,-0.36228603917269303,-0.785458819375839,-0.3922609108518584,0.6420356526702592,-0.2244925291825328
636,2020-12-08 00:00:00,0.92,10.0,4.0,2.0,1866.325,1870.56,4.1648,69.0,0.07,1867.21,137.29,0.09,100.0976563,0.39,202012,-0.36228603917269303,-0.785458819375839,-0.3922609108518584,0.6420356526702592,-0.2244925291825328
637,2020-12-09 00:00:00,0.95,10.0,4.0,2.0,1850.775,1839.55,4.1408,69.4,0.08,1848.21,134.63,0.08,100.0976563,0.41,202012,-0.36228603917269303,-0.785458819375839,-0.3922609108518584,0.6420356526702592,-0.2244925291825328
638,2020-12-10 00:00:00,0.92,10.0,4.0,2.0,1839.275,1836.57,4.1348,69.5,0.08,1834.44,134.58,0.08,100.09375,0.39,202012,-0.36228603917269303,-0.785458819375839,-0.3922609108518584,0.6420356526702592,-0.2244925291825328
639,2020-12-11 00:00:00,0.9,10.0,4.0,2.0,1837.825,1839.85,4.1259,69.65,0.08,1845.61,135.03,0.08,100.0800781,0.37,202012,-0.36228603917269303,-0.785458819375839,-0.3922609108518584,0.6420356526702592,-0.2244925291825328
640,2020-12-14 00:00:00,0.9,10.0,4.0,2.0,1825.7,1827.35,4.1527,69.2,0.08,1826.96,134.25,0.09,100.0742188,0.37,202012,-0.36228603917269303,-0.785458819375839,-0.3922609108518584,0.6420356526702592,-0.2244925291825328
641,2020-12-15 00:00:00,0.92,10.0,4.0,2.0,1847.475,1853.64,4.183,68.7,0.09,1847.49,135.92,0.08,100.0703125,0.37,202012,-0.36228603917269303,-0.785458819375839,-0.3922609108518584,0.6420356526702592,-0.2244925291825328
642,2020-12-16 00:00:00,0.92,10.0,4.0,2.0,1856.65,1864.8,4.1289,69.6,0.09,1862.49,136.12,0.09,100.0664063,0.37,202012,-0.36228603917269303,-0.785458819375839,-0.3922609108518584,0.6420356526702592,-0.2244925291825328
643,2020-12-17 00:00:00,0.94,10.0,4.0,2.0,1881.35,1885.42,4.1141,69.85,0.09,1888.09,138.39,0.08,100.0585938,0.38,202012,-0.36228603917269303,-0.785458819375839,-0.3922609108518584,0.6420356526702592,-0.2244925291825328
644,2020-12-18 00:00:00,0.95,10.0,4.0,2.0,1879.35,1881.35,4.1708,68.9,0.09,1884.24,138.32,0.08,100.046875,0.39,202012,-0.36228603917269303,-0.785458819375839,-0.3922609108518584,0.6420356526702592,-0.2244925291825328
645,2020-12-21 00:00:00,0.95,10.0,4.0,2.0,1874.625,1876.89,4.1739,68.85,0.09,1877.2,137.91,0.09,100.0429688,0.39,202012,-0.36228603917269303,-0.785458819375839,-0.3922609108518584,0.6420356526702592,-0.2244925291825328
646,2020-12-22 00:00:00,0.93,10.0,4.0,2.0,1875.1999999999998,1860.84,4.2105,68.25,0.07,1864.24,137.05,0.09,100.0371094,0.37,202012,-0.36228603917269303,-0.785458819375839,-0.3922609108518584,0.6420356526702592,-0.2244925291825328
647,2020-12-23 00:00:00,0.96,10.0,4.0,2.0,1871.05,1872.89,4.1648,69.0,0.06,1871.43,137.61,0.09,100.03125,0.38,202012,-0.36228603917269303,-0.785458819375839,-0.3922609108518584,0.6420356526702592,-0.2244925291825328
648,2020-12-24 00:00:00,0.94,10.0,4.0,2.0,1873.775,1883.46,4.1708,68.9,0.08,1878.44,138.03,0.09,100.0117188,0.37,202012,-0.36228603917269303,-0.785458819375839,-0.3922609108518584,0.6420356526702592,-0.2244925291825328
649,2020-12-28 00:00:00,0.94,10.0,4.0,2.0,1873.775,1873.69,4.1053,70.0,0.09,1881.86,137.89,0.11,100.0234375,0.38,202012,-0.36228603917269303,-0.785458819375839,-0.3922609108518584,0.6420356526702592,-0.2244925291825328
650,2020-12-29 00:00:00,0.94,10.0,4.0,2.0,1874.1,1878.18,4.0532,70.9,0.1,1880.24,138.09,0.1,99.98046875,0.37,202012,-0.36228603917269303,-0.785458819375839,-0.3922609108518584,0.6420356526702592,-0.2244925291825328
651,2020-12-30 00:00:00,0.93,10.0,4.0,2.0,1882.5749999999998,1894.39,4.0024,71.8,0.09,1885.07,138.89,0.08,100.03125,0.37,202012,-0.36228603917269303,-0.785458819375839,-0.3922609108518584,0.6420356526702592,-0.2244925291825328
652,2020-12-31 00:00:00,0.93,10.0,4.0,2.0,1889.35,1898.36,4.0704,70.6,0.07,1897.77,139.05,0.09,100.0664063,0.36,202012,-0.36228603917269303,-0.785458819375839,-0.3922609108518584,0.6420356526702592,-0.2244925291825328
653,2021-01-04 00:00:00,0.93,10.0,4.0,2.0,1937.0,1942.9,4.0052,71.75,0.1,1939.47,142.88,0.09,100.1210938,0.36,202101,-0.11531530337597118,-0.19597272359938692,-0.5316118070142744,0.6643866309638526,-0.044628300756444944
654,2021-01-05 00:00:00,0.96,10.0,4.0,2.0,1943.4499999999998,1950.01,3.9312,73.1,0.11,1946.69,143.48,0.09,99.98828125,0.38,202101,-0.11531530337597118,-0.19597272359938692,-0.5316118070142744,0.6643866309638526,-0.044628300756444944
655,2021-01-06 00:00:00,1.04,10.0,4.0,2.0,1944.575,1918.61,3.9501,72.75,0.1,1901.5,140.15,0.09,99.74609375,0.43,202101,-0.11531530337597118,-0.19597272359938692,-0.5316118070142744,0.6643866309638526,-0.044628300756444944
656,2021-01-07 00:00:00,1.08,10.0,4.0,2.0,1915.5749999999998,1913.95,4.022,71.45,0.1,1917.18,140.42,0.09,99.58203125,0.46,202101,-0.11531530337597118,-0.19597272359938692,-0.5316118070142744,0.6643866309638526,-0.044628300756444944
657,2021-01-08 00:00:00,1.13,10.0,4.0,2.0,1877.1,1849.01,4.0675,70.65,0.09,1854.99,134.75,0.08,99.46484375,0.49,202101,-0.11531530337597118,-0.19597272359938692,-0.5316118070142744,0.6643866309638526,-0.044628300756444944
658,2021-01-11 00:00:00,1.15,10.0,4.0,2.0,1847.525,1843.89,4.1112,69.9,0.09,1849.06,135.9,0.08,99.35546875,0.5,202101,-0.11531530337597118,-0.19597272359938692,-0.5316118070142744,0.6643866309638526,-0.044628300756444944
659,2021-01-12 00:00:00,1.15,10.0,4.0,2.0,1851.55,1854.77,4.0965,70.15,0.08,1845.49,135.42,0.09,99.38671875,0.5,202101,-0.11531530337597118,-0.19597272359938692,-0.5316118070142744,0.6643866309638526,-0.044628300756444944
660,2021-01-13 00:00:00,1.1,10.0,4.0,2.0,1855.625,1845.51,4.0704,70.6,0.08,1858.31,136.21,0.09,99.53515625,0.48,202101,-0.11531530337597118,-0.19597272359938692,-0.5316118070142744,0.6643866309638526,-0.044628300756444944
661,2021-01-14 00:00:00,1.15,10.0,4.0,2.0,1841.0,1846.53,4.0791,70.45,0.08,1849.15,135.99,0.09,99.46484375,0.49,202101,-0.11531530337597118,-0.19597272359938692,-0.5316118070142744,0.6643866309638526,-0.044628300756444944
662,2021-01-15 00:00:00,1.11,10.0,4.0,2.0,1846.425,1828.45,4.1378,69.45,0.08,1825.48,134.34,0.09,99.62890625,0.46,202101,-0.11531530337597118,-0.19597272359938692,-0.5316118070142744,0.6643866309638526,-0.044628300756444944
663,2021-01-19 00:00:00,1.1,10.0,4.0,2.0,1838.9,1840.28,4.1318,69.55,0.07,1841.9,134.95,0.09,99.65234375,0.45,202101,-0.11531530337597118,-0.19597272359938692,-0.5316118070142744,0.6643866309638526,-0.044628300756444944
664,2021-01-20 00:00:00,1.1,10.0,4.0,2.0,1855.6,1871.84,4.1648,69.0,0.06,1865.59,136.81,0.08,99.67578125,0.45,202101,-0.11531530337597118,-0.19597272359938692,-0.5316118070142744,0.6643866309638526,-0.044628300756444944
665,2021-01-21 00:00:00,1.12,10.0,4.0,2.0,1864.875,1870.02,4.1588,69.1,0.04,1865.59,136.73,0.09,99.65234375,0.45,202101,-0.11531530337597118,-0.19597272359938692,-0.5316118070142744,0.6643866309638526,-0.044628300756444944
666,2021-01-22 00:00:00,1.1,10.0,4.0,2.0,1853.15,1855.61,4.1799,68.75,0.05,1854.08,136.06,0.08,99.72265625,0.44,202101,-0.11531530337597118,-0.19597272359938692,-0.5316118070142744,0.6643866309638526,-0.044628300756444944
667,2021-01-25 00:00:00,1.05,10.0,4.0,2.0,1856.225,1855.93,4.2075,68.3,0.06,1848.97,136.01,0.09,99.86328125,0.42,202101,-0.11531530337597118,-0.19597272359938692,-0.5316118070142744,0.6643866309638526,-0.044628300756444944
668,2021-01-26 00:00:00,1.05,10.0,4.0,2.0,1854.9,1850.92,4.2105,68.25,0.03,1853.45,135.72,0.07,99.83203125,0.42,202101,-0.11531530337597118,-0.19597272359938692,-0.5316118070142744,0.6643866309638526,-0.044628300756444944
669,2021-01-27 00:00:00,1.04,10.0,4.0,2.0,1844.7,1843.98,4.2167,68.15,0.03,1847.79,135.28,0.08,99.87890625,0.41,202101,-0.11531530337597118,-0.19597272359938692,-0.5316118070142744,0.6643866309638526,-0.044628300756444944
670,2021-01-28 00:00:00,1.07,10.0,4.0,2.0,1846.6750000000002,1843.17,4.2167,68.15,0.04,1855.88,134.68,0.07,99.7890625,0.42,202101,-0.11531530337597118,-0.19597272359938692,-0.5316118070142744,0.6643866309638526,-0.044628300756444944
671,2021-01-29 00:00:00,1.11,10.0,4.0,2.0,1858.25,1847.65,4.2448,67.7,0.06,1858.01,135.28,0.06,99.83203125,0.45,202101,-0.11531530337597118,-0.19597272359938692,-0.5316118070142744,0.6643866309638526,-0.044628300756444944
672,2021-02-01 00:00:00,1.09,10.0,4.0,2.0,1860.375,1860.78,4.2291,67.95,0.07,1862.56,136.15,0.07,99.8125,0.42,202102,-0.5250476357063091,-1.4108997975311792,-0.32222445008629164,-0.345664721446637,-0.6509591511926042
673,2021-02-02 00:00:00,1.12,10.0,4.0,2.0,1840.1,1838.03,4.2732,67.25,0.07,1838.56,134.09,0.07,99.73046875,0.45,202102,-0.5250476357063091,-1.4108997975311792,-0.32222445008629164,-0.345664721446637,-0.6509591511926042
674,2021-02-03 00:00:00,1.15,10.0,4.0,2.0,1835.075,1834.04,4.2573,67.5,0.07,1834.69,134.23,0.04,99.62890625,0.46,202102,-0.5250476357063091,-1.4108997975311792,-0.32222445008629164,-0.345664721446637,-0.6509591511926042
675,2021-02-04 00:00:00,1.15,10.0,4.0,2.0,1798.725,1794.03,4.2385,67.8,0.05,1789.94,131.02,0.04,99.65234375,0.46,202102,-0.5250476357063091,-1.4108997975311792,-0.32222445008629164,-0.345664721446637,-0.6509591511926042
676,2021-02-05 00:00:00,1.19,10.0,4.0,2.0,1805.75,1814.11,4.2416,67.75,0.02,1808.24,132.63,0.03,99.62890625,0.47,202102,-0.5250476357063091,-1.4108997975311792,-0.32222445008629164,-0.345664721446637,-0.6509591511926042
677,2021-02-08 00:00:00,1.19,10.0,4.0,2.0,1823.45,1830.81,4.2732,67.25,0.02,1836.15,134.04,0.05,99.55078125,0.48,202102,-0.5250476357063091,-1.4108997975311792,-0.32222445008629164,-0.345664721446637,-0.6509591511926042
678,2021-02-09 00:00:00,1.18,10.0,4.0,2.0,1843.0749999999998,1838.32,4.3084,66.7,0.05,1838.34,134.32,0.04,99.57421875,0.48,202102,-0.5250476357063091,-1.4108997975311792,-0.32222445008629164,-0.345664721446637,-0.6509591511926042
679,2021-02-10 00:00:00,1.15,10.0,4.0,2.0,1843.0500000000002,1842.89,4.3084,66.7,0.06,1836.66,134.7,0.05,99.69140625,0.46,202102,-0.5250476357063091,-1.4108997975311792,-0.32222445008629164,-0.345664721446637,-0.6509591511926042
680,2021-02-11 00:00:00,1.16,10.0,4.0,2.0,1840.9,1825.51,4.27,67.3,0.06,1836.85,133.55,0.05,99.62890625,0.46,202102,-0.5250476357063091,-1.4108997975311792,-0.32222445008629164,-0.345664721446637,-0.6509591511926042
681,2021-02-16 00:00:00,1.3,10.0,4.0,2.0,1808.85,1794.47,4.1739,68.85,0.06,1810.49,131.51,0.04,99.11328125,0.57,202102,-0.5250476357063091,-1.4108997975311792,-0.32222445008629164,-0.345664721446637,-0.6509591511926042
682,2021-02-17 00:00:00,1.29,10.0,4.0,2.0,1784.775,1776.13,4.1799,68.75,0.06,1770.17,129.59,0.04,99.25,0.57,202102,-0.5250476357063091,-1.4108997975311792,-0.32222445008629164,-0.345664721446637,-0.6509591511926042
683,2021-02-18 00:00:00,1.29,10.0,4.0,2.0,1777.975,1775.67,4.1289,69.6,0.03,1778.1,129.72,0.03,99.2109375,0.56,202102,-0.5250476357063091,-1.4108997975311792,-0.32222445008629164,-0.345664721446637,-0.6509591511926042
684,2021-02-19 00:00:00,1.34,10.0,4.0,2.0,1779.975,1784.25,4.0965,70.15,0.02,1785.19,129.89,0.04,99.1015625,0.59,202102,-0.5250476357063091,-1.4108997975311792,-0.32222445008629164,-0.345664721446637,-0.6509591511926042
685,2021-02-22 00:00:00,1.37,10.0,4.0,2.0,1803.125,1809.67,4.117,69.8,0.03,1808.19,132.08,0.03,99.0,0.61,202102,-0.5250476357063091,-1.4108997975311792,-0.32222445008629164,-0.345664721446637,-0.6509591511926042
686,2021-02-23 00:00:00,1.37,10.0,4.0,2.0,1804.575,1805.73,3.9996,71.85,0.01,1805.4,131.89,0.04,99.15234375,0.59,202102,-0.5250476357063091,-1.4108997975311792,-0.32222445008629164,-0.345664721446637,-0.6509591511926042
687,2021-02-24 00:00:00,1.38,10.0,4.0,2.0,1797.625,1805.06,3.9637,72.5,0.02,1794.92,131.35,0.03,98.98828125,0.62,202102,-0.5250476357063091,-1.4108997975311792,-0.32222445008629164,-0.345664721446637,-0.6509591511926042
688,2021-02-25 00:00:00,1.54,10.0,4.0,2.0,1785.875,1770.56,3.8703,74.25,0.03,1777.67,129.89,0.04,98.01953125,0.81,202102,-0.5250476357063091,-1.4108997975311792,-0.32222445008629164,-0.345664721446637,-0.6509591511926042
689,2021-02-26 00:00:00,1.44,10.0,4.0,2.0,1753.975,1734.04,3.9258,73.2,0.01,1727.44,126.59,0.04,98.4296875,0.75,202102,-0.5250476357063091,-1.4108997975311792,-0.32222445008629164,-0.345664721446637,-0.6509591511926042
690,2021-03-01 00:00:00,1.45,10.0,4.0,2.0,1740.5500000000002,1725.04,4.0276,71.35,0.02,1738.72,126.13,0.05,98.59375,0.71,202103,-0.51878757430117,0.3363915025912505,1.695836455478232,0.09071152142828474,0.4010379762991493
691,2021-03-02 00:00:00,1.42,10.0,4.0,2.0,1726.175,1738.36,4.0333,71.25,0.04,1727.1,126.91,0.04,98.76171875,0.67,202103,-0.51878757430117,0.3363915025912505,1.695836455478232,0.09071152142828474,0.4010379762991493
692,2021-03-03 00:00:00,1.47,10.0,4.0,2.0,1719.225,1711.23,4.056,70.85,0.04,1721.09,125.63,0.05,98.4296875,0.73,202103,-0.51878757430117,0.3363915025912505,1.695836455478232,0.09071152142828474,0.4010379762991493
693,2021-03-04 00:00:00,1.54,10.0,4.0,2.0,1711.0749999999998,1697.52,4.0733,70.55,0.02,1719.14,124.54,0.04,98.15625,0.77,202103,-0.51878757430117,0.3363915025912505,1.695836455478232,0.09071152142828474,0.4010379762991493
694,2021-03-05 00:00:00,1.56,10.0,4.0,2.0,1696.15,1700.64,4.0675,70.65,0.02,1696.1,124.47,0.04,98.1171875,0.79,202103,-0.51878757430117,0.3363915025912505,1.695836455478232,0.09071152142828474,0.4010379762991493
695,2021-03-08 00:00:00,1.59,10.0,4.0,2.0,1690.75,1683.54,4.0361,71.2,0.02,1681.84,122.94,0.05,97.86328125,0.86,202103,-0.51878757430117,0.3363915025912505,1.695836455478232,0.09071152142828474,0.4010379762991493
696,2021-03-09 00:00:00,1.55,10.0,4.0,2.0,1709.875,1716.1,3.9665,72.45,0.02,1716.7,125.76,0.05,98.08203125,0.83,202103,-0.51878757430117,0.3363915025912505,1.695836455478232,0.09071152142828474,0.4010379762991493
697,2021-03-10 00:00:00,1.53,10.0,4.0,2.0,1713.85,1726.71,3.9583,72.6,0.02,1717.3,126.08,0.04,98.15234375,0.8,202103,-0.51878757430117,0.3363915025912505,1.695836455478232,0.09071152142828474,0.4010379762991493
698,2021-03-11 00:00:00,1.54,10.0,4.0,2.0,1730.3,1722.6,3.9996,71.85,0.01,1722.16,126.1,0.04,98.17578125,0.78,202103,-0.51878757430117,0.3363915025912505,1.695836455478232,0.09071152142828474,0.4010379762991493
699,2021-03-12 00:00:00,1.64,10.0,4.0,2.0,1704.3249999999998,1727.11,3.9996,71.85,0.01,1710.69,125.81,0.04,97.9296875,0.85,202103,-0.51878757430117,0.3363915025912505,1.695836455478232,0.09071152142828474,0.4010379762991493
700,2021-03-15 00:00:00,1.62,10.0,4.0,2.0,1725.775,1731.67,4.0024,71.8,0.01,1729.58,126.51,0.04,97.9921875,0.84,202103,-0.51878757430117,0.3363915025912505,1.695836455478232,0.09071152142828474,0.4010379762991493
701,2021-03-16 00:00:00,1.62,10.0,4.0,2.0,1733.65,1731.4,4.0333,71.25,0.01,1728.53,126.63,0.02,97.99609375,0.83,202103,-0.51878757430117,0.3363915025912505,1.695836455478232,0.09071152142828474,0.4010379762991493
702,2021-03-17 00:00:00,1.63,10.0,4.0,2.0,1733.3000000000002,1745.33,4.0304,71.3,0.01,1727.24,126.32,0.02,98.1484375,0.8,202103,-0.51878757430117,0.3363915025912505,1.695836455478232,0.09071152142828474,0.4010379762991493
703,2021-03-18 00:00:00,1.71,10.0,4.0,2.0,1730.0,1736.42,4.0762,70.5,0.01,1735.59,126.75,0.01,97.8515625,0.86,202103,-0.51878757430117,0.3363915025912505,1.695836455478232,0.09071152142828474,0.4010379762991493
704,2021-03-22 00:00:00,1.69,10.0,4.0,2.0,1734.775,1739.03,4.1024,70.05,0.01,1740.01,127.19,0.03,97.86328125,0.87,202103,-0.51878757430117,0.3363915025912505,1.695836455478232,0.09071152142828474,0.4010379762991493
705,2021-03-23 00:00:00,1.63,10.0,4.0,2.0,1732.725,1727.07,4.1053,70.0,0.01,1727.67,126.25,0.01,98.078125,0.83,202103,-0.51878757430117,0.3363915025912505,1.695836455478232,0.09071152142828474,0.4010379762991493
706,2021-03-24 00:00:00,1.62,10.0,4.0,2.0,1732.275,1734.69,4.1141,69.85,0.01,1736.84,126.81,0.02,98.1171875,0.83,202103,-0.51878757430117,0.3363915025912505,1.695836455478232,0.09071152142828474,0.4010379762991493
707,2021-03-25 00:00:00,1.63,10.0,4.0,2.0,1733.25,1726.93,4.1112,69.9,0.01,1730.71,126.22,0.02,98.09375,0.82,202103,-0.51878757430117,0.3363915025912505,1.695836455478232,0.09071152142828474,0.4010379762991493
708,2021-03-26 00:00:00,1.67,10.0,4.0,2.0,1729.8249999999998,1732.52,4.12,69.75,0.01,1733.21,126.74,0.02,97.9609375,0.85,202103,-0.51878757430117,0.3363915025912505,1.695836455478232,0.09071152142828474,0.4010379762991493
709,2021-03-29 00:00:00,1.73,10.0,4.0,2.0,1714.95,1712.2,4.0762,70.5,0.01,1711.05,125.3,0.03,97.85546875,0.89,202103,-0.51878757430117,0.3363915025912505,1.695836455478232,0.09071152142828474,0.4010379762991493
710,2021-03-30 00:00:00,1.73,10.0,4.0,2.0,1690.325,1685.2,3.9583,72.6,0.01,1685.74,123.23,0.02,97.81640625,0.9,202103,-0.51878757430117,0.3363915025912505,1.695836455478232,0.09071152142828474,0.4010379762991493
711,2021-03-31 00:00:00,1.74,10.0,4.0,2.0,1688.1999999999998,1707.71,4.0959,70.8,0.01,1704.74,125.38,0.03,97.6171875,0.92,202103,-0.51878757430117,0.3363915025912505,1.695836455478232,0.09071152142828474,0.4010379762991493
712,2021-04-01 00:00:00,1.69,10.0,4.0,2.0,1720.9499999999998,1729.31,4.1221,70.35,0.01,1729.6,126.29,0.02,97.796875,0.9,202104,-0.621701475353125,-0.12348304138388619,1.5597346734750435,1.136950172028402,0.4878750821916086
713,2021-04-07 00:00:00,1.68,10.0,4.0,2.0,1737.025,1737.72,4.1192,70.4,0.01,1742.66,127.25,0.02,97.94921875,0.87,202104,-0.621701475353125,-0.12348304138388619,1.5597346734750435,1.136950172028402,0.4878750821916086
714,2021-04-08 00:00:00,1.64,10.0,4.0,2.0,1749.6,1755.84,4.1075,70.6,0.01,1756.04,128.49,0.01,98.1015625,0.85,202104,-0.621701475353125,-0.12348304138388619,1.5597346734750435,1.136950172028402,0.4878750821916086
715,2021-04-09 00:00:00,1.67,10.0,4.0,2.0,1744.575,1743.88,4.1133,70.5,0.01,1742.83,127.52,0.02,97.96875,0.87,202104,-0.621701475353125,-0.12348304138388619,1.5597346734750435,1.136950172028402,0.4878750821916086
716,2021-04-12 00:00:00,1.69,10.0,4.0,2.0,1737.1999999999998,1732.76,4.1163,70.45,0.01,1734.6,126.66,0.02,97.87890625,0.89,202104,-0.621701475353125,-0.12348304138388619,1.5597346734750435,1.136950172028402,0.4878750821916086
717,2021-04-13 00:00:00,1.64,10.0,4.0,2.0,1738.025,1745.51,4.0332,71.9,0.01,1742.64,127.75,0.03,98.0859375,0.85,202104,-0.621701475353125,-0.12348304138388619,1.5597346734750435,1.136950172028402,0.4878750821916086
718,2021-04-14 00:00:00,1.64,10.0,4.0,2.0,1739.425,1736.43,3.9241,73.9,0.01,1735.27,126.95,0.02,97.99609375,0.87,202104,-0.621701475353125,-0.12348304138388619,1.5597346734750435,1.136950172028402,0.4878750821916086
719,2021-04-15 00:00:00,1.56,10.0,4.0,2.0,1752.6,1763.95,3.8873,74.6,0.01,1765.62,129.18,0.02,98.171875,0.81,202104,-0.621701475353125,-0.12348304138388619,1.5597346734750435,1.136950172028402,0.4878750821916086
720,2021-04-16 00:00:00,1.59,10.0,4.0,2.0,1770.45,1776.51,3.8563,75.2,0.01,1778.91,130.14,0.02,98.12109375,0.84,202104,-0.621701475353125,-0.12348304138388619,1.5597346734750435,1.136950172028402,0.4878750821916086
721,2021-04-19 00:00:00,1.61,10.0,4.0,2.0,1781.45,1771.43,3.903,74.3,0.01,1775.44,129.45,0.02,98.12890625,0.85,202104,-0.621701475353125,-0.12348304138388619,1.5597346734750435,1.136950172028402,0.4878750821916086
722,2021-04-20 00:00:00,1.58,10.0,4.0,2.0,1771.675,1778.75,3.8873,74.6,0.01,1776.02,130.02,0.03,98.30078125,0.81,202104,-0.621701475353125,-0.12348304138388619,1.5597346734750435,1.136950172028402,0.4878750821916086
723,2021-04-21 00:00:00,1.57,10.0,4.0,2.0,1789.625,1793.79,3.9135,74.1,0.01,1792.35,131.11,0.03,98.28515625,0.81,202104,-0.621701475353125,-0.12348304138388619,1.5597346734750435,1.136950172028402,0.4878750821916086
724,2021-04-22 00:00:00,1.57,10.0,4.0,2.0,1786.7,1783.94,3.8873,74.6,0.01,1784.52,130.29,0.03,98.30859375,0.81,202104,-0.621701475353125,-0.12348304138388619,1.5597346734750435,1.136950172028402,0.4878750821916086
725,2021-04-23 00:00:00,1.58,10.0,4.0,2.0,1783.55,1777.2,3.8717,74.9,0.01,1775.76,129.95,0.03,98.19921875,0.83,202104,-0.621701475353125,-0.12348304138388619,1.5597346734750435,1.136950172028402,0.4878750821916086
726,2021-04-26 00:00:00,1.58,10.0,4.0,2.0,1776.5,1781.38,3.9056,74.25,0.01,1777.75,130.14,0.03,98.140625,0.85,202104,-0.621701475353125,-0.12348304138388619,1.5597346734750435,1.136950172028402,0.4878750821916086
727,2021-04-27 00:00:00,1.63,10.0,4.0,2.0,1782.525,1776.6,3.9589,73.25,0.01,1779.8,130.05,0.01,98.0,0.88,202104,-0.621701475353125,-0.12348304138388619,1.5597346734750435,1.136950172028402,0.4878750821916086
728,2021-04-28 00:00:00,1.63,10.0,4.0,2.0,1768.1750000000002,1781.68,3.9834,72.8,0.01,1773.5,129.69,0.01,98.140625,0.86,202104,-0.621701475353125,-0.12348304138388619,1.5597346734750435,1.136950172028402,0.4878750821916086
729,2021-04-29 00:00:00,1.65,10.0,4.0,2.0,1768.65,1772.18,3.9562,73.3,0.01,1769.01,129.26,0.01,98.0859375,0.86,202104,-0.621701475353125,-0.12348304138388619,1.5597346734750435,1.136950172028402,0.4878750821916086
730,2021-04-30 00:00:00,1.65,10.0,4.0,2.0,1768.225,1769.13,3.9481,73.45,0.01,1770.46,129.22,0.01,98.15234375,0.86,202104,-0.621701475353125,-0.12348304138388619,1.5597346734750435,1.136950172028402,0.4878750821916086
731,2021-05-03 00:00:00,1.63,10.0,4.0,2.0,1768.225,1792.88,3.9725,73.0,0.01,1792.91,130.97,0.04,98.2578125,0.84,202105,-0.5005353470717283,-0.33573283091087236,3.1615479539741114,0.6356496588720897,0.7402323587159001
732,2021-05-04 00:00:00,1.61,10.0,4.0,2.0,1791.35,1779.06,3.9834,72.8,0.01,1777.6,129.88,0.02,98.28125,0.82,202105,-0.5005353470717283,-0.33573283091087236,3.1615479539741114,0.6356496588720897,0.7402323587159001
733,2021-05-05 00:00:00,1.59,10.0,4.0,2.0,1780.15,1786.87,4.0054,72.4,0.01,1783.33,130.49,0.02,98.39453125,0.8,202105,-0.5005353470717283,-0.33573283091087236,3.1615479539741114,0.6356496588720897,0.7402323587159001
734,2021-05-06 00:00:00,1.58,10.0,4.0,2.0,1803.15,1815.22,3.9401,73.6,0.01,1814.74,132.74,0.02,98.33984375,0.81,202105,-0.5005353470717283,-0.33573283091087236,3.1615479539741114,0.6356496588720897,0.7402323587159001
735,2021-05-07 00:00:00,1.6,10.0,4.0,2.0,1828.525,1831.24,3.9135,74.1,0.01,1835.08,133.9,0.02,98.4765625,0.77,202105,-0.5005353470717283,-0.33573283091087236,3.1615479539741114,0.6356496588720897,0.7402323587159001
736,2021-05-10 00:00:00,1.63,10.0,4.0,2.0,1837.3000000000002,1836.07,3.8588,75.15,0.01,1837.95,134.39,0.02,98.4375,0.8,202105,-0.5005353470717283,-0.33573283091087236,3.1615479539741114,0.6356496588720897,0.7402323587159001
737,2021-05-11 00:00:00,1.64,10.0,4.0,2.0,1833.125,1837.47,3.8899,74.55,0.01,1829.7,134.29,0.01,98.37109375,0.8,202105,-0.5005353470717283,-0.33573283091087236,3.1615479539741114,0.6356496588720897,0.7402323587159001
738,2021-05-12 00:00:00,1.69,10.0,4.0,2.0,1832.15,1815.69,3.9321,73.75,0.01,1830.15,133.35,0.02,98.09765625,0.87,202105,-0.5005353470717283,-0.33573283091087236,3.1615479539741114,0.6356496588720897,0.7402323587159001
739,2021-05-13 00:00:00,1.66,10.0,4.0,2.0,1818.05,1826.72,3.9779,72.9,0.01,1821.7,133.48,0.02,98.265625,0.84,202105,-0.5005353470717283,-0.33573283091087236,3.1615479539741114,0.6356496588720897,0.7402323587159001
740,2021-05-14 00:00:00,1.63,10.0,4.0,2.0,1835.8,1843.43,3.9616,73.2,0.01,1837.32,134.52,0.01,98.328125,0.82,202105,-0.5005353470717283,-0.33573283091087236,3.1615479539741114,0.6356496588720897,0.7402323587159001
741,2021-05-17 00:00:00,1.64,10.0,4.0,2.0,1851.075,1866.9,4.0082,72.35,0.01,1863.3,136.58,0.02,98.234375,0.84,202105,-0.5005353470717283,-0.33573283091087236,3.1615479539741114,0.6356496588720897,0.7402323587159001
742,2021-05-18 00:00:00,1.64,10.0,4.0,2.0,1867.075,1869.44,3.9003,74.35,0.01,1868.1,136.62,0.02,98.3125,0.83,202105,-0.5005353470717283,-0.33573283091087236,3.1615479539741114,0.6356496588720897,0.7402323587159001
743,2021-05-20 00:00:00,1.63,10.0,4.0,2.0,1873.8249999999998,1877.21,3.9161,74.05,0.01,1879.55,137.61,0.01,98.33984375,0.83,202105,-0.5005353470717283,-0.33573283091087236,3.1615479539741114,0.6356496588720897,0.7402323587159001
744,2021-05-21 00:00:00,1.63,10.0,4.0,2.0,1876.775,1881.25,3.9347,73.7,0.01,1874.94,137.25,0.01,98.3046875,0.84,202105,-0.5005353470717283,-0.33573283091087236,3.1615479539741114,0.6356496588720897,0.7402323587159001
745,2021-05-24 00:00:00,1.61,10.0,4.0,2.0,1878.5,1881.02,3.9161,74.05,0.01,1884.53,137.85,0.02,98.38671875,0.82,202105,-0.5005353470717283,-0.33573283091087236,3.1615479539741114,0.6356496588720897,0.7402323587159001
746,2021-05-25 00:00:00,1.56,10.0,4.0,2.0,1884.9,1899.25,3.8821,74.7,0.01,1892.0,138.88,0.02,98.5234375,0.79,202105,-0.5005353470717283,-0.33573283091087236,3.1615479539741114,0.6356496588720897,0.7402323587159001
747,2021-05-26 00:00:00,1.58,10.0,4.0,2.0,1902.025,1896.67,3.8511,75.3,0.01,1904.1,139.12,0.02,98.484375,0.8,202105,-0.5005353470717283,-0.33573283091087236,3.1615479539741114,0.6356496588720897,0.7402323587159001
748,2021-05-27 00:00:00,1.61,10.0,4.0,2.0,1893.25,1896.54,3.8743,74.85,0.01,1891.3,138.8,0.02,98.42578125,0.81,202105,-0.5005353470717283,-0.33573283091087236,3.1615479539741114,0.6356496588720897,0.7402323587159001
749,2021-05-28 00:00:00,1.58,10.0,4.0,2.0,1896.2,1903.77,3.8743,74.85,0.01,1895.21,139.25,0.01,98.48828125,0.79,202105,-0.5005353470717283,-0.33573283091087236,3.1615479539741114,0.6356496588720897,0.7402323587159001
750,2021-06-01 00:00:00,1.62,10.0,4.0,2.0,1903.525,1900.44,3.903,74.3,0.01,1898.7,139.25,0.02,98.48046875,0.81,202106,-0.49235201378910676,-0.046933936964317406,1.8976425460346846,1.2561553895942343,0.6536279962188737
751,2021-06-02 00:00:00,1.59,10.0,4.0,2.0,1899.325,1908.38,3.8795,74.75,0.01,1903.45,139.58,0.02,98.53125,0.8,202106,-0.49235201378910676,-0.046933936964317406,1.8976425460346846,1.2561553895942343,0.6536279962188737
752,2021-06-03 00:00:00,1.63,10.0,4.0,2.0,1879.35,1870.76,3.8977,74.4,0.01,1871.58,136.92,0.02,98.32421875,0.84,202106,-0.49235201378910676,-0.046933936964317406,1.8976425460346846,1.2561553895942343,0.6536279962188737
753,2021-06-04 00:00:00,1.56,10.0,4.0,2.0,1880.0749999999998,1891.59,3.9135,74.1,0.01,1894.25,138.27,0.02,98.58203125,0.78,202106,-0.49235201378910676,-0.046933936964317406,1.8976425460346846,1.2561553895942343,0.6536279962188737
754,2021-06-07 00:00:00,1.57,10.0,4.0,2.0,1885.225,1899.21,3.9003,74.35,0.01,1893.1,138.75,0.02,98.5234375,0.79,202106,-0.49235201378910676,-0.046933936964317406,1.8976425460346846,1.2561553895942343,0.6536279962188737
755,2021-06-08 00:00:00,1.53,10.0,4.0,2.0,1892.6,1892.89,3.8283,75.75,0.01,1893.15,138.43,0.02,98.59375,0.77,202106,-0.49235201378910676,-0.046933936964317406,1.8976425460346846,1.2561553895942343,0.6536279962188737
756,2021-06-09 00:00:00,1.5,10.0,4.0,2.0,1892.525,1888.57,3.8283,75.75,0.01,1890.38,138.5,0.03,98.69140625,0.75,202106,-0.49235201378910676,-0.046933936964317406,1.8976425460346846,1.2561553895942343,0.6536279962188737
757,2021-06-10 00:00:00,1.45,10.0,4.0,2.0,1885.325,1898.51,3.7735,76.85,0.01,1890.7,138.56,0.03,98.85546875,0.73,202106,-0.49235201378910676,-0.046933936964317406,1.8976425460346846,1.2561553895942343,0.6536279962188737
758,2021-06-11 00:00:00,1.47,10.0,4.0,2.0,1886.5,1877.53,3.7735,76.85,0.01,1882.28,137.31,0.03,98.73828125,0.76,202106,-0.49235201378910676,-0.046933936964317406,1.8976425460346846,1.2561553895942343,0.6536279962188737
759,2021-06-15 00:00:00,1.51,10.0,4.0,2.0,1864.475,1859.02,3.8106,76.1,0.01,1860.65,135.64,0.03,98.5625,0.79,202106,-0.49235201378910676,-0.046933936964317406,1.8976425460346846,1.2561553895942343,0.6536279962188737
760,2021-06-16 00:00:00,1.57,10.0,4.0,2.0,1859.425,1811.47,3.8056,76.2,0.01,1856.3,135.99,0.04,98.05859375,0.89,202106,-0.49235201378910676,-0.046933936964317406,1.8976425460346846,1.2561553895942343,0.6536279962188737
761,2021-06-17 00:00:00,1.52,10.0,4.0,2.0,1792.725,1773.5,3.8384,75.55,0.05,1773.55,129.7,0.04,98.07421875,0.9,202106,-0.49235201378910676,-0.046933936964317406,1.8976425460346846,1.2561553895942343,0.6536279962188737
762,2021-06-18 00:00:00,1.45,10.0,4.0,2.0,1782.725,1764.16,3.7083,78.2,0.05,1775.97,129.32,0.05,98.05859375,0.89,202106,-0.49235201378910676,-0.046933936964317406,1.8976425460346846,1.2561553895942343,0.6536279962188737
763,2021-06-21 00:00:00,1.5,10.0,4.0,2.0,1778.75,1783.27,3.7274,77.8,0.05,1784.96,130.32,0.05,98.03125,0.9,202106,-0.49235201378910676,-0.046933936964317406,1.8976425460346846,1.2561553895942343,0.6536279962188737
764,2021-06-22 00:00:00,1.48,10.0,4.0,2.0,1777.0749999999998,1778.74,3.7515,77.3,0.05,1780.75,129.92,0.04,98.15625,0.87,202106,-0.49235201378910676,-0.046933936964317406,1.8976425460346846,1.2561553895942343,0.6536279962188737
765,2021-06-23 00:00:00,1.5,10.0,4.0,2.0,1787.25,1778.68,3.7083,78.2,0.05,1788.38,130.37,0.05,98.0546875,0.9,202106,-0.49235201378910676,-0.046933936964317406,1.8976425460346846,1.2561553895942343,0.6536279962188737
766,2021-06-24 00:00:00,1.49,10.0,4.0,2.0,1782.525,1775.17,3.7059,78.25,0.05,1780.74,129.89,0.05,98.0078125,0.9,202106,-0.49235201378910676,-0.046933936964317406,1.8976425460346846,1.2561553895942343,0.6536279962188737
767,2021-06-25 00:00:00,1.54,10.0,4.0,2.0,1784.95,1781.44,3.7178,78.0,0.05,1780.98,129.96,0.06,97.97265625,0.92,202106,-0.49235201378910676,-0.046933936964317406,1.8976425460346846,1.2561553895942343,0.6536279962188737
768,2021-06-28 00:00:00,1.49,10.0,4.0,2.0,1777.275,1778.48,3.725,77.85,0.05,1781.7,130.15,0.05,98.06640625,0.9,202106,-0.49235201378910676,-0.046933936964317406,1.8976425460346846,1.2561553895942343,0.6536279962188737
769,2021-06-29 00:00:00,1.49,10.0,4.0,2.0,1762.525,1761.24,3.8182,75.95,0.05,1758.48,128.9,0.04,98.09375,0.89,202106,-0.49235201378910676,-0.046933936964317406,1.8976425460346846,1.2561553895942343,0.6536279962188737
770,2021-06-30 00:00:00,1.45,10.0,4.0,2.0,1760.475,1770.11,3.8537,75.25,0.05,1765.43,129.5,0.05,98.08203125,0.87,202106,-0.49235201378910676,-0.046933936964317406,1.8976425460346846,1.2561553895942343,0.6536279962188737
771,2021-07-02 00:00:00,1.44,10.0,4.0,2.0,1784.825,1787.3,3.8847,74.65,0.05,1783.7,130.35,0.05,98.21875,0.86,202107,-0.586139801226341,-0.03127616560576925,1.7387969649169046,1.9479713843959396,0.7673380956201834
772,2021-07-06 00:00:00,1.37,10.0,4.0,2.0,1808.8249999999998,1797.08,3.8031,76.25,0.05,1802.95,131.13,0.05,98.47265625,0.81,202107,-0.586139801226341,-0.03127616560576925,1.7387969649169046,1.9479713843959396,0.7673380956201834
773,2021-07-07 00:00:00,1.33,10.0,4.0,2.0,1804.45,1803.63,3.8384,75.55,0.05,1803.55,131.71,0.05,98.53125,0.79,202107,-0.586139801226341,-0.03127616560576925,1.7387969649169046,1.9479713843959396,0.7673380956201834
774,2021-07-08 00:00:00,1.3,10.0,4.0,2.0,1808.975,1802.83,3.8795,74.75,0.05,1798.31,131.61,0.06,98.703125,0.74,202107,-0.586139801226341,-0.03127616560576925,1.7387969649169046,1.9479713843959396,0.7673380956201834
775,2021-07-09 00:00:00,1.37,10.0,4.0,2.0,1804.7,1808.32,3.9109,74.15,0.05,1808.25,132.44,0.06,98.53515625,0.79,202107,-0.586139801226341,-0.03127616560576925,1.7387969649169046,1.9479713843959396,0.7673380956201834
776,2021-07-12 00:00:00,1.38,10.0,4.0,2.0,1797.6750000000002,1806.28,3.8665,75.0,0.05,1804.35,132.14,0.05,98.4921875,0.81,202107,-0.586139801226341,-0.03127616560576925,1.7387969649169046,1.9479713843959396,0.7673380956201834
777,2021-07-13 00:00:00,1.42,10.0,4.0,2.0,1810.85,1807.76,3.8486,75.35,0.05,1812.59,132.5,0.05,98.265625,0.85,202107,-0.586139801226341,-0.03127616560576925,1.7387969649169046,1.9479713843959396,0.7673380956201834
778,2021-07-14 00:00:00,1.37,10.0,4.0,2.0,1818.125,1827.53,3.8977,74.4,0.05,1822.61,133.65,0.06,98.484375,0.8,202107,-0.586139801226341,-0.03127616560576925,1.7387969649169046,1.9479713843959396,0.7673380956201834
779,2021-07-15 00:00:00,1.31,10.0,4.0,2.0,1827.875,1829.47,3.8614,75.1,0.05,1823.32,133.93,0.05,98.546875,0.78,202107,-0.586139801226341,-0.03127616560576925,1.7387969649169046,1.9479713843959396,0.7673380956201834
780,2021-07-16 00:00:00,1.31,10.0,4.0,2.0,1823.15,1812.05,3.8358,75.6,0.05,1812.56,132.92,0.05,98.5546875,0.79,202107,-0.586139801226341,-0.03127616560576925,1.7387969649169046,1.9479713843959396,0.7673380956201834
781,2021-07-19 00:00:00,1.19,10.0,4.0,2.0,1809.075,1812.64,3.8899,74.55,0.05,1807.5,132.47,0.05,98.828125,0.7,202107,-0.586139801226341,-0.03127616560576925,1.7387969649169046,1.9479713843959396,0.7673380956201834
782,2021-07-20 00:00:00,1.23,10.0,4.0,2.0,1819.175,1810.36,3.8873,74.6,0.05,1810.1,132.6,0.05,98.9296875,0.69,202107,-0.586139801226341,-0.03127616560576925,1.7387969649169046,1.9479713843959396,0.7673380956201834
783,2021-07-21 00:00:00,1.3,10.0,4.0,2.0,1804.025,1803.66,3.8691,74.95,0.05,1802.65,132.02,0.05,98.72265625,0.74,202107,-0.586139801226341,-0.03127616560576925,1.7387969649169046,1.9479713843959396,0.7673380956201834
784,2021-07-22 00:00:00,1.27,10.0,4.0,2.0,1798.4250000000002,1806.92,3.8257,75.8,0.05,1804.26,132.18,0.05,98.796875,0.71,202107,-0.586139801226341,-0.03127616560576925,1.7387969649169046,1.9479713843959396,0.7673380956201834
785,2021-07-23 00:00:00,1.3,10.0,4.0,2.0,1801.3249999999998,1802.15,3.8511,75.3,0.05,1798.95,131.89,0.05,98.8359375,0.72,202107,-0.586139801226341,-0.03127616560576925,1.7387969649169046,1.9479713843959396,0.7673380956201834
786,2021-07-26 00:00:00,1.29,10.0,4.0,2.0,1804.1750000000002,1797.63,3.864,75.05,0.05,1799.95,131.72,0.05,98.7890625,0.73,202107,-0.586139801226341,-0.03127616560576925,1.7387969649169046,1.9479713843959396,0.7673380956201834
787,2021-07-27 00:00:00,1.25,10.0,4.0,2.0,1798.75,1799.09,3.846,75.4,0.05,1797.53,131.74,0.05,98.88671875,0.71,202107,-0.586139801226341,-0.03127616560576925,1.7387969649169046,1.9479713843959396,0.7673380956201834
788,2021-07-28 00:00:00,1.26,10.0,4.0,2.0,1797.9499999999998,1807.11,3.8257,75.8,0.05,1801.68,131.8,0.05,98.90625,0.72,202107,-0.586139801226341,-0.03127616560576925,1.7387969649169046,1.9479713843959396,0.7673380956201834
789,2021-07-29 00:00:00,1.28,10.0,4.0,2.0,1824.375,1828.17,3.8665,75.0,0.05,1829.2,134.07,0.06,98.80859375,0.73,202107,-0.586139801226341,-0.03127616560576925,1.7387969649169046,1.9479713843959396,0.7673380956201834
790,2021-07-30 00:00:00,1.24,10.0,4.0,2.0,1827.0,1814.19,3.903,74.3,0.05,1823.24,132.71,0.06,98.9921875,0.69,202107,-0.586139801226341,-0.03127616560576925,1.7387969649169046,1.9479713843959396,0.7673380956201834
791,2021-08-02 00:00:00,1.2,10.0,4.0,2.0,1809.5,1813.47,3.8665,75.0,0.05,1815.17,133.07,0.05,99.13671875,0.66,202108,-0.661222826874726,-0.49463021432724996,0.5229062439971698,2.1959608102248587,0.3907535032550131
792,2021-08-03 00:00:00,1.19,10.0,4.0,2.0,1811.1750000000002,1810.44,3.8873,74.6,0.05,1808.92,132.52,0.05,99.1640625,0.65,202108,-0.661222826874726,-0.49463021432724996,0.5229062439971698,2.1959608102248587,0.3907535032550131
793,2021-08-04 00:00:00,1.19,10.0,4.0,2.0,1820.775,1811.74,3.9056,74.25,0.05,1808.32,132.54,0.05,99.02734375,0.67,202108,-0.661222826874726,-0.49463021432724996,0.5229062439971698,2.1959608102248587,0.3907535032550131
794,2021-08-05 00:00:00,1.23,10.0,4.0,2.0,1805.975,1804.41,3.9214,73.95,0.05,1802.65,132.18,0.05,98.828125,0.72,202108,-0.661222826874726,-0.49463021432724996,0.5229062439971698,2.1959608102248587,0.3907535032550131
795,2021-08-06 00:00:00,1.31,10.0,4.0,2.0,1781.1750000000002,1763.03,3.9294,73.8,0.05,1763.95,128.9,0.06,98.640625,0.77,202108,-0.661222826874726,-0.49463021432724996,0.5229062439971698,2.1959608102248587,0.3907535032550131
796,2021-08-09 00:00:00,1.33,10.0,4.0,2.0,1740.175,1729.94,3.9508,73.4,0.05,1729.14,126.24,0.06,98.5390625,0.79,202108,-0.661222826874726,-0.49463021432724996,0.5229062439971698,2.1959608102248587,0.3907535032550131
797,2021-08-10 00:00:00,1.36,10.0,4.0,2.0,1726.4499999999998,1728.93,3.9944,72.6,0.05,1727.58,126.63,0.05,98.41015625,0.82,202108,-0.661222826874726,-0.49463021432724996,0.5229062439971698,2.1959608102248587,0.3907535032550131
798,2021-08-11 00:00:00,1.35,10.0,4.0,2.0,1738.8249999999998,1751.7,3.9999,72.5,0.05,1749.47,128.22,0.05,98.4921875,0.81,202108,-0.661222826874726,-0.49463021432724996,0.5229062439971698,2.1959608102248587,0.3907535032550131
799,2021-08-12 00:00:00,1.36,10.0,4.0,2.0,1751.45,1752.9,3.9944,72.6,0.05,1748.35,128.11,0.06,98.421875,0.83,202108,-0.661222826874726,-0.49463021432724996,0.5229062439971698,2.1959608102248587,0.3907535032550131
800,2021-08-13 00:00:00,1.29,10.0,4.0,2.0,1765.75,1779.74,3.9752,72.95,0.05,1774.35,129.98,0.06,98.6328125,0.79,202108,-0.661222826874726,-0.49463021432724996,0.5229062439971698,2.1959608102248587,0.3907535032550131
801,2021-08-16 00:00:00,1.26,10.0,4.0,2.0,1781.05,1787.45,3.9562,73.3,0.05,1787.34,130.86,0.06,98.6640625,0.75,202108,-0.661222826874726,-0.49463021432724996,0.5229062439971698,2.1959608102248587,0.3907535032550131
802,2021-08-17 00:00:00,1.26,10.0,4.0,2.0,1791.75,1786.19,3.9589,73.25,0.05,1783.0,130.64,0.07,98.6484375,0.77,202108,-0.661222826874726,-0.49463021432724996,0.5229062439971698,2.1959608102248587,0.3907535032550131
803,2021-08-18 00:00:00,1.27,10.0,4.0,2.0,1785.775,1787.82,3.9401,73.6,0.05,1779.9,130.39,0.07,98.64453125,0.79,202108,-0.661222826874726,-0.49463021432724996,0.5229062439971698,2.1959608102248587,0.3907535032550131
804,2021-08-19 00:00:00,1.24,10.0,4.0,2.0,1785.125,1780.38,3.9779,72.9,0.05,1781.68,130.27,0.06,98.63671875,0.78,202108,-0.661222826874726,-0.49463021432724996,0.5229062439971698,2.1959608102248587,0.3907535032550131
805,2021-08-20 00:00:00,1.26,10.0,4.0,2.0,1781.0,1781.11,3.9188,74.0,0.05,1782.6,130.32,0.05,98.58203125,0.8,202108,-0.661222826874726,-0.49463021432724996,0.5229062439971698,2.1959608102248587,0.3907535032550131
806,2021-08-23 00:00:00,1.25,10.0,4.0,2.0,1794.45,1805.43,3.9562,73.3,0.05,1802.35,131.93,0.05,98.64453125,0.78,202108,-0.661222826874726,-0.49463021432724996,0.5229062439971698,2.1959608102248587,0.3907535032550131
807,2021-08-24 00:00:00,1.29,10.0,4.0,2.0,1805.7,1802.9,3.9834,72.8,0.05,1805.67,132.08,0.05,98.5390625,0.8,202108,-0.661222826874726,-0.49463021432724996,0.5229062439971698,2.1959608102248587,0.3907535032550131
808,2021-08-25 00:00:00,1.35,10.0,4.0,2.0,1791.7,1791.0,4.0304,71.95,0.05,1786.75,130.8,0.06,98.44921875,0.84,202108,-0.661222826874726,-0.49463021432724996,0.5229062439971698,2.1959608102248587,0.3907535032550131
809,2021-08-26 00:00:00,1.34,10.0,4.0,2.0,1785.1999999999998,1792.43,4.0501,71.6,0.05,1795.7,131.12,0.05,98.37890625,0.84,202108,-0.661222826874726,-0.49463021432724996,0.5229062439971698,2.1959608102248587,0.3907535032550131
810,2021-08-27 00:00:00,1.31,10.0,4.0,2.0,1797.0,1817.57,4.0558,71.5,0.05,1807.61,132.89,0.05,98.5859375,0.79,202108,-0.661222826874726,-0.49463021432724996,0.5229062439971698,2.1959608102248587,0.3907535032550131
811,2021-08-30 00:00:00,1.29,10.0,4.0,2.0,1797.0,1810.34,4.0304,71.95,0.05,1811.11,132.36,0.05,98.71875,0.77,202108,-0.661222826874726,-0.49463021432724996,0.5229062439971698,2.1959608102248587,0.3907535032550131
812,2021-08-31 00:00:00,1.3,10.0,4.0,2.0,1814.5749999999998,1813.62,4.053,71.55,0.05,1806.3,132.79,0.04,98.6875,0.77,202108,-0.661222826874726,-0.49463021432724996,0.5229062439971698,2.1959608102248587,0.3907535032550131
813,2021-09-01 00:00:00,1.31,10.0,4.0,2.0,1812.85,1813.9,4.0672,71.3,0.05,1811.1,132.63,0.05,98.703125,0.78,202109,-0.8191196768947099,-0.4760728556800818,2.5738193038383255,2.265142409705029,0.8859422952421407
814,2021-09-02 00:00:00,1.29,10.0,4.0,2.0,1813.85,1809.66,4.0417,71.75,0.05,1812.6,132.28,0.05,98.73828125,0.78,202109,-0.8191196768947099,-0.4760728556800818,2.5738193038383255,2.265142409705029,0.8859422952421407
815,2021-09-03 00:00:00,1.33,10.0,4.0,2.0,1817.875,1827.73,4.0758,71.15,0.05,1833.8,133.88,0.05,98.6796875,0.78,202109,-0.8191196768947099,-0.4760728556800818,2.5738193038383255,2.265142409705029,0.8859422952421407
816,2021-09-07 00:00:00,1.38,10.0,4.0,2.0,1806.45,1794.36,4.1104,70.55,0.05,1793.3,131.33,0.05,98.54296875,0.82,202109,-0.8191196768947099,-0.4760728556800818,2.5738193038383255,2.265142409705029,0.8859422952421407
817,2021-09-08 00:00:00,1.35,10.0,4.0,2.0,1791.975,1789.26,4.1427,70.0,0.05,1793.76,130.97,0.05,98.59765625,0.81,202109,-0.8191196768947099,-0.4760728556800818,2.5738193038383255,2.265142409705029,0.8859422952421407
818,2021-09-09 00:00:00,1.3,10.0,4.0,2.0,1791.8,1794.58,4.1486,69.9,0.05,1791.35,131.44,0.04,98.6640625,0.79,202109,-0.8191196768947099,-0.4760728556800818,2.5738193038383255,2.265142409705029,0.8859422952421407
819,2021-09-10 00:00:00,1.35,10.0,4.0,2.0,1797.25,1787.58,4.1398,70.05,0.05,1794.44,130.88,0.05,98.56640625,0.82,202109,-0.8191196768947099,-0.4760728556800818,2.5738193038383255,2.265142409705029,0.8859422952421407
820,2021-09-13 00:00:00,1.33,10.0,4.0,2.0,1790.875,1793.75,4.1846,69.3,0.05,1795.24,131.04,0.06,98.609375,0.81,202109,-0.8191196768947099,-0.4760728556800818,2.5738193038383255,2.265142409705029,0.8859422952421407
821,2021-09-14 00:00:00,1.28,10.0,4.0,2.0,1790.7,1804.51,4.1967,69.1,0.05,1807.8,131.97,0.04,98.67578125,0.79,202109,-0.8191196768947099,-0.4760728556800818,2.5738193038383255,2.265142409705029,0.8859422952421407
822,2021-09-15 00:00:00,1.31,10.0,4.0,2.0,1799.1750000000002,1794.06,4.2646,68.0,0.05,1793.97,131.07,0.04,98.63671875,0.81,202109,-0.8191196768947099,-0.4760728556800818,2.5738193038383255,2.265142409705029,0.8859422952421407
823,2021-09-16 00:00:00,1.34,10.0,4.0,2.0,1764.7,1753.77,4.3314,66.95,0.05,1757.39,128.29,0.04,98.46484375,0.84,202109,-0.8191196768947099,-0.4760728556800818,2.5738193038383255,2.265142409705029,0.8859422952421407
824,2021-09-17 00:00:00,1.37,10.0,4.0,2.0,1761.025,1754.34,4.3509,66.65,0.05,1753.95,127.88,0.04,98.3984375,0.88,202109,-0.8191196768947099,-0.4760728556800818,2.5738193038383255,2.265142409705029,0.8859422952421407
825,2021-09-20 00:00:00,1.31,10.0,4.0,2.0,1757.45,1764.16,4.4855,64.65,0.05,1764.6,128.8,0.04,98.52734375,0.83,202109,-0.8191196768947099,-0.4760728556800818,2.5738193038383255,2.265142409705029,0.8859422952421407
826,2021-09-21 00:00:00,1.33,10.0,4.0,2.0,1770.45,1774.51,4.4786,64.75,0.05,1779.0,129.86,0.03,98.51171875,0.84,202109,-0.8191196768947099,-0.4760728556800818,2.5738193038383255,2.265142409705029,0.8859422952421407
827,2021-09-23 00:00:00,1.41,10.0,4.0,2.0,1760.525,1742.76,4.3871,66.1,0.05,1748.75,127.8,0.03,98.05078125,0.94,202109,-0.8191196768947099,-0.4760728556800818,2.5738193038383255,2.265142409705029,0.8859422952421407
828,2021-09-24 00:00:00,1.47,10.0,4.0,2.0,1750.975,1750.42,4.4443,65.25,0.05,1752.18,127.94,0.03,98.04296875,0.97,202109,-0.8191196768947099,-0.4760728556800818,2.5738193038383255,2.265142409705029,0.8859422952421407
829,2021-09-27 00:00:00,1.48,10.0,4.0,2.0,1752.225,1750.16,4.4925,64.55,0.05,1750.15,127.96,0.04,97.921875,0.98,202109,-0.8191196768947099,-0.4760728556800818,2.5738193038383255,2.265142409705029,0.8859422952421407
830,2021-09-28 00:00:00,1.54,10.0,4.0,2.0,1736.7,1734.01,4.5205,64.15,0.05,1736.95,126.9,0.04,97.8671875,1.02,202109,-0.8191196768947099,-0.4760728556800818,2.5738193038383255,2.265142409705029,0.8859422952421407
831,2021-09-29 00:00:00,1.55,10.0,4.0,2.0,1739.4,1726.37,4.4443,65.25,0.05,1731.4,125.83,0.04,97.9765625,1.01,202109,-0.8191196768947099,-0.4760728556800818,2.5738193038383255,2.265142409705029,0.8859422952421407
832,2021-09-30 00:00:00,1.52,10.0,4.0,2.0,1736.875,1756.95,4.6132,66.75,0.05,1760.95,128.23,0.04,98.078125,0.98,202109,-0.8191196768947099,-0.4760728556800818,2.5738193038383255,2.265142409705029,0.8859422952421407
833,2021-10-04 00:00:00,1.49,10.0,4.0,2.0,1753.1999999999998,1769.57,4.6833,65.75,0.05,1764.6,129.02,0.04,98.16015625,0.95,202110,-0.8251157598068611,-0.8202538668392793,1.4272430183154403,0.4398125157282223,0.05542147684938055
834,2021-10-05 00:00:00,1.54,10.0,4.0,2.0,1755.6,1760.18,4.6798,65.8,0.05,1754.6,128.57,0.04,98.06640625,0.98,202110,-0.8251157598068611,-0.8202538668392793,1.4272430183154403,0.4398125157282223,0.05542147684938055
835,2021-10-06 00:00:00,1.53,10.0,4.0,2.0,1753.975,1762.74,4.7265,65.15,0.05,1756.89,128.62,0.04,98.01953125,0.99,202110,-0.8251157598068611,-0.8202538668392793,1.4272430183154403,0.4398125157282223,0.05542147684938055
836,2021-10-07 00:00:00,1.58,10.0,4.0,2.0,1760.3249999999998,1755.78,4.6727,65.9,0.05,1758.75,128.49,0.05,97.86328125,1.02,202110,-0.8251157598068611,-0.8202538668392793,1.4272430183154403,0.4398125157282223,0.05542147684938055
837,2021-10-08 00:00:00,1.61,10.0,4.0,2.0,1765.375,1757.13,4.6305,66.5,0.05,1759.45,128.37,0.05,97.7421875,1.05,202110,-0.8251157598068611,-0.8202538668392793,1.4272430183154403,0.4398125157282223,0.05542147684938055
838,2021-10-12 00:00:00,1.59,10.0,4.0,2.0,1763.425,1760.18,4.5789,67.25,0.05,1763.21,128.52,0.06,97.67578125,1.08,202110,-0.8251157598068611,-0.8202538668392793,1.4272430183154403,0.4398125157282223,0.05542147684938055
839,2021-10-15 00:00:00,1.59,10.0,4.0,2.0,1777.0500000000002,1767.62,4.5019,68.4,0.05,1773.45,129.2,0.05,97.43359375,1.13,202110,-0.8251157598068611,-0.8202538668392793,1.4272430183154403,0.4398125157282223,0.05542147684938055
840,2021-10-18 00:00:00,1.59,10.0,4.0,2.0,1765.15,1764.86,4.5151,68.2,0.05,1767.9,129.03,0.06,97.2421875,1.16,202110,-0.8251157598068611,-0.8202538668392793,1.4272430183154403,0.4398125157282223,0.05542147684938055
841,2021-10-19 00:00:00,1.65,10.0,4.0,2.0,1779.475,1769.29,4.5019,68.4,0.03,1772.55,129.39,0.05,97.30859375,1.17,202110,-0.8251157598068611,-0.8202538668392793,1.4272430183154403,0.4398125157282223,0.05542147684938055
842,2021-10-20 00:00:00,1.65,10.0,4.0,2.0,1778.075,1782.08,4.5217,68.1,0.03,1783.66,130.41,0.05,97.29296875,1.16,202110,-0.8251157598068611,-0.8202538668392793,1.4272430183154403,0.4398125157282223,0.05542147684938055
843,2021-10-21 00:00:00,1.68,10.0,4.0,2.0,1782.3,1782.9,4.5351,67.9,0.03,1780.5,130.21,0.06,96.98046875,1.23,202110,-0.8251157598068611,-0.8202538668392793,1.4272430183154403,0.4398125157282223,0.05542147684938055
844,2021-10-22 00:00:00,1.66,10.0,4.0,2.0,1800.275,1792.65,4.5019,68.4,0.05,1806.38,131.27,0.06,97.140625,1.22,202110,-0.8251157598068611,-0.8202538668392793,1.4272430183154403,0.4398125157282223,0.05542147684938055
845,2021-10-25 00:00:00,1.64,10.0,4.0,2.0,1802.225,1807.73,4.492,68.55,0.04,1806.97,132.01,0.06,97.24609375,1.19,202110,-0.8251157598068611,-0.8202538668392793,1.4272430183154403,0.4398125157282223,0.05542147684938055
846,2021-10-26 00:00:00,1.63,10.0,4.0,2.0,1793.725,1792.91,4.5184,68.15,0.05,1788.0,131.04,0.06,97.2265625,1.2,202110,-0.8251157598068611,-0.8202538668392793,1.4272430183154403,0.4398125157282223,0.05542147684938055
847,2021-10-27 00:00:00,1.54,10.0,4.0,2.0,1789.55,1796.81,4.5019,68.4,0.05,1792.35,131.44,0.06,97.28125,1.16,202110,-0.8251157598068611,-0.8202538668392793,1.4272430183154403,0.4398125157282223,0.05542147684938055
848,2021-10-28 00:00:00,1.57,10.0,4.0,2.0,1800.85,1798.91,4.4306,69.5,0.05,1801.15,131.7,0.06,97.1875,1.18,202110,-0.8251157598068611,-0.8202538668392793,1.4272430183154403,0.4398125157282223,0.05542147684938055
849,2021-10-29 00:00:00,1.55,10.0,4.0,2.0,1782.725,1783.38,4.4628,69.0,0.05,1776.81,130.35,0.05,97.171875,1.18,202110,-0.8251157598068611,-0.8202538668392793,1.4272430183154403,0.4398125157282223,0.05542147684938055
850,2021-11-01 00:00:00,1.58,10.0,4.0,2.0,1790.175,1793.28,4.4855,68.65,0.05,1790.55,131.2,0.05,97.203125,1.2,202111,-0.7482980183474135,-0.31079638022874007,0.6546758737880556,0.6250063358751403,0.05514695277176057
851,2021-11-02 00:00:00,1.56,10.0,4.0,2.0,1790.975,1787.76,4.4888,68.6,0.05,1789.11,130.73,0.05,97.328125,1.15,202111,-0.7482980183474135,-0.31079638022874007,0.6546758737880556,0.6250063358751403,0.05514695277176057
852,2021-11-03 00:00:00,1.6,10.0,4.0,2.0,1772.65,1769.84,4.5351,67.9,0.05,1762.85,128.85,0.05,97.17578125,1.19,202111,-0.7482980183474135,-0.31079638022874007,0.6546758737880556,0.6250063358751403,0.05514695277176057
853,2021-11-04 00:00:00,1.53,10.0,4.0,2.0,1787.125,1792.04,4.479,68.75,0.05,1792.59,131.02,0.04,97.484375,1.1,202111,-0.7482980183474135,-0.31079638022874007,0.6546758737880556,0.6250063358751403,0.05514695277176057
854,2021-11-05 00:00:00,1.45,10.0,4.0,2.0,1797.525,1818.36,4.4822,68.7,0.05,1810.47,132.75,0.05,97.69140625,1.04,202111,-0.7482980183474135,-0.31079638022874007,0.6546758737880556,0.6250063358751403,0.05514695277176057
855,2021-11-08 00:00:00,1.51,10.0,4.0,2.0,1820.175,1824.18,4.4148,69.75,0.05,1822.59,133.61,0.06,97.4453125,1.13,202111,-0.7482980183474135,-0.31079638022874007,0.6546758737880556,0.6250063358751403,0.05514695277176057
856,2021-11-09 00:00:00,1.46,10.0,4.0,2.0,1825.85,1831.92,4.4306,69.5,0.05,1824.0,133.84,0.04,97.57421875,1.08,202111,-0.7482980183474135,-0.31079638022874007,0.6546758737880556,0.6250063358751403,0.05514695277176057
857,2021-11-10 00:00:00,1.56,10.0,4.0,2.0,1842.1750000000002,1849.6,4.374,70.4,0.05,1854.66,135.19,0.05,97.03515625,1.23,202111,-0.7482980183474135,-0.31079638022874007,0.6546758737880556,0.6250063358751403,0.05514695277176057
858,2021-11-12 00:00:00,1.58,10.0,4.0,2.0,1855.275,1864.9,4.3067,71.5,0.05,1862.36,136.67,0.05,97.015625,1.24,202111,-0.7482980183474135,-0.31079638022874007,0.6546758737880556,0.6250063358751403,0.05514695277176057
859,2021-11-15 00:00:00,1.63,10.0,4.0,2.0,1861.85,1862.84,4.3067,71.5,0.05,1860.55,136.55,0.05,96.90234375,1.26,202111,-0.7482980183474135,-0.31079638022874007,0.6546758737880556,0.6250063358751403,0.05514695277176057
860,2021-11-16 00:00:00,1.63,10.0,4.0,2.0,1865.725,1850.63,4.2857,71.85,0.05,1861.25,135.67,0.05,96.859375,1.27,202111,-0.7482980183474135,-0.31079638022874007,0.6546758737880556,0.6250063358751403,0.05514695277176057
861,2021-11-17 00:00:00,1.6,10.0,4.0,2.0,1861.6750000000002,1867.48,4.3309,71.1,0.05,1863.82,136.83,0.05,96.98046875,1.24,202111,-0.7482980183474135,-0.31079638022874007,0.6546758737880556,0.6250063358751403,0.05514695277176057
862,2021-11-18 00:00:00,1.59,10.0,4.0,2.0,1860.4,1858.94,4.3249,71.2,0.05,1861.35,136.19,0.05,97.015625,1.22,202111,-0.7482980183474135,-0.31079638022874007,0.6546758737880556,0.6250063358751403,0.05514695277176057
863,2021-11-19 00:00:00,1.54,10.0,4.0,2.0,1861.25,1845.73,4.3097,71.45,0.05,1859.66,135.48,0.05,96.984375,1.22,202111,-0.7482980183474135,-0.31079638022874007,0.6546758737880556,0.6250063358751403,0.05514695277176057
864,2021-11-22 00:00:00,1.63,10.0,4.0,2.0,1828.5749999999998,1804.65,4.4148,69.75,0.05,1821.0,132.23,0.05,96.6171875,1.33,202111,-0.7482980183474135,-0.31079638022874007,0.6546758737880556,0.6250063358751403,0.05514695277176057
865,2021-11-23 00:00:00,1.67,10.0,4.0,2.0,1793.225,1789.16,4.4084,69.85,0.05,1782.94,130.59,0.06,96.59375,1.33,202111,-0.7482980183474135,-0.31079638022874007,0.6546758737880556,0.6250063358751403,0.05514695277176057
866,2021-11-24 00:00:00,1.64,10.0,4.0,2.0,1786.425,1788.61,4.3524,70.75,0.05,1784.54,130.65,0.06,96.55078125,1.34,202111,-0.7482980183474135,-0.31079638022874007,0.6546758737880556,0.6250063358751403,0.05514695277176057
867,2021-11-26 00:00:00,1.48,10.0,4.0,2.0,1805.3,1802.59,4.4434,69.3,0.05,1799.35,130.68,0.06,97.22265625,1.16,202111,-0.7482980183474135,-0.31079638022874007,0.6546758737880556,0.6250063358751403,0.05514695277176057
868,2021-11-29 00:00:00,1.52,10.0,4.0,2.0,1790.475,1784.6,4.4822,68.7,0.05,1786.23,130.54,0.06,97.30859375,1.18,202111,-0.7482980183474135,-0.31079638022874007,0.6546758737880556,0.6250063358751403,0.05514695277176057
869,2021-11-30 00:00:00,1.43,10.0,4.0,2.0,1801.0,1774.52,4.5552,67.6,0.05,1780.05,129.9,0.05,97.18359375,1.14,202111,-0.7482980183474135,-0.31079638022874007,0.6546758737880556,0.6250063358751403,0.05514695277176057
870,2021-12-01 00:00:00,1.43,10.0,4.0,2.0,1788.025,1781.73,4.6305,66.5,0.05,1786.6,130.51,0.06,97.28125,1.15,202112,-0.7021017820745499,-0.19162334266645686,2.374179289388025,0.42916919273127296,0.4774058393445728
871,2021-12-02 00:00:00,1.44,10.0,4.0,2.0,1770.35,1768.74,4.596,67.0,0.05,1765.79,128.92,0.05,96.9921875,1.21,202112,-0.7021017820745499,-0.19162334266645686,2.374179289388025,0.42916919273127296,0.4774058393445728
872,2021-12-03 00:00:00,1.35,10.0,4.0,2.0,1770.525,1783.29,4.6236,66.6,0.05,1774.9,130.45,0.06,97.24609375,1.13,202112,-0.7021017820745499,-0.19162334266645686,2.374179289388025,0.42916919273127296,0.4774058393445728
873,2021-12-06 00:00:00,1.43,10.0,4.0,2.0,1779.95,1778.67,4.5857,67.15,0.05,1780.04,130.14,0.06,96.99609375,1.21,202112,-0.7021017820745499,-0.19162334266645686,2.374179289388025,0.42916919273127296,0.4774058393445728
874,2021-12-07 00:00:00,1.48,10.0,4.0,2.0,1780.5,1784.13,4.6028,66.9,0.05,1783.11,130.55,0.06,96.80078125,1.26,202112,-0.7021017820745499,-0.19162334266645686,2.374179289388025,0.42916919273127296,0.4774058393445728
875,2021-12-08 00:00:00,1.52,10.0,4.0,2.0,1786.8,1782.99,4.5857,67.15,0.05,1782.27,130.63,0.07,96.73828125,1.27,202112,-0.7021017820745499,-0.19162334266645686,2.374179289388025,0.42916919273127296,0.4774058393445728
876,2021-12-09 00:00:00,1.49,10.0,4.0,2.0,1779.775,1775.33,4.5251,68.05,0.05,1779.2,130.02,0.06,96.73828125,1.26,202112,-0.7021017820745499,-0.19162334266645686,2.374179289388025,0.42916919273127296,0.4774058393445728
877,2021-12-10 00:00:00,1.48,10.0,4.0,2.0,1775.825,1782.84,4.5518,67.65,0.05,1784.9,130.62,0.06,96.82421875,1.25,202112,-0.7021017820745499,-0.19162334266645686,2.374179289388025,0.42916919273127296,0.4774058393445728
878,2021-12-13 00:00:00,1.42,10.0,4.0,2.0,1786.125,1786.67,4.5721,67.35,0.05,1788.2,130.94,0.05,96.98828125,1.21,202112,-0.7021017820745499,-0.19162334266645686,2.374179289388025,0.42916919273127296,0.4774058393445728
879,2021-12-14 00:00:00,1.44,10.0,4.0,2.0,1779.625,1770.85,4.5755,67.3,0.05,1775.32,129.81,0.05,96.875,1.23,202112,-0.7021017820745499,-0.19162334266645686,2.374179289388025,0.42916919273127296,0.4774058393445728
880,2021-12-15 00:00:00,1.47,10.0,4.0,2.0,1769.025,1776.92,4.5721,67.35,0.05,1767.38,129.24,0.06,96.84375,1.26,202112,-0.7021017820745499,-0.19162334266645686,2.374179289388025,0.42916919273127296,0.4774058393445728
881,2021-12-16 00:00:00,1.44,10.0,4.0,2.0,1790.4250000000002,1799.35,4.5518,67.65,0.05,1797.0,131.67,0.05,97.171875,1.19,202112,-0.7021017820745499,-0.19162334266645686,2.374179289388025,0.42916919273127296,0.4774058393445728
882,2021-12-17 00:00:00,1.41,10.0,4.0,2.0,1807.6,1798.11,4.6132,66.75,0.05,1803.45,132.14,0.05,97.12890625,1.18,202112,-0.7021017820745499,-0.19162334266645686,2.374179289388025,0.42916919273127296,0.4774058393445728
883,2021-12-20 00:00:00,1.43,10.0,4.0,2.0,1796.85,1790.93,4.6656,66.0,0.04,1795.3,131.39,0.07,97.1640625,1.17,202112,-0.7021017820745499,-0.19162334266645686,2.374179289388025,0.42916919273127296,0.4774058393445728
884,2021-12-21 00:00:00,1.48,10.0,4.0,2.0,1794.8,1789.27,4.6515,66.2,0.05,1786.9,131.02,0.07,96.984375,1.24,202112,-0.7021017820745499,-0.19162334266645686,2.374179289388025,0.42916919273127296,0.4774058393445728
885,2021-12-22 00:00:00,1.46,10.0,4.0,2.0,1791.35,1803.67,4.634,66.45,0.05,1799.18,131.98,0.08,96.984375,1.23,202112,-0.7021017820745499,-0.19162334266645686,2.374179289388025,0.42916919273127296,0.4774058393445728
886,2021-12-23 00:00:00,1.5,10.0,4.0,2.0,1805.375,1808.81,4.6132,66.75,0.05,1807.9,132.67,0.08,96.8984375,1.25,202112,-0.7021017820745499,-0.19162334266645686,2.374179289388025,0.42916919273127296,0.4774058393445728
887,2021-12-28 00:00:00,1.49,10.0,4.0,2.0,1795.625,1806.18,4.5351,67.9,0.05,1809.9,132.63,0.06,96.88671875,1.27,202112,-0.7021017820745499,-0.19162334266645686,2.374179289388025,0.42916919273127296,0.4774058393445728
888,2021-12-29 00:00:00,1.55,10.0,4.0,2.0,1795.3,1804.71,4.5317,67.95,0.05,1803.35,132.28,0.05,96.80859375,1.29,202112,-0.7021017820745499,-0.19162334266645686,2.374179289388025,0.42916919273127296,0.4774058393445728
889,2021-12-30 00:00:00,1.52,10.0,4.0,2.0,1802.55,1814.67,4.4888,68.6,0.05,1810.1,132.9,0.05,96.94921875,1.27,202112,-0.7021017820745499,-0.19162334266645686,2.374179289388025,0.42916919273127296,0.4774058393445728
890,2021-12-31 00:00:00,1.52,10.0,4.0,2.0,1812.975,1829.2,4.4855,68.65,0.05,1822.39,133.96,0.06,96.953125,1.26,202112,-0.7021017820745499,-0.19162334266645686,2.374179289388025,0.42916919273127296,0.4774058393445728
891,2022-01-03 00:00:00,1.63,10.0,4.0,2.0,1812.975,1801.45,4.4855,68.65,0.05,1800.3,131.87,0.09,96.671875,1.37,202201,-0.7253318894574756,-0.7129691371603382,-0.03521936602121196,1.638250685184715,0.04118257313642232
892,2022-01-04 00:00:00,1.66,10.0,4.0,2.0,1810.225,1814.6,4.4402,69.35,0.05,1813.95,132.86,0.08,96.66796875,1.37,202201,-0.7253318894574756,-0.7129691371603382,-0.03521936602121196,1.638250685184715,0.04118257313642232
893,2022-01-05 00:00:00,1.71,10.0,4.0,2.0,1822.375,1810.44,4.4888,68.6,0.05,1824.6,133.59,0.09,96.39453125,1.43,202201,-0.7253318894574756,-0.7129691371603382,-0.03521936602121196,1.638250685184715,0.04118257313642232
894,2022-01-06 00:00:00,1.73,10.0,4.0,2.0,1797.15,1791.16,4.5284,68.0,0.05,1792.45,130.97,0.1,96.2265625,1.47,202201,-0.7253318894574756,-0.7129691371603382,-0.03521936602121196,1.638250685184715,0.04118257313642232
895,2022-01-07 00:00:00,1.76,10.0,4.0,2.0,1792.4,1796.55,4.5351,67.9,0.05,1791.65,131.61,0.1,96.1328125,1.5,202201,-0.7253318894574756,-0.7129691371603382,-0.03521936602121196,1.638250685184715,0.04118257313642232
896,2022-01-10 00:00:00,1.78,10.0,4.0,2.0,1797.375,1801.68,4.5351,67.9,0.05,1794.95,131.78,0.13,96.03125,1.53,202201,-0.7253318894574756,-0.7129691371603382,-0.03521936602121196,1.638250685184715,0.04118257313642232
897,2022-01-11 00:00:00,1.75,10.0,4.0,2.0,1806.0,1821.6,4.5721,67.35,0.05,1813.35,133.23,0.12,96.09765625,1.51,202201,-0.7253318894574756,-0.7129691371603382,-0.03521936602121196,1.638250685184715,0.04118257313642232
898,2022-01-12 00:00:00,1.74,10.0,4.0,2.0,1818.9,1826.15,4.5891,67.1,0.05,1821.81,133.95,0.12,96.015625,1.5,202201,-0.7253318894574756,-0.7129691371603382,-0.03521936602121196,1.638250685184715,0.04118257313642232
899,2022-01-13 00:00:00,1.7,10.0,4.0,2.0,1821.375,1822.54,4.6028,66.9,0.05,1815.59,133.58,0.12,96.203125,1.47,202201,-0.7253318894574756,-0.7129691371603382,-0.03521936602121196,1.638250685184715,0.04118257313642232
900,2022-01-14 00:00:00,1.78,10.0,4.0,2.0,1822.6,1817.94,4.5857,67.15,0.05,1821.25,133.25,0.13,95.90625,1.55,202201,-0.7253318894574756,-0.7129691371603382,-0.03521936602121196,1.638250685184715,0.04118257313642232
901,2022-01-18 00:00:00,1.87,10.0,4.0,2.0,1814.025,1813.74,4.5994,66.95,0.05,1815.7,133.06,0.17,95.53515625,1.65,202201,-0.7253318894574756,-0.7129691371603382,-0.03521936602121196,1.638250685184715,0.04118257313642232
902,2022-01-19 00:00:00,1.83,10.0,4.0,2.0,1822.225,1840.54,4.596,67.0,0.05,1840.16,135.32,0.17,95.56640625,1.62,202201,-0.7253318894574756,-0.7129691371603382,-0.03521936602121196,1.638250685184715,0.04118257313642232
903,2022-01-20 00:00:00,1.83,10.0,4.0,2.0,1841.025,1839.29,4.5184,68.15,0.04,1844.8,135.29,0.18,95.76953125,1.62,202201,-0.7253318894574756,-0.7129691371603382,-0.03521936602121196,1.638250685184715,0.04118257313642232
904,2022-01-21 00:00:00,1.75,10.0,4.0,2.0,1835.925,1835.38,4.4725,68.85,0.05,1832.12,134.5,0.17,95.8828125,1.54,202201,-0.7253318894574756,-0.7129691371603382,-0.03521936602121196,1.638250685184715,0.04118257313642232
905,2022-01-24 00:00:00,1.75,10.0,4.0,2.0,1834.925,1843.06,4.479,68.75,0.04,1834.69,135.24,0.2,95.94921875,1.53,202201,-0.7253318894574756,-0.7129691371603382,-0.03521936602121196,1.638250685184715,0.04118257313642232
906,2022-01-25 00:00:00,1.78,10.0,4.0,2.0,1841.475,1848.02,4.5284,68.0,0.05,1847.28,136.04,0.2,95.91796875,1.56,202201,-0.7253318894574756,-0.7129691371603382,-0.03521936602121196,1.638250685184715,0.04118257313642232
907,2022-01-26 00:00:00,1.85,10.0,4.0,2.0,1840.575,1819.59,4.5251,68.05,0.04,1833.31,134.38,0.19,95.453125,1.66,202201,-0.7253318894574756,-0.7129691371603382,-0.03521936602121196,1.638250685184715,0.04118257313642232
908,2022-01-27 00:00:00,1.81,10.0,4.0,2.0,1811.125,1797.43,4.5552,67.6,0.04,1797.0,131.86,0.2,95.45703125,1.66,202201,-0.7253318894574756,-0.7129691371603382,-0.03521936602121196,1.638250685184715,0.04118257313642232
909,2022-01-28 00:00:00,1.78,10.0,4.0,2.0,1789.1750000000002,1791.53,4.6132,66.75,0.05,1784.65,131.31,0.19,95.63671875,1.61,202201,-0.7253318894574756,-0.7129691371603382,-0.03521936602121196,1.638250685184715,0.04118257313642232
910,2022-01-31 00:00:00,1.79,10.0,4.0,2.0,1792.925,1797.17,4.6132,66.75,0.05,1796.65,132.1,0.24,95.65234375,1.62,202201,-0.7253318894574756,-0.7129691371603382,-0.03521936602121196,1.638250685184715,0.04118257313642232
911,2022-02-04 00:00:00,1.93,10.0,4.0,2.0,1809.625,1808.28,4.5925,67.05,0.05,1803.92,133.1,0.23,95.05859375,1.78,202202,-0.7030822736199331,-1.7176761326671783,-0.42727914123464167,-0.39355967493290894,-0.8103993056136656
912,2022-02-07 00:00:00,1.92,10.0,4.0,2.0,1812.35,1820.47,4.5823,67.2,0.05,1815.07,134.07,0.28,95.08984375,1.76,202202,-0.7030822736199331,-1.7176761326671783,-0.42727914123464167,-0.39355967493290894,-0.8103993056136656
913,2022-02-08 00:00:00,1.96,10.0,4.0,2.0,1821.8,1825.92,4.5484,67.7,0.05,1826.35,134.58,0.27,94.90625,1.81,202202,-0.7030822736199331,-1.7176761326671783,-0.42727914123464167,-0.39355967493290894,-0.8103993056136656
914,2022-02-09 00:00:00,1.94,10.0,4.0,2.0,1827.9499999999998,1833.36,4.5085,68.3,0.04,1830.5,135.22,0.27,94.84375,1.82,202202,-0.7030822736199331,-1.7176761326671783,-0.42727914123464167,-0.39355967493290894,-0.8103993056136656
915,2022-02-10 00:00:00,2.03,10.0,4.0,2.0,1833.8249999999998,1826.85,4.5284,68.0,0.05,1839.18,135.56,0.41,94.2421875,1.96,202202,-0.7030822736199331,-1.7176761326671783,-0.42727914123464167,-0.39355967493290894,-0.8103993056136656
916,2022-02-11 00:00:00,1.92,10.0,4.0,2.0,1828.7,1858.76,4.6097,66.8,0.05,1833.51,136.02,0.37,94.57421875,1.84,202202,-0.7030822736199331,-1.7176761326671783,-0.42727914123464167,-0.39355967493290894,-0.8103993056136656
917,2022-02-14 00:00:00,1.98,10.0,4.0,2.0,1860.975,1871.18,4.6305,66.5,0.05,1866.37,138.06,0.45,94.32421875,1.9,202202,-0.7030822736199331,-1.7176761326671783,-0.42727914123464167,-0.39355967493290894,-0.8103993056136656
918,2022-02-15 00:00:00,2.05,10.0,4.0,2.0,1851.8249999999998,1853.61,4.6305,66.5,0.05,1849.15,137.04,0.41,94.23828125,1.94,202202,-0.7030822736199331,-1.7176761326671783,-0.42727914123464167,-0.39355967493290894,-0.8103993056136656
919,2022-02-16 00:00:00,2.03,10.0,4.0,2.0,1858.5,1869.8,4.627,66.55,0.05,1862.07,138.08,0.39,94.3828125,1.9,202202,-0.7030822736199331,-1.7176761326671783,-0.42727914123464167,-0.39355967493290894,-0.8103993056136656
920,2022-02-17 00:00:00,1.97,10.0,4.0,2.0,1890.0,1898.43,4.6905,65.65,0.05,1895.61,140.23,0.37,94.640625,1.85,202202,-0.7030822736199331,-1.7176761326671783,-0.42727914123464167,-0.39355967493290894,-0.8103993056136656
921,2022-02-18 00:00:00,1.92,10.0,4.0,2.0,1890.275,1898.43,4.6691,65.95,0.05,1895.4,140.06,0.35,94.7265625,1.82,202202,-0.7030822736199331,-1.7176761326671783,-0.42727914123464167,-0.39355967493290894,-0.8103993056136656
922,2022-02-22 00:00:00,1.94,10.0,4.0,2.0,1897.55,1898.64,4.7557,64.75,0.05,1899.1,140.56,0.39,94.53515625,1.85,202202,-0.7030822736199331,-1.7176761326671783,-0.42727914123464167,-0.39355967493290894,-0.8103993056136656
923,2022-02-23 00:00:00,1.99,10.0,4.0,2.0,1900.2,1909.01,4.7374,65.0,0.05,1906.95,140.76,0.36,94.453125,1.89,202202,-0.7030822736199331,-1.7176761326671783,-0.42727914123464167,-0.39355967493290894,-0.8103993056136656
924,2022-02-24 00:00:00,1.96,10.0,4.0,2.0,1952.3249999999998,1903.89,4.8265,63.8,0.05,1925.0,141.81,0.33,94.59765625,1.84,202202,-0.7030822736199331,-1.7176761326671783,-0.42727914123464167,-0.39355967493290894,-0.8103993056136656
925,2022-02-25 00:00:00,1.97,10.0,4.0,2.0,1898.475,1889.34,4.8493,63.5,0.05,1887.3,139.05,0.33,94.5625,1.86,202202,-0.7030822736199331,-1.7176761326671783,-0.42727914123464167,-0.39355967493290894,-0.8103993056136656
926,2022-02-28 00:00:00,1.83,10.0,4.0,2.0,1906.5749999999998,1908.99,4.88,63.1,0.05,1903.75,139.91,0.37,95.0859375,1.71,202202,-0.7030822736199331,-1.7176761326671783,-0.42727914123464167,-0.39355967493290894,-0.8103993056136656
927,2022-03-01 00:00:00,1.72,10.0,4.0,2.0,1921.225,1945.28,4.9427,62.3,0.05,1925.55,142.97,0.32,95.53125,1.56,202203,-0.6150643018151463,-0.6326505692655634,-1.059773364230893,0.3716952485477466,-0.4839482466909639
928,2022-03-02 00:00:00,1.86,10.0,4.0,2.0,1927.25,1928.72,4.9867,61.75,0.05,1919.1,141.54,0.33,94.93359375,1.74,202203,-0.6150643018151463,-0.6326505692655634,-1.059773364230893,0.3716952485477466,-0.4839482466909639
929,2022-03-03 00:00:00,1.86,10.0,4.0,2.0,1932.5,1935.95,4.9746,61.9,0.05,1926.45,142.62,0.37,94.96875,1.74,202203,-0.6150643018151463,-0.6326505692655634,-1.059773364230893,0.3716952485477466,-0.4839482466909639
930,2022-03-04 00:00:00,1.74,10.0,4.0,2.0,1944.55,1970.7,5.0439,61.05,0.05,1961.1,144.82,0.33,95.2890625,1.65,202203,-0.6150643018151463,-0.6326505692655634,-1.059773364230893,0.3716952485477466,-0.4839482466909639
931,2022-03-07 00:00:00,1.78,10.0,4.0,2.0,1990.1,1998.11,5.0814,60.6,0.05,1979.83,146.94,0.38,95.05078125,1.71,202203,-0.6150643018151463,-0.6326505692655634,-1.059773364230893,0.3716952485477466,-0.4839482466909639
932,2022-03-08 00:00:00,1.86,10.0,4.0,2.0,2023.025,2050.76,4.9348,62.4,0.05,2056.1,150.45,0.36,94.796875,1.8,202203,-0.6150643018151463,-0.6326505692655634,-1.059773364230893,0.3716952485477466,-0.4839482466909639
933,2022-03-09 00:00:00,1.94,10.0,4.0,2.0,2003.025,1991.83,4.8685,63.25,0.05,2001.75,146.57,0.38,94.46875,1.87,202203,-0.6150643018151463,-0.6326505692655634,-1.059773364230893,0.3716952485477466,-0.4839482466909639
934,2022-03-10 00:00:00,1.98,10.0,4.0,2.0,1997.125,1996.98,4.8341,63.7,0.05,1997.1,147.71,0.38,94.328125,1.92,202203,-0.6150643018151463,-0.6326505692655634,-1.059773364230893,0.3716952485477466,-0.4839482466909639
935,2022-03-11 00:00:00,2.0,10.0,4.0,2.0,1985.075,1988.46,4.7852,64.35,0.05,1983.2,146.69,0.39,94.203125,1.96,202203,-0.6150643018151463,-0.6326505692655634,-1.059773364230893,0.3716952485477466,-0.4839482466909639
936,2022-03-14 00:00:00,2.14,10.0,4.0,2.0,1957.8249999999998,1950.88,4.8039,64.1,0.05,1956.35,144.97,0.45,93.73828125,2.1,202203,-0.6150643018151463,-0.6326505692655634,-1.059773364230893,0.3716952485477466,-0.4839482466909639
937,2022-03-15 00:00:00,2.15,10.0,4.0,2.0,1921.2,1917.94,4.9112,62.7,0.05,1925.05,142.69,0.46,93.69921875,2.1,202203,-0.6150643018151463,-0.6326505692655634,-1.059773364230893,0.3716952485477466,-0.4839482466909639
938,2022-03-16 00:00:00,2.19,10.0,4.0,2.0,1915.975,1927.29,4.9073,62.75,0.05,1909.91,141.24,0.43,93.41015625,2.18,202203,-0.6150643018151463,-0.6326505692655634,-1.059773364230893,0.3716952485477466,-0.4839482466909639
939,2022-03-17 00:00:00,2.2,10.0,4.0,2.0,1945.525,1942.89,4.6976,65.55,0.3,1943.15,143.69,0.4,93.515625,2.17,202203,-0.6150643018151463,-0.6326505692655634,-1.059773364230893,0.3716952485477466,-0.4839482466909639
940,2022-03-18 00:00:00,2.14,10.0,4.0,2.0,1934.35,1921.62,4.6905,65.65,0.3,1930.48,142.68,0.41,93.46484375,2.14,202203,-0.6150643018151463,-0.6326505692655634,-1.059773364230893,0.3716952485477466,-0.4839482466909639
941,2022-03-21 00:00:00,2.32,10.0,4.0,2.0,1930.05,1935.91,4.6236,66.6,0.29,1937.17,142.84,0.55,92.84375,2.33,202203,-0.6150643018151463,-0.6326505692655634,-1.059773364230893,0.3716952485477466,-0.4839482466909639
942,2022-03-22 00:00:00,2.38,10.0,4.0,2.0,1922.3,1921.69,4.5857,67.15,0.28,1919.93,142.47,0.51,92.62109375,2.39,202203,-0.6150643018151463,-0.6326505692655634,-1.059773364230893,0.3716952485477466,-0.4839482466909639
943,2022-03-23 00:00:00,2.32,10.0,4.0,2.0,1931.95,1943.86,4.641,66.35,0.27,1929.93,143.69,0.5,92.8828125,2.34,202203,-0.6150643018151463,-0.6326505692655634,-1.059773364230893,0.3716952485477466,-0.4839482466909639
944,2022-03-24 00:00:00,2.34,10.0,4.0,2.0,1955.5500000000002,1957.69,4.627,66.55,0.27,1962.8,145.8,0.5,92.63671875,2.37,202203,-0.6150643018151463,-0.6326505692655634,-1.059773364230893,0.3716952485477466,-0.4839482466909639
945,2022-03-25 00:00:00,2.48,10.0,4.0,2.0,1955.225,1958.29,4.5721,67.35,0.28,1958.8,145.33,0.53,92.15625,2.55,202203,-0.6150643018151463,-0.6326505692655634,-1.059773364230893,0.3716952485477466,-0.4839482466909639
946,2022-03-28 00:00:00,2.46,10.0,4.0,2.0,1932.025,1922.8,4.5789,67.25,0.28,1937.25,144.35,0.6,92.0390625,2.54,202203,-0.6150643018151463,-0.6326505692655634,-1.059773364230893,0.3716952485477466,-0.4839482466909639
947,2022-03-29 00:00:00,2.41,10.0,4.0,2.0,1910.525,1919.43,4.5755,67.3,0.28,1911.05,142.34,0.56,92.15625,2.49,202203,-0.6150643018151463,-0.6326505692655634,-1.059773364230893,0.3716952485477466,-0.4839482466909639
948,2022-03-30 00:00:00,2.35,10.0,4.0,2.0,1925.8249999999998,1932.87,4.5518,67.65,0.27,1937.4,143.82,0.55,92.38671875,2.44,202203,-0.6150643018151463,-0.6326505692655634,-1.059773364230893,0.3716952485477466,-0.4839482466909639
949,2022-03-31 00:00:00,2.32,10.0,4.0,2.0,1933.125,1937.44,4.5622,67.0,0.29,1941.15,144.99,0.51,92.30078125,2.42,202203,-0.6150643018151463,-0.6326505692655634,-1.059773364230893,0.3716952485477466,-0.4839482466909639
950,2022-04-01 00:00:00,2.39,10.0,4.0,2.0,1931.375,1925.68,4.5184,67.65,0.3,1927.5,142.83,0.52,91.9296875,2.55,202204,-0.4965756696769114,-0.2928189390392959,-0.8438877789844557,-0.45529094831521477,-0.5221433340039694
951,2022-04-04 00:00:00,2.42,10.0,4.0,2.0,1928.6999999999998,1932.73,4.5217,67.6,0.3,1933.91,143.65,0.67,92.015625,2.56,202204,-0.4965756696769114,-0.2928189390392959,-0.8438877789844557,-0.45529094831521477,-0.5221433340039694
952,2022-04-06 00:00:00,2.61,10.0,4.0,2.0,1929.575,1925.35,4.5051,67.85,0.3,1928.85,143.02,0.67,91.71484375,2.7,202204,-0.4965756696769114,-0.2928189390392959,-0.8438877789844557,-0.45529094831521477,-0.5221433340039694
953,2022-04-07 00:00:00,2.66,10.0,4.0,2.0,1929.4,1931.86,4.4951,68.0,0.3,1932.9,144.09,0.68,91.68359375,2.7,202204,-0.4965756696769114,-0.2928189390392959,-0.8438877789844557,-0.45529094831521477,-0.5221433340039694
954,2022-04-08 00:00:00,2.72,10.0,4.0,2.0,1936.3000000000002,1947.54,4.4397,68.85,0.3,1942.86,144.67,0.69,91.5234375,2.76,202204,-0.4965756696769114,-0.2928189390392959,-0.8438877789844557,-0.45529094831521477,-0.5221433340039694
955,2022-04-11 00:00:00,2.79,10.0,4.0,2.0,1954.1999999999998,1953.52,4.4885,68.1,0.3,1952.79,144.91,0.78,91.4921875,2.79,202204,-0.4965756696769114,-0.2928189390392959,-0.8438877789844557,-0.45529094831521477,-0.5221433340039694
956,2022-04-12 00:00:00,2.72,10.0,4.0,2.0,1956.125,1966.76,4.5318,67.45,0.29,1975.63,146.94,0.74,91.87109375,2.66,202204,-0.4965756696769114,-0.2928189390392959,-0.8438877789844557,-0.45529094831521477,-0.5221433340039694
957,2022-04-13 00:00:00,2.7,10.0,4.0,2.0,1976.0,1977.8,4.5419,67.3,0.29,1977.17,147.58,0.75,92.03125,2.66,202204,-0.4965756696769114,-0.2928189390392959,-0.8438877789844557,-0.45529094831521477,-0.5221433340039694
958,2022-04-14 00:00:00,2.83,10.0,4.0,2.0,1966.925,1973.71,4.5217,67.6,0.29,1968.75,146.89,0.78,91.63671875,2.79,202204,-0.4965756696769114,-0.2928189390392959,-0.8438877789844557,-0.45529094831521477,-0.5221433340039694
959,2022-04-19 00:00:00,2.93,10.0,4.0,2.0,1969.975,1950.09,4.4204,69.15,0.28,1953.22,145.83,0.82,91.1875,2.91,202204,-0.4965756696769114,-0.2928189390392959,-0.8438877789844557,-0.45529094831521477,-0.5221433340039694
960,2022-04-20 00:00:00,2.85,10.0,4.0,2.0,1948.55,1957.77,4.4985,67.95,0.27,1953.0,145.6,0.82,91.3515625,2.87,202204,-0.4965756696769114,-0.2928189390392959,-0.8438877789844557,-0.45529094831521477,-0.5221433340039694
961,2022-04-21 00:00:00,2.9,10.0,4.0,2.0,1944.825,1951.62,4.4951,68.0,0.26,1944.5,145.2,0.82,91.0,2.96,202204,-0.4965756696769114,-0.2928189390392959,-0.8438877789844557,-0.45529094831521477,-0.5221433340039694
962,2022-04-22 00:00:00,2.9,10.0,4.0,2.0,1941.775,1931.6,4.4985,67.95,0.27,1928.45,144.26,0.82,91.1328125,2.94,202204,-0.4965756696769114,-0.2928189390392959,-0.8438877789844557,-0.45529094831521477,-0.5221433340039694
963,2022-04-25 00:00:00,2.81,10.0,4.0,2.0,1906.85,1897.83,4.4951,68.0,0.27,1898.4,141.35,0.93,91.3359375,2.84,202204,-0.4965756696769114,-0.2928189390392959,-0.8438877789844557,-0.45529094831521477,-0.5221433340039694
964,2022-04-26 00:00:00,2.77,10.0,4.0,2.0,1904.0,1905.51,4.5018,67.9,0.27,1905.32,141.92,0.84,91.80859375,2.79,202204,-0.4965756696769114,-0.2928189390392959,-0.8438877789844557,-0.45529094831521477,-0.5221433340039694
965,2022-04-27 00:00:00,2.82,10.0,4.0,2.0,1890.975,1886.1,4.5487,67.2,0.28,1885.36,140.79,0.82,91.5078125,2.81,202204,-0.4965756696769114,-0.2928189390392959,-0.8438877789844557,-0.45529094831521477,-0.5221433340039694
966,2022-04-28 00:00:00,2.85,10.0,4.0,2.0,1889.25,1894.45,4.5051,67.85,0.28,1887.25,141.02,0.81,91.44921875,2.86,202204,-0.4965756696769114,-0.2928189390392959,-0.8438877789844557,-0.45529094831521477,-0.5221433340039694
967,2022-04-29 00:00:00,2.89,10.0,4.0,2.0,1913.375,1896.93,4.4885,68.1,0.28,1908.49,142.55,0.83,91.09375,2.92,202204,-0.4965756696769114,-0.2928189390392959,-0.8438877789844557,-0.45529094831521477,-0.5221433340039694
968,2022-05-03 00:00:00,2.97,10.0,4.0,2.0,1863.8000000000002,1868.12,4.5453,67.25,0.3,1876.4,139.66,0.9,90.8828125,3.01,202205,-0.36960201454978325,-0.35747973557552254,0.43915130122597695,-0.469127268211249,-0.18926442927764445
969,2022-05-04 00:00:00,2.93,10.0,4.0,2.0,1866.1750000000002,1881.22,4.5117,67.75,0.3,1867.43,139.6,0.88,91.32421875,2.93,202205,-0.36960201454978325,-0.35747973557552254,0.43915130122597695,-0.469127268211249,-0.18926442927764445
970,2022-05-05 00:00:00,3.05,10.0,4.0,2.0,1893.75,1877.18,4.5554,67.1,0.79,1880.85,140.05,0.84,91.046875,3.01,202205,-0.36960201454978325,-0.35747973557552254,0.43915130122597695,-0.469127268211249,-0.18926442927764445
971,2022-05-06 00:00:00,3.12,10.0,4.0,2.0,1883.3249999999998,1883.81,4.5622,67.0,0.78,1885.9,140.7,0.84,90.8984375,3.06,202205,-0.36960201454978325,-0.35747973557552254,0.43915130122597695,-0.469127268211249,-0.18926442927764445
972,2022-05-10 00:00:00,2.99,10.0,4.0,2.0,1859.8,1838.27,4.6035,66.4,0.78,1845.95,137.85,0.89,91.390625,2.91,202205,-0.36960201454978325,-0.35747973557552254,0.43915130122597695,-0.469127268211249,-0.18926442927764445
973,2022-05-11 00:00:00,2.91,10.0,4.0,2.0,1851.85,1852.4,4.5965,66.5,0.78,1849.36,138.98,0.9,91.4140625,2.89,202205,-0.36960201454978325,-0.35747973557552254,0.43915130122597695,-0.469127268211249,-0.18926442927764445
974,2022-05-12 00:00:00,2.84,10.0,4.0,2.0,1843.9,1821.82,4.5931,66.55,0.79,1841.65,137.01,0.95,91.66015625,2.81,202205,-0.36960201454978325,-0.35747973557552254,0.43915130122597695,-0.469127268211249,-0.18926442927764445
975,2022-05-13 00:00:00,2.93,10.0,4.0,2.0,1817.875,1811.79,4.4721,68.35,0.79,1815.18,135.77,1.01,91.57421875,2.89,202205,-0.36960201454978325,-0.35747973557552254,0.43915130122597695,-0.469127268211249,-0.18926442927764445
976,2022-05-16 00:00:00,2.88,10.0,4.0,2.0,1807.65,1824.14,4.4689,68.4,0.8,1813.11,136.18,1.07,91.68359375,2.83,202205,-0.36960201454978325,-0.35747973557552254,0.43915130122597695,-0.469127268211249,-0.18926442927764445
977,2022-05-17 00:00:00,2.98,10.0,4.0,2.0,1826.525,1815.16,4.4461,68.75,0.8,1821.8,136.58,1.06,91.22265625,2.96,202205,-0.36960201454978325,-0.35747973557552254,0.43915130122597695,-0.469127268211249,-0.18926442927764445
978,2022-05-18 00:00:00,2.89,10.0,4.0,2.0,1814.575,1816.6,4.4526,68.65,0.79,1815.98,136.38,1.02,91.42578125,2.89,202205,-0.36960201454978325,-0.35747973557552254,0.43915130122597695,-0.469127268211249,-0.18926442927764445
979,2022-05-19 00:00:00,2.84,10.0,4.0,2.0,1834.775,1841.85,4.4397,68.85,0.79,1845.77,138.19,1.04,91.62109375,2.84,202205,-0.36960201454978325,-0.35747973557552254,0.43915130122597695,-0.469127268211249,-0.18926442927764445
980,2022-05-20 00:00:00,2.78,10.0,4.0,2.0,1840.25,1846.5,4.3481,70.3,0.78,1843.73,138.21,1.01,91.76171875,2.8,202205,-0.36960201454978325,-0.35747973557552254,0.43915130122597695,-0.469127268211249,-0.18926442927764445
981,2022-05-23 00:00:00,2.86,10.0,4.0,2.0,1860.25,1853.59,4.3761,69.85,0.78,1854.35,138.59,1.07,91.57421875,2.88,202205,-0.36960201454978325,-0.35747973557552254,0.43915130122597695,-0.469127268211249,-0.18926442927764445
982,2022-05-24 00:00:00,2.76,10.0,4.0,2.0,1862.85,1866.45,4.3887,69.65,0.78,1866.3,139.84,1.05,91.9921875,2.76,202205,-0.36960201454978325,-0.35747973557552254,0.43915130122597695,-0.469127268211249,-0.18926442927764445
983,2022-05-25 00:00:00,2.75,10.0,4.0,2.0,1853.125,1853.46,4.3824,69.75,0.78,1849.95,138.48,1.05,92.0625,2.71,202205,-0.36960201454978325,-0.35747973557552254,0.43915130122597695,-0.469127268211249,-0.18926442927764445
984,2022-05-26 00:00:00,2.75,10.0,4.0,2.0,1846.7,1850.63,4.3698,69.95,0.78,1845.32,138.56,1.06,92.11328125,2.7,202205,-0.36960201454978325,-0.35747973557552254,0.43915130122597695,-0.469127268211249,-0.18926442927764445
985,2022-05-27 00:00:00,2.74,10.0,4.0,2.0,1855.375,1853.72,4.345,70.35,0.78,1852.17,138.84,1.06,92.0859375,2.71,202205,-0.36960201454978325,-0.35747973557552254,0.43915130122597695,-0.469127268211249,-0.18926442927764445
986,2022-05-31 00:00:00,2.85,10.0,4.0,2.0,1846.5500000000002,1837.35,4.3022,71.05,0.79,1845.14,138.24,1.13,91.796875,2.81,202205,-0.36960201454978325,-0.35747973557552254,0.43915130122597695,-0.469127268211249,-0.18926442927764445
987,2022-06-01 00:00:00,2.94,10.0,4.0,2.0,1837.3000000000002,1846.6,4.2931,71.2,0.8,1843.85,138.34,1.12,91.48828125,2.94,202206,-0.4619944870955106,-0.15073916189691447,-0.5326948450673502,0.9677213363769084,-0.044426789420716706
988,2022-06-02 00:00:00,2.92,10.0,4.0,2.0,1837.3000000000002,1868.58,4.2871,71.3,0.79,1868.0,140.0,1.13,91.5,2.92,202206,-0.4619944870955106,-0.15073916189691447,-0.5326948450673502,0.9677213363769084,-0.044426789420716706
989,2022-06-06 00:00:00,3.04,10.0,4.0,2.0,1849.35,1841.43,4.2454,72.0,0.78,1843.79,138.09,1.23,91.140625,3.03,202206,-0.4619944870955106,-0.15073916189691447,-0.5326948450673502,0.9677213363769084,-0.044426789420716706
990,2022-06-07 00:00:00,2.98,10.0,4.0,2.0,1848.1999999999998,1852.37,4.3113,70.9,0.77,1851.45,138.77,1.24,91.25,2.99,202206,-0.4619944870955106,-0.15073916189691447,-0.5326948450673502,0.9677213363769084,-0.044426789420716706
991,2022-06-08 00:00:00,3.03,10.0,4.0,2.0,1850.65,1853.36,4.3481,70.3,0.76,1858.08,139.07,1.25,91.125,3.03,202206,-0.4619944870955106,-0.15073916189691447,-0.5326948450673502,0.9677213363769084,-0.044426789420716706
992,2022-06-09 00:00:00,3.04,10.0,4.0,2.0,1847.05,1847.95,4.3824,69.75,0.75,1843.42,138.91,1.26,91.01171875,3.07,202206,-0.4619944870955106,-0.15073916189691447,-0.5326948450673502,0.9677213363769084,-0.044426789420716706
993,2022-06-10 00:00:00,3.15,10.0,4.0,2.0,1836.675,1871.6,4.4236,69.1,0.75,1858.4,140.84,1.34,90.328125,3.25,202206,-0.4619944870955106,-0.15073916189691447,-0.5326948450673502,0.9677213363769084,-0.044426789420716706
994,2022-06-13 00:00:00,3.43,10.0,4.0,2.0,1843.4,1819.26,4.4429,68.8,0.73,1826.24,137.84,1.69,89.58984375,3.56,202206,-0.4619944870955106,-0.15073916189691447,-0.5326948450673502,0.9677213363769084,-0.044426789420716706
995,2022-06-14 00:00:00,3.49,10.0,4.0,2.0,1820.975,1808.49,4.4689,68.4,0.69,1813.55,136.67,1.78,89.25390625,3.61,202206,-0.4619944870955106,-0.15073916189691447,-0.5326948450673502,0.9677213363769084,-0.044426789420716706
996,2022-06-15 00:00:00,3.33,10.0,4.0,2.0,1823.45,1833.82,4.4853,68.15,0.7,1821.95,137.1,1.69,89.99609375,3.38,202206,-0.4619944870955106,-0.15073916189691447,-0.5326948450673502,0.9677213363769084,-0.044426789420716706
997,2022-06-16 00:00:00,3.28,10.0,4.0,2.0,1829.025,1857.33,4.6882,65.2,1.45,1835.51,139.37,1.54,90.22265625,3.35,202206,-0.4619944870955106,-0.15073916189691447,-0.5326948450673502,0.9677213363769084,-0.044426789420716706
998,2022-06-17 00:00:00,3.25,10.0,4.0,2.0,1845.6999999999998,1839.39,4.8366,63.2,1.45,1840.35,138.73,1.58,90.0625,3.34,202206,-0.4619944870955106,-0.15073916189691447,-0.5326948450673502,0.9677213363769084,-0.044426789420716706
999,2022-06-21 00:00:00,3.31,10.0,4.0,2.0,1838.375,1832.98,4.7391,64.5,1.45,1838.5,138.65,1.66,90.04296875,3.38,202206,-0.4619944870955106,-0.15073916189691447,-0.5326948450673502,0.9677213363769084,-0.044426789420716706
1000,2022-06-22 00:00:00,3.16,10.0,4.0,2.0,1834.5749999999998,1837.72,4.8251,63.35,1.45,1839.6,138.49,1.57,90.47265625,3.22,202206,-0.4619944870955106,-0.15073916189691447,-0.5326948450673502,0.9677213363769084,-0.044426789420716706
1001,2022-06-23 00:00:00,3.09,10.0,4.0,2.0,1836.65,1822.77,4.8213,63.4,1.44,1841.05,137.8,1.59,90.75,3.14,202206,-0.4619944870955106,-0.15073916189691447,-0.5326948450673502,0.9677213363769084,-0.044426789420716706
1002,2022-06-24 00:00:00,3.13,10.0,4.0,2.0,1825.975,1826.88,4.7948,63.75,1.46,1828.5,137.81,1.66,90.67578125,3.18,202206,-0.4619944870955106,-0.15073916189691447,-0.5326948450673502,0.9677213363769084,-0.044426789420716706
1003,2022-06-27 00:00:00,3.2,10.0,4.0,2.0,1832.175,1822.85,4.7171,64.8,1.5,1824.7,137.51,1.75,90.50390625,3.24,202206,-0.4619944870955106,-0.15073916189691447,-0.5326948450673502,0.9677213363769084,-0.044426789420716706
1004,2022-06-28 00:00:00,3.2,10.0,4.0,2.0,1823.025,1820.01,4.6846,65.25,1.52,1820.4,137.32,1.75,90.5546875,3.25,202206,-0.4619944870955106,-0.15073916189691447,-0.5326948450673502,0.9677213363769084,-0.044426789420716706
1005,2022-06-29 00:00:00,3.1,10.0,4.0,2.0,1814.8,1817.73,4.699,65.05,1.51,1816.64,137.02,1.73,90.82421875,3.15,202206,-0.4619944870955106,-0.15073916189691447,-0.5326948450673502,0.9677213363769084,-0.044426789420716706
1006,2022-06-30 00:00:00,2.98,10.0,4.0,2.0,1815.3,1807.27,4.7761,64.0,1.5,1806.87,136.2,1.66,91.13671875,3.01,202206,-0.4619944870955106,-0.15073916189691447,-0.5326948450673502,0.9677213363769084,-0.044426789420716706
1007,2022-07-05 00:00:00,2.82,10.0,4.0,2.0,1788.2,1764.76,4.8024,63.65,1.54,1767.85,132.77,1.86,91.7890625,2.82,202207,-0.2977621532438197,-0.19713255851483494,-0.5323338323829916,-0.5266012123947752,-0.38845743913410535
1008,2022-07-06 00:00:00,2.93,10.0,4.0,2.0,1760.475,1738.86,4.7464,64.4,1.54,1738.95,130.73,1.85,91.25,2.96,202207,-0.2977621532438197,-0.19713255851483494,-0.5323338323829916,-0.5266012123947752,-0.38845743913410535
1009,2022-07-07 00:00:00,3.01,10.0,4.0,2.0,1745.7,1740.16,4.7208,64.75,1.54,1741.4,131.0,1.89,91.15234375,3.05,202207,-0.2977621532438197,-0.19713255851483494,-0.5323338323829916,-0.5266012123947752,-0.38845743913410535
1010,2022-07-08 00:00:00,3.09,10.0,4.0,2.0,1737.625,1742.48,4.7135,64.85,1.53,1745.9,131.58,1.91,90.875,3.13,202207,-0.2977621532438197,-0.19713255851483494,-0.5323338323829916,-0.5266012123947752,-0.38845743913410535
1011,2022-07-11 00:00:00,2.99,10.0,4.0,2.0,1738.7,1733.96,4.7649,64.15,1.53,1737.9,131.16,2.13,91.03125,3.05,202207,-0.2977621532438197,-0.19713255851483494,-0.5323338323829916,-0.5266012123947752,-0.38845743913410535
1012,2022-07-12 00:00:00,2.96,10.0,4.0,2.0,1732.525,1726.0,4.7836,63.9,1.54,1732.39,130.94,2.16,91.12109375,3.01,202207,-0.2977621532438197,-0.19713255851483494,-0.5323338323829916,-0.5266012123947752,-0.38845743913410535
1013,2022-07-13 00:00:00,2.91,10.0,4.0,2.0,1726.75,1735.51,4.7171,64.8,1.53,1744.9,132.08,2.33,90.984375,3.02,202207,-0.2977621532438197,-0.19713255851483494,-0.5323338323829916,-0.5266012123947752,-0.38845743913410535
1014,2022-07-14 00:00:00,2.96,10.0,4.0,2.0,1708.4250000000002,1709.94,4.7538,64.3,1.53,1706.16,130.27,2.33,90.9453125,3.06,202207,-0.2977621532438197,-0.19713255851483494,-0.5323338323829916,-0.5266012123947752,-0.38845743913410535
1015,2022-07-15 00:00:00,2.93,10.0,4.0,2.0,1704.35,1708.17,4.7761,64.0,1.54,1705.3,129.97,2.29,91.05859375,3.05,202207,-0.2977621532438197,-0.19713255851483494,-0.5323338323829916,-0.5266012123947752,-0.38845743913410535
1016,2022-07-18 00:00:00,2.96,10.0,4.0,2.0,1721.35,1709.22,4.7135,64.85,1.54,1711.22,130.38,2.44,90.890625,3.06,202207,-0.2977621532438197,-0.19713255851483494,-0.5323338323829916,-0.5266012123947752,-0.38845743913410535
1017,2022-07-19 00:00:00,3.01,10.0,4.0,2.0,1713.0,1711.67,4.7501,64.35,1.54,1713.92,130.3,2.46,90.71875,3.14,202207,-0.2977621532438197,-0.19713255851483494,-0.5323338323829916,-0.5266012123947752,-0.38845743913410535
1018,2022-07-20 00:00:00,3.04,10.0,4.0,2.0,1710.975,1696.58,4.7538,64.3,1.53,1708.51,129.49,2.44,90.7421875,3.18,202207,-0.2977621532438197,-0.19713255851483494,-0.5323338323829916,-0.5266012123947752,-0.38845743913410535
1019,2022-07-21 00:00:00,2.91,10.0,4.0,2.0,1695.8249999999998,1718.81,4.8289,63.3,1.53,1713.9,130.44,2.4,91.26953125,3.0,202207,-0.2977621532438197,-0.19713255851483494,-0.5323338323829916,-0.5266012123947752,-0.38845743913410535
1020,2022-07-22 00:00:00,2.77,10.0,4.0,2.0,1730.975,1727.64,4.7873,63.85,1.52,1730.95,131.4,2.41,91.72265625,2.87,202207,-0.2977621532438197,-0.19713255851483494,-0.5323338323829916,-0.5266012123947752,-0.38845743913410535
1021,2022-07-25 00:00:00,2.81,10.0,4.0,2.0,1725.4250000000002,1719.78,4.7464,64.4,1.53,1717.13,130.81,2.55,91.59375,2.89,202207,-0.2977621532438197,-0.19713255851483494,-0.5323338323829916,-0.5266012123947752,-0.38845743913410535
1022,2022-07-26 00:00:00,2.81,10.0,4.0,2.0,1719.9499999999998,1717.32,4.7171,64.8,1.53,1719.05,130.64,2.48,91.4921875,2.89,202207,-0.2977621532438197,-0.19713255851483494,-0.5323338323829916,-0.5266012123947752,-0.38845743913410535
1023,2022-07-27 00:00:00,2.78,10.0,4.0,2.0,1719.0,1734.19,4.7208,64.75,1.53,1716.77,130.75,2.37,91.6640625,2.82,202207,-0.2977621532438197,-0.19713255851483494,-0.5323338323829916,-0.5266012123947752,-0.38845743913410535
1024,2022-07-28 00:00:00,2.68,10.0,4.0,2.0,1750.05,1755.84,4.6918,65.15,2.28,1753.25,132.98,2.35,92.13671875,2.69,202207,-0.2977621532438197,-0.19713255851483494,-0.5323338323829916,-0.5266012123947752,-0.38845743913410535
1025,2022-07-29 00:00:00,2.67,10.0,4.0,2.0,1756.15,1765.94,4.6525,65.7,2.27,1764.24,133.94,2.34,92.1796875,2.7,202207,-0.2977621532438197,-0.19713255851483494,-0.5323338323829916,-0.5266012123947752,-0.38845743913410535
1026,2022-08-01 00:00:00,2.6,10.0,4.0,2.0,1769.575,1772.17,4.6139,66.25,2.28,1765.57,134.43,2.48,92.24609375,2.66,202208,-0.171505011169087,-0.2942687326836059,-1.0002062713117255,0.596269363783377,-0.21742766284526036
1027,2022-08-02 00:00:00,2.75,10.0,4.0,2.0,1776.325,1760.39,4.7062,64.95,2.3,1777.14,134.72,2.48,91.55859375,2.85,202208,-0.171505011169087,-0.2942687326836059,-1.0002062713117255,0.596269363783377,-0.21742766284526036
1028,2022-08-03 00:00:00,2.73,10.0,4.0,2.0,1763.925,1765.29,4.7317,64.6,2.29,1757.41,133.94,2.44,91.6015625,2.86,202208,-0.171505011169087,-0.2942687326836059,-1.0002062713117255,0.596269363783377,-0.21742766284526036
1029,2022-08-04 00:00:00,2.68,10.0,4.0,2.0,1780.5500000000002,1791.28,4.6596,65.6,2.29,1786.31,136.12,2.41,91.71875,2.76,202208,-0.171505011169087,-0.2942687326836059,-1.0002062713117255,0.596269363783377,-0.21742766284526036
1030,2022-08-05 00:00:00,2.83,10.0,4.0,2.0,1780.0,1775.5,4.6244,66.1,2.28,1775.83,135.11,2.48,91.1640625,2.97,202208,-0.171505011169087,-0.2942687326836059,-1.0002062713117255,0.596269363783377,-0.21742766284526036
1031,2022-08-08 00:00:00,2.77,10.0,4.0,2.0,1779.875,1788.96,4.6244,66.1,2.28,1786.87,136.21,2.57,91.27734375,2.91,202208,-0.171505011169087,-0.2942687326836059,-1.0002062713117255,0.596269363783377,-0.21742766284526036
1032,2022-08-09 00:00:00,2.8,10.0,4.0,2.0,1792.925,1794.29,4.6632,65.55,2.29,1792.65,136.76,2.58,91.0859375,2.97,202208,-0.171505011169087,-0.2942687326836059,-1.0002062713117255,0.596269363783377,-0.21742766284526036
1033,2022-08-10 00:00:00,2.78,10.0,4.0,2.0,1794.275,1792.38,4.699,65.05,2.28,1800.03,136.78,2.56,91.25,2.93,202208,-0.171505011169087,-0.2942687326836059,-1.0002062713117255,0.596269363783377,-0.21742766284526036
1034,2022-08-11 00:00:00,2.87,10.0,4.0,2.0,1793.2,1789.72,4.6209,66.15,2.28,1788.3,136.34,2.52,91.16015625,2.98,202208,-0.171505011169087,-0.2942687326836059,-1.0002062713117255,0.596269363783377,-0.21742766284526036
1035,2022-08-12 00:00:00,2.84,10.0,4.0,2.0,1790.275,1802.4,4.6035,66.4,2.28,1794.5,136.95,2.53,91.16796875,2.97,202208,-0.171505011169087,-0.2942687326836059,-1.0002062713117255,0.596269363783377,-0.21742766284526036
1036,2022-08-15 00:00:00,2.79,10.0,4.0,2.0,1779.025,1779.71,4.649,65.75,2.29,1779.04,135.69,2.63,91.3828125,2.91,202208,-0.171505011169087,-0.2942687326836059,-1.0002062713117255,0.596269363783377,-0.21742766284526036
1037,2022-08-16 00:00:00,2.82,10.0,4.0,2.0,1775.5,1775.69,4.7099,64.9,2.29,1777.2,135.05,2.61,91.125,2.95,202208,-0.171505011169087,-0.2942687326836059,-1.0002062713117255,0.596269363783377,-0.21742766284526036
1038,2022-08-17 00:00:00,2.89,10.0,4.0,2.0,1770.4250000000002,1761.77,4.7099,64.9,2.29,1762.75,134.13,2.59,90.8984375,3.04,202208,-0.171505011169087,-0.2942687326836059,-1.0002062713117255,0.596269363783377,-0.21742766284526036
1039,2022-08-18 00:00:00,2.88,10.0,4.0,2.0,1765.5749999999998,1758.61,4.7724,64.05,2.28,1761.08,133.75,2.61,91.02734375,3.02,202208,-0.171505011169087,-0.2942687326836059,-1.0002062713117255,0.596269363783377,-0.21742766284526036
1040,2022-08-19 00:00:00,2.98,10.0,4.0,2.0,1751.825,1747.06,4.8404,63.15,2.28,1749.55,133.16,2.64,90.9140625,3.11,202208,-0.171505011169087,-0.2942687326836059,-1.0002062713117255,0.596269363783377,-0.21742766284526036
1041,2022-08-22 00:00:00,3.03,10.0,4.0,2.0,1733.025,1736.3,4.8558,62.95,2.28,1736.22,132.1,2.74,90.68359375,3.17,202208,-0.171505011169087,-0.2942687326836059,-1.0002062713117255,0.596269363783377,-0.21742766284526036
1042,2022-08-23 00:00:00,3.05,10.0,4.0,2.0,1743.0,1748.15,4.9541,61.7,2.27,1752.0,133.07,2.71,90.69921875,3.18,202208,-0.171505011169087,-0.2942687326836059,-1.0002062713117255,0.596269363783377,-0.21742766284526036
1043,2022-08-24 00:00:00,3.11,10.0,4.0,2.0,1748.825,1751.19,5.011,61.0,2.27,1753.77,133.15,2.73,90.53125,3.2,202208,-0.171505011169087,-0.2942687326836059,-1.0002062713117255,0.596269363783377,-0.21742766284526036
1044,2022-08-25 00:00:00,3.03,10.0,4.0,2.0,1757.975,1758.71,4.9662,61.55,2.28,1757.19,133.91,2.78,90.66015625,3.15,202208,-0.171505011169087,-0.2942687326836059,-1.0002062713117255,0.596269363783377,-0.21742766284526036
1045,2022-08-26 00:00:00,3.04,10.0,4.0,2.0,1751.675,1738.14,4.9501,61.75,2.28,1736.75,132.33,2.78,90.53515625,3.2,202208,-0.171505011169087,-0.2942687326836059,-1.0002062713117255,0.596269363783377,-0.21742766284526036
1046,2022-08-29 00:00:00,3.12,10.0,4.0,2.0,1751.675,1737.09,4.9622,61.6,2.28,1740.33,132.36,2.89,90.390625,3.27,202208,-0.171505011169087,-0.2942687326836059,-1.0002062713117255,0.596269363783377,-0.21742766284526036
1047,2022-08-30 00:00:00,3.11,10.0,4.0,2.0,1732.15,1724.02,4.9783,61.4,2.29,1725.0,131.34,2.88,90.34375,3.27,202208,-0.171505011169087,-0.2942687326836059,-1.0002062713117255,0.596269363783377,-0.21742766284526036
1048,2022-08-31 00:00:00,3.15,10.0,4.0,2.0,1714.15,1711.04,5.0233,60.85,2.29,1719.56,130.6,2.87,90.1875,3.3,202208,-0.171505011169087,-0.2942687326836059,-1.0002062713117255,0.596269363783377,-0.21742766284526036
1049,2022-09-01 00:00:00,3.26,10.0,4.0,2.0,1700.15,1697.52,5.0275,60.8,2.29,1697.75,129.36,2.88,90.12890625,3.39,202209,-0.10826330649186872,-0.4505564875402255,-0.9496644955015229,-0.12641226770948097,-0.40872413931077456
1050,2022-09-02 00:00:00,3.2,10.0,4.0,2.0,1709.7,1712.19,4.9381,61.9,2.29,1716.6,130.33,2.85,90.46484375,3.3,202209,-0.10826330649186872,-0.4505564875402255,-0.9496644955015229,-0.12641226770948097,-0.40872413931077456
1051,2022-09-06 00:00:00,3.33,10.0,4.0,2.0,1707.55,1702.14,4.9541,61.7,2.29,1704.55,129.66,2.96,90.05078125,3.43,202209,-0.10826330649186872,-0.4505564875402255,-0.9496644955015229,-0.12641226770948097,-0.40872413931077456
1052,2022-09-07 00:00:00,3.27,10.0,4.0,2.0,1703.85,1718.37,4.9262,62.05,2.28,1712.33,130.74,2.98,90.28515625,3.37,202209,-0.10826330649186872,-0.4505564875402255,-0.9496644955015229,-0.12641226770948097,-0.40872413931077456
1053,2022-09-08 00:00:00,3.29,10.0,4.0,2.0,1714.8,1708.46,4.9143,62.2,2.28,1706.86,130.18,2.97,90.09375,3.39,202209,-0.10826330649186872,-0.4505564875402255,-0.9496644955015229,-0.12641226770948097,-0.40872413931077456
1054,2022-09-09 00:00:00,3.33,10.0,4.0,2.0,1720.1750000000002,1716.83,4.9064,62.3,2.28,1714.4,130.84,2.98,90.03125,3.45,202209,-0.10826330649186872,-0.4505564875402255,-0.9496644955015229,-0.12641226770948097,-0.40872413931077456
1055,2022-09-13 00:00:00,3.42,10.0,4.0,2.0,1715.9499999999998,1702.17,4.8635,62.85,2.28,1704.5,130.22,3.19,89.59375,3.58,202209,-0.10826330649186872,-0.4505564875402255,-0.9496644955015229,-0.12641226770948097,-0.40872413931077456
1056,2022-09-14 00:00:00,3.41,10.0,4.0,2.0,1703.85,1697.32,4.9783,61.4,2.27,1705.15,129.84,3.14,89.5390625,3.6,202209,-0.10826330649186872,-0.4505564875402255,-0.9496644955015229,-0.12641226770948097,-0.40872413931077456
1057,2022-09-15 00:00:00,3.45,10.0,4.0,2.0,1689.05,1665.11,5.0028,61.1,2.28,1667.1,127.51,3.12,89.375,3.66,202209,-0.10826330649186872,-0.4505564875402255,-0.9496644955015229,-0.12641226770948097,-0.40872413931077456
1058,2022-09-16 00:00:00,3.45,10.0,4.0,2.0,1664.475,1675.06,4.9582,61.65,2.27,1675.2,127.98,3.1,89.4921875,3.62,202209,-0.10826330649186872,-0.4505564875402255,-0.9496644955015229,-0.12641226770948097,-0.40872413931077456
1059,2022-09-19 00:00:00,3.49,10.0,4.0,2.0,1664.475,1675.84,4.9104,62.25,2.27,1674.28,127.62,3.29,89.31640625,3.69,202209,-0.10826330649186872,-0.4505564875402255,-0.9496644955015229,-0.12641226770948097,-0.40872413931077456
1060,2022-09-20 00:00:00,3.57,10.0,4.0,2.0,1666.025,1664.89,4.8558,62.95,2.26,1666.4,127.12,3.26,89.1796875,3.75,202209,-0.10826330649186872,-0.4505564875402255,-0.9496644955015229,-0.12641226770948097,-0.40872413931077456
1061,2022-09-21 00:00:00,3.51,10.0,4.0,2.0,1673.1,1673.89,4.9262,62.05,2.25,1668.1,127.47,3.21,89.01953125,3.74,202209,-0.10826330649186872,-0.4505564875402255,-0.9496644955015229,-0.12641226770948097,-0.40872413931077456
1062,2022-09-22 00:00:00,3.7,10.0,4.0,2.0,1671.85,1671.22,4.9824,61.35,2.99,1669.6,128.04,3.19,88.63671875,3.91,202209,-0.10826330649186872,-0.4505564875402255,-0.9496644955015229,-0.12641226770948097,-0.40872413931077456
1063,2022-09-23 00:00:00,3.69,10.0,4.0,2.0,1652.5,1643.94,5.0151,60.95,2.99,1643.85,126.25,3.12,88.4375,3.96,202209,-0.10826330649186872,-0.4505564875402255,-0.9496644955015229,-0.12641226770948097,-0.40872413931077456
1064,2022-09-26 00:00:00,3.88,10.0,4.0,2.0,1645.175,1622.36,5.1677,59.15,2.99,1644.2,124.65,3.3,87.93359375,4.15,202209,-0.10826330649186872,-0.4505564875402255,-0.9496644955015229,-0.12641226770948097,-0.40872413931077456
1065,2022-09-27 00:00:00,3.97,10.0,4.0,2.0,1633.4499999999998,1628.9,5.3958,56.65,2.98,1635.05,124.81,3.26,88.01953125,4.21,202209,-0.10826330649186872,-0.4505564875402255,-0.9496644955015229,-0.12641226770948097,-0.40872413931077456
1066,2022-09-28 00:00:00,3.72,10.0,4.0,2.0,1635.1750000000002,1659.97,5.6035,54.55,2.98,1652.2,127.08,3.29,88.640625,3.92,202209,-0.10826330649186872,-0.4505564875402255,-0.9496644955015229,-0.12641226770948097,-0.40872413931077456
1067,2022-09-29 00:00:00,3.76,10.0,4.0,2.0,1650.6999999999998,1660.54,5.6345,54.25,2.96,1657.45,126.98,3.26,88.50390625,3.98,202209,-0.10826330649186872,-0.4505564875402255,-0.9496644955015229,-0.12641226770948097,-0.40872413931077456
1068,2022-09-30 00:00:00,3.83,10.0,4.0,2.0,1672.25,1660.61,5.4934,54.9,2.98,1674.06,127.17,3.22,88.3203125,4.06,202209,-0.10826330649186872,-0.4505564875402255,-0.9496644955015229,-0.12641226770948097,-0.40872413931077456
1069,2022-10-03 00:00:00,3.67,10.0,4.0,2.0,1664.6,1699.89,5.5085,54.75,3.0,1691.4,129.31,3.34,88.8359375,3.9,202210,-0.12033089474273923,-0.5578412172191666,-1.343890346821104,-1.0310947224501725,-0.7632892953082956
1070,2022-10-05 00:00:00,3.76,10.0,4.0,2.0,1706.325,1716.26,5.3855,56.0,3.04,1708.05,130.8,3.33,88.6953125,3.96,202210,-0.12033089474273923,-0.5578412172191666,-1.343890346821104,-1.0310947224501725,-0.7632892953082956
1071,2022-10-06 00:00:00,3.83,10.0,4.0,2.0,1715.1,1712.53,5.4884,54.95,3.05,1712.15,130.83,3.32,88.40234375,4.05,202210,-0.12033089474273923,-0.5578412172191666,-1.343890346821104,-1.0310947224501725,-0.7632892953082956
1072,2022-10-07 00:00:00,3.89,10.0,4.0,2.0,1703.825,1694.82,5.4985,54.85,3.05,1702.29,130.21,3.31,88.234375,4.14,202210,-0.12033089474273923,-0.5578412172191666,-1.343890346821104,-1.0310947224501725,-0.7632892953082956
1073,2022-10-11 00:00:00,3.93,10.0,4.0,2.0,1664.4250000000002,1666.34,5.6583,53.3,3.05,1671.35,128.6,3.53,88.22265625,4.14,202210,-0.12033089474273923,-0.5578412172191666,-1.343890346821104,-1.0310947224501725,-0.7632892953082956
1074,2022-10-12 00:00:00,3.91,10.0,4.0,2.0,1671.475,1673.19,5.7721,52.25,3.04,1669.0,127.99,3.56,88.34375,4.12,202210,-0.12033089474273923,-0.5578412172191666,-1.343890346821104,-1.0310947224501725,-0.7632892953082956
1075,2022-10-13 00:00:00,3.97,10.0,4.0,2.0,1662.25,1666.37,5.7942,52.05,3.04,1653.75,128.06,3.64,87.98046875,4.21,202210,-0.12033089474273923,-0.5578412172191666,-1.343890346821104,-1.0310947224501725,-0.7632892953082956
1076,2022-10-14 00:00:00,4.0,10.0,4.0,2.0,1652.225,1644.47,5.8561,51.5,3.04,1647.2,126.07,3.65,87.859375,4.25,202210,-0.12033089474273923,-0.5578412172191666,-1.343890346821104,-1.0310947224501725,-0.7632892953082956
1077,2022-10-17 00:00:00,4.02,10.0,4.0,2.0,1661.375,1650.09,5.811,51.9,3.05,1660.9,127.12,3.82,88.03515625,4.24,202210,-0.12033089474273923,-0.5578412172191666,-1.343890346821104,-1.0310947224501725,-0.7632892953082956
1078,2022-10-18 00:00:00,4.01,10.0,4.0,2.0,1652.625,1652.22,5.7337,52.6,3.04,1651.73,126.53,3.89,88.05859375,4.21,202210,-0.12033089474273923,-0.5578412172191666,-1.343890346821104,-1.0310947224501725,-0.7632892953082956
1079,2022-10-19 00:00:00,4.14,10.0,4.0,2.0,1636.2,1629.44,5.8448,51.6,3.04,1634.23,124.96,3.91,87.70703125,4.35,202210,-0.12033089474273923,-0.5578412172191666,-1.343890346821104,-1.0310947224501725,-0.7632892953082956
1080,2022-10-20 00:00:00,4.24,10.0,4.0,2.0,1634.25,1628.02,5.9135,51.0,3.03,1645.03,125.23,3.91,87.4921875,4.45,202210,-0.12033089474273923,-0.5578412172191666,-1.343890346821104,-1.0310947224501725,-0.7632892953082956
1081,2022-10-21 00:00:00,4.21,10.0,4.0,2.0,1633.9,1657.69,6.2056,48.6,3.02,1642.4,126.62,3.9,87.90234375,4.34,202210,-0.12033089474273923,-0.5578412172191666,-1.343890346821104,-1.0310947224501725,-0.7632892953082956
1082,2022-10-24 00:00:00,4.25,10.0,4.0,2.0,1647.75,1649.78,6.3094,47.8,3.01,1647.7,126.44,4.0,87.875,4.36,202210,-0.12033089474273923,-0.5578412172191666,-1.343890346821104,-1.0310947224501725,-0.7632892953082956
1083,2022-10-25 00:00:00,4.1,10.0,4.0,2.0,1651.05,1653.17,6.3964,47.15,3.02,1654.75,126.74,3.97,88.0859375,4.25,202210,-0.12033089474273923,-0.5578412172191666,-1.343890346821104,-1.0310947224501725,-0.7632892953082956
1084,2022-10-26 00:00:00,4.04,10.0,4.0,2.0,1668.775,1664.57,6.2701,48.1,3.03,1671.55,127.52,3.94,88.31640625,4.2,202210,-0.12033089474273923,-0.5578412172191666,-1.343890346821104,-1.0310947224501725,-0.7632892953082956
1085,2022-10-27 00:00:00,3.96,10.0,4.0,2.0,1661.525,1663.31,6.2962,47.9,3.04,1663.85,127.26,3.95,88.71875,4.09,202210,-0.12033089474273923,-0.5578412172191666,-1.343890346821104,-1.0310947224501725,-0.7632892953082956
1086,2022-10-28 00:00:00,4.02,10.0,4.0,2.0,1648.65,1644.86,6.2248,48.45,3.05,1641.2,125.76,3.99,88.40234375,4.19,202210,-0.12033089474273923,-0.5578412172191666,-1.343890346821104,-1.0310947224501725,-0.7632892953082956
1087,2022-10-31 00:00:00,4.1,10.0,4.0,2.0,1638.925,1633.56,6.4998,46.4,3.05,1638.03,125.5,4.06,88.21484375,4.27,202210,-0.12033089474273923,-0.5578412172191666,-1.343890346821104,-1.0310947224501725,-0.7632892953082956
1088,2022-11-01 00:00:00,4.07,10.0,4.0,2.0,1648.9,1647.98,6.2962,47.9,3.05,1645.14,126.18,4.06,88.1015625,4.27,202211,0.02101073264558165,-0.19278317758190489,-1.2012903364994607,-0.7788479674224739,-0.5379776872145644
1089,2022-11-02 00:00:00,4.1,10.0,4.0,2.0,1653.0,1635.24,6.1174,49.3,3.05,1647.53,126.48,4.04,87.90625,4.3,202211,0.02101073264558165,-0.19278317758190489,-1.2012903364994607,-0.7788479674224739,-0.5379776872145644
1090,2022-11-03 00:00:00,4.14,10.0,4.0,2.0,1624.7,1629.49,6.1801,48.8,3.8,1628.0,125.08,4.06,87.7109375,4.36,202211,0.02101073264558165,-0.19278317758190489,-1.2012903364994607,-0.7788479674224739,-0.5379776872145644
1091,2022-11-04 00:00:00,4.17,10.0,4.0,2.0,1661.6,1681.87,6.056,49.8,3.8,1673.4,128.5,4.02,87.8828125,4.33,202211,0.02101073264558165,-0.19278317758190489,-1.2012903364994607,-0.7788479674224739,-0.5379776872145644
1092,2022-11-07 00:00:00,4.22,10.0,4.0,2.0,1679.4250000000002,1675.63,5.8278,51.75,3.78,1679.35,128.96,4.12,87.75,4.39,202211,0.02101073264558165,-0.19278317758190489,-1.2012903364994607,-0.7788479674224739,-0.5379776872145644
1093,2022-11-08 00:00:00,4.14,10.0,4.0,2.0,1674.725,1712.42,5.8166,51.85,3.78,1698.8,131.71,4.1,87.99609375,4.31,202211,0.02101073264558165,-0.19278317758190489,-1.2012903364994607,-0.7788479674224739,-0.5379776872145644
1094,2022-11-09 00:00:00,4.12,10.0,4.0,2.0,1710.2,1706.74,6.056,49.8,3.78,1716.59,131.71,4.11,88.1953125,4.27,202211,0.02101073264558165,-0.19278317758190489,-1.2012903364994607,-0.7788479674224739,-0.5379776872145644
1095,2022-11-10 00:00:00,3.82,10.0,4.0,2.0,1725.2,1755.45,5.9193,50.95,3.78,1746.93,134.78,4.09,89.0625,3.95,202211,0.02101073264558165,-0.19278317758190489,-1.2012903364994607,-0.7788479674224739,-0.5379776872145644
1096,2022-11-14 00:00:00,3.88,10.0,4.0,2.0,1763.125,1771.4,5.4835,55.0,3.79,1774.78,136.81,4.16,88.95703125,4.0,202211,0.02101073264558165,-0.19278317758190489,-1.2012903364994607,-0.7788479674224739,-0.5379776872145644
1097,2022-11-15 00:00:00,3.8,10.0,4.0,2.0,1773.225,1778.94,5.3379,56.5,3.8,1770.22,136.92,4.14,89.23046875,3.93,202211,0.02101073264558165,-0.19278317758190489,-1.2012903364994607,-0.7788479674224739,-0.5379776872145644
1098,2022-11-16 00:00:00,3.67,10.0,4.0,2.0,1778.1,1773.87,5.3759,56.1,3.81,1775.2,136.86,4.14,89.24609375,3.83,202211,0.02101073264558165,-0.19278317758190489,-1.2012903364994607,-0.7788479674224739,-0.5379776872145644
1099,2022-11-17 00:00:00,3.77,10.0,4.0,2.0,1761.5749999999998,1760.44,5.4097,55.75,3.8,1760.05,135.9,4.13,89.03515625,3.93,202211,0.02101073264558165,-0.19278317758190489,-1.2012903364994607,-0.7788479674224739,-0.5379776872145644
1100,2022-11-18 00:00:00,3.82,10.0,4.0,2.0,1758.175,1750.68,5.4735,55.1,3.8,1754.26,135.34,4.15,88.84765625,3.99,202211,0.02101073264558165,-0.19278317758190489,-1.2012903364994607,-0.7788479674224739,-0.5379776872145644
1101,2022-11-21 00:00:00,3.83,10.0,4.0,2.0,1740.025,1738.05,5.6583,53.3,3.8,1736.85,134.31,4.23,88.8046875,3.97,202211,0.02101073264558165,-0.19278317758190489,-1.2012903364994607,-0.7788479674224739,-0.5379776872145644
1102,2022-11-22 00:00:00,3.76,10.0,4.0,2.0,1744.975,1740.25,5.6743,53.15,3.8,1744.25,134.37,4.21,88.90625,3.93,202211,0.02101073264558165,-0.19278317758190489,-1.2012903364994607,-0.7788479674224739,-0.5379776872145644
1103,2022-11-23 00:00:00,3.71,10.0,4.0,2.0,1737.95,1749.68,5.9544,50.65,3.79,1739.85,135.03,4.21,89.078125,3.88,202211,0.02101073264558165,-0.19278317758190489,-1.2012903364994607,-0.7788479674224739,-0.5379776872145644
1104,2022-11-25 00:00:00,3.68,10.0,4.0,2.0,1752.6999999999998,1754.93,5.8166,51.85,3.8,1749.74,135.45,4.22,89.1796875,3.85,202211,0.02101073264558165,-0.19278317758190489,-1.2012903364994607,-0.7788479674224739,-0.5379776872145644
1105,2022-11-28 00:00:00,3.69,10.0,4.0,2.0,1754.725,1741.36,5.9193,50.95,3.8,1749.03,134.47,4.3,89.20703125,3.88,202211,0.02101073264558165,-0.19278317758190489,-1.2012903364994607,-0.7788479674224739,-0.5379776872145644
1106,2022-11-29 00:00:00,3.75,10.0,4.0,2.0,1754.025,1749.85,5.7337,52.6,3.81,1753.2,135.01,4.27,89.11328125,3.92,202211,0.02101073264558165,-0.19278317758190489,-1.2012903364994607,-0.7788479674224739,-0.5379776872145644
1107,2022-11-30 00:00:00,3.68,10.0,4.0,2.0,1756.575,1768.52,5.7446,52.5,3.82,1751.94,134.78,4.27,89.66796875,3.82,202211,0.02101073264558165,-0.19278317758190489,-1.2012903364994607,-0.7788479674224739,-0.5379776872145644
1108,2022-12-01 00:00:00,3.53,10.0,4.0,2.0,1791.375,1803.1,5.6583,53.3,3.82,1799.98,138.69,4.22,89.91015625,3.68,202212,0.054649134894883204,-0.5877069662919528,-0.6048973819390684,1.6967889616679361,0.13970843708294955
1109,2022-12-02 00:00:00,3.51,10.0,4.0,2.0,1792.75,1797.63,5.7998,52.0,3.81,1789.75,138.32,4.22,89.90234375,3.67,202212,0.054649134894883204,-0.5877069662919528,-0.6048973819390684,1.6967889616679361,0.13970843708294955
1110,2022-12-05 00:00:00,3.6,10.0,4.0,2.0,1785.5749999999998,1768.68,5.7337,52.6,3.81,1778.21,136.28,4.27,89.5390625,3.8,202212,0.054649134894883204,-0.5877069662919528,-0.6048973819390684,1.6967889616679361,0.13970843708294955
1111,2022-12-06 00:00:00,3.51,10.0,4.0,2.0,1773.5749999999998,1771.04,5.6743,53.15,3.8,1774.54,136.33,4.27,89.57421875,3.73,202212,0.054649134894883204,-0.5877069662919528,-0.6048973819390684,1.6967889616679361,0.13970843708294955
1112,2022-12-07 00:00:00,3.42,10.0,4.0,2.0,1777.025,1786.27,5.7446,52.5,3.8,1776.88,137.42,4.2,89.91796875,3.62,202212,0.054649134894883204,-0.5877069662919528,-0.6048973819390684,1.6967889616679361,0.13970843708294955
1113,2022-12-08 00:00:00,3.48,10.0,4.0,2.0,1786.3000000000002,1789.14,5.5439,54.4,3.8,1788.01,137.63,4.17,89.7578125,3.71,202212,0.054649134894883204,-0.5877069662919528,-0.6048973819390684,1.6967889616679361,0.13970843708294955
1114,2022-12-09 00:00:00,3.57,10.0,4.0,2.0,1794.575,1797.32,5.4341,55.5,3.8,1798.42,138.3,4.19,89.65625,3.75,202212,0.054649134894883204,-0.5877069662919528,-0.6048973819390684,1.6967889616679361,0.13970843708294955
1115,2022-12-12 00:00:00,3.61,10.0,4.0,2.0,1788.6,1781.44,5.4439,55.4,3.8,1782.25,136.95,4.29,89.57421875,3.8,202212,0.054649134894883204,-0.5877069662919528,-0.6048973819390684,1.6967889616679361,0.13970843708294955
1116,2022-12-13 00:00:00,3.51,10.0,4.0,2.0,1804.35,1810.8,5.2405,57.55,3.8,1813.45,139.33,4.26,89.99609375,3.66,202212,0.054649134894883204,-0.5877069662919528,-0.6048973819390684,1.6967889616679361,0.13970843708294955
1117,2022-12-14 00:00:00,3.49,10.0,4.0,2.0,1808.125,1807.32,5.3004,56.9,3.8,1811.05,138.83,4.23,90.0859375,3.64,202212,0.054649134894883204,-0.5877069662919528,-0.6048973819390684,1.6967889616679361,0.13970843708294955
1118,2022-12-15 00:00:00,3.44,10.0,4.0,2.0,1779.75,1776.85,5.4097,55.75,4.32,1777.45,136.6,4.22,90.0078125,3.62,202212,0.054649134894883204,-0.5877069662919528,-0.6048973819390684,1.6967889616679361,0.13970843708294955
1119,2022-12-16 00:00:00,3.48,10.0,4.0,2.0,1786.35,1793.08,5.4194,55.65,4.32,1789.78,137.5,4.2,90.12109375,3.61,202212,0.054649134894883204,-0.5877069662919528,-0.6048973819390684,1.6967889616679361,0.13970843708294955
1120,2022-12-19 00:00:00,3.57,10.0,4.0,2.0,1793.65,1787.62,5.4488,55.35,4.3,1785.97,137.33,4.28,89.88671875,3.7,202212,0.054649134894883204,-0.5877069662919528,-0.6048973819390684,1.6967889616679361,0.13970843708294955
1121,2022-12-20 00:00:00,3.69,10.0,4.0,2.0,1810.125,1817.94,5.4835,55.0,4.3,1817.3,139.36,4.25,89.83984375,3.79,202212,0.054649134894883204,-0.5877069662919528,-0.6048973819390684,1.6967889616679361,0.13970843708294955
1122,2022-12-21 00:00:00,3.68,10.0,4.0,2.0,1815.525,1814.39,5.4685,55.15,4.3,1816.42,139.37,4.22,89.9140625,3.78,202212,0.054649134894883204,-0.5877069662919528,-0.6048973819390684,1.6967889616679361,0.13970843708294955
1123,2022-12-22 00:00:00,3.67,10.0,4.0,2.0,1807.95,1792.52,5.3521,56.35,4.3,1796.1,137.14,4.24,89.81640625,3.79,202212,0.054649134894883204,-0.5877069662919528,-0.6048973819390684,1.6967889616679361,0.13970843708294955
1124,2022-12-23 00:00:00,3.75,10.0,4.0,2.0,1799.0500000000002,1798.2,5.3616,56.25,4.3,1802.61,137.82,4.23,89.70703125,3.86,202212,0.054649134894883204,-0.5877069662919528,-0.6048973819390684,1.6967889616679361,0.13970843708294955
1125,2022-12-28 00:00:00,3.88,10.0,4.0,2.0,1803.0,1804.35,5.3284,56.6,4.3,1797.94,138.74,4.35,89.48828125,3.97,202212,0.054649134894883204,-0.5877069662919528,-0.6048973819390684,1.6967889616679361,0.13970843708294955
1126,2022-12-29 00:00:00,3.83,10.0,4.0,2.0,1809.575,1814.91,5.3097,56.8,4.3,1812.36,139.52,4.34,89.5078125,3.94,202212,0.054649134894883204,-0.5877069662919528,-0.6048973819390684,1.6967889616679361,0.13970843708294955
1127,2022-12-30 00:00:00,3.88,10.0,4.0,2.0,1813.05,1824.02,5.2634,57.3,4.3,1815.64,139.55,4.3,89.3984375,3.99,202212,0.054649134894883204,-0.5877069662919528,-0.6048973819390684,1.6967889616679361,0.13970843708294955
1128,2023-01-03 00:00:00,3.79,10.0,4.0,2.0,1839.15,1839.48,5.182,58.2,4.31,1829.95,141.01,4.4,89.58984375,3.94,202301,0.006680471597672916,-1.4688915433035798,-0.6402766250062104,-0.6937013834468794,-0.6990472700397492
1129,2023-01-04 00:00:00,3.69,10.0,4.0,2.0,1857.425,1854.56,5.0265,60.0,4.3,1859.3,142.02,4.41,89.7265625,3.85,202301,0.006680471597672916,-1.4688915433035798,-0.6402766250062104,-0.6937013834468794,-0.6990472700397492
1130,2023-01-05 00:00:00,3.71,10.0,4.0,2.0,1842.125,1832.89,4.9563,60.85,4.31,1830.69,140.75,4.51,89.47265625,3.9,202301,0.006680471597672916,-1.4688915433035798,-0.6402766250062104,-0.6937013834468794,-0.6990472700397492
1131,2023-01-06 00:00:00,3.55,10.0,4.0,2.0,1843.35,1865.69,5.1074,59.05,4.31,1862.21,142.84,4.51,90.09375,3.69,202301,0.006680471597672916,-1.4688915433035798,-0.6402766250062104,-0.6937013834468794,-0.6990472700397492
1132,2023-01-09 00:00:00,3.53,10.0,4.0,2.0,1876.3249999999998,1871.81,5.0944,59.2,4.31,1875.23,143.7,4.55,90.17578125,3.66,202301,0.006680471597672916,-1.4688915433035798,-0.6402766250062104,-0.6937013834468794,-0.6990472700397492
1133,2023-01-10 00:00:00,3.61,10.0,4.0,2.0,1876.9250000000002,1877.03,5.0307,59.95,4.31,1875.29,144.05,4.57,90.109375,3.72,202301,0.006680471597672916,-1.4688915433035798,-0.6402766250062104,-0.6937013834468794,-0.6990472700397492
1134,2023-01-11 00:00:00,3.54,10.0,4.0,2.0,1878.3,1875.69,5.073,59.45,4.3,1870.17,144.38,4.57,90.265625,3.66,202301,0.006680471597672916,-1.4688915433035798,-0.6402766250062104,-0.6937013834468794,-0.6990472700397492
1135,2023-01-12 00:00:00,3.43,10.0,4.0,2.0,1882.8249999999998,1897.09,4.9279,61.2,4.3,1890.77,145.93,4.5,90.53515625,3.53,202301,0.006680471597672916,-1.4688915433035798,-0.6402766250062104,-0.6937013834468794,-0.6990472700397492
1136,2023-01-13 00:00:00,3.49,10.0,4.0,2.0,1905.6,1920.23,4.9079,61.45,4.3,1911.17,147.95,4.51,90.33203125,3.6,202301,0.006680471597672916,-1.4688915433035798,-0.6402766250062104,-0.6937013834468794,-0.6990472700397492
1137,2023-01-17 00:00:00,3.53,10.0,4.0,2.0,1909.375,1908.69,4.8024,62.8,4.31,1910.61,147.09,4.56,90.3984375,3.6,202301,0.006680471597672916,-1.4688915433035798,-0.6402766250062104,-0.6937013834468794,-0.6990472700397492
1138,2023-01-18 00:00:00,3.37,10.0,4.0,2.0,1916.125,1904.11,4.8216,62.55,4.3,1912.42,146.87,4.54,90.80859375,3.43,202301,0.006680471597672916,-1.4688915433035798,-0.6402766250062104,-0.6937013834468794,-0.6990472700397492
1139,2023-01-19 00:00:00,3.39,10.0,4.0,2.0,1913.05,1932.24,4.7569,63.4,4.31,1920.24,148.0,4.55,90.72265625,3.48,202301,0.006680471597672916,-1.4688915433035798,-0.6402766250062104,-0.6937013834468794,-0.6990472700397492
1140,2023-01-20 00:00:00,3.48,10.0,4.0,2.0,1926.825,1926.08,4.7457,63.55,4.3,1928.55,148.28,4.57,90.59765625,3.56,202301,0.006680471597672916,-1.4688915433035798,-0.6402766250062104,-0.6937013834468794,-0.6990472700397492
1141,2023-01-26 00:00:00,3.49,10.0,4.0,2.0,1934.45,1929.21,4.7271,63.8,4.3,1926.83,148.54,4.55,90.48828125,3.58,202301,0.006680471597672916,-1.4688915433035798,-0.6402766250062104,-0.6937013834468794,-0.6990472700397492
1142,2023-01-27 00:00:00,3.52,10.0,4.0,2.0,1925.65,1928.04,4.716,63.95,4.3,1928.09,148.47,4.57,90.4921875,3.62,202301,0.006680471597672916,-1.4688915433035798,-0.6402766250062104,-0.6937013834468794,-0.6990472700397492
1143,2023-01-30 00:00:00,3.55,10.0,4.0,2.0,1925.425,1923.17,4.6904,64.3,4.3,1924.61,148.02,4.59,90.37890625,3.68,202301,0.006680471597672916,-1.4688915433035798,-0.6402766250062104,-0.6937013834468794,-0.6990472700397492
1144,2023-01-31 00:00:00,3.52,10.0,4.0,2.0,1914.5500000000002,1928.36,4.81,62.7,4.31,1928.19,148.45,4.58,90.52734375,3.63,202301,0.006680471597672916,-1.4688915433035798,-0.6402766250062104,-0.6937013834468794,-0.6990472700397492
1145,2023-02-01 00:00:00,3.39,10.0,4.0,2.0,1925.75,1950.52,4.7948,62.9,4.31,1929.99,148.28,4.54,90.82421875,3.48,202302,-0.03683826853202887,0.02352603414914931,-0.07059860908835372,-0.8043919426151523,-0.22207569652159642
1146,2023-02-02 00:00:00,3.4,10.0,4.0,2.0,1938.275,1912.72,4.6904,64.3,4.56,1923.15,147.4,4.53,90.86328125,3.49,202302,-0.03683826853202887,0.02352603414914931,-0.07059860908835372,-0.8043919426151523,-0.22207569652159642
1147,2023-02-03 00:00:00,3.53,10.0,4.0,2.0,1892.675,1864.97,4.665,64.65,4.55,1870.38,143.48,4.57,90.43359375,3.67,202302,-0.03683826853202887,0.02352603414914931,-0.07059860908835372,-0.8043919426151523,-0.22207569652159642
1148,2023-02-06 00:00:00,3.63,10.0,4.0,2.0,1873.375,1867.48,4.7948,62.9,4.55,1867.15,143.67,4.59,89.96484375,3.81,202302,-0.03683826853202887,0.02352603414914931,-0.07059860908835372,-0.8043919426151523,-0.22207569652159642
1149,2023-02-07 00:00:00,3.67,10.0,4.0,2.0,1872.25,1873.1,4.8177,62.6,4.55,1875.17,144.09,4.59,90.0078125,3.85,202302,-0.03683826853202887,0.02352603414914931,-0.07059860908835372,-0.8043919426151523,-0.22207569652159642
1150,2023-02-08 00:00:00,3.63,10.0,4.0,2.0,1876.7,1875.49,4.7494,63.5,4.55,1875.37,144.56,4.59,90.12109375,3.82,202302,-0.03683826853202887,0.02352603414914931,-0.07059860908835372,-0.8043919426151523,-0.22207569652159642
1151,2023-02-09 00:00:00,3.67,10.0,4.0,2.0,1880.6,1861.78,4.8024,62.8,4.55,1874.28,143.76,4.64,89.95703125,3.87,202302,-0.03683826853202887,0.02352603414914931,-0.07059860908835372,-0.8043919426151523,-0.22207569652159642
1152,2023-02-10 00:00:00,3.74,10.0,4.0,2.0,1861.9,1865.57,4.8024,62.8,4.55,1860.06,143.47,4.66,89.85546875,3.93,202302,-0.03683826853202887,0.02352603414914931,-0.07059860908835372,-0.8043919426151523,-0.22207569652159642
1153,2023-02-13 00:00:00,3.72,10.0,4.0,2.0,1857.275,1853.49,5.5085,54.75,4.55,1852.97,142.68,4.68,89.87890625,3.93,202302,-0.03683826853202887,0.02352603414914931,-0.07059860908835372,-0.8043919426151523,-0.22207569652159642
1154,2023-02-14 00:00:00,3.77,10.0,4.0,2.0,1862.1,1854.31,5.585,54.0,4.55,1850.15,142.88,4.67,89.59375,4.0,202302,-0.03683826853202887,0.02352603414914931,-0.07059860908835372,-0.8043919426151523,-0.22207569652159642
1155,2023-02-15 00:00:00,3.81,10.0,4.0,2.0,1833.325,1836.01,5.6058,53.8,4.55,1834.27,141.43,4.66,89.515625,4.04,202302,-0.03683826853202887,0.02352603414914931,-0.07059860908835372,-0.8043919426151523,-0.22207569652159642
1156,2023-02-16 00:00:00,3.86,10.0,4.0,2.0,1833.125,1836.36,5.611,53.75,4.55,1832.97,141.88,4.7,89.46875,4.06,202302,-0.03683826853202887,0.02352603414914931,-0.07059860908835372,-0.8043919426151523,-0.22207569652159642
1157,2023-02-17 00:00:00,3.82,10.0,4.0,2.0,1829.225,1842.36,5.685,53.05,4.55,1837.4,141.8,4.7,89.62890625,4.03,202302,-0.03683826853202887,0.02352603414914931,-0.07059860908835372,-0.8043919426151523,-0.22207569652159642
1158,2023-02-21 00:00:00,3.95,10.0,4.0,2.0,1835.025,1835.09,5.7173,52.75,4.55,1835.6,141.3,4.72,89.34765625,4.16,202302,-0.03683826853202887,0.02352603414914931,-0.07059860908835372,-0.8043919426151523,-0.22207569652159642
1159,2023-02-22 00:00:00,3.93,10.0,4.0,2.0,1834.6,1825.39,5.669,53.2,4.55,1835.13,141.23,4.71,89.38671875,4.13,202302,-0.03683826853202887,0.02352603414914931,-0.07059860908835372,-0.8043919426151523,-0.22207569652159642
1160,2023-02-23 00:00:00,3.88,10.0,4.0,2.0,1826.5,1822.28,5.669,53.2,4.55,1820.69,140.18,4.71,89.44921875,4.09,202302,-0.03683826853202887,0.02352603414914931,-0.07059860908835372,-0.8043919426151523,-0.22207569652159642
1161,2023-02-24 00:00:00,3.95,10.0,4.0,2.0,1817.525,1811.04,5.85,50.1,4.55,1809.85,139.52,4.72,89.171875,4.19,202302,-0.03683826853202887,0.02352603414914931,-0.07059860908835372,-0.8043919426151523,-0.22207569652159642
1162,2023-02-27 00:00:00,3.92,10.0,4.0,2.0,1813.85,1817.14,5.7637,50.85,4.55,1814.06,140.01,4.74,89.25,4.17,202302,-0.03683826853202887,0.02352603414914931,-0.07059860908835372,-0.8043919426151523,-0.22207569652159642
1163,2023-02-28 00:00:00,3.92,10.0,4.0,2.0,1817.4,1826.92,5.68,51.6,4.55,1825.97,140.9,4.72,89.15625,4.18,202302,-0.03683826853202887,0.02352603414914931,-0.07059860908835372,-0.8043919426151523,-0.22207569652159642
1164,2023-03-01 00:00:00,4.01,10.0,4.0,2.0,1837.375,1836.72,5.658,51.8,4.55,1838.55,141.66,4.73,88.9765625,4.27,202303,0.7312637236358792,5.025024148289838,0.6467335947321667,0.33763661495750896,1.6851645204038483
1165,2023-03-02 00:00:00,4.08,10.0,4.0,2.0,1833.975,1835.87,5.7299,51.15,4.55,1836.85,141.3,4.74,88.90625,4.32,202303,0.7312637236358792,5.025024148289838,0.6467335947321667,0.33763661495750896,1.6851645204038483
1166,2023-03-03 00:00:00,3.97,10.0,4.0,2.0,1843.35,1856.48,5.7808,50.7,4.55,1846.15,142.37,4.74,89.02539063,4.26,202303,0.7312637236358792,5.025024148289838,0.6467335947321667,0.33763661495750896,1.6851645204038483
1167,2023-03-06 00:00:00,3.98,10.0,4.0,2.0,1850.375,1846.86,5.7581,50.9,4.55,1851.29,142.28,4.76,88.98046875,4.27,202303,0.7312637236358792,5.025024148289838,0.6467335947321667,0.33763661495750896,1.6851645204038483
1168,2023-03-07 00:00:00,3.97,10.0,4.0,2.0,1834.8,1813.45,5.8617,50.0,4.55,1819.4,140.38,5.04,88.734375,4.31,202303,0.7312637236358792,5.025024148289838,0.6467335947321667,0.33763661495750896,1.6851645204038483
1169,2023-03-08 00:00:00,3.98,10.0,4.0,2.0,1814.8249999999998,1813.8,6.0059,48.8,4.55,1820.8,140.71,4.89,88.59375,4.34,202303,0.7312637236358792,5.025024148289838,0.6467335947321667,0.33763661495750896,1.6851645204038483
1170,2023-03-09 00:00:00,3.93,10.0,4.0,2.0,1824.45,1831.03,6.106,48.0,4.55,1827.89,142.18,4.87,89.08203125,4.22,202303,0.7312637236358792,5.025024148289838,0.6467335947321667,0.33763661495750896,1.6851645204038483
1171,2023-03-10 00:00:00,3.7,10.0,4.0,2.0,1848.1,1868.26,6.1702,47.5,4.55,1859.13,144.5,4.83,89.67578125,3.96,202303,0.7312637236358792,5.025024148289838,0.6467335947321667,0.33763661495750896,1.6851645204038483
1172,2023-03-13 00:00:00,3.55,10.0,4.0,2.0,1896.6999999999998,1913.7,6.0182,48.7,4.55,1904.78,147.43,4.7,90.80859375,3.68,202303,0.7312637236358792,5.025024148289838,0.6467335947321667,0.33763661495750896,1.6851645204038483
1173,2023-03-14 00:00:00,3.64,10.0,4.0,2.0,1904.5,1904.01,6.0244,48.65,4.55,1904.15,147.17,4.71,90.26171875,3.78,202303,0.7312637236358792,5.025024148289838,0.6467335947321667,0.33763661495750896,1.6851645204038483
1174,2023-03-15 00:00:00,3.51,10.0,4.0,2.0,1914.7,1918.58,6.043,48.5,4.58,1929.14,147.78,4.59,91.03125,3.59,202303,0.7312637236358792,5.025024148289838,0.6467335947321667,0.33763661495750896,1.6851645204038483
1175,2023-03-16 00:00:00,3.56,10.0,4.0,2.0,1921.075,1919.52,5.8971,49.7,4.57,1918.06,147.02,4.57,90.50390625,3.72,202303,0.7312637236358792,5.025024148289838,0.6467335947321667,0.33763661495750896,1.6851645204038483
1176,2023-03-17 00:00:00,3.39,10.0,4.0,2.0,1946.5,1989.25,5.85,50.1,4.55,1961.15,150.89,4.36,91.26171875,3.44,202303,0.7312637236358792,5.025024148289838,0.6467335947321667,0.33763661495750896,1.6851645204038483
1177,2023-03-20 00:00:00,3.47,10.0,4.0,2.0,1975.65,1978.84,5.9031,49.65,4.55,1978.47,151.71,4.65,91.0390625,3.56,202303,0.7312637236358792,5.025024148289838,0.6467335947321667,0.33763661495750896,1.6851645204038483
1178,2023-03-21 00:00:00,3.59,10.0,4.0,2.0,1959.225,1940.07,5.9329,49.4,4.55,1946.34,149.09,4.62,90.6171875,3.73,202303,0.7312637236358792,5.025024148289838,0.6467335947321667,0.33763661495750896,1.6851645204038483
1179,2023-03-22 00:00:00,3.48,10.0,4.0,2.0,1945.6,1970.11,5.8617,50.0,4.55,1946.39,149.76,4.63,91.2734375,3.54,202303,0.7312637236358792,5.025024148289838,0.6467335947321667,0.33763661495750896,1.6851645204038483
1180,2023-03-23 00:00:00,3.38,10.0,4.0,2.0,1977.75,1993.4,5.85,50.1,4.8,1988.08,152.93,4.57,91.53125,3.39,202303,0.7312637236358792,5.025024148289838,0.6467335947321667,0.33763661495750896,1.6851645204038483
1181,2023-03-24 00:00:00,3.38,10.0,4.0,2.0,1994.975,1978.21,5.85,50.1,4.8,1993.15,151.99,4.57,91.66796875,3.41,202303,0.7312637236358792,5.025024148289838,0.6467335947321667,0.33763661495750896,1.6851645204038483
1182,2023-03-27 00:00:00,3.53,10.0,4.0,2.0,1953.25,1956.67,5.821,50.35,4.81,1958.08,150.12,4.75,91.171875,3.59,202303,0.7312637236358792,5.025024148289838,0.6467335947321667,0.33763661495750896,1.6851645204038483
1183,2023-03-28 00:00:00,3.55,10.0,4.0,2.0,1956.35,1973.54,5.8559,50.05,4.84,1969.62,151.67,4.64,90.9140625,3.63,202303,0.7312637236358792,5.025024148289838,0.6467335947321667,0.33763661495750896,1.6851645204038483
1184,2023-03-29 00:00:00,3.57,10.0,4.0,2.0,1965.425,1964.7,5.8794,49.85,4.83,1965.52,151.22,4.64,90.92578125,3.67,202303,0.7312637236358792,5.025024148289838,0.6467335947321667,0.33763661495750896,1.6851645204038483
1185,2023-03-30 00:00:00,3.55,10.0,4.0,2.0,1966.9499999999998,1980.37,5.8152,50.4,4.82,1974.42,152.43,4.8,90.91015625,3.66,202303,0.7312637236358792,5.025024148289838,0.6467335947321667,0.33763661495750896,1.6851645204038483
1186,2023-03-31 00:00:00,3.48,10.0,4.0,2.0,1979.25,1969.28,5.3451,50.5,4.87,1976.5,151.63,4.68,91.19921875,3.6,202303,0.7312637236358792,5.025024148289838,0.6467335947321667,0.33763661495750896,1.6851645204038483
1187,2023-04-03 00:00:00,3.43,10.0,4.0,2.0,1973.1999999999998,1984.65,5.3135,50.8,4.84,1986.27,152.77,4.77,91.37890625,3.52,202304,0.9149927547553828,0.5663287745788188,0.21965558913595337,-0.8671875482971532,0.20844739254325045
1188,2023-04-04 00:00:00,3.35,10.0,4.0,2.0,1995.925,2020.42,5.3292,50.65,4.83,2021.85,155.37,4.74,91.68359375,3.39,202304,0.9149927547553828,0.5663287745788188,0.21965558913595337,-0.8671875482971532,0.20844739254325045
1189,2023-04-06 00:00:00,3.3,10.0,4.0,2.0,2009.575,2007.91,5.3031,50.9,4.81,2009.6,154.4,4.77,91.71875,3.37,202304,0.9149927547553828,0.5663287745788188,0.21965558913595337,-0.8671875482971532,0.20844739254325045
1190,2023-04-11 00:00:00,3.43,10.0,4.0,2.0,2002.1,2003.62,5.2875,51.05,4.8,2004.39,154.14,4.89,91.3046875,3.54,202304,0.9149927547553828,0.5663287745788188,0.21965558913595337,-0.8671875482971532,0.20844739254325045
1191,2023-04-12 00:00:00,3.41,10.0,4.0,2.0,2008.5500000000002,2014.93,5.2311,51.6,4.8,2007.09,154.64,4.87,91.5,3.46,202304,0.9149927547553828,0.5663287745788188,0.21965558913595337,-0.8671875482971532,0.20844739254325045
1192,2023-04-13 00:00:00,3.45,10.0,4.0,2.0,2037.7749999999999,2040.22,5.2362,51.55,4.8,2037.33,156.87,4.95,91.47265625,3.51,202304,0.9149927547553828,0.5663287745788188,0.21965558913595337,-0.8671875482971532,0.20844739254325045
1193,2023-04-14 00:00:00,3.52,10.0,4.0,2.0,2027.525,2004.17,5.2464,51.45,4.8,1998.71,154.09,4.98,91.20703125,3.6,202304,0.9149927547553828,0.5663287745788188,0.21965558913595337,-0.8671875482971532,0.20844739254325045
1194,2023-04-17 00:00:00,3.6,10.0,4.0,2.0,2002.675,1995.19,5.2362,51.55,4.8,1990.75,153.44,5.06,91.01171875,3.69,202304,0.9149927547553828,0.5663287745788188,0.21965558913595337,-0.8671875482971532,0.20844739254325045
1195,2023-04-18 00:00:00,3.58,10.0,4.0,2.0,1999.35,2005.45,5.221,51.7,4.8,2008.25,154.37,5.04,91.03515625,3.69,202304,0.9149927547553828,0.5663287745788188,0.21965558913595337,-0.8671875482971532,0.20844739254325045
1196,2023-04-19 00:00:00,3.6,10.0,4.0,2.0,1983.3249999999998,1994.93,5.2566,51.35,4.8,1993.72,153.49,5.01,90.94140625,3.71,202304,0.9149927547553828,0.5663287745788188,0.21965558913595337,-0.8671875482971532,0.20844739254325045
1197,2023-04-20 00:00:00,3.54,10.0,4.0,2.0,2000.6,2004.8,5.3292,50.65,4.8,2000.17,154.33,4.97,91.17578125,3.63,202304,0.9149927547553828,0.5663287745788188,0.21965558913595337,-0.8671875482971532,0.20844739254325045
1198,2023-04-21 00:00:00,3.57,10.0,4.0,2.0,1979.875,1983.06,5.3398,50.55,4.8,1978.07,152.25,4.98,91.125,3.66,202304,0.9149927547553828,0.5663287745788188,0.21965558913595337,-0.8671875482971532,0.20844739254325045
1199,2023-04-24 00:00:00,3.52,10.0,4.0,2.0,1982.1750000000002,1989.14,5.3557,50.4,4.8,1984.49,152.84,5.04,91.375,3.6,202304,0.9149927547553828,0.5663287745788188,0.21965558913595337,-0.8671875482971532,0.20844739254325045
1200,2023-04-25 00:00:00,3.4,10.0,4.0,2.0,1988.8000000000002,1997.39,5.3985,50.0,4.8,1987.51,153.14,4.97,91.72265625,3.43,202304,0.9149927547553828,0.5663287745788188,0.21965558913595337,-0.8671875482971532,0.20844739254325045
1201,2023-04-26 00:00:00,3.43,10.0,4.0,2.0,2001.025,1989.04,5.3398,50.55,4.8,1995.05,152.37,5.0,91.625,3.46,202304,0.9149927547553828,0.5663287745788188,0.21965558913595337,-0.8671875482971532,0.20844739254325045
1202,2023-04-27 00:00:00,3.53,10.0,4.0,2.0,1991.65,1987.78,5.2927,51.0,4.81,1984.83,152.7,5.03,91.34765625,3.6,202304,0.9149927547553828,0.5663287745788188,0.21965558913595337,-0.8671875482971532,0.20844739254325045
1203,2023-04-28 00:00:00,3.44,10.0,4.0,2.0,1982.625,1990.0,5.272,51.2,4.81,1990.4,152.75,4.95,91.578125,3.51,202304,0.9149927547553828,0.5663287745788188,0.21965558913595337,-0.8671875482971532,0.20844739254325045
1204,2023-05-02 00:00:00,3.44,10.0,4.0,2.0,1988.15,2016.68,5.3135,50.8,4.81,2012.45,154.6,5.08,91.66796875,3.46,202305,0.9669965178739779,-0.592056347224883,0.3413168637647987,-0.6309057777648784,0.021337814162253804
1205,2023-05-03 00:00:00,3.38,10.0,4.0,2.0,2015.6,2038.97,5.3187,50.75,4.81,2022.39,155.63,5.09,92.1015625,3.37,202305,0.9669965178739779,-0.592056347224883,0.3413168637647987,-0.6309057777648784,0.021337814162253804
1206,2023-05-04 00:00:00,3.37,10.0,4.0,2.0,2040.375,2050.28,5.2668,51.25,5.06,2047.01,156.85,5.1,92.08984375,3.29,202305,0.9669965178739779,-0.592056347224883,0.3413168637647987,-0.6309057777648784,0.021337814162253804
1207,2023-05-05 00:00:00,3.44,10.0,4.0,2.0,2019.9250000000002,2016.79,5.2362,51.55,5.06,2011.6,154.83,5.1,91.8125,3.41,202305,0.9669965178739779,-0.592056347224883,0.3413168637647987,-0.6309057777648784,0.021337814162253804
1208,2023-05-08 00:00:00,3.52,10.0,4.0,2.0,2019.9250000000002,2021.16,5.1859,52.05,5.06,2023.41,155.82,5.15,91.63671875,3.49,202305,0.9669965178739779,-0.592056347224883,0.3413168637647987,-0.6309057777648784,0.021337814162253804
1209,2023-05-09 00:00:00,3.53,10.0,4.0,2.0,2027.9,2034.56,5.3292,50.65,5.06,2026.14,156.74,5.13,91.6328125,3.51,202305,0.9669965178739779,-0.592056347224883,0.3413168637647987,-0.6309057777648784,0.021337814162253804
1210,2023-05-10 00:00:00,3.43,10.0,4.0,2.0,2033.375,2030.09,5.3716,50.25,5.06,2022.62,156.55,5.08,91.9140625,3.37,202305,0.9669965178739779,-0.592056347224883,0.3413168637647987,-0.6309057777648784,0.021337814162253804
1211,2023-05-11 00:00:00,3.39,10.0,4.0,2.0,2020.85,2015.05,5.3985,50.0,5.05,2020.3,155.53,5.04,91.953125,3.36,202305,0.9669965178739779,-0.592056347224883,0.3413168637647987,-0.6309057777648784,0.021337814162253804
1212,2023-05-12 00:00:00,3.46,10.0,4.0,2.0,2013.275,2010.77,5.4475,49.55,5.05,2010.3,155.45,5.08,91.7578125,3.45,202305,0.9669965178739779,-0.592056347224883,0.3413168637647987,-0.6309057777648784,0.021337814162253804
1213,2023-05-15 00:00:00,3.5,10.0,4.0,2.0,2017.6,2016.49,5.3451,50.5,5.06,2014.98,155.69,5.06,91.7265625,3.46,202305,0.9669965178739779,-0.592056347224883,0.3413168637647987,-0.6309057777648784,0.021337814162253804
1214,2023-05-16 00:00:00,3.54,10.0,4.0,2.0,2008.6750000000002,1989.17,5.324,50.7,5.05,1999.15,153.45,5.07,91.5625,3.52,202305,0.9669965178739779,-0.592056347224883,0.3413168637647987,-0.6309057777648784,0.021337814162253804
1215,2023-05-17 00:00:00,3.57,10.0,4.0,2.0,1980.075,1981.84,5.3931,50.05,5.05,1980.6,152.86,5.1,91.40625,3.58,202305,0.9669965178739779,-0.592056347224883,0.3413168637647987,-0.6309057777648784,0.021337814162253804
1216,2023-05-18 00:00:00,3.65,10.0,4.0,2.0,1968.625,1957.55,5.4256,49.75,5.05,1953.7,151.02,5.14,91.1796875,3.69,202305,0.9669965178739779,-0.592056347224883,0.3413168637647987,-0.6309057777648784,0.021337814162253804
1217,2023-05-19 00:00:00,3.7,10.0,4.0,2.0,1963.5749999999998,1977.81,5.4311,49.7,5.05,1967.25,152.61,5.12,91.15625,3.76,202305,0.9669965178739779,-0.592056347224883,0.3413168637647987,-0.6309057777648784,0.021337814162253804
1218,2023-05-22 00:00:00,3.72,10.0,4.0,2.0,1975.75,1971.86,5.4641,49.4,5.05,1972.65,152.32,5.24,91.06640625,3.77,202305,0.9669965178739779,-0.592056347224883,0.3413168637647987,-0.6309057777648784,0.021337814162253804
1219,2023-05-23 00:00:00,3.7,10.0,4.0,2.0,1964.4250000000002,1975.23,5.4752,49.3,5.05,1967.3,152.18,5.18,91.09375,3.76,202305,0.9669965178739779,-0.592056347224883,0.3413168637647987,-0.6309057777648784,0.021337814162253804
1220,2023-05-24 00:00:00,3.73,10.0,4.0,2.0,1973.225,1957.16,5.4863,49.2,5.05,1969.12,151.57,5.21,90.86328125,3.75,202305,0.9669965178739779,-0.592056347224883,0.3413168637647987,-0.6309057777648784,0.021337814162253804
1221,2023-05-25 00:00:00,3.83,10.0,4.0,2.0,1955.275,1941.41,5.5597,48.55,5.06,1944.8,150.12,5.21,90.53515625,3.9,202305,0.9669965178739779,-0.592056347224883,0.3413168637647987,-0.6309057777648784,0.021337814162253804
1222,2023-05-30 00:00:00,3.69,10.0,4.0,2.0,1950.975,1959.33,5.7067,47.3,5.06,1958.3,151.35,5.28,90.8046875,3.81,202305,0.9669965178739779,-0.592056347224883,0.3413168637647987,-0.6309057777648784,0.021337814162253804
1223,2023-05-31 00:00:00,3.64,10.0,4.0,2.0,1961.7,1962.73,5.9324,45.5,5.08,1971.45,151.69,5.26,90.96875,3.74,202305,0.9669965178739779,-0.592056347224883,0.3413168637647987,-0.6309057777648784,0.021337814162253804
1224,2023-06-01 00:00:00,3.61,10.0,4.0,2.0,1966.55,1977.61,5.8936,45.8,5.08,1979.0,152.67,5.24,91.125,3.7,202306,1.0138338447726691,-0.2800607549693678,0.21460141155493317,-0.5436305291898942,0.10118599304208509
1225,2023-06-02 00:00:00,3.69,10.0,4.0,2.0,1972.125,1947.97,5.7248,47.15,5.07,1965.02,150.94,5.23,90.78125,3.84,202306,1.0138338447726691,-0.2800607549693678,0.21460141155493317,-0.5436305291898942,0.10118599304208509
1226,2023-06-05 00:00:00,3.69,10.0,4.0,2.0,1951.075,1961.86,5.6118,48.1,5.06,1957.45,151.4,5.2,90.88671875,3.82,202306,1.0138338447726691,-0.2800607549693678,0.21460141155493317,-0.5436305291898942,0.10118599304208509
1227,2023-06-06 00:00:00,3.7,10.0,4.0,2.0,1959.575,1963.52,5.6648,47.65,5.05,1959.4,151.89,5.18,90.90234375,3.85,202306,1.0138338447726691,-0.2800607549693678,0.21460141155493317,-0.5436305291898942,0.10118599304208509
1228,2023-06-07 00:00:00,3.79,10.0,4.0,2.0,1965.1999999999998,1940.02,5.7067,47.3,5.05,1958.0,150.22,5.16,90.671875,3.93,202306,1.0138338447726691,-0.2800607549693678,0.21460141155493317,-0.5436305291898942,0.10118599304208509
1229,2023-06-08 00:00:00,3.73,10.0,4.0,2.0,1956.825,1965.46,5.7676,46.8,5.05,1968.32,151.61,5.12,90.796875,3.87,202306,1.0138338447726691,-0.2800607549693678,0.21460141155493317,-0.5436305291898942,0.10118599304208509
1230,2023-06-09 00:00:00,3.75,10.0,4.0,2.0,1961.925,1961.19,5.7067,47.3,5.05,1963.48,151.53,5.11,90.65625,3.92,202306,1.0138338447726691,-0.2800607549693678,0.21460141155493317,-0.5436305291898942,0.10118599304208509
1231,2023-06-12 00:00:00,3.73,10.0,4.0,2.0,1958.525,1957.84,5.6946,47.4,5.05,1956.45,151.07,5.14,90.70703125,3.89,202306,1.0138338447726691,-0.2800607549693678,0.21460141155493317,-0.5436305291898942,0.10118599304208509
1232,2023-06-13 00:00:00,3.84,10.0,4.0,2.0,1959.2,1943.74,5.7188,47.2,5.05,1950.9,150.25,5.11,90.49609375,4.01,202306,1.0138338447726691,-0.2800607549693678,0.21460141155493317,-0.5436305291898942,0.10118599304208509
1233,2023-06-14 00:00:00,3.83,10.0,4.0,2.0,1953.85,1942.52,5.7738,46.75,5.05,1957.7,150.98,5.1,90.46875,4.06,202306,1.0138338447726691,-0.2800607549693678,0.21460141155493317,-0.5436305291898942,0.10118599304208509
1234,2023-06-15 00:00:00,3.72,10.0,4.0,2.0,1943.5,1958.01,5.952,45.35,5.06,1952.6,151.2,5.07,90.5703125,3.91,202306,1.0138338447726691,-0.2800607549693678,0.21460141155493317,-0.5436305291898942,0.10118599304208509
1235,2023-06-16 00:00:00,3.77,10.0,4.0,2.0,1961.925,1957.98,5.8362,46.25,5.05,1959.35,151.29,5.09,90.44140625,3.99,202306,1.0138338447726691,-0.2800607549693678,0.21460141155493317,-0.5436305291898942,0.10118599304208509
1236,2023-06-20 00:00:00,3.74,10.0,4.0,2.0,1942.15,1936.42,5.8616,46.05,5.05,1935.8,149.83,5.14,90.5078125,3.96,202306,1.0138338447726691,-0.2800607549693678,0.21460141155493317,-0.5436305291898942,0.10118599304208509
1237,2023-06-21 00:00:00,3.72,10.0,4.0,2.0,1930.45,1932.55,5.9652,45.25,5.05,1930.2,149.6,5.15,90.4921875,3.95,202306,1.0138338447726691,-0.2800607549693678,0.21460141155493317,-0.5436305291898942,0.10118599304208509
1238,2023-06-23 00:00:00,3.74,10.0,4.0,2.0,1925.025,1921.2,6.1208,44.1,5.05,1924.05,148.42,5.15,90.46875,3.99,202306,1.0138338447726691,-0.2800607549693678,0.21460141155493317,-0.5436305291898942,0.10118599304208509
1239,2023-06-26 00:00:00,3.72,10.0,4.0,2.0,1926.725,1923.26,6.1909,43.6,5.05,1925.86,148.73,5.24,90.5,3.96,202306,1.0138338447726691,-0.2800607549693678,0.21460141155493317,-0.5436305291898942,0.10118599304208509
1240,2023-06-27 00:00:00,3.77,10.0,4.0,2.0,1921.4250000000002,1913.69,6.1208,44.1,5.05,1915.05,147.98,5.19,90.3671875,4.02,202306,1.0138338447726691,-0.2800607549693678,0.21460141155493317,-0.5436305291898942,0.10118599304208509
1241,2023-06-28 00:00:00,3.71,10.0,4.0,2.0,1909.125,1907.32,6.1069,44.2,5.06,1909.55,147.84,5.18,90.5,3.97,202306,1.0138338447726691,-0.2800607549693678,0.21460141155493317,-0.5436305291898942,0.10118599304208509
1242,2023-06-29 00:00:00,3.85,10.0,4.0,2.0,1901.8249999999998,1908.2,6.1839,43.65,5.06,1911.45,147.62,5.2,90.15234375,4.14,202306,1.0138338447726691,-0.2800607549693678,0.21460141155493317,-0.5436305291898942,0.10118599304208509
1243,2023-06-30 00:00:00,3.81,10.0,4.0,2.0,1907.9,1919.35,6.2052,43.5,5.09,1916.0,148.45,5.17,90.07421875,4.13,202306,1.0138338447726691,-0.2800607549693678,0.21460141155493317,-0.5436305291898942,0.10118599304208509
1244,2023-07-03 00:00:00,3.86,10.0,4.0,2.0,1921.25,1921.64,6.1208,44.1,5.06,1927.34,148.47,5.21,90.0078125,4.19,202307,0.9239680235169677,-0.44707698279388147,-0.6482189040620994,-1.0012934180587145,-0.2931553203494319
1245,2023-07-05 00:00:00,3.95,10.0,4.0,2.0,1926.475,1915.3,6.1839,43.65,5.06,1923.71,148.29,5.21,89.9609375,4.25,202307,0.9239680235169677,-0.44707698279388147,-0.6482189040620994,-1.0012934180587145,-0.2931553203494319
1246,2023-07-06 00:00:00,4.05,10.0,4.0,2.0,1913.975,1910.9,6.241,43.25,5.06,1909.92,147.46,5.23,89.8515625,4.37,202307,0.9239680235169677,-0.44707698279388147,-0.6482189040620994,-1.0012934180587145,-0.2931553203494319
1247,2023-07-07 00:00:00,4.06,10.0,4.0,2.0,1918.975,1925.05,6.4345,41.95,5.06,1929.5,148.72,5.22,89.921875,4.35,202307,0.9239680235169677,-0.44707698279388147,-0.6482189040620994,-1.0012934180587145,-0.2931553203494319
1248,2023-07-10 00:00:00,4.01,10.0,4.0,2.0,1923.925,1925.35,6.4268,42.0,5.06,1922.4,149.17,5.25,90.1796875,4.25,202307,0.9239680235169677,-0.44707698279388147,-0.6482189040620994,-1.0012934180587145,-0.2931553203494319
1249,2023-07-11 00:00:00,3.99,10.0,4.0,2.0,1935.075,1932.23,6.3812,42.3,5.06,1932.05,150.1,5.25,90.15625,4.24,202307,0.9239680235169677,-0.44707698279388147,-0.6482189040620994,-1.0012934180587145,-0.2931553203494319
1250,2023-07-12 00:00:00,3.86,10.0,4.0,2.0,1944.525,1957.35,6.3587,42.45,5.05,1953.65,152.25,5.24,90.4921875,4.07,202307,0.9239680235169677,-0.44707698279388147,-0.6482189040620994,-1.0012934180587145,-0.2931553203494319
1251,2023-07-13 00:00:00,3.76,10.0,4.0,2.0,1958.8249999999998,1960.51,6.1839,43.65,5.06,1959.9,152.83,5.24,90.7734375,3.93,202307,0.9239680235169677,-0.44707698279388147,-0.6482189040620994,-1.0012934180587145,-0.2931553203494319
1252,2023-07-14 00:00:00,3.83,10.0,4.0,2.0,1955.1,1955.21,6.1697,43.75,5.05,1959.25,153.32,5.25,90.515625,4.04,202307,0.9239680235169677,-0.44707698279388147,-0.6482189040620994,-1.0012934180587145,-0.2931553203494319
1253,2023-07-18 00:00:00,3.8,10.0,4.0,2.0,1968.475,1978.72,6.2555,43.15,5.06,1982.75,154.42,5.25,90.56640625,4.0,202307,0.9239680235169677,-0.44707698279388147,-0.6482189040620994,-1.0012934180587145,-0.2931553203494319
1254,2023-07-19 00:00:00,3.75,10.0,4.0,2.0,1976.75,1976.64,6.2555,43.15,5.05,1976.05,154.51,5.26,90.5703125,3.98,202307,0.9239680235169677,-0.44707698279388147,-0.6482189040620994,-1.0012934180587145,-0.2931553203494319
1255,2023-07-20 00:00:00,3.85,10.0,4.0,2.0,1978.8,1969.53,6.1486,43.9,5.06,1970.1,153.79,5.26,90.37890625,4.08,202307,0.9239680235169677,-0.44707698279388147,-0.6482189040620994,-1.0012934180587145,-0.2931553203494319
1256,2023-07-21 00:00:00,3.84,10.0,4.0,2.0,1962.1999999999998,1961.94,6.1138,44.15,5.05,1960.65,153.51,5.27,90.41796875,4.09,202307,0.9239680235169677,-0.44707698279388147,-0.6482189040620994,-1.0012934180587145,-0.2931553203494319
1257,2023-07-24 00:00:00,3.86,10.0,4.0,2.0,1962.375,1954.73,6.2483,43.2,5.05,1960.6,153.19,5.28,90.27734375,4.13,202307,0.9239680235169677,-0.44707698279388147,-0.6482189040620994,-1.0012934180587145,-0.2931553203494319
1258,2023-07-25 00:00:00,3.91,10.0,4.0,2.0,1960.9,1964.96,6.1697,43.75,5.06,1962.04,153.41,5.28,90.25390625,4.15,202307,0.9239680235169677,-0.44707698279388147,-0.6482189040620994,-1.0012934180587145,-0.2931553203494319
1259,2023-07-26 00:00:00,3.86,10.0,4.0,2.0,1969.15,1972.07,6.1277,44.05,5.06,1970.95,153.94,5.28,90.33984375,4.09,202307,0.9239680235169677,-0.44707698279388147,-0.6482189040620994,-1.0012934180587145,-0.2931553203494319
1260,2023-07-27 00:00:00,4.01,10.0,4.0,2.0,1960.275,1946.0,6.0184,44.85,5.31,1945.01,152.23,5.28,90.15234375,4.24,202307,0.9239680235169677,-0.44707698279388147,-0.6482189040620994,-1.0012934180587145,-0.2931553203494319
1261,2023-07-28 00:00:00,3.96,10.0,4.0,2.0,1952.2,1959.49,6.1208,44.1,5.3,1960.75,153.28,5.28,90.31640625,4.18,202307,0.9239680235169677,-0.44707698279388147,-0.6482189040620994,-1.0012934180587145,-0.2931553203494319
1262,2023-07-31 00:00:00,3.97,10.0,4.0,2.0,1963.1,1965.09,6.1839,43.65,5.31,1968.4,153.91,5.28,90.30859375,4.18,202307,0.9239680235169677,-0.44707698279388147,-0.6482189040620994,-1.0012934180587145,-0.2931553203494319
1263,2023-08-01 00:00:00,4.05,10.0,4.0,2.0,1951.975,1944.29,6.2483,43.2,5.31,1943.1,151.76,5.27,90.2578125,4.24,202308,0.9408626470681865,-0.2644029836108196,-1.0850442521359944,-0.7160523617404729,-0.2811592376047751
1264,2023-08-02 00:00:00,4.08,10.0,4.0,2.0,1946.95,1934.45,6.3512,42.5,5.3,1934.6,151.51,5.27,90.31640625,4.24,202308,0.9408626470681865,-0.2644029836108196,-1.0850442521359944,-0.7160523617404729,-0.2811592376047751
1265,2023-08-03 00:00:00,4.2,10.0,4.0,2.0,1936.275,1934.06,6.3812,42.3,5.3,1936.25,151.12,5.27,90.29296875,4.3,202308,0.9408626470681865,-0.2644029836108196,-1.0850442521359944,-0.7160523617404729,-0.2811592376047751
1266,2023-08-04 00:00:00,4.05,10.0,4.0,2.0,1938.225,1942.91,6.4268,42.0,5.3,1939.75,151.68,5.28,90.5859375,4.15,202308,0.9408626470681865,-0.2644029836108196,-1.0850442521359944,-0.7160523617404729,-0.2811592376047751
1267,2023-08-07 00:00:00,4.09,10.0,4.0,2.0,1934.3000000000002,1936.56,6.3737,42.35,5.3,1934.3,151.19,5.29,90.57421875,4.16,202308,0.9408626470681865,-0.2644029836108196,-1.0850442521359944,-0.7160523617404729,-0.2811592376047751
1268,2023-08-08 00:00:00,4.02,10.0,4.0,2.0,1930.6,1925.24,6.4575,41.8,5.3,1927.5,150.51,5.3,90.6484375,4.1,202308,0.9408626470681865,-0.2644029836108196,-1.0850442521359944,-0.7160523617404729,-0.2811592376047751
1269,2023-08-09 00:00:00,4.0,10.0,4.0,2.0,1925.575,1914.46,6.5357,41.3,5.3,1917.56,149.82,5.28,90.54296875,4.12,202308,0.9408626470681865,-0.2644029836108196,-1.0850442521359944,-0.7160523617404729,-0.2811592376047751
1270,2023-08-10 00:00:00,4.09,10.0,4.0,2.0,1920.5,1912.48,6.6648,40.5,5.3,1913.85,149.67,5.28,90.44140625,4.21,202308,0.9408626470681865,-0.2644029836108196,-1.0850442521359944,-0.7160523617404729,-0.2811592376047751
1271,2023-08-11 00:00:00,4.16,10.0,4.0,2.0,1916.925,1913.76,6.7991,39.7,5.3,1917.85,149.49,5.28,90.35546875,4.31,202308,0.9408626470681865,-0.2644029836108196,-1.0850442521359944,-0.7160523617404729,-0.2811592376047751
1272,2023-08-14 00:00:00,4.19,10.0,4.0,2.0,1908.625,1907.1,7.0385,38.35,5.3,1908.65,149.24,5.29,90.21875,4.36,202308,0.9408626470681865,-0.2644029836108196,-1.0850442521359944,-0.7160523617404729,-0.2811592376047751
1273,2023-08-15 00:00:00,4.21,10.0,4.0,2.0,1903.975,1902.0,6.9838,38.65,5.3,1908.2,148.68,5.29,90.24609375,4.36,202308,0.9408626470681865,-0.2644029836108196,-1.0850442521359944,-0.7160523617404729,-0.2811592376047751
1274,2023-08-16 00:00:00,4.28,10.0,4.0,2.0,1905.5,1891.81,6.9035,39.1,5.3,1903.9,148.1,5.29,90.21875,4.42,202308,0.9408626470681865,-0.2644029836108196,-1.0850442521359944,-0.7160523617404729,-0.2811592376047751
1275,2023-08-17 00:00:00,4.3,10.0,4.0,2.0,1895.15,1889.43,6.8771,39.25,5.3,1895.25,147.14,5.29,90.28515625,4.42,202308,0.9408626470681865,-0.2644029836108196,-1.0850442521359944,-0.7160523617404729,-0.2811592376047751
1276,2023-08-18 00:00:00,4.26,10.0,4.0,2.0,1892.725,1889.31,7.0477,38.3,5.3,1892.45,147.24,5.28,90.31640625,4.38,202308,0.9408626470681865,-0.2644029836108196,-1.0850442521359944,-0.7160523617404729,-0.2811592376047751
1277,2023-08-21 00:00:00,4.34,10.0,4.0,2.0,1889.975,1894.93,7.122,37.9,5.3,1888.35,147.7,5.3,90.203125,4.46,202308,0.9408626470681865,-0.2644029836108196,-1.0850442521359944,-0.7160523617404729,-0.2811592376047751
1278,2023-08-22 00:00:00,4.34,10.0,4.0,2.0,1897.3,1897.48,7.1693,37.65,5.3,1897.05,147.94,5.3,90.12890625,4.49,202308,0.9408626470681865,-0.2644029836108196,-1.0850442521359944,-0.7160523617404729,-0.2811592376047751
1279,2023-08-23 00:00:00,4.19,10.0,4.0,2.0,1910.6,1915.48,7.2173,37.4,5.3,1917.1,149.47,5.3,90.31640625,4.36,202308,0.9408626470681865,-0.2644029836108196,-1.0850442521359944,-0.7160523617404729,-0.2811592376047751
1280,2023-08-24 00:00:00,4.23,10.0,4.0,2.0,1918.875,1916.91,6.9658,38.75,5.3,1921.15,149.46,5.31,90.21875,4.39,202308,0.9408626470681865,-0.2644029836108196,-1.0850442521359944,-0.7160523617404729,-0.2811592376047751
1281,2023-08-25 00:00:00,4.25,10.0,4.0,2.0,1916.675,1914.96,7.011,38.5,5.3,1905.05,149.02,5.34,90.16796875,4.44,202308,0.9408626470681865,-0.2644029836108196,-1.0850442521359944,-0.7160523617404729,-0.2811592376047751
1282,2023-08-28 00:00:00,4.2,10.0,4.0,2.0,1916.675,1920.17,7.0754,38.15,5.3,1919.29,149.56,5.34,90.24609375,4.38,202308,0.9408626470681865,-0.2644029836108196,-1.0850442521359944,-0.7160523617404729,-0.2811592376047751
1283,2023-08-29 00:00:00,4.12,10.0,4.0,2.0,1926.75,1937.54,6.9838,38.65,5.3,1934.7,150.91,5.33,90.51171875,4.26,202308,0.9408626470681865,-0.2644029836108196,-1.0850442521359944,-0.7160523617404729,-0.2811592376047751
1284,2023-08-30 00:00:00,4.12,10.0,4.0,2.0,1942.9499999999998,1942.32,6.8249,39.55,5.3,1945.6,151.43,5.32,90.546875,4.27,202308,0.9408626470681865,-0.2644029836108196,-1.0850442521359944,-0.7160523617404729,-0.2811592376047751
1285,2023-08-31 00:00:00,4.09,10.0,4.0,2.0,1943.25,1940.19,6.939,38.9,5.31,1942.45,150.93,5.32,90.59375,4.23,202308,0.9408626470681865,-0.2644029836108196,-1.0850442521359944,-0.7160523617404729,-0.2811592376047751
1286,2023-09-05 00:00:00,4.27,10.0,4.0,2.0,1928.9499999999998,1926.12,6.939,38.9,5.31,1928.8,149.97,5.32,90.44140625,4.37,202309,0.9577572706194052,-0.35458014828690254,-1.1113981780941717,-0.976813775165731,-0.37125870773185
1287,2023-09-06 00:00:00,4.3,10.0,4.0,2.0,1922.75,1916.56,6.9658,38.75,5.3,1916.7,149.37,5.31,90.3203125,4.44,202309,0.9577572706194052,-0.35458014828690254,-1.1113981780941717,-0.976813775165731,-0.37125870773185
1288,2023-09-07 00:00:00,4.27,10.0,4.0,2.0,1919.1,1919.68,7.002,38.55,5.31,1917.8,149.26,5.3,90.46484375,4.38,202309,0.9577572706194052,-0.35458014828690254,-1.1113981780941717,-0.976813775165731,-0.37125870773185
1289,2023-09-11 00:00:00,4.29,10.0,4.0,2.0,1925.775,1922.3,7.1503,37.75,5.3,1921.9,149.58,5.32,90.4296875,4.4,202309,0.9577572706194052,-0.35458014828690254,-1.1113981780941717,-0.976813775165731,-0.37125870773185
1290,2023-09-12 00:00:00,4.27,10.0,4.0,2.0,1913.725,1913.67,7.1789,37.6,5.3,1912.97,148.72,5.32,90.37109375,4.41,202309,0.9577572706194052,-0.35458014828690254,-1.1113981780941717,-0.976813775165731,-0.37125870773185
1291,2023-09-13 00:00:00,4.25,10.0,4.0,2.0,1912.975,1908.12,7.0847,38.1,5.3,1912.47,148.55,5.31,90.4921875,4.39,202309,0.9577572706194052,-0.35458014828690254,-1.1113981780941717,-0.976813775165731,-0.37125870773185
1292,2023-09-14 00:00:00,4.29,10.0,4.0,2.0,1904.1,1910.79,7.2366,37.3,5.3,1911.2,148.63,5.31,90.41015625,4.42,202309,0.9577572706194052,-0.35458014828690254,-1.1113981780941717,-0.976813775165731,-0.37125870773185
1293,2023-09-15 00:00:00,4.33,10.0,4.0,2.0,1923.2,1923.91,7.1315,37.85,5.31,1928.05,149.7,5.32,90.390625,4.45,202309,0.9577572706194052,-0.35458014828690254,-1.1113981780941717,-0.976813775165731,-0.37125870773185
1294,2023-09-18 00:00:00,4.32,10.0,4.0,2.0,1924.95,1933.84,7.2076,37.45,5.31,1926.85,150.22,5.31,90.3671875,4.46,202309,0.9577572706194052,-0.35458014828690254,-1.1113981780941717,-0.976813775165731,-0.37125870773185
1295,2023-09-19 00:00:00,4.37,10.0,4.0,2.0,1934.95,1931.36,7.1789,37.6,5.31,1933.7,150.25,5.31,90.28515625,4.51,202309,0.9577572706194052,-0.35458014828690254,-1.1113981780941717,-0.976813775165731,-0.37125870773185
1296,2023-09-20 00:00:00,4.35,10.0,4.0,2.0,1936.75,1930.3,7.1409,37.8,5.3,1945.35,151.2,5.33,90.13671875,4.52,202309,0.9577572706194052,-0.35458014828690254,-1.1113981780941717,-0.976813775165731,-0.37125870773185
1297,2023-09-21 00:00:00,4.49,10.0,4.0,2.0,1919.2,1920.02,7.3349,36.8,5.3,1919.86,149.25,5.33,90.1875,4.61,202309,0.9577572706194052,-0.35458014828690254,-1.1113981780941717,-0.976813775165731,-0.37125870773185
1298,2023-09-22 00:00:00,4.44,10.0,4.0,2.0,1926.775,1925.23,7.1033,38.0,5.3,1927.45,149.7,5.32,90.30859375,4.57,202309,0.9577572706194052,-0.35458014828690254,-1.1113981780941717,-0.976813775165731,-0.37125870773185
1299,2023-09-25 00:00:00,4.55,10.0,4.0,2.0,1923.6999999999998,1915.92,7.2366,37.3,5.31,1917.05,149.01,5.35,90.28515625,4.62,202309,0.9577572706194052,-0.35458014828690254,-1.1113981780941717,-0.976813775165731,-0.37125870773185
1300,2023-09-26 00:00:00,4.56,10.0,4.0,2.0,1909.675,1900.65,7.3349,36.8,5.31,1904.15,147.76,5.34,90.30859375,4.62,202309,0.9577572706194052,-0.35458014828690254,-1.1113981780941717,-0.976813775165731,-0.37125870773185
1301,2023-09-27 00:00:00,4.61,10.0,4.0,2.0,1891.425,1875.12,7.3649,36.65,5.32,1883.4,145.63,5.34,90.1796875,4.67,202309,0.9577572706194052,-0.35458014828690254,-1.1113981780941717,-0.976813775165731,-0.37125870773185
1302,2023-09-28 00:00:00,4.59,10.0,4.0,2.0,1873.8249999999998,1864.87,7.3052,36.95,5.31,1860.09,144.6,5.32,90.33984375,4.62,202309,0.9577572706194052,-0.35458014828690254,-1.1113981780941717,-0.976813775165731,-0.37125870773185
1303,2023-09-29 00:00:00,4.59,10.0,4.0,2.0,1871.05,1848.63,6.4812,38.4,5.31,1856.75,143.63,5.32,90.4296875,4.6,202309,0.9577572706194052,-0.35458014828690254,-1.1113981780941717,-0.976813775165731,-0.37125870773185
1304,2023-10-03 00:00:00,4.81,10.0,4.0,2.0,1825.375,1823.02,6.8846,36.15,5.33,1825.55,141.73,5.35,90.203125,4.8,202310,0.7936003591942823,-0.7434148036908484,-1.0543581739655141,-1.0310947224501725,-0.5088168352280632
1305,2023-10-04 00:00:00,4.73,10.0,4.0,2.0,1821.1,1821.36,6.8093,36.55,5.32,1823.0,141.16,5.34,90.40625,4.72,202310,0.7936003591942823,-0.7434148036908484,-1.0543581739655141,-1.0310947224501725,-0.5088168352280632
1306,2023-10-05 00:00:00,4.72,10.0,4.0,2.0,1821.1,1820.3,6.7907,36.65,5.32,1818.4,140.91,5.34,90.4921875,4.68,202310,0.7936003591942823,-0.7434148036908484,-1.0543581739655141,-1.0310947224501725,-0.5088168352280632
1307,2023-10-06 00:00:00,4.78,10.0,4.0,2.0,1820.75,1833.01,6.6903,37.2,5.31,1829.8,142.04,5.36,90.41015625,4.75,202310,0.7936003591942823,-0.7434148036908484,-1.0543581739655141,-1.0310947224501725,-0.5088168352280632
1308,2023-10-10 00:00:00,4.66,10.0,4.0,2.0,1858.35,1860.4,6.6368,37.5,5.31,1858.25,144.2,5.34,90.65234375,4.62,202310,0.7936003591942823,-0.7434148036908484,-1.0543581739655141,-1.0310947224501725,-0.5088168352280632
1309,2023-10-11 00:00:00,4.58,10.0,4.0,2.0,1870.625,1874.36,6.6016,37.7,5.31,1870.51,145.17,5.34,90.640625,4.59,202310,0.7936003591942823,-0.7434148036908484,-1.0543581739655141,-1.0310947224501725,-0.5088168352280632
1310,2023-10-12 00:00:00,4.7,10.0,4.0,2.0,1877.575,1868.9,6.5067,38.25,5.31,1873.05,144.91,5.35,90.47265625,4.69,202310,0.7936003591942823,-0.7434148036908484,-1.0543581739655141,-1.0310947224501725,-0.5088168352280632
1311,2023-10-13 00:00:00,4.63,10.0,4.0,2.0,1898.1,1932.82,6.7084,37.1,5.31,1919.3,149.21,5.35,90.55078125,4.65,202310,0.7936003591942823,-0.7434148036908484,-1.0543581739655141,-1.0310947224501725,-0.5088168352280632
1312,2023-10-16 00:00:00,4.71,10.0,4.0,2.0,1916.35,1920.2,6.7539,36.85,5.31,1920.9,148.78,5.34,90.46484375,4.72,202310,0.7936003591942823,-0.7434148036908484,-1.0543581739655141,-1.0310947224501725,-0.5088168352280632
1313,2023-10-17 00:00:00,4.83,10.0,4.0,2.0,1925.825,1923.18,6.6545,37.4,5.31,1926.15,148.96,5.35,90.25,4.86,202310,0.7936003591942823,-0.7434148036908484,-1.0543581739655141,-1.0310947224501725,-0.5088168352280632
1314,2023-10-18 00:00:00,4.91,10.0,4.0,2.0,1949.775,1947.55,6.7265,37.0,5.3,1941.4,151.39,5.34,90.22265625,4.92,202310,0.7936003591942823,-0.7434148036908484,-1.0543581739655141,-1.0310947224501725,-0.5088168352280632
1315,2023-10-19 00:00:00,4.98,10.0,4.0,2.0,1951.1,1974.46,6.9229,35.95,5.3,1954.55,152.29,5.33,90.34765625,4.95,202310,0.7936003591942823,-0.7434148036908484,-1.0543581739655141,-1.0310947224501725,-0.5088168352280632
1316,2023-10-20 00:00:00,4.93,10.0,4.0,2.0,1986.35,1981.4,7.0206,35.45,5.3,1993.85,153.31,5.31,90.55859375,4.86,202310,0.7936003591942823,-0.7434148036908484,-1.0543581739655141,-1.0310947224501725,-0.5088168352280632
1317,2023-10-24 00:00:00,4.83,10.0,4.0,2.0,1965.525,1970.97,6.991,35.6,5.3,1961.75,152.64,5.31,90.52734375,4.82,202310,0.7936003591942823,-0.7434148036908484,-1.0543581739655141,-1.0310947224501725,-0.5088168352280632
1318,2023-10-25 00:00:00,4.95,10.0,4.0,2.0,1976.725,1979.72,6.9326,35.9,5.3,1975.25,153.3,5.32,90.453125,4.89,202310,0.7936003591942823,-0.7434148036908484,-1.0543581739655141,-1.0310947224501725,-0.5088168352280632
1319,2023-10-26 00:00:00,4.86,10.0,4.0,2.0,1983.225,1984.71,6.991,35.6,5.31,1980.25,153.49,5.32,90.625,4.79,202310,0.7936003591942823,-0.7434148036908484,-1.0543581739655141,-1.0310947224501725,-0.5088168352280632
1320,2023-10-27 00:00:00,4.84,10.0,4.0,2.0,1985.25,2006.37,6.8942,36.1,5.31,1981.9,153.58,5.32,90.734375,4.76,202310,0.7936003591942823,-0.7434148036908484,-1.0543581739655141,-1.0310947224501725,-0.5088168352280632
1321,2023-10-30 00:00:00,4.88,10.0,4.0,2.0,1996.875,1996.1,6.8374,36.4,5.31,1997.8,154.14,5.33,90.6484375,4.8,202310,0.7936003591942823,-0.7434148036908484,-1.0543581739655141,-1.0310947224501725,-0.5088168352280632
1322,2023-10-31 00:00:00,4.88,10.0,4.0,2.0,1997.25,1983.88,6.9326,35.9,5.35,1995.9,153.31,5.33,90.5859375,4.82,202310,0.7936003591942823,-0.7434148036908484,-1.0543581739655141,-1.0310947224501725,-0.5088168352280632
1323,2023-11-01 00:00:00,4.77,10.0,4.0,2.0,1984.425,1982.53,6.9423,35.85,5.32,1985.15,152.73,5.31,90.890625,4.67,202311,0.8065353053506841,-0.0663611717980716,-1.2312543893012238,1.5147881384201027,0.25592697066787284
1324,2023-11-02 00:00:00,4.67,10.0,4.0,2.0,1985.15,1985.78,6.5067,38.25,5.33,1983.85,153.14,5.28,90.81640625,4.65,202311,0.8065353053506841,-0.0663611717980716,-1.2312543893012238,1.5147881384201027,0.25592697066787284
1325,2023-11-03 00:00:00,4.57,10.0,4.0,2.0,1991.475,1992.65,6.269,39.7,5.32,1995.41,153.41,5.27,91.140625,4.49,202311,0.8065353053506841,-0.0663611717980716,-1.2312543893012238,1.5147881384201027,0.25592697066787284
1326,2023-11-06 00:00:00,4.67,10.0,4.0,2.0,1985.85,1978.14,6.3008,39.5,5.32,1984.05,152.71,5.29,90.96875,4.6,202311,0.8065353053506841,-0.0663611717980716,-1.2312543893012238,1.5147881384201027,0.25592697066787284
1327,2023-11-07 00:00:00,4.58,10.0,4.0,2.0,1964.25,1969.45,6.5668,37.9,5.32,1963.85,151.82,5.28,91.03125,4.53,202311,0.8065353053506841,-0.0663611717980716,-1.2312543893012238,1.5147881384201027,0.25592697066787284
1328,2023-11-08 00:00:00,4.49,10.0,4.0,2.0,1959.725,1950.2,6.4812,38.4,5.32,1958.4,150.89,5.28,91.01171875,4.51,202311,0.8065353053506841,-0.0663611717980716,-1.2312543893012238,1.5147881384201027,0.25592697066787284
1329,2023-11-09 00:00:00,4.62,10.0,4.0,2.0,1952.1,1958.55,6.3008,39.5,5.32,1959.85,152.01,5.27,90.84765625,4.65,202311,0.8065353053506841,-0.0663611717980716,-1.2312543893012238,1.5147881384201027,0.25592697066787284
1330,2023-11-10 00:00:00,4.61,10.0,4.0,2.0,1947.5500000000002,1940.2,6.456,38.55,5.32,1946.7,149.96,5.26,90.80078125,4.65,202311,0.8065353053506841,-0.0663611717980716,-1.2312543893012238,1.5147881384201027,0.25592697066787284
1331,2023-11-13 00:00:00,4.63,10.0,4.0,2.0,1934.3000000000002,1946.92,6.5237,38.15,5.32,1935.95,151.17,5.28,90.86328125,4.66,202311,0.8065353053506841,-0.0663611717980716,-1.2312543893012238,1.5147881384201027,0.25592697066787284
1332,2023-11-14 00:00:00,4.44,10.0,4.0,2.0,1957.8,1964.29,6.4227,38.75,5.32,1968.7,152.25,5.26,91.2578125,4.42,202311,0.8065353053506841,-0.0663611717980716,-1.2312543893012238,1.5147881384201027,0.25592697066787284
1333,2023-11-15 00:00:00,4.53,10.0,4.0,2.0,1965.8000000000002,1959.85,6.0777,40.95,5.32,1958.4,152.16,5.26,91.12109375,4.52,202311,0.8065353053506841,-0.0663611717980716,-1.2312543893012238,1.5147881384201027,0.25592697066787284
1334,2023-11-16 00:00:00,4.45,10.0,4.0,2.0,1973.3,1980.9,6.168,40.35,5.32,1982.65,153.81,5.25,91.2890625,4.43,202311,0.8065353053506841,-0.0663611717980716,-1.2312543893012238,1.5147881384201027,0.25592697066787284
1335,2023-11-17 00:00:00,4.44,10.0,4.0,2.0,1986.6,1980.82,6.2454,39.85,5.32,1980.95,153.59,5.25,91.23828125,4.45,202311,0.8065353053506841,-0.0663611717980716,-1.2312543893012238,1.5147881384201027,0.25592697066787284
1336,2023-11-20 00:00:00,4.42,10.0,4.0,2.0,1972.375,1978.07,6.4144,38.8,5.31,1974.4,153.25,5.27,91.20703125,4.44,202311,0.8065353053506841,-0.0663611717980716,-1.2312543893012238,1.5147881384201027,0.25592697066787284
1337,2023-11-21 00:00:00,4.41,10.0,4.0,2.0,1997.5749999999998,1998.29,6.269,39.7,5.31,2002.55,154.88,5.26,91.2890625,4.41,202311,0.8065353053506841,-0.0663611717980716,-1.2312543893012238,1.5147881384201027,0.25592697066787284
1338,2023-11-22 00:00:00,4.42,10.0,4.0,2.0,1998.725,1990.17,6.222,40.0,5.31,1994.25,154.32,5.27,91.265625,4.44,202311,0.8065353053506841,-0.0663611717980716,-1.2312543893012238,1.5147881384201027,0.25592697066787284
1339,2023-11-24 00:00:00,4.47,10.0,4.0,2.0,1998.025,2000.82,6.2533,39.8,5.32,1998.85,155.06,5.28,91.21875,4.49,202311,0.8065353053506841,-0.0663611717980716,-1.2312543893012238,1.5147881384201027,0.25592697066787284
1340,2023-11-27 00:00:00,4.39,10.0,4.0,2.0,2012.7,2014.13,6.3328,39.3,5.32,2008.95,155.79,5.28,91.34765625,4.38,202311,0.8065353053506841,-0.0663611717980716,-1.2312543893012238,1.5147881384201027,0.25592697066787284
1341,2023-11-28 00:00:00,4.34,10.0,4.0,2.0,2019.825,2040.97,6.4062,38.85,5.32,2034.55,157.74,5.27,91.5703125,4.29,202311,0.8065353053506841,-0.0663611717980716,-1.2312543893012238,1.5147881384201027,0.25592697066787284
1342,2023-11-29 00:00:00,4.27,10.0,4.0,2.0,2042.275,2044.24,6.3979,38.9,5.31,2041.44,158.12,5.25,91.74609375,4.22,202311,0.8065353053506841,-0.0663611717980716,-1.2312543893012238,1.5147881384201027,0.25592697066787284
1343,2023-11-30 00:00:00,4.37,10.0,4.0,2.0,2036.65,2036.41,6.4477,38.6,5.33,2037.8,157.41,5.25,91.69140625,4.31,202311,0.8065353053506841,-0.0663611717980716,-1.2312543893012238,1.5147881384201027,0.25592697066787284
1344,2023-12-01 00:00:00,4.22,10.0,4.0,2.0,2044.975,2072.22,6.4644,38.5,5.39,2056.15,159.72,5.23,91.98046875,4.14,202312,0.8227134158495074,-0.39401453541213494,-1.0558022247029486,-1.1886159028050225,-0.4539298117676497
1345,2023-12-04 00:00:00,4.28,10.0,4.0,2.0,2058.0,2029.42,6.4477,38.6,5.37,2026.45,156.2,5.26,91.81640625,4.23,202312,0.8227134158495074,-0.39401453541213494,-1.0558022247029486,-1.1886159028050225,-0.4539298117676497
1346,2023-12-05 00:00:00,4.18,10.0,4.0,2.0,2023.4,2019.36,6.5928,37.75,5.33,2016.3,155.67,5.25,91.9375,4.14,202312,0.8227134158495074,-0.39401453541213494,-1.0558022247029486,-1.1886159028050225,-0.4539298117676497
1347,2023-12-06 00:00:00,4.12,10.0,4.0,2.0,2023.9,2025.55,6.5152,38.2,5.32,2029.2,156.52,5.25,91.90625,4.12,202312,0.8227134158495074,-0.39401453541213494,-1.0558022247029486,-1.1886159028050225,-0.4539298117676497
1348,2023-12-07 00:00:00,4.14,10.0,4.0,2.0,2030.1,2028.47,6.5928,37.75,5.32,2030.0,156.44,5.24,91.91015625,4.11,202312,0.8227134158495074,-0.39401453541213494,-1.0558022247029486,-1.1886159028050225,-0.4539298117676497
1349,2023-12-08 00:00:00,4.23,10.0,4.0,2.0,2019.05,2004.67,6.5668,37.9,5.32,2004.2,154.17,5.24,91.71484375,4.24,202312,0.8227134158495074,-0.39401453541213494,-1.0558022247029486,-1.1886159028050225,-0.4539298117676497
1350,2023-12-11 00:00:00,4.23,10.0,4.0,2.0,1989.3000000000002,1981.95,6.5067,38.25,5.32,1982.35,152.64,5.26,91.74609375,4.25,202312,0.8227134158495074,-0.39401453541213494,-1.0558022247029486,-1.1886159028050225,-0.4539298117676497
1351,2023-12-12 00:00:00,4.2,10.0,4.0,2.0,1983.875,1979.54,6.4728,38.45,5.31,1983.19,152.52,5.26,91.71484375,4.23,202312,0.8227134158495074,-0.39401453541213494,-1.0558022247029486,-1.1886159028050225,-0.4539298117676497
1352,2023-12-13 00:00:00,4.04,10.0,4.0,2.0,1982.025,2027.74,6.4644,38.5,5.31,1982.05,152.8,5.24,92.26953125,4.0,202312,0.8227134158495074,-0.39401453541213494,-1.0558022247029486,-1.1886159028050225,-0.4539298117676497
1353,2023-12-14 00:00:00,3.92,10.0,4.0,2.0,2040.1,2036.36,6.1757,40.3,5.31,2040.25,156.0,5.23,92.3515625,3.9,202312,0.8227134158495074,-0.39401453541213494,-1.0558022247029486,-1.1886159028050225,-0.4539298117676497
1354,2023-12-15 00:00:00,3.91,10.0,4.0,2.0,2037.975,2019.62,5.9257,42.0,5.32,2035.25,155.4,5.24,92.28515625,3.91,202312,0.8227134158495074,-0.39401453541213494,-1.0558022247029486,-1.1886159028050225,-0.4539298117676497
1355,2023-12-18 00:00:00,3.95,10.0,4.0,2.0,2022.45,2027.19,5.947,41.85,5.32,2022.4,155.73,5.26,92.27929688,3.94,202312,0.8227134158495074,-0.39401453541213494,-1.0558022247029486,-1.1886159028050225,-0.4539298117676497
1356,2023-12-19 00:00:00,3.93,10.0,4.0,2.0,2033.675,2040.35,5.8491,42.55,5.31,2043.8,156.62,5.23,92.3046875,3.94,202312,0.8227134158495074,-0.39401453541213494,-1.0558022247029486,-1.1886159028050225,-0.4539298117676497
1357,2023-12-20 00:00:00,3.86,10.0,4.0,2.0,2035.9499999999998,2031.39,5.8491,42.55,5.31,2034.65,156.25,5.24,92.50390625,3.86,202312,0.8227134158495074,-0.39401453541213494,-1.0558022247029486,-1.1886159028050225,-0.4539298117676497
1358,2023-12-21 00:00:00,3.89,10.0,4.0,2.0,2038.0,2045.95,5.7346,43.4,5.31,2042.65,156.47,5.22,92.49023438,3.87,202312,0.8227134158495074,-0.39401453541213494,-1.0558022247029486,-1.1886159028050225,-0.4539298117676497
1359,2023-12-22 00:00:00,3.9,10.0,4.0,2.0,2048.65,2053.08,5.7611,43.2,5.32,2061.35,157.76,5.24,92.58007813,3.87,202312,0.8227134158495074,-0.39401453541213494,-1.0558022247029486,-1.1886159028050225,-0.4539298117676497
1360,2023-12-27 00:00:00,3.79,10.0,4.0,2.0,2065.55,2077.49,5.7148,43.55,5.39,2078.95,159.53,5.24,92.6484375,3.78,202312,0.8227134158495074,-0.39401453541213494,-1.0558022247029486,-1.1886159028050225,-0.4539298117676497
1361,2023-12-28 00:00:00,3.84,10.0,4.0,2.0,2078.1000000000004,2065.61,5.6757,43.85,5.4,2075.2,158.88,5.25,92.58789063,3.83,202312,0.8227134158495074,-0.39401453541213494,-1.0558022247029486,-1.1886159028050225,-0.4539298117676497
1362,2023-12-29 00:00:00,3.88,10.0,4.0,2.0,2070.4,2062.98,5.6757,43.85,5.38,2065.45,158.03,5.2,92.70703125,3.84,202312,0.8227134158495074,-0.39401453541213494,-1.0558022247029486,-1.1886159028050225,-0.4539298117676497
1363,2024-01-02 00:00:00,3.95,10.0,4.0,2.0,2071.2250000000004,2058.96,5.6887,43.75,5.4,2066.55,158.16,5.22,92.58203125,3.93,202401,0.8879161036174921,-0.22931797741851725,-0.7121181491935699,-1.470663962224179,-0.3810459963046935
1364,2024-01-03 00:00:00,3.91,10.0,4.0,2.0,2048.075,2041.49,5.7214,43.5,5.39,2033.85,155.93,5.24,92.5859375,3.9,202401,0.8879161036174921,-0.22931797741851725,-0.7121181491935699,-1.470663962224179,-0.3810459963046935
1365,2024-01-04 00:00:00,3.99,10.0,4.0,2.0,2044.3000000000002,2043.65,5.8014,42.9,5.32,2045.2,156.47,5.24,92.49023438,3.97,202401,0.8879161036174921,-0.22931797741851725,-0.7121181491935699,-1.470663962224179,-0.3810459963046935
1366,2024-01-05 00:00:00,4.05,10.0,4.0,2.0,2047.025,2045.45,5.7545,43.25,5.31,2056.05,156.46,5.24,92.52148438,4.02,202401,0.8879161036174921,-0.22931797741851725,-0.7121181491935699,-1.470663962224179,-0.3810459963046935
1367,2024-01-08 00:00:00,4.01,10.0,4.0,2.0,2026.55,2028.07,5.8491,42.55,5.31,2036.45,155.46,5.25,92.55078125,3.97,202401,0.8879161036174921,-0.22931797741851725,-0.7121181491935699,-1.470663962224179,-0.3810459963046935
1368,2024-01-09 00:00:00,4.02,10.0,4.0,2.0,2036.525,2030.2,5.8218,42.75,5.31,2027.45,155.66,5.24,92.578125,3.97,202401,0.8879161036174921,-0.22931797741851725,-0.7121181491935699,-1.470663962224179,-0.3810459963046935
1369,2024-01-10 00:00:00,4.04,10.0,4.0,2.0,2031.525,2024.41,5.856,42.5,5.31,2026.15,155.46,5.23,92.6015625,3.99,202401,0.8879161036174921,-0.22931797741851725,-0.7121181491935699,-1.470663962224179,-0.3810459963046935
1370,2024-01-11 00:00:00,3.98,10.0,4.0,2.0,2030.5,2028.91,5.8491,42.55,5.31,2025.5,155.0,5.23,92.80664063,3.9,202401,0.8879161036174921,-0.22931797741851725,-0.7121181491935699,-1.470663962224179,-0.3810459963046935
1371,2024-01-12 00:00:00,3.96,10.0,4.0,2.0,2047.6,2049.06,5.8354,42.65,5.31,2052.7,157.37,5.22,93.02539063,3.84,202401,0.8879161036174921,-0.22931797741851725,-0.7121181491935699,-1.470663962224179,-0.3810459963046935
1372,2024-01-16 00:00:00,4.07,10.0,4.0,2.0,2038.95,2028.44,5.8837,42.3,5.32,2035.8,155.83,5.22,92.8984375,3.95,202401,0.8879161036174921,-0.22931797741851725,-0.7121181491935699,-1.470663962224179,-0.3810459963046935
1373,2024-01-17 00:00:00,4.1,10.0,4.0,2.0,2019.65,2006.25,6.168,40.35,5.32,2010.2,154.2,5.24,92.66015625,4.02,202401,0.8879161036174921,-0.22931797741851725,-0.7121181491935699,-1.470663962224179,-0.3810459963046935
1374,2024-01-18 00:00:00,4.14,10.0,4.0,2.0,2012.7,2023.34,6.1075,40.75,5.31,2014.45,155.28,5.22,92.6875,4.04,202401,0.8879161036174921,-0.22931797741851725,-0.7121181491935699,-1.470663962224179,-0.3810459963046935
1375,2024-01-19 00:00:00,4.15,10.0,4.0,2.0,2029.025,2029.49,6.1528,40.45,5.31,2027.25,155.87,5.22,92.66015625,4.08,202401,0.8879161036174921,-0.22931797741851725,-0.7121181491935699,-1.470663962224179,-0.3810459963046935
1376,2024-01-22 00:00:00,4.11,10.0,4.0,2.0,2022.75,2021.7,6.3979,38.9,5.31,2021.91,155.36,5.22,92.65429688,4.03,202401,0.8879161036174921,-0.22931797741851725,-0.7121181491935699,-1.470663962224179,-0.3810459963046935
1377,2024-01-23 00:00:00,4.14,10.0,4.0,2.0,2024.9,2029.28,6.3571,39.15,5.31,2026.23,155.64,5.21,92.70703125,4.06,202401,0.8879161036174921,-0.22931797741851725,-0.7121181491935699,-1.470663962224179,-0.3810459963046935
1378,2024-01-24 00:00:00,4.18,10.0,4.0,2.0,2027.575,2013.89,6.2848,39.6,5.31,2013.6,154.92,5.21,92.640625,4.06,202401,0.8879161036174921,-0.22931797741851725,-0.7121181491935699,-1.470663962224179,-0.3810459963046935
1379,2024-01-25 00:00:00,4.14,10.0,4.0,2.0,2020.95,2020.84,6.349,39.2,5.32,2019.8,155.0,5.21,92.80078125,4.01,202401,0.8879161036174921,-0.22931797741851725,-0.7121181491935699,-1.470663962224179,-0.3810459963046935
1380,2024-01-26 00:00:00,4.15,10.0,4.0,2.0,2019.775,2018.52,6.3168,39.4,5.32,2016.55,155.0,5.21,92.74023438,4.04,202401,0.8879161036174921,-0.22931797741851725,-0.7121181491935699,-1.470663962224179,-0.3810459963046935
1381,2024-01-29 00:00:00,4.08,10.0,4.0,2.0,2024.925,2033.23,6.3734,39.05,5.31,2025.53,155.62,5.22,92.80664063,3.97,202401,0.8879161036174921,-0.22931797741851725,-0.7121181491935699,-1.470663962224179,-0.3810459963046935
1382,2024-01-30 00:00:00,4.06,10.0,4.0,2.0,2039.925,2037.01,6.3168,39.4,5.31,2033.38,156.14,5.21,92.79296875,4.0,202401,0.8879161036174921,-0.22931797741851725,-0.7121181491935699,-1.470663962224179,-0.3810459963046935
1383,2024-01-31 00:00:00,3.99,10.0,4.0,2.0,2045.575,2039.52,6.349,39.2,5.32,2048.35,157.21,5.22,93.015625,3.91,202401,0.8879161036174921,-0.22931797741851725,-0.7121181491935699,-1.470663962224179,-0.3810459963046935
1384,2024-02-01 00:00:00,3.87,10.0,4.0,2.0,2041.6999999999998,2054.99,6.2928,39.55,5.32,2059.85,157.5,5.22,93.02734375,3.8,202402,0.5548883791067499,-1.5222439494141884,-0.9290867724930831,-1.3844530459488897,-0.8202238471873529
1385,2024-02-02 00:00:00,4.03,10.0,4.0,2.0,2044.175,2039.76,6.2533,39.8,5.32,2035.4,156.42,5.23,92.7734375,3.99,202402,0.5548883791067499,-1.5222439494141884,-0.9290867724930831,-1.3844530459488897,-0.8202238471873529
1386,2024-02-05 00:00:00,4.17,10.0,4.0,2.0,2021.25,2025.11,6.3328,39.3,5.31,2019.55,155.7,5.22,92.609375,4.13,202402,0.5548883791067499,-1.5222439494141884,-0.9290867724930831,-1.3844530459488897,-0.8202238471873529
1387,2024-02-06 00:00:00,4.09,10.0,4.0,2.0,2027.925,2036.14,6.3168,39.4,5.31,2036.72,156.29,5.23,92.73828125,4.03,202402,0.5548883791067499,-1.5222439494141884,-0.9290867724930831,-1.3844530459488897,-0.8202238471873529
1388,2024-02-07 00:00:00,4.09,10.0,4.0,2.0,2037.4,2035.36,6.3008,39.5,5.31,2040.9,156.31,5.23,92.70117188,4.06,202402,0.5548883791067499,-1.5222439494141884,-0.9290867724930831,-1.3844530459488897,-0.8202238471873529
1389,2024-02-08 00:00:00,4.15,10.0,4.0,2.0,2032.85,2034.52,6.4812,38.4,5.31,2030.71,156.07,5.23,92.6640625,4.12,202402,0.5548883791067499,-1.5222439494141884,-0.9290867724930831,-1.3844530459488897,-0.8202238471873529
1390,2024-02-09 00:00:00,4.17,10.0,4.0,2.0,2027.575,2024.26,6.4982,38.3,5.31,2021.35,155.44,5.24,92.64257813,4.14,202402,0.5548883791067499,-1.5222439494141884,-0.9290867724930831,-1.3844530459488897,-0.8202238471873529
1391,2024-02-14 00:00:00,4.27,10.0,4.0,2.0,1987.9499999999998,1992.33,6.6635,37.35,5.3,1989.3,153.13,5.23,92.4765625,4.25,202402,0.5548883791067499,-1.5222439494141884,-0.9290867724930831,-1.3844530459488897,-0.8202238471873529
1392,2024-02-15 00:00:00,4.24,10.0,4.0,2.0,2000.475,2004.4,6.5495,38.0,5.31,2000.55,153.89,5.23,92.50976563,4.22,202402,0.5548883791067499,-1.5222439494141884,-0.9290867724930831,-1.3844530459488897,-0.8202238471873529
1393,2024-02-16 00:00:00,4.3,10.0,4.0,2.0,2001.65,2013.59,6.4477,38.6,5.3,2010.1,154.6,5.24,92.453125,4.29,202402,0.5548883791067499,-1.5222439494141884,-0.9290867724930831,-1.3844530459488897,-0.8202238471873529
1394,2024-02-20 00:00:00,4.27,10.0,4.0,2.0,2027.9499999999998,2024.41,6.5495,38.0,5.3,2026.66,155.71,5.24,92.51953125,4.25,202402,0.5548883791067499,-1.5222439494141884,-0.9290867724930831,-1.3844530459488897,-0.8202238471873529
1395,2024-02-21 00:00:00,4.32,10.0,4.0,2.0,2027.775,2025.99,6.5067,38.25,5.3,2024.55,155.35,5.24,92.4453125,4.3,202402,0.5548883791067499,-1.5222439494141884,-0.9290867724930831,-1.3844530459488897,-0.8202238471873529
1396,2024-02-22 00:00:00,4.33,10.0,4.0,2.0,2027.45,2024.39,6.4812,38.4,5.3,2022.87,155.12,5.25,92.37304688,4.33,202402,0.5548883791067499,-1.5222439494141884,-0.9290867724930831,-1.3844530459488897,-0.8202238471873529
1397,2024-02-23 00:00:00,4.26,10.0,4.0,2.0,2023.375,2035.4,6.4644,38.5,5.31,2033.4,156.5,5.26,92.43945313,4.28,202402,0.5548883791067499,-1.5222439494141884,-0.9290867724930831,-1.3844530459488897,-0.8202238471873529
1398,2024-02-26 00:00:00,4.28,10.0,4.0,2.0,2031.1750000000002,2031.24,6.431,38.7,5.31,2027.45,155.8,5.26,92.3984375,4.29,202402,0.5548883791067499,-1.5222439494141884,-0.9290867724930831,-1.3844530459488897,-0.8202238471873529
1399,2024-02-27 00:00:00,4.31,10.0,4.0,2.0,2035.525,2030.48,6.5067,38.25,5.31,2032.7,156.21,5.25,92.40234375,4.32,202402,0.5548883791067499,-1.5222439494141884,-0.9290867724930831,-1.3844530459488897,-0.8202238471873529
1400,2024-02-28 00:00:00,4.27,10.0,4.0,2.0,2028.85,2034.55,6.3815,39.0,5.31,2032.4,156.12,5.24,92.49609375,4.26,202402,0.5548883791067499,-1.5222439494141884,-0.9290867724930831,-1.3844530459488897,-0.8202238471873529
1401,2024-02-29 00:00:00,4.25,10.0,4.0,2.0,2040.4250000000002,2044.3,6.3897,38.95,5.32,2045.45,156.99,5.25,92.54101563,4.26,202402,0.5548883791067499,-1.5222439494141884,-0.9290867724930831,-1.3844530459488897,-0.8202238471873529
1402,2024-03-01 00:00:00,4.19,10.0,4.0,2.0,2050.05,2082.92,6.5409,38.05,5.31,2073.6,160.02,5.23,92.70507813,4.17,202403,0.528037995248563,0.6135920473833253,-0.3265566022985947,0.21204540359350696,0.25677971098170016
1403,2024-03-04 00:00:00,4.22,10.0,4.0,2.0,2090.6000000000004,2114.48,6.5928,37.75,5.31,2115.55,162.38,5.24,92.58789063,4.21,202403,0.528037995248563,0.6135920473833253,-0.3265566022985947,0.21204540359350696,0.25677971098170016
1404,2024-03-05 00:00:00,4.13,10.0,4.0,2.0,2130.325,2128.04,6.7907,36.65,5.31,2127.1,163.55,5.23,92.66992188,4.13,202403,0.528037995248563,0.6135920473833253,-0.3265566022985947,0.21204540359350696,0.25677971098170016
1405,2024-03-06 00:00:00,4.11,10.0,4.0,2.0,2135.1,2148.18,6.8,36.6,5.31,2145.9,164.73,5.24,92.68554688,4.12,202403,0.528037995248563,0.6135920473833253,-0.3265566022985947,0.21204540359350696,0.25677971098170016
1406,2024-03-07 00:00:00,4.09,10.0,4.0,2.0,2155.1499999999996,2159.98,6.8,36.6,5.31,2151.75,165.48,5.24,92.78515625,4.07,202403,0.528037995248563,0.6135920473833253,-0.3265566022985947,0.21204540359350696,0.25677971098170016
1407,2024-03-08 00:00:00,4.09,10.0,4.0,2.0,2169.925,2178.95,6.7815,36.7,5.31,2173.25,167.24,5.24,92.8515625,4.06,202403,0.528037995248563,0.6135920473833253,-0.3265566022985947,0.21204540359350696,0.25677971098170016
1408,2024-03-11 00:00:00,4.1,10.0,4.0,2.0,2179.45,2182.75,6.7356,36.95,5.31,2184.65,167.78,5.24,92.75585938,4.08,202403,0.528037995248563,0.6135920473833253,-0.3265566022985947,0.21204540359350696,0.25677971098170016
1409,2024-03-12 00:00:00,4.16,10.0,4.0,2.0,2168.825,2158.34,6.628,37.55,5.31,2163.1,166.47,5.25,92.68164063,4.15,202403,0.528037995248563,0.6135920473833253,-0.3265566022985947,0.21204540359350696,0.25677971098170016
1410,2024-03-13 00:00:00,4.19,10.0,4.0,2.0,2164.625,2174.41,6.7447,36.9,5.31,2170.85,167.85,5.25,92.6171875,4.19,202403,0.528037995248563,0.6135920473833253,-0.3265566022985947,0.21204540359350696,0.25677971098170016
1411,2024-03-14 00:00:00,4.29,10.0,4.0,2.0,2165.3,2162.19,6.6993,37.15,5.31,2158.4,166.93,5.25,92.53515625,4.29,202403,0.528037995248563,0.6135920473833253,-0.3265566022985947,0.21204540359350696,0.25677971098170016
1412,2024-03-15 00:00:00,4.31,10.0,4.0,2.0,2166.8999999999996,2155.9,6.8093,36.55,5.31,2162.05,166.57,5.25,92.52148438,4.33,202403,0.528037995248563,0.6135920473833253,-0.3265566022985947,0.21204540359350696,0.25677971098170016
1413,2024-03-18 00:00:00,4.34,10.0,4.0,2.0,2156.7250000000004,2160.36,6.8751,36.2,5.31,2156.45,166.87,5.25,92.51367188,4.36,202403,0.528037995248563,0.6135920473833253,-0.3265566022985947,0.21204540359350696,0.25677971098170016
1414,2024-03-19 00:00:00,4.3,10.0,4.0,2.0,2154.6000000000004,2157.59,6.9617,35.75,5.31,2154.14,166.54,5.24,92.59960938,4.31,202403,0.528037995248563,0.6135920473833253,-0.3265566022985947,0.21204540359350696,0.25677971098170016
1415,2024-03-20 00:00:00,4.27,10.0,4.0,2.0,2155.425,2186.39,7.0305,35.4,5.31,2157.2,166.58,5.24,92.7421875,4.25,202403,0.528037995248563,0.6135920473833253,-0.3265566022985947,0.21204540359350696,0.25677971098170016
1416,2024-03-21 00:00:00,4.27,10.0,4.0,2.0,2190.575,2181.33,6.9326,35.9,5.31,2176.85,168.35,5.25,92.703125,4.26,202403,0.528037995248563,0.6135920473833253,-0.3265566022985947,0.21204540359350696,0.25677971098170016
1417,2024-03-22 00:00:00,4.22,10.0,4.0,2.0,2168.925,2165.44,7.1723,34.7,5.31,2166.41,166.49,5.24,92.80859375,4.2,202403,0.528037995248563,0.6135920473833253,-0.3265566022985947,0.21204540359350696,0.25677971098170016
1418,2024-03-25 00:00:00,4.25,10.0,4.0,2.0,2172.5249999999996,2171.83,7.2349,34.4,5.31,2176.36,167.73,5.23,92.765625,4.23,202403,0.528037995248563,0.6135920473833253,-0.3265566022985947,0.21204540359350696,0.25677971098170016
1419,2024-03-26 00:00:00,4.24,10.0,4.0,2.0,2186.625,2178.8,7.3524,33.85,5.32,2176.22,167.86,5.22,92.77148438,4.22,202403,0.528037995248563,0.6135920473833253,-0.3265566022985947,0.21204540359350696,0.25677971098170016
1420,2024-03-27 00:00:00,4.2,10.0,4.0,2.0,2192.375,2194.79,7.256,34.3,5.33,2190.84,168.84,5.22,92.81640625,4.18,202403,0.528037995248563,0.6135920473833253,-0.3265566022985947,0.21204540359350696,0.25677971098170016
1421,2024-03-28 00:00:00,4.2,10.0,4.0,2.0,2210.675,2229.87,7.8053,33.65,5.34,2214.3,170.85,5.23,92.7734375,4.21,202403,0.528037995248563,0.6135920473833253,-0.3265566022985947,0.21204540359350696,0.25677971098170016
1422,2024-04-02 00:00:00,4.36,10.0,4.0,2.0,2264.525,2280.67,7.8638,33.4,5.34,2258.93,174.35,5.22,92.7109375,4.35,202404,0.4896479801254812,-0.06665113052693361,1.5272435318827702,-0.36695136744053564,0.39582225351019557
1423,2024-04-03 00:00:00,4.36,10.0,4.0,2.0,2275.45,2300.0,7.7364,33.95,5.32,2282.97,176.83,5.22,92.74804688,4.34,202404,0.4896479801254812,-0.06665113052693361,1.5272435318827702,-0.36695136744053564,0.39582225351019557
1424,2024-04-05 00:00:00,4.39,10.0,4.0,2.0,2293.5,2329.75,7.7364,33.95,5.32,2323.04,179.19,5.23,92.68359375,4.38,202404,0.4896479801254812,-0.06665113052693361,1.5272435318827702,-0.36695136744053564,0.39582225351019557
1425,2024-04-08 00:00:00,4.42,10.0,4.0,2.0,2328.575,2339.03,7.602,34.55,5.31,2330.31,179.67,5.23,92.63867188,4.43,202404,0.4896479801254812,-0.06665113052693361,1.5272435318827702,-0.36695136744053564,0.39582225351019557
1426,2024-04-09 00:00:00,4.36,10.0,4.0,2.0,2360.1499999999996,2352.78,7.6352,34.4,5.31,2346.17,180.57,5.23,92.73046875,4.37,202404,0.4896479801254812,-0.06665113052693361,1.5272435318827702,-0.36695136744053564,0.39582225351019557
1427,2024-04-10 00:00:00,4.55,10.0,4.0,2.0,2339.925,2334.04,7.6352,34.4,5.31,2332.05,179.82,5.25,92.38085938,4.61,202404,0.4896479801254812,-0.06665113052693361,1.5272435318827702,-0.36695136744053564,0.39582225351019557
1428,2024-04-11 00:00:00,4.56,10.0,4.0,2.0,2338.7,2372.52,7.8756,33.35,5.31,2339.12,181.61,5.25,92.40234375,4.61,202404,0.4896479801254812,-0.06665113052693361,1.5272435318827702,-0.36695136744053564,0.39582225351019557
1429,2024-04-12 00:00:00,4.5,10.0,4.0,2.0,2398.15,2344.37,8.1568,32.2,5.31,2412.97,181.8,5.25,92.52734375,4.54,202404,0.4896479801254812,-0.06665113052693361,1.5272435318827702,-0.36695136744053564,0.39582225351019557
1430,2024-04-15 00:00:00,4.63,10.0,4.0,2.0,2345.675,2383.34,8.1442,32.25,5.32,2346.2,182.51,5.25,92.5078125,4.65,202404,0.4896479801254812,-0.06665113052693361,1.5272435318827702,-0.36695136744053564,0.39582225351019557
1431,2024-04-16 00:00:00,4.67,10.0,4.0,2.0,2369.075,2382.89,8.4048,31.25,5.31,2386.23,184.33,5.25,92.43164063,4.69,202404,0.4896479801254812,-0.06665113052693361,1.5272435318827702,-0.36695136744053564,0.39582225351019557
1432,2024-04-17 00:00:00,4.59,10.0,4.0,2.0,2392.05,2361.02,8.4589,31.05,5.31,2390.15,182.92,5.25,92.52148438,4.62,202404,0.4896479801254812,-0.06665113052693361,1.5272435318827702,-0.36695136744053564,0.39582225351019557
1433,2024-04-18 00:00:00,4.64,10.0,4.0,2.0,2381.2749999999996,2379.04,8.4863,30.95,5.3,2381.02,183.61,5.25,92.46289063,4.68,202404,0.4896479801254812,-0.06665113052693361,1.5272435318827702,-0.36695136744053564,0.39582225351019557
1434,2024-04-19 00:00:00,4.62,10.0,4.0,2.0,2380.75,2391.93,8.5138,30.85,5.31,2394.05,184.78,5.25,92.5,4.66,202404,0.4896479801254812,-0.06665113052693361,1.5272435318827702,-0.36695136744053564,0.39582225351019557
1435,2024-04-22 00:00:00,4.62,10.0,4.0,2.0,2348.2,2327.3,8.2986,31.65,5.31,2336.49,179.73,5.22,92.53515625,4.66,202404,0.4896479801254812,-0.06665113052693361,1.5272435318827702,-0.36695136744053564,0.39582225351019557
1436,2024-04-23 00:00:00,4.61,10.0,4.0,2.0,2313.3,2322.02,7.9712,32.95,5.31,2319.17,179.35,5.25,92.59765625,4.63,202404,0.4896479801254812,-0.06665113052693361,1.5272435318827702,-0.36695136744053564,0.39582225351019557
1437,2024-04-24 00:00:00,4.65,10.0,4.0,2.0,2316.275,2316.17,7.7592,33.85,5.31,2332.07,179.14,5.26,92.58984375,4.64,202404,0.4896479801254812,-0.06665113052693361,1.5272435318827702,-0.36695136744053564,0.39582225351019557
1438,2024-04-25 00:00:00,4.7,10.0,4.0,2.0,2322.175,2332.46,7.7478,33.9,5.31,2334.59,179.47,5.26,92.5078125,4.7,202404,0.4896479801254812,-0.06665113052693361,1.5272435318827702,-0.36695136744053564,0.39582225351019557
1439,2024-04-26 00:00:00,4.67,10.0,4.0,2.0,2346.45,2337.96,7.7478,33.9,5.32,2333.34,179.89,5.25,92.54296875,4.68,202404,0.4896479801254812,-0.06665113052693361,1.5272435318827702,-0.36695136744053564,0.39582225351019557
1440,2024-04-29 00:00:00,4.63,10.0,4.0,2.0,2335.575,2335.66,7.7707,33.8,5.32,2335.16,180.69,5.25,92.578125,4.65,202404,0.4896479801254812,-0.06665113052693361,1.5272435318827702,-0.36695136744053564,0.39582225351019557
1441,2024-04-30 00:00:00,4.69,10.0,4.0,2.0,2310.9,2286.25,7.7592,33.85,5.34,2296.49,176.65,5.25,92.49804688,4.72,202404,0.4896479801254812,-0.06665113052693361,1.5272435318827702,-0.36695136744053564,0.39582225351019557
1442,2024-05-02 00:00:00,4.58,10.0,4.0,2.0,2294.7,2303.83,7.7137,34.05,5.31,2302.13,177.15,5.25,92.73828125,4.57,202405,0.5905254756601019,0.578217082462161,0.25106369267515094,-0.5478878583886738,0.217979598102185
1443,2024-05-03 00:00:00,4.5,10.0,4.0,2.0,2297.7749999999996,2301.74,7.6798,34.2,5.31,2293.68,176.99,5.25,92.84570313,4.48,202405,0.5905254756601019,0.578217082462161,0.25106369267515094,-0.5478878583886738,0.217979598102185
1444,2024-05-06 00:00:00,4.49,10.0,4.0,2.0,2297.7749999999996,2323.97,7.591,34.6,5.31,2323.06,178.71,5.25,92.83789063,4.48,202405,0.5905254756601019,0.578217082462161,0.25106369267515094,-0.5478878583886738,0.217979598102185
1445,2024-05-07 00:00:00,4.47,10.0,4.0,2.0,2317.3,2314.1,7.5366,34.85,5.31,2316.55,178.46,5.25,92.8515625,4.48,202405,0.5905254756601019,0.578217082462161,0.25106369267515094,-0.5478878583886738,0.217979598102185
1446,2024-05-08 00:00:00,4.48,10.0,4.0,2.0,2308.8,2308.85,7.5801,34.65,5.31,2313.75,178.63,5.25,92.84960938,4.5,202405,0.5905254756601019,0.578217082462161,0.25106369267515094,-0.5478878583886738,0.217979598102185
1447,2024-05-09 00:00:00,4.45,10.0,4.0,2.0,2317.2,2346.33,7.5474,34.8,5.31,2336.76,180.18,5.25,92.89648438,4.47,202405,0.5905254756601019,0.578217082462161,0.25106369267515094,-0.5478878583886738,0.217979598102185
1448,2024-05-10 00:00:00,4.5,10.0,4.0,2.0,2371.75,2360.5,7.4195,35.4,5.31,2361.96,183.13,5.26,92.86523438,4.52,202405,0.5905254756601019,0.578217082462161,0.25106369267515094,-0.5478878583886738,0.217979598102185
1449,2024-05-13 00:00:00,4.48,10.0,4.0,2.0,2342.05,2336.32,7.2555,36.2,5.31,2337.43,181.07,5.25,92.87695313,4.5,202405,0.5905254756601019,0.578217082462161,0.25106369267515094,-0.5478878583886738,0.217979598102185
1450,2024-05-14 00:00:00,4.45,10.0,4.0,2.0,2351.125,2358.12,7.2756,36.1,5.31,2350.8,182.29,5.24,92.953125,4.46,202405,0.5905254756601019,0.578217082462161,0.25106369267515094,-0.5478878583886738,0.217979598102185
1451,2024-05-16 00:00:00,4.38,10.0,4.0,2.0,2380.525,2376.86,7.2058,36.45,5.31,2377.58,184.24,5.25,93.00195313,4.4,202405,0.5905254756601019,0.578217082462161,0.25106369267515094,-0.5478878583886738,0.217979598102185
1452,2024-05-17 00:00:00,4.42,10.0,4.0,2.0,2392.175,2415.22,7.2058,36.45,5.31,2408.25,186.64,5.25,92.9921875,4.44,202405,0.5905254756601019,0.578217082462161,0.25106369267515094,-0.5478878583886738,0.217979598102185
1453,2024-05-20 00:00:00,4.44,10.0,4.0,2.0,2432.325,2425.31,7.0227,37.4,5.31,2424.37,188.31,5.25,92.97265625,4.46,202405,0.5905254756601019,0.578217082462161,0.25106369267515094,-0.5478878583886738,0.217979598102185
1454,2024-05-21 00:00:00,4.41,10.0,4.0,2.0,2422.175,2421.05,7.2256,36.35,5.31,2431.75,187.35,5.25,93.015625,4.43,202405,0.5905254756601019,0.578217082462161,0.25106369267515094,-0.5478878583886738,0.217979598102185
1455,2024-05-22 00:00:00,4.43,10.0,4.0,2.0,2411.075,2378.85,7.5583,34.75,5.31,2391.95,184.94,5.25,92.9609375,4.47,202405,0.5905254756601019,0.578217082462161,0.25106369267515094,-0.5478878583886738,0.217979598102185
1456,2024-05-23 00:00:00,4.47,10.0,4.0,2.0,2359.575,2329.27,7.8403,33.5,5.31,2342.31,180.83,5.26,92.88671875,4.52,202405,0.5905254756601019,0.578217082462161,0.25106369267515094,-0.5478878583886738,0.217979598102185
1457,2024-05-24 00:00:00,4.46,10.0,4.0,2.0,2341.225,2333.83,7.9111,33.2,5.32,2339.3,180.59,5.26,92.92382813,4.53,202405,0.5905254756601019,0.578217082462161,0.25106369267515094,-0.5478878583886738,0.217979598102185
1458,2024-05-28 00:00:00,4.54,10.0,4.0,2.0,2347.675,2361.31,7.852,33.45,5.32,2356.12,182.31,5.26,92.89648438,4.56,202405,0.5905254756601019,0.578217082462161,0.25106369267515094,-0.5478878583886738,0.217979598102185
1459,2024-05-29 00:00:00,4.61,10.0,4.0,2.0,2342.125,2338.12,7.5692,34.7,5.33,2340.48,181.19,5.26,92.88867188,4.63,202405,0.5905254756601019,0.578217082462161,0.25106369267515094,-0.5478878583886738,0.217979598102185
1460,2024-05-30 00:00:00,4.55,10.0,4.0,2.0,2343.05,2343.07,7.7364,33.95,5.33,2344.72,181.35,5.26,92.95898438,4.57,202405,0.5905254756601019,0.578217082462161,0.25106369267515094,-0.5478878583886738,0.217979598102185
1461,2024-05-31 00:00:00,4.51,10.0,4.0,2.0,2345.575,2327.33,8.0076,32.8,5.34,2330.65,179.85,5.25,93.05273438,4.52,202405,0.5905254756601019,0.578217082462161,0.25106369267515094,-0.5478878583886738,0.217979598102185
1462,2024-06-03 00:00:00,4.41,10.0,4.0,2.0,2331.2,2350.75,7.7592,33.85,5.35,2338.98,181.5,5.26,93.1484375,4.42,202406,0.6156411437072262,0.17546440807283886,-0.5121171220589106,-1.3248504371659735,-0.26146550186120476
1463,2024-06-04 00:00:00,4.33,10.0,4.0,2.0,2328.25,2327.01,7.7364,33.95,5.33,2326.79,179.84,5.25,93.20117188,4.35,202406,0.6156411437072262,0.17546440807283886,-0.5121171220589106,-1.3248504371659735,-0.26146550186120476
1464,2024-06-05 00:00:00,4.29,10.0,4.0,2.0,2336.15,2355.32,7.725,34.0,5.33,2352.38,181.88,5.25,93.28710938,4.31,202406,0.6156411437072262,0.17546440807283886,-0.5121171220589106,-1.3248504371659735,-0.26146550186120476
1465,2024-06-06 00:00:00,4.28,10.0,4.0,2.0,2360.725,2376.06,7.7023,34.1,5.33,2370.33,183.05,5.25,93.296875,4.29,202406,0.6156411437072262,0.17546440807283886,-0.5121171220589106,-1.3248504371659735,-0.26146550186120476
1466,2024-06-07 00:00:00,4.43,10.0,4.0,2.0,2324.4,2293.78,7.7478,33.9,5.33,2315.44,178.21,5.26,93.125,4.46,202406,0.6156411437072262,0.17546440807283886,-0.5121171220589106,-1.3248504371659735,-0.26146550186120476
1467,2024-06-11 00:00:00,4.39,10.0,4.0,2.0,2309.5,2317.01,8.1065,32.4,5.32,2312.1,178.28,5.25,93.22070313,4.41,202406,0.6156411437072262,0.17546440807283886,-0.5121171220589106,-1.3248504371659735,-0.26146550186120476
1468,2024-06-12 00:00:00,4.31,10.0,4.0,2.0,2320.575,2324.98,8.1442,32.25,5.31,2325.74,180.29,5.25,93.31640625,4.32,202406,0.6156411437072262,0.17546440807283886,-0.5121171220589106,-1.3248504371659735,-0.26146550186120476
1469,2024-06-13 00:00:00,4.24,10.0,4.0,2.0,2313.575,2304.21,8.0444,32.65,5.31,2309.68,177.5,5.25,93.40234375,4.24,202406,0.6156411437072262,0.17546440807283886,-0.5121171220589106,-1.3248504371659735,-0.26146550186120476
1470,2024-06-14 00:00:00,4.2,10.0,4.0,2.0,2323.675,2333.04,8.0567,32.6,5.31,2331.65,179.76,5.25,93.42578125,4.22,202406,0.6156411437072262,0.17546440807283886,-0.5121171220589106,-1.3248504371659735,-0.26146550186120476
1471,2024-06-17 00:00:00,4.28,10.0,4.0,2.0,2320.3,2319.14,8.094,32.45,5.33,2323.19,178.4,5.25,93.37304688,4.3,202406,0.6156411437072262,0.17546440807283886,-0.5121171220589106,-1.3248504371659735,-0.26146550186120476
1472,2024-06-18 00:00:00,4.22,10.0,4.0,2.0,2318.2,2329.46,8.1568,32.2,5.33,2323.16,179.69,5.24,93.44726563,4.24,202406,0.6156411437072262,0.17546440807283886,-0.5121171220589106,-1.3248504371659735,-0.26146550186120476
1473,2024-06-20 00:00:00,4.25,10.0,4.0,2.0,2342.2749999999996,2360.09,8.119,32.35,5.32,2358.69,181.35,5.24,93.43164063,4.26,202406,0.6156411437072262,0.17546440807283886,-0.5121171220589106,-1.3248504371659735,-0.26146550186120476
1474,2024-06-21 00:00:00,4.25,10.0,4.0,2.0,2349.525,2321.98,8.2465,31.85,5.31,2332.22,178.52,5.23,93.47265625,4.26,202406,0.6156411437072262,0.17546440807283886,-0.5121171220589106,-1.3248504371659735,-0.26146550186120476
1475,2024-06-24 00:00:00,4.25,10.0,4.0,2.0,2327.975,2334.65,8.2855,31.7,5.31,2332.42,179.52,5.24,93.50195313,4.27,202406,0.6156411437072262,0.17546440807283886,-0.5121171220589106,-1.3248504371659735,-0.26146550186120476
1476,2024-06-25 00:00:00,4.23,10.0,4.0,2.0,2328.7250000000004,2319.62,8.3249,31.55,5.33,2324.37,178.54,5.23,93.49414063,4.25,202406,0.6156411437072262,0.17546440807283886,-0.5121171220589106,-1.3248504371659735,-0.26146550186120476
1477,2024-06-26 00:00:00,4.32,10.0,4.0,2.0,2307.875,2298.23,8.2207,31.95,5.34,2301.87,177.25,5.24,93.453125,4.32,202406,0.6156411437072262,0.17546440807283886,-0.5121171220589106,-1.3248504371659735,-0.26146550186120476
1478,2024-06-27 00:00:00,4.29,10.0,4.0,2.0,2317.075,2327.73,8.755,30.0,5.34,2329.74,178.96,5.23,93.51171875,4.29,202406,0.6156411437072262,0.17546440807283886,-0.5121171220589106,-1.3248504371659735,-0.26146550186120476
1479,2024-06-28 00:00:00,4.36,10.0,4.0,2.0,2329.25,2326.75,8.654,30.35,5.33,2326.3,179.21,5.22,93.47851563,4.33,202406,0.6156411437072262,0.17546440807283886,-0.5121171220589106,-1.3248504371659735,-0.26146550186120476
1480,2024-07-02 00:00:00,4.43,10.0,4.0,2.0,2330.375,2329.46,8.7843,29.9,5.35,2328.8,178.78,5.24,93.52734375,4.39,202407,0.6076086552777404,0.49209933999014605,-0.26157431911404827,-0.60749046717159,0.057660802245562054
1481,2024-07-03 00:00:00,4.36,10.0,4.0,2.0,2351.95,2356.2,8.6398,30.4,5.33,2363.24,181.49,5.24,93.59765625,4.33,202407,0.6076086552777404,0.49209933999014605,-0.26157431911404827,-0.60749046717159,0.057660802245562054
1482,2024-07-05 00:00:00,4.28,10.0,4.0,2.0,2372.2,2392.16,8.6115,30.5,5.32,2383.3,183.58,5.23,93.75390625,4.22,202407,0.6076086552777404,0.49209933999014605,-0.26157431911404827,-0.60749046717159,0.057660802245562054
1483,2024-07-08 00:00:00,4.28,10.0,4.0,2.0,2374.15,2359.13,8.7259,30.1,5.32,2373.05,181.66,5.23,93.73046875,4.23,202407,0.6076086552777404,0.49209933999014605,-0.26157431911404827,-0.60749046717159,0.057660802245562054
1484,2024-07-09 00:00:00,4.3,10.0,4.0,2.0,2365.15,2364.09,8.7259,30.1,5.34,2353.05,182.48,5.23,93.74609375,4.24,202407,0.6076086552777404,0.49209933999014605,-0.26157431911404827,-0.60749046717159,0.057660802245562054
1485,2024-07-10 00:00:00,4.28,10.0,4.0,2.0,2378.625,2371.26,8.7404,30.05,5.34,2377.17,183.87,5.23,93.75976563,4.24,202407,0.6076086552777404,0.49209933999014605,-0.26157431911404827,-0.60749046717159,0.057660802245562054
1486,2024-07-11 00:00:00,4.2,10.0,4.0,2.0,2396.375,2415.48,8.4453,31.1,5.34,2418.75,187.42,5.21,93.91015625,4.13,202407,0.6076086552777404,0.49209933999014605,-0.26157431911404827,-0.60749046717159,0.057660802245562054
1487,2024-07-12 00:00:00,4.18,10.0,4.0,2.0,2405.5,2411.43,7.935,33.1,5.34,2411.77,187.83,5.21,94.01953125,4.1,202407,0.6076086552777404,0.49209933999014605,-0.26157431911404827,-0.60749046717159,0.057660802245562054
1488,2024-07-15 00:00:00,4.23,10.0,4.0,2.0,2414.875,2422.27,7.9591,33.0,5.34,2433.6,188.42,5.2,94.03320313,4.13,202407,0.6076086552777404,0.49209933999014605,-0.26157431911404827,-0.60749046717159,0.057660802245562054
1489,2024-07-16 00:00:00,4.17,10.0,4.0,2.0,2441.2749999999996,2469.08,8.0815,32.5,5.35,2456.29,191.34,5.2,94.07421875,4.09,202407,0.6076086552777404,0.49209933999014605,-0.26157431911404827,-0.60749046717159,0.057660802245562054
1490,2024-07-17 00:00:00,4.16,10.0,4.0,2.0,2475.3,2458.79,8.0198,32.75,5.35,2460.1,190.86,5.2,94.06054688,4.07,202407,0.6076086552777404,0.49209933999014605,-0.26157431911404827,-0.60749046717159,0.057660802245562054
1491,2024-07-18 00:00:00,4.2,10.0,4.0,2.0,2465.375,2445.08,8.0321,32.7,5.34,2466.5,190.62,5.21,94.03515625,4.11,202407,0.6076086552777404,0.49209933999014605,-0.26157431911404827,-0.60749046717159,0.057660802245562054
1492,2024-07-19 00:00:00,4.25,10.0,4.0,2.0,2409.65,2400.83,8.1695,32.15,5.34,2407.24,186.33,5.2,94.02929688,4.16,202407,0.6076086552777404,0.49209933999014605,-0.26157431911404827,-0.60749046717159,0.057660802245562054
1493,2024-07-22 00:00:00,4.26,10.0,4.0,2.0,2397.05,2396.59,8.1442,32.25,5.33,2388.1,185.85,5.19,94.03515625,4.17,202407,0.6076086552777404,0.49209933999014605,-0.26157431911404827,-0.60749046717159,0.057660802245562054
1494,2024-07-23 00:00:00,4.25,10.0,4.0,2.0,2403.7749999999996,2409.64,8.1822,32.1,5.34,2405.71,186.8,5.18,94.07226563,4.15,202407,0.6076086552777404,0.49209933999014605,-0.26157431911404827,-0.60749046717159,0.057660802245562054
1495,2024-07-24 00:00:00,4.28,10.0,4.0,2.0,2416.375,2397.7,8.1695,32.15,5.34,2426.54,187.4,5.18,94.11914063,4.12,202407,0.6076086552777404,0.49209933999014605,-0.26157431911404827,-0.60749046717159,0.057660802245562054
1496,2024-07-25 00:00:00,4.27,10.0,4.0,2.0,2367.725,2364.56,8.0815,32.5,5.35,2366.13,182.59,5.17,94.13867188,4.13,202407,0.6076086552777404,0.49209933999014605,-0.26157431911404827,-0.60749046717159,0.057660802245562054
1497,2024-07-26 00:00:00,4.2,10.0,4.0,2.0,2380.325,2387.19,8.0815,32.5,5.35,2382.7,184.65,5.16,94.23046875,4.06,202407,0.6076086552777404,0.49209933999014605,-0.26157431911404827,-0.60749046717159,0.057660802245562054
1498,2024-07-29 00:00:00,4.17,10.0,4.0,2.0,2391.6,2384.19,7.947,33.05,5.33,2376.7,184.49,5.15,94.21679688,4.05,202407,0.6076086552777404,0.49209933999014605,-0.26157431911404827,-0.60749046717159,0.057660802245562054
1499,2024-07-30 00:00:00,4.15,10.0,4.0,2.0,2389.7,2410.78,8.0198,32.75,5.33,2390.24,186.47,5.14,94.28320313,4.03,202407,0.6076086552777404,0.49209933999014605,-0.26157431911404827,-0.60749046717159,0.057660802245562054
1500,2024-07-31 00:00:00,4.09,10.0,4.0,2.0,2422.95,2447.6,7.9591,33.0,5.38,2421.91,188.1,5.15,94.39453125,3.97,202407,0.6076086552777404,0.49209933999014605,-0.26157431911404827,-0.60749046717159,0.057660802245562054
1501,2024-08-01 00:00:00,3.99,10.0,4.0,2.0,2444.275,2446.26,7.7023,34.1,5.35,2446.35,188.54,5.12,94.54882813,3.84,202408,0.43096933225562334,0.49035958761697407,-0.7908189143837427,-1.0523813684440713,-0.23046784073880416
1502,2024-08-02 00:00:00,3.8,10.0,4.0,2.0,2465.8,2443.24,7.8286,33.55,5.35,2413.88,187.09,5.05,94.94335938,3.62,202408,0.43096933225562334,0.49035958761697407,-0.7908189143837427,-1.0523813684440713,-0.23046784073880416
1503,2024-08-05 00:00:00,3.78,10.0,4.0,2.0,2407.8,2410.79,7.6574,34.3,5.32,2407.9,184.79,5.09,94.91015625,3.62,202408,0.43096933225562334,0.49035958761697407,-0.7908189143837427,-1.0523813684440713,-0.23046784073880416
1504,2024-08-06 00:00:00,3.9,10.0,4.0,2.0,2405.3500000000004,2390.82,7.602,34.55,5.33,2385.84,183.98,5.09,94.83789063,3.73,202408,0.43096933225562334,0.49035958761697407,-0.7908189143837427,-1.0523813684440713,-0.23046784073880416
1505,2024-08-07 00:00:00,3.96,10.0,4.0,2.0,2396.6499999999996,2382.92,7.5583,34.75,5.33,2400.38,184.09,5.09,94.87304688,3.79,202408,0.43096933225562334,0.49035958761697407,-0.7908189143837427,-1.0523813684440713,-0.23046784073880416
1506,2024-08-08 00:00:00,3.99,10.0,4.0,2.0,2403.875,2427.53,7.5258,34.9,5.34,2412.87,186.43,5.09,94.79882813,3.83,202408,0.43096933225562334,0.49035958761697407,-0.7908189143837427,-1.0523813684440713,-0.23046784073880416
1507,2024-08-09 00:00:00,3.94,10.0,4.0,2.0,2425.3999999999996,2431.32,7.4936,35.05,5.34,2428.21,187.22,5.09,94.79101563,3.8,202408,0.43096933225562334,0.49035958761697407,-0.7908189143837427,-1.0523813684440713,-0.23046784073880416
1508,2024-08-12 00:00:00,3.9,10.0,4.0,2.0,2446.475,2472.9,7.5366,34.85,5.34,2458.68,189.66,5.07,94.8515625,3.75,202408,0.43096933225562334,0.49035958761697407,-0.7908189143837427,-1.0523813684440713,-0.23046784073880416
1509,2024-08-13 00:00:00,3.85,10.0,4.0,2.0,2466.05,2465.16,7.5258,34.9,5.34,2471.1,189.84,5.06,94.9609375,3.68,202408,0.43096933225562334,0.49035958761697407,-0.7908189143837427,-1.0523813684440713,-0.23046784073880416
1510,2024-08-14 00:00:00,3.83,10.0,4.0,2.0,2464.35,2447.85,7.5043,35.0,5.33,2450.7,187.74,5.07,94.93359375,3.67,202408,0.43096933225562334,0.49035958761697407,-0.7908189143837427,-1.0523813684440713,-0.23046784073880416
1511,2024-08-15 00:00:00,3.92,10.0,4.0,2.0,2451.45,2456.79,7.4936,35.05,5.35,2457.37,188.83,5.09,94.78320313,3.79,202408,0.43096933225562334,0.49035958761697407,-0.7908189143837427,-1.0523813684440713,-0.23046784073880416
1512,2024-08-16 00:00:00,3.89,10.0,4.0,2.0,2473.9750000000004,2508.01,7.5583,34.75,5.32,2490.0,192.27,5.08,94.86328125,3.77,202408,0.43096933225562334,0.49035958761697407,-0.7908189143837427,-1.0523813684440713,-0.23046784073880416
1513,2024-08-19 00:00:00,3.86,10.0,4.0,2.0,2497.3,2504.28,7.5366,34.85,5.32,2503.81,192.54,5.06,94.8515625,3.75,202408,0.43096933225562334,0.49035958761697407,-0.7908189143837427,-1.0523813684440713,-0.23046784073880416
1514,2024-08-20 00:00:00,3.82,10.0,4.0,2.0,2525.65,2513.99,7.5474,34.8,5.32,2511.28,193.18,5.04,94.95703125,3.7,202408,0.43096933225562334,0.49035958761697407,-0.7908189143837427,-1.0523813684440713,-0.23046784073880416
1515,2024-08-21 00:00:00,3.79,10.0,4.0,2.0,2502.8,2512.56,7.5692,34.7,5.31,2504.97,192.88,5.02,95.04296875,3.64,202408,0.43096933225562334,0.49035958761697407,-0.7908189143837427,-1.0523813684440713,-0.23046784073880416
1516,2024-08-22 00:00:00,3.86,10.0,4.0,2.0,2494.05,2484.75,7.5043,35.0,5.31,2478.01,190.63,5.04,94.95898438,3.72,202408,0.43096933225562334,0.49035958761697407,-0.7908189143837427,-1.0523813684440713,-0.23046784073880416
1517,2024-08-23 00:00:00,3.81,10.0,4.0,2.0,2505.75,2512.59,7.4936,35.05,5.33,2516.05,192.76,5.01,95.1015625,3.65,202408,0.43096933225562334,0.49035958761697407,-0.7908189143837427,-1.0523813684440713,-0.23046784073880416
1518,2024-08-26 00:00:00,3.82,10.0,4.0,2.0,2505.75,2518.03,7.2058,36.45,5.34,2514.03,193.41,4.98,95.07226563,3.66,202408,0.43096933225562334,0.49035958761697407,-0.7908189143837427,-1.0523813684440713,-0.23046784073880416
1519,2024-08-27 00:00:00,3.83,10.0,4.0,2.0,2509.425,2524.64,7.1664,36.65,5.35,2515.83,193.22,4.98,95.13671875,3.66,202408,0.43096933225562334,0.49035958761697407,-0.7908189143837427,-1.0523813684440713,-0.23046784073880416
1520,2024-08-28 00:00:00,3.84,10.0,4.0,2.0,2507.4,2504.61,7.1959,36.5,5.35,2506.94,192.13,4.96,95.140625,3.63,202408,0.43096933225562334,0.49035958761697407,-0.7908189143837427,-1.0523813684440713,-0.23046784073880416
1521,2024-08-29 00:00:00,3.87,10.0,4.0,2.0,2517.575,2521.4,7.1372,36.8,5.33,2523.75,193.8,4.98,95.125,3.66,202408,0.43096933225562334,0.49035958761697407,-0.7908189143837427,-1.0523813684440713,-0.23046784073880416
1522,2024-08-30 00:00:00,3.91,10.0,4.0,2.0,2518.75,2503.39,7.1179,36.9,5.32,2505.28,191.4,4.98,95.15429688,3.71,202408,0.43096933225562334,0.49035958761697407,-0.7908189143837427,-1.0523813684440713,-0.23046784073880416
1523,2024-09-03 00:00:00,3.84,10.0,4.0,2.0,2491.525,2492.91,7.2256,36.35,5.34,2480.45,191.03,4.97,95.21289063,3.65,202409,0.3904674891886392,0.0014891707556370837,-0.958328799926129,-0.3392787276484672,-0.22641271690757997
1524,2024-09-04 00:00:00,3.77,10.0,4.0,2.0,2481.2,2495.72,7.3162,35.9,5.35,2496.18,191.13,4.96,95.34960938,3.56,202409,0.3904674891886392,0.0014891707556370837,-0.958328799926129,-0.3392787276484672,-0.22641271690757997
1525,2024-09-05 00:00:00,3.73,10.0,4.0,2.0,2513.2,2516.76,7.0605,37.2,5.35,2507.63,192.32,4.94,95.38671875,3.54,202409,0.3904674891886392,0.0014891707556370837,-0.958328799926129,-0.3392787276484672,-0.22641271690757997
1526,2024-09-09 00:00:00,3.7,10.0,4.0,2.0,2498.175,2506.38,7.051,37.25,5.34,2495.0,191.3,4.89,95.51757813,3.49,202409,0.3904674891886392,0.0014891707556370837,-0.958328799926129,-0.3392787276484672,-0.22641271690757997
1527,2024-09-10 00:00:00,3.65,10.0,4.0,2.0,2504.325,2516.73,7.051,37.25,5.33,2509.8,192.05,4.85,95.60742188,3.43,202409,0.3904674891886392,0.0014891707556370837,-0.958328799926129,-0.3392787276484672,-0.22641271690757997
1528,2024-09-11 00:00:00,3.65,10.0,4.0,2.0,2514.825,2511.76,7.0605,37.2,5.32,2513.65,192.03,4.89,95.5546875,3.45,202409,0.3904674891886392,0.0014891707556370837,-0.958328799926129,-0.3392787276484672,-0.22641271690757997
1529,2024-09-12 00:00:00,3.68,10.0,4.0,2.0,2531.25,2557.9,7.004,37.5,5.33,2550.44,194.91,4.85,95.5859375,3.47,202409,0.3904674891886392,0.0014891707556370837,-0.958328799926129,-0.3392787276484672,-0.22641271690757997
1530,2024-09-13 00:00:00,3.66,10.0,4.0,2.0,2573.225,2577.7,6.9484,37.8,5.33,2574.63,197.02,4.78,95.68945313,3.43,202409,0.3904674891886392,0.0014891707556370837,-0.958328799926129,-0.3392787276484672,-0.22641271690757997
1531,2024-09-16 00:00:00,3.63,10.0,4.0,2.0,2585.725,2582.45,6.8757,38.2,5.38,2581.2,196.76,4.75,95.75,3.41,202409,0.3904674891886392,0.0014891707556370837,-0.958328799926129,-0.3392787276484672,-0.22641271690757997
1532,2024-09-17 00:00:00,3.65,10.0,4.0,2.0,2575.025,2569.5,6.7693,38.8,5.38,2575.3,195.62,4.75,95.69726563,3.44,202409,0.3904674891886392,0.0014891707556370837,-0.958328799926129,-0.3392787276484672,-0.22641271690757997
1533,2024-09-19 00:00:00,3.73,10.0,4.0,2.0,2582.975,2586.74,6.7606,38.85,4.82,2581.85,197.26,4.61,95.76953125,3.49,202409,0.3904674891886392,0.0014891707556370837,-0.958328799926129,-0.3392787276484672,-0.22641271690757997
1534,2024-09-20 00:00:00,3.73,10.0,4.0,2.0,2606.1499999999996,2621.88,6.6832,39.3,4.83,2614.05,199.68,4.56,95.80664063,3.48,202409,0.3904674891886392,0.0014891707556370837,-0.958328799926129,-0.3392787276484672,-0.22641271690757997
1535,2024-09-23 00:00:00,3.75,10.0,4.0,2.0,2623.6,2628.72,6.7346,39.0,4.83,2628.58,200.13,4.53,95.83203125,3.51,202409,0.3904674891886392,0.0014891707556370837,-0.958328799926129,-0.3392787276484672,-0.22641271690757997
1536,2024-09-24 00:00:00,3.74,10.0,4.0,2.0,2632.25,2657.1,6.8398,38.4,4.84,2645.54,201.93,4.5,95.8984375,3.47,202409,0.3904674891886392,0.0014891707556370837,-0.958328799926129,-0.3392787276484672,-0.22641271690757997
1537,2024-09-25 00:00:00,3.79,10.0,4.0,2.0,2657.625,2656.89,6.7606,38.85,4.84,2660.3,202.51,4.51,95.8671875,3.52,202409,0.3904674891886392,0.0014891707556370837,-0.958328799926129,-0.3392787276484672,-0.22641271690757997
1538,2024-09-26 00:00:00,3.79,10.0,4.0,2.0,2666.325,2672.38,6.7606,38.85,4.83,2666.5,203.37,4.5,95.81054688,3.55,202409,0.3904674891886392,0.0014891707556370837,-0.958328799926129,-0.3392787276484672,-0.22641271690757997
1539,2024-09-27 00:00:00,3.75,10.0,4.0,2.0,2661.2,2658.24,6.591,39.85,4.84,2648.24,201.31,4.5,95.91015625,3.5,202409,0.3904674891886392,0.0014891707556370837,-0.958328799926129,-0.3392787276484672,-0.22641271690757997
1540,2024-09-30 00:00:00,3.81,10.0,4.0,2.0,2640.05,2634.58,6.8143,39.25,4.96,2633.96,200.81,4.52,95.81054688,3.58,202409,0.3904674891886392,0.0014891707556370837,-0.958328799926129,-0.3392787276484672,-0.22641271690757997
1541,2024-10-02 00:00:00,3.79,10.0,4.0,2.0,2658.0249999999996,2658.69,6.6285,40.35,4.92,2641.75,201.76,4.48,95.83789063,3.55,202410,0.3969538178734821,0.49354913363445607,0.3088257221725255,-0.7362746754346766,0.11576349956144674
1542,2024-10-03 00:00:00,3.85,10.0,4.0,2.0,2645.825,2655.89,6.8317,39.15,4.85,2652.75,202.47,4.48,95.77929688,3.62,202410,0.3969538178734821,0.49354913363445607,0.3088257221725255,-0.7362746754346766,0.11576349956144674
1543,2024-10-04 00:00:00,3.98,10.0,4.0,2.0,2653.775,2653.6,6.7797,39.45,4.83,2666.66,202.13,4.53,95.57226563,3.81,202410,0.3969538178734821,0.49354913363445607,0.3088257221725255,-0.7362746754346766,0.11576349956144674
1544,2024-10-07 00:00:00,4.03,10.0,4.0,2.0,2646.2749999999996,2642.59,6.8317,39.15,4.83,2641.13,202.14,4.55,95.50390625,3.86,202410,0.3969538178734821,0.49354913363445607,0.3088257221725255,-0.7362746754346766,0.11576349956144674
1545,2024-10-08 00:00:00,4.04,10.0,4.0,2.0,2639.7250000000004,2621.83,7.085,37.75,4.84,2612.4,199.8,4.53,95.54492188,3.86,202410,0.3969538178734821,0.49354913363445607,0.3088257221725255,-0.7362746754346766,0.11576349956144674
1546,2024-10-09 00:00:00,4.06,10.0,4.0,2.0,2614.125,2607.77,7.0944,37.7,4.83,2615.9,199.18,4.54,95.49609375,3.91,202410,0.3969538178734821,0.49354913363445607,0.3088257221725255,-0.7362746754346766,0.11576349956144674
1547,2024-10-10 00:00:00,4.09,10.0,4.0,2.0,2623.1,2629.74,6.9651,38.4,4.82,2624.65,200.24,4.54,95.5625,3.91,202410,0.3969538178734821,0.49354913363445607,0.3088257221725255,-0.7362746754346766,0.11576349956144674
1548,2024-10-15 00:00:00,4.03,10.0,4.0,2.0,2651.15,2662.58,7.085,37.75,4.86,2662.43,203.1,4.52,95.62109375,3.86,202410,0.3969538178734821,0.49354913363445607,0.3088257221725255,-0.7362746754346766,0.11576349956144674
1549,2024-10-16 00:00:00,4.02,10.0,4.0,2.0,2677.325,2673.83,7.0384,38.0,4.86,2670.88,204.06,4.51,95.6484375,3.84,202410,0.3969538178734821,0.49354913363445607,0.3088257221725255,-0.7362746754346766,0.11576349956144674
1550,2024-10-17 00:00:00,4.09,10.0,4.0,2.0,2683.6499999999996,2692.71,7.057,37.9,4.85,2691.7,205.26,4.54,95.6171875,3.9,202410,0.3969538178734821,0.49354913363445607,0.3088257221725255,-0.7362746754346766,0.11576349956144674
1551,2024-10-18 00:00:00,4.08,10.0,4.0,2.0,2712.05,2721.46,6.9924,38.25,4.84,2718.35,207.01,4.53,95.671875,3.88,202410,0.3969538178734821,0.49354913363445607,0.3088257221725255,-0.7362746754346766,0.11576349956144674
1552,2024-10-21 00:00:00,4.19,10.0,4.0,2.0,2735.375,2719.85,7.0107,38.15,4.82,2720.82,207.8,4.51,95.61328125,3.98,202410,0.3969538178734821,0.49354913363445607,0.3088257221725255,-0.7362746754346766,0.11576349956144674
1553,2024-10-22 00:00:00,4.2,10.0,4.0,2.0,2735.025,2749.01,7.1228,37.55,4.83,2743.94,209.37,4.51,95.6171875,4.0,202410,0.3969538178734821,0.49354913363445607,0.3088257221725255,-0.7362746754346766,0.11576349956144674
1554,2024-10-23 00:00:00,4.24,10.0,4.0,2.0,2743.725,2715.55,7.1898,37.2,4.83,2710.92,207.17,4.52,95.58984375,4.05,202410,0.3969538178734821,0.49354913363445607,0.3088257221725255,-0.7362746754346766,0.11576349956144674
1555,2024-10-24 00:00:00,4.21,10.0,4.0,2.0,2736.0,2736.17,7.2977,36.65,4.83,2734.15,208.56,4.5,95.61328125,4.03,202410,0.3969538178734821,0.49354913363445607,0.3088257221725255,-0.7362746754346766,0.11576349956144674
1556,2024-10-25 00:00:00,4.25,10.0,4.0,2.0,2725.35,2747.56,7.2581,36.85,4.83,2740.38,208.97,4.52,95.61328125,4.07,202410,0.3969538178734821,0.49354913363445607,0.3088257221725255,-0.7362746754346766,0.11576349956144674
1557,2024-10-28 00:00:00,4.28,10.0,4.0,2.0,2736.1000000000004,2742.46,7.2679,36.8,4.82,2743.13,209.22,4.49,95.59960938,4.11,202410,0.3969538178734821,0.49354913363445607,0.3088257221725255,-0.7362746754346766,0.11576349956144674
1558,2024-10-29 00:00:00,4.28,10.0,4.0,2.0,2759.15,2774.74,7.2482,36.9,4.82,2767.5,211.01,4.49,95.64453125,4.11,202410,0.3969538178734821,0.49354913363445607,0.3088257221725255,-0.7362746754346766,0.11576349956144674
1559,2024-10-30 00:00:00,4.29,10.0,4.0,2.0,2780.875,2787.61,7.3077,36.6,4.81,2784.42,212.51,4.47,95.59375,4.14,202410,0.3969538178734821,0.49354913363445607,0.3088257221725255,-0.7362746754346766,0.11576349956144674
1560,2024-10-31 00:00:00,4.28,10.0,4.0,2.0,2756.775,2743.97,7.3782,36.25,4.9,2740.75,208.8,4.44,95.60546875,4.15,202410,0.3969538178734821,0.49354913363445607,0.3088257221725255,-0.7362746754346766,0.11576349956144674
1561,2024-11-01 00:00:00,4.37,10.0,4.0,2.0,2745.825,2736.53,7.3478,36.4,4.86,2743.41,208.72,4.41,95.609375,4.22,202411,0.5537947539215148,0.8994913540412602,0.48897105166746235,0.26739068317764353,0.5524119607019702
1562,2024-11-04 00:00:00,4.31,10.0,4.0,2.0,2741.975,2736.78,7.3077,36.6,4.82,2735.55,208.57,4.44,95.65234375,4.17,202411,0.5537947539215148,0.8994913540412602,0.48897105166746235,0.26739068317764353,0.5524119607019702
1563,2024-11-05 00:00:00,4.26,10.0,4.0,2.0,2740.65,2743.99,7.1995,37.15,4.82,2742.16,209.06,4.43,95.65820313,4.16,202411,0.5537947539215148,0.8994913540412602,0.48897105166746235,0.26739068317764353,0.5524119607019702
1564,2024-11-06 00:00:00,4.42,10.0,4.0,2.0,2693.2,2659.06,7.0292,38.05,4.81,2668.7,203.6,4.44,95.59765625,4.27,202411,0.5537947539215148,0.8994913540412602,0.48897105166746235,0.26739068317764353,0.5524119607019702
1565,2024-11-07 00:00:00,4.31,10.0,4.0,2.0,2679.525,2706.71,7.3377,36.45,4.82,2697.11,206.06,4.43,95.65234375,4.17,202411,0.5537947539215148,0.8994913540412602,0.48897105166746235,0.26739068317764353,0.5524119607019702
1566,2024-11-08 00:00:00,4.3,10.0,4.0,2.0,2688.175,2684.77,7.3478,36.4,4.6,2686.3,205.53,4.43,95.65039063,4.2,202411,0.5537947539215148,0.8994913540412602,0.48897105166746235,0.26739068317764353,0.5524119607019702
1567,2024-11-12 00:00:00,4.43,10.0,4.0,2.0,2598.8,2598.39,7.3579,36.35,4.6,2599.85,199.5,4.43,95.59179688,4.32,202411,0.5537947539215148,0.8994913540412602,0.48897105166746235,0.26739068317764353,0.5524119607019702
1568,2024-11-13 00:00:00,4.44,10.0,4.0,2.0,2604.25,2572.98,7.4294,36.0,4.59,2601.92,198.17,4.4,95.6640625,4.3,202411,0.5537947539215148,0.8994913540412602,0.48897105166746235,0.26739068317764353,0.5524119607019702
1569,2024-11-14 00:00:00,4.43,10.0,4.0,2.0,2557.875,2564.85,7.5341,35.5,4.58,2571.72,197.12,4.41,95.61328125,4.32,202411,0.5537947539215148,0.8994913540412602,0.48897105166746235,0.26739068317764353,0.5524119607019702
1570,2024-11-15 00:00:00,4.43,10.0,4.0,2.0,2569.25,2563.25,7.6091,35.15,4.57,2572.85,196.92,4.41,95.6640625,4.3,202411,0.5537947539215148,0.8994913540412602,0.48897105166746235,0.26739068317764353,0.5524119607019702
1571,2024-11-18 00:00:00,4.42,10.0,4.0,2.0,2598.475,2611.83,7.9365,33.7,4.57,2613.07,200.32,4.42,95.69335938,4.28,202411,0.5537947539215148,0.8994913540412602,0.48897105166746235,0.26739068317764353,0.5524119607019702
1572,2024-11-19 00:00:00,4.39,10.0,4.0,2.0,2629.575,2632.08,7.9958,33.45,4.57,2625.18,201.49,4.41,95.6875,4.25,202411,0.5537947539215148,0.8994913540412602,0.48897105166746235,0.26739068317764353,0.5524119607019702
1573,2024-11-20 00:00:00,4.41,10.0,4.0,2.0,2632.425,2650.6,7.913,33.8,4.56,2647.19,203.15,4.42,95.68164063,4.28,202411,0.5537947539215148,0.8994913540412602,0.48897105166746235,0.26739068317764353,0.5524119607019702
1574,2024-11-21 00:00:00,4.43,10.0,4.0,2.0,2667.5,2669.72,7.9839,33.5,4.57,2668.76,204.94,4.43,95.66796875,4.3,202411,0.5537947539215148,0.8994913540412602,0.48897105166746235,0.26739068317764353,0.5524119607019702
1575,2024-11-22 00:00:00,4.41,10.0,4.0,2.0,2700.6,2716.19,8.1171,32.95,4.57,2706.4,207.91,4.43,95.67382813,4.3,202411,0.5537947539215148,0.8994913540412602,0.48897105166746235,0.26739068317764353,0.5524119607019702
1576,2024-11-25 00:00:00,4.27,10.0,4.0,2.0,2652.9,2625.01,8.0198,33.35,4.58,2631.4,200.8,4.42,95.74023438,4.17,202411,0.5537947539215148,0.8994913540412602,0.48897105166746235,0.26739068317764353,0.5524119607019702
1577,2024-11-26 00:00:00,4.3,10.0,4.0,2.0,2626.2,2633.15,7.9365,33.7,4.58,2629.06,201.06,4.4,95.73828125,4.17,202411,0.5537947539215148,0.8994913540412602,0.48897105166746235,0.26739068317764353,0.5524119607019702
1578,2024-11-27 00:00:00,4.25,10.0,4.0,2.0,2644.425,2636.02,7.8781,33.95,4.57,2640.95,202.34,4.4,95.79296875,4.11,202411,0.5537947539215148,0.8994913540412602,0.48897105166746235,0.26739068317764353,0.5524119607019702
1579,2024-11-29 00:00:00,4.18,10.0,4.0,2.0,2657.675,2643.15,7.9013,33.85,4.59,2659.45,203.51,4.39,95.84960938,4.05,202411,0.5537947539215148,0.8994913540412602,0.48897105166746235,0.26739068317764353,0.5524119607019702
1580,2024-12-02 00:00:00,4.19,10.0,4.0,2.0,2639.7,2639.13,7.8091,34.25,4.64,2639.55,201.91,4.38,95.8671875,4.08,202412,0.7503455975575682,0.30449604241643013,-0.6994827052410192,-0.5297942092938599,-0.043608818640220176
1581,2024-12-03 00:00:00,4.23,10.0,4.0,2.0,2643.0,2643.49,7.7977,34.3,4.64,2641.0,202.56,4.36,95.9140625,4.11,202412,0.7503455975575682,0.30449604241643013,-0.6994827052410192,-0.5297942092938599,-0.043608818640220176
1582,2024-12-04 00:00:00,4.19,10.0,4.0,2.0,2645.3500000000004,2649.9,7.7863,34.35,4.59,2654.11,203.08,4.35,95.9609375,4.07,202412,0.7503455975575682,0.30449604241643013,-0.6994827052410192,-0.5297942092938599,-0.043608818640220176
1583,2024-12-05 00:00:00,4.17,10.0,4.0,2.0,2644.65,2631.67,7.8434,34.1,4.59,2640.9,200.98,4.34,95.95898438,4.07,202412,0.7503455975575682,0.30449604241643013,-0.6994827052410192,-0.5297942092938599,-0.043608818640220176
1584,2024-12-06 00:00:00,4.15,10.0,4.0,2.0,2636.9,2633.37,7.8434,34.1,4.6,2637.05,201.78,4.31,96.04296875,4.03,202412,0.7503455975575682,0.30449604241643013,-0.6994827052410192,-0.5297942092938599,-0.043608818640220176
1585,2024-12-09 00:00:00,4.2,10.0,4.0,2.0,2663.875,2660.3,7.7525,34.5,4.63,2667.86,204.01,4.3,96.03710938,4.07,202412,0.7503455975575682,0.30449604241643013,-0.6994827052410192,-0.5297942092938599,-0.043608818640220176
1586,2024-12-10 00:00:00,4.22,10.0,4.0,2.0,2680.0249999999996,2694.25,7.8091,34.25,4.64,2689.4,206.37,4.29,96.04101563,4.09,202412,0.7503455975575682,0.30449604241643013,-0.6994827052410192,-0.5297942092938599,-0.043608818640220176
1587,2024-12-11 00:00:00,4.26,10.0,4.0,2.0,2701.45,2718.23,7.8897,33.9,4.62,2716.18,208.95,4.26,96.05859375,4.13,202412,0.7503455975575682,0.30449604241643013,-0.6994827052410192,-0.5297942092938599,-0.043608818640220176
1588,2024-12-12 00:00:00,4.32,10.0,4.0,2.0,2698.975,2680.73,7.9365,33.7,4.62,2682.45,205.8,4.23,96.06054688,4.18,202412,0.7503455975575682,0.30449604241643013,-0.6994827052410192,-0.5297942092938599,-0.043608818640220176
1589,2024-12-13 00:00:00,4.4,10.0,4.0,2.0,2664.3,2648.23,7.9483,33.65,4.6,2662.55,203.43,4.23,96.06640625,4.25,202412,0.7503455975575682,0.30449604241643013,-0.6994827052410192,-0.5297942092938599,-0.043608818640220176
1590,2024-12-16 00:00:00,4.39,10.0,4.0,2.0,2657.575,2652.72,7.9365,33.7,4.65,2654.96,203.02,4.25,96.08984375,4.25,202412,0.7503455975575682,0.30449604241643013,-0.6994827052410192,-0.5297942092938599,-0.043608818640220176
1591,2024-12-17 00:00:00,4.4,10.0,4.0,2.0,2638.975,2646.83,8.0682,33.15,4.62,2638.41,202.5,4.26,96.09570313,4.26,202412,0.7503455975575682,0.30449604241643013,-0.6994827052410192,-0.5297942092938599,-0.043608818640220176
1592,2024-12-18 00:00:00,4.5,10.0,4.0,2.0,2642.0,2585.35,8.0318,33.3,4.57,2638.92,202.07,4.25,96.07421875,4.4,202412,0.7503455975575682,0.30449604241643013,-0.6994827052410192,-0.5297942092938599,-0.043608818640220176
1593,2024-12-19 00:00:00,4.57,10.0,4.0,2.0,2606.875,2594.01,8.2295,32.5,4.3,2588.3,199.02,4.23,96.11132813,4.43,202412,0.7503455975575682,0.30449604241643013,-0.6994827052410192,-0.5297942092938599,-0.043608818640220176
1594,2024-12-20 00:00:00,4.52,10.0,4.0,2.0,2611.3,2622.91,8.3191,32.15,4.3,2627.53,201.64,4.23,96.14453125,4.37,202412,0.7503455975575682,0.30449604241643013,-0.6994827052410192,-0.5297942092938599,-0.043608818640220176
1595,2024-12-23 00:00:00,4.59,10.0,4.0,2.0,2617.175,2612.56,8.2043,32.6,4.31,2609.08,200.51,4.24,96.14453125,4.44,202412,0.7503455975575682,0.30449604241643013,-0.6994827052410192,-0.5297942092938599,-0.043608818640220176
1596,2024-12-24 00:00:00,4.59,10.0,4.0,2.0,2613.775,2616.87,8.1419,32.85,4.4,2613.8,201.23,4.28,96.16601563,4.43,202412,0.7503455975575682,0.30449604241643013,-0.6994827052410192,-0.5297942092938599,-0.043608818640220176
1597,2024-12-27 00:00:00,4.62,10.0,4.0,2.0,2620.75,2621.4,8.1295,32.9,4.46,2616.84,201.33,4.19,96.23828125,4.45,202412,0.7503455975575682,0.30449604241643013,-0.6994827052410192,-0.5297942092938599,-0.043608818640220176
1598,2024-12-30 00:00:00,4.55,10.0,4.0,2.0,2609.7,2606.5,8.1667,32.75,4.37,2600.43,200.65,4.23,96.27929688,4.37,202412,0.7503455975575682,0.30449604241643013,-0.6994827052410192,-0.5297942092938599,-0.043608818640220176
1599,2024-12-31 00:00:00,4.58,10.0,4.0,2.0,2609.975,2624.5,8.1419,32.85,4.49,2625.35,202.77,4.23,96.29882813,4.38,202412,0.7503455975575682,0.30449604241643013,-0.6994827052410192,-0.5297942092938599,-0.043608818640220176
1600,2025-01-02 00:00:00,4.57,10.0,4.0,2.0,2645.45,2657.9,8.1543,32.8,4.4,2653.73,204.42,4.22,96.31835938,4.38,202501,0.8151334619794294,0.21344900155376123,-0.9604948760322806,0.8942824076979577,0.24059249879971695
1601,2025-01-03 00:00:00,4.6,10.0,4.0,2.0,2650.55,2640.22,8.0804,33.1,4.31,2643.49,203.03,4.2,96.33984375,4.41,202501,0.8151334619794294,0.21344900155376123,-0.9604948760322806,0.8942824076979577,0.24059249879971695
1602,2025-01-06 00:00:00,4.62,10.0,4.0,2.0,2632.575,2636.47,8.0926,33.05,4.27,2637.02,202.39,4.21,96.34179688,4.42,202501,0.8151334619794294,0.21344900155376123,-0.9604948760322806,0.8942824076979577,0.24059249879971695
1603,2025-01-07 00:00:00,4.67,10.0,4.0,2.0,2647.625,2648.59,8.1543,32.8,4.27,2648.42,203.77,4.21,96.3359375,4.46,202501,0.8151334619794294,0.21344900155376123,-0.9604948760322806,0.8942824076979577,0.24059249879971695
1604,2025-01-08 00:00:00,4.67,10.0,4.0,2.0,2656.55,2661.94,8.2677,32.35,4.29,2664.81,204.71,4.21,96.35742188,4.45,202501,0.8151334619794294,0.21344900155376123,-0.9604948760322806,0.8942824076979577,0.24059249879971695
1605,2025-01-09 00:00:00,4.68,10.0,4.0,2.0,2670.475,2667.25,8.3062,32.2,4.3,2670.1,206.3,4.21,96.37695313,4.46,202501,0.8151334619794294,0.21344900155376123,-0.9604948760322806,0.8942824076979577,0.24059249879971695
1606,2025-01-10 00:00:00,4.77,10.0,4.0,2.0,2683.45,2689.76,8.3321,32.1,4.3,2691.5,208.41,4.22,96.33984375,4.59,202501,0.8151334619794294,0.21344900155376123,-0.9604948760322806,0.8942824076979577,0.24059249879971695
1607,2025-01-13 00:00:00,4.79,10.0,4.0,2.0,2674.65,2663.16,8.5178,31.4,4.29,2666.05,205.82,4.23,96.34179688,4.61,202501,0.8151334619794294,0.21344900155376123,-0.9604948760322806,0.8942824076979577,0.24059249879971695
1608,2025-01-14 00:00:00,4.78,10.0,4.0,2.0,2666.7,2677.46,8.4908,31.5,4.28,2672.8,206.6,4.22,96.36328125,4.59,202501,0.8151334619794294,0.21344900155376123,-0.9604948760322806,0.8942824076979577,0.24059249879971695
1609,2025-01-15 00:00:00,4.66,10.0,4.0,2.0,2682.1499999999996,2696.32,8.545,31.3,4.28,2681.89,209.2,4.21,96.42578125,4.45,202501,0.8151334619794294,0.21344900155376123,-0.9604948760322806,0.8942824076979577,0.24059249879971695
1610,2025-01-16 00:00:00,4.61,10.0,4.0,2.0,2711.975,2714.31,8.3581,32.0,4.29,2718.6,211.76,4.21,96.43945313,4.39,202501,0.8151334619794294,0.21344900155376123,-0.9604948760322806,0.8942824076979577,0.24059249879971695
1611,2025-01-17 00:00:00,4.61,10.0,4.0,2.0,2710.1499999999996,2703.25,8.2422,32.45,4.29,2716.66,211.64,4.2,96.46679688,4.42,202501,0.8151334619794294,0.21344900155376123,-0.9604948760322806,0.8942824076979577,0.24059249879971695
1612,2025-01-21 00:00:00,4.57,10.0,4.0,2.0,2729.6000000000004,2744.81,8.1543,32.8,4.29,2740.35,212.51,4.22,96.46875,4.4,202501,0.8151334619794294,0.21344900155376123,-0.9604948760322806,0.8942824076979577,0.24059249879971695
1613,2025-01-22 00:00:00,4.6,10.0,4.0,2.0,2755.9750000000004,2756.48,8.2805,32.3,4.3,2757.32,213.42,4.22,96.4765625,4.43,202501,0.8151334619794294,0.21344900155376123,-0.9604948760322806,0.8942824076979577,0.24059249879971695
1614,2025-01-23 00:00:00,4.65,10.0,4.0,2.0,2745.725,2754.87,8.3843,31.9,4.35,2746.8,213.02,4.22,96.50585938,4.45,202501,0.8151334619794294,0.21344900155376123,-0.9604948760322806,0.8942824076979577,0.24059249879971695
1615,2025-01-24 00:00:00,4.63,10.0,4.0,2.0,2773.925,2770.58,8.3581,32.0,4.34,2774.39,214.17,4.21,96.53710938,4.43,202501,0.8151334619794294,0.21344900155376123,-0.9604948760322806,0.8942824076979577,0.24059249879971695
1616,2025-01-27 00:00:00,4.53,10.0,4.0,2.0,2754.75,2740.81,8.3581,32.0,4.34,2740.75,211.3,4.2,96.58789063,4.32,202501,0.8151334619794294,0.21344900155376123,-0.9604948760322806,0.8942824076979577,0.24059249879971695
1617,2025-01-28 00:00:00,4.55,10.0,4.0,2.0,2747.8,2763.51,8.3321,32.1,4.35,2757.39,213.76,4.2,96.59179688,4.33,202501,0.8151334619794294,0.21344900155376123,-0.9604948760322806,0.8942824076979577,0.24059249879971695
1618,2025-02-03 00:00:00,4.54,10.0,4.0,2.0,2810.125,2815.21,8.3321,32.1,4.35,2819.61,217.58,4.22,96.6015625,4.35,202502,0.9183867639509402,-0.08665828281841181,-1.0063434869458217,-0.8916671911901365,-0.26657054925085744
1619,2025-02-04 00:00:00,4.52,10.0,4.0,2.0,2828.375,2842.71,8.2933,32.25,4.33,2837.6,219.09,4.22,96.61523438,4.31,202502,0.9183867639509402,-0.08665828281841181,-1.0063434869458217,-0.8916671911901365,-0.26657054925085744
1620,2025-02-05 00:00:00,4.43,10.0,4.0,2.0,2872.4750000000004,2867.24,8.3581,32.0,4.33,2869.28,220.43,4.22,96.6328125,4.24,202502,0.9183867639509402,-0.08665828281841181,-1.0063434869458217,-0.8916671911901365,-0.26657054925085744
1621,2025-02-06 00:00:00,4.45,10.0,4.0,2.0,2850.075,2856.28,7.9839,33.5,4.36,2852.62,219.5,4.22,96.640625,4.28,202502,0.9183867639509402,-0.08665828281841181,-1.0063434869458217,-0.8916671911901365,-0.26657054925085744
1622,2025-02-07 00:00:00,4.49,10.0,4.0,2.0,2870.55,2861.07,7.8434,34.1,4.35,2871.62,220.63,4.24,96.62890625,4.34,202502,0.9183867639509402,-0.08665828281841181,-1.0063434869458217,-0.8916671911901365,-0.26657054925085744
1623,2025-02-10 00:00:00,4.51,10.0,4.0,2.0,2900.0,2908.26,7.8319,34.15,4.35,2908.25,224.22,4.23,96.64453125,4.34,202502,0.9183867639509402,-0.08665828281841181,-1.0063434869458217,-0.8916671911901365,-0.26657054925085744
1624,2025-02-11 00:00:00,4.54,10.0,4.0,2.0,2901.125,2897.91,7.9601,33.6,4.34,2905.5,224.33,4.23,96.64453125,4.37,202502,0.9183867639509402,-0.08665828281841181,-1.0063434869458217,-0.8916671911901365,-0.26657054925085744
1625,2025-02-12 00:00:00,4.62,10.0,4.0,2.0,2887.425,2904.04,7.8434,34.1,4.32,2894.06,224.09,4.23,96.62304688,4.48,202502,0.9183867639509402,-0.08665828281841181,-1.0063434869458217,-0.8916671911901365,-0.26657054925085744
1626,2025-02-13 00:00:00,4.52,10.0,4.0,2.0,2916.375,2928.21,7.8781,33.95,4.33,2920.07,225.15,4.22,96.65039063,4.39,202502,0.9183867639509402,-0.08665828281841181,-1.0063434869458217,-0.8916671911901365,-0.26657054925085744
1627,2025-02-14 00:00:00,4.47,10.0,4.0,2.0,2929.65,2882.53,7.7525,34.5,4.33,2900.3,221.68,4.22,96.72460938,4.33,202502,0.9183867639509402,-0.08665828281841181,-1.0063434869458217,-0.8916671911901365,-0.26657054925085744
1628,2025-02-18 00:00:00,4.55,10.0,4.0,2.0,2917.975,2936.02,7.7078,34.7,4.37,2928.19,225.2,4.23,96.72460938,4.4,202502,0.9183867639509402,-0.08665828281841181,-1.0063434869458217,-0.8916671911901365,-0.26657054925085744
1629,2025-02-19 00:00:00,4.53,10.0,4.0,2.0,2940.625,2933.39,7.6746,34.85,4.35,2928.12,223.96,4.22,96.74023438,4.37,202502,0.9183867639509402,-0.08665828281841181,-1.0063434869458217,-0.8916671911901365,-0.26657054925085744
1630,2025-02-20 00:00:00,4.5,10.0,4.0,2.0,2942.55,2938.98,7.7078,34.7,4.33,2937.98,225.45,4.21,96.75976563,4.34,202502,0.9183867639509402,-0.08665828281841181,-1.0063434869458217,-0.8916671911901365,-0.26657054925085744
1631,2025-02-21 00:00:00,4.42,10.0,4.0,2.0,2931.925,2936.05,7.5983,35.2,4.34,2931.45,225.18,4.21,96.828125,4.26,202502,0.9183867639509402,-0.08665828281841181,-1.0063434869458217,-0.8916671911901365,-0.26657054925085744
1632,2025-02-24 00:00:00,4.4,10.0,4.0,2.0,2936.25,2951.73,7.5875,35.25,4.34,2942.88,226.05,4.19,96.83789063,4.23,202502,0.9183867639509402,-0.08665828281841181,-1.0063434869458217,-0.8916671911901365,-0.26657054925085744
1633,2025-02-25 00:00:00,4.3,10.0,4.0,2.0,2937.65,2914.98,7.5554,35.4,4.33,2899.31,222.78,4.19,96.87695313,4.12,202502,0.9183867639509402,-0.08665828281841181,-1.0063434869458217,-0.8916671911901365,-0.26657054925085744
1634,2025-02-26 00:00:00,4.25,10.0,4.0,2.0,2907.275,2916.39,7.5024,35.65,4.33,2913.48,223.68,4.2,96.8828125,4.06,202502,0.9183867639509402,-0.08665828281841181,-1.0063434869458217,-0.8916671911901365,-0.26657054925085744
1635,2025-02-27 00:00:00,4.29,10.0,4.0,2.0,2886.2250000000004,2877.52,7.4709,35.8,4.36,2875.43,221.14,4.2,96.89257813,4.09,202502,0.9183867639509402,-0.08665828281841181,-1.0063434869458217,-0.8916671911901365,-0.26657054925085744
1636,2025-02-28 00:00:00,4.24,10.0,4.0,2.0,2847.9750000000004,2857.83,7.5875,35.25,4.39,2851.34,217.58,4.2,96.94726563,4.03,202502,0.9183867639509402,-0.08665828281841181,-1.0063434869458217,-0.8916671911901365,-0.26657054925085744
1637,2025-03-03 00:00:00,4.16,10.0,4.0,2.0,2874.475,2892.73,7.6417,35.0,4.33,2887.34,221.52,4.21,96.97460938,3.97,202503,1.0473591133821187,1.466070710237614,-0.5409981368075979,-0.9342404831779337,0.25954780090855034
1638,2025-03-04 00:00:00,4.22,10.0,4.0,2.0,2908.75,2917.89,7.6417,35.0,4.33,2909.56,222.91,4.2,96.98828125,4.01,202503,1.0473591133821187,1.466070710237614,-0.5409981368075979,-0.9342404831779337,0.25954780090855034
1639,2025-03-05 00:00:00,4.28,10.0,4.0,2.0,2915.475,2919.39,7.3377,36.45,4.34,2923.42,223.27,4.21,96.98632813,4.08,202503,1.0473591133821187,1.466070710237614,-0.5409981368075979,-0.9342404831779337,0.25954780090855034
1640,2025-03-06 00:00:00,4.29,10.0,4.0,2.0,2911.925,2911.8,7.3579,36.35,4.35,2914.26,223.32,4.2,97.0234375,4.06,202503,1.0473591133821187,1.466070710237614,-0.5409981368075979,-0.9342404831779337,0.25954780090855034
1641,2025-03-07 00:00:00,4.32,10.0,4.0,2.0,2924.825,2909.1,7.4089,36.1,4.34,2916.24,222.64,4.2,97.03710938,4.09,202503,1.0473591133821187,1.466070710237614,-0.5409981368075979,-0.9342404831779337,0.25954780090855034
1642,2025-03-10 00:00:00,4.22,10.0,4.0,2.0,2906.1499999999996,2888.71,7.4501,35.9,4.33,2905.5,221.74,4.19,97.078125,3.98,202503,1.0473591133821187,1.466070710237614,-0.5409981368075979,-0.9342404831779337,0.25954780090855034
1643,2025-03-11 00:00:00,4.28,10.0,4.0,2.0,2915.175,2915.9,7.3077,36.6,4.32,2916.16,223.69,4.2,97.07421875,4.03,202503,1.0473591133821187,1.466070710237614,-0.5409981368075979,-0.9342404831779337,0.25954780090855034
1644,2025-03-12 00:00:00,4.32,10.0,4.0,2.0,2919.2,2934.77,7.2581,36.85,4.31,2933.92,225.81,4.21,97.0546875,4.09,202503,1.0473591133821187,1.466070710237614,-0.5409981368075979,-0.9342404831779337,0.25954780090855034
1645,2025-03-13 00:00:00,4.27,10.0,4.0,2.0,2959.3500000000004,2989.18,7.2092,37.1,4.3,2978.85,229.43,4.2,97.0859375,4.02,202503,1.0473591133821187,1.466070710237614,-0.5409981368075979,-0.9342404831779337,0.25954780090855034
1646,2025-03-14 00:00:00,4.31,10.0,4.0,2.0,2988.95,2984.16,7.2581,36.85,4.3,2988.4,230.11,4.2,97.09960938,4.09,202503,1.0473591133821187,1.466070710237614,-0.5409981368075979,-0.9342404831779337,0.25954780090855034
1647,2025-03-17 00:00:00,4.31,10.0,4.0,2.0,2996.325,3000.6,7.2778,36.75,4.32,2997.16,230.48,4.2,97.08984375,4.11,202503,1.0473591133821187,1.466070710237614,-0.5409981368075979,-0.9342404831779337,0.25954780090855034
1648,2025-03-18 00:00:00,4.29,10.0,4.0,2.0,3023.75,3034.73,7.1898,37.2,4.31,3033.2,233.24,4.2,97.08984375,4.07,202503,1.0473591133821187,1.466070710237614,-0.5409981368075979,-0.9342404831779337,0.25954780090855034
1649,2025-03-19 00:00:00,4.25,10.0,4.0,2.0,3030.775,3047.79,7.1323,37.5,4.29,3034.63,233.3,4.2,97.11523438,4.03,202503,1.0473591133821187,1.466070710237614,-0.5409981368075979,-0.9342404831779337,0.25954780090855034
1650,2025-03-20 00:00:00,4.24,10.0,4.0,2.0,3032.175,3044.9,7.1513,37.4,4.29,3042.0,233.4,4.19,97.13867188,4.01,202503,1.0473591133821187,1.466070710237614,-0.5409981368075979,-0.9342404831779337,0.25954780090855034
1651,2025-03-21 00:00:00,4.25,10.0,4.0,2.0,3022.5,3022.15,7.2092,37.1,4.3,3014.5,231.45,4.19,97.18359375,4.0,202503,1.0473591133821187,1.466070710237614,-0.5409981368075979,-0.9342404831779337,0.25954780090855034
1652,2025-03-24 00:00:00,4.34,10.0,4.0,2.0,3019.0,3011.04,7.1801,37.25,4.31,3013.02,231.05,4.19,97.16601563,4.09,202503,1.0473591133821187,1.466070710237614,-0.5409981368075979,-0.9342404831779337,0.25954780090855034
1653,2025-03-25 00:00:00,4.31,10.0,4.0,2.0,3023.2749999999996,3020.09,7.1039,37.65,4.33,3024.0,231.86,4.19,97.171875,4.07,202503,1.0473591133821187,1.466070710237614,-0.5409981368075979,-0.9342404831779337,0.25954780090855034
1654,2025-03-26 00:00:00,4.35,10.0,4.0,2.0,3017.55,3019.38,7.2581,36.85,4.35,3017.5,231.6,4.2,97.18164063,4.08,202503,1.0473591133821187,1.466070710237614,-0.5409981368075979,-0.9342404831779337,0.25954780090855034
1655,2025-03-27 00:00:00,4.38,10.0,4.0,2.0,3054.125,3057.29,7.2877,36.7,4.36,3052.5,234.45,4.2,97.18554688,4.09,202503,1.0473591133821187,1.466070710237614,-0.5409981368075979,-0.9342404831779337,0.25954780090855034
1656,2025-03-28 00:00:00,4.27,10.0,4.0,2.0,3071.0,3085.12,7.3176,36.55,4.34,3083.97,236.19,4.2,97.25,3.98,202503,1.0473591133821187,1.466070710237614,-0.5409981368075979,-0.9342404831779337,0.25954780090855034
1657,2025-03-31 00:00:00,4.23,10.0,4.0,2.0,3117.6499999999996,3123.57,7.4819,36.4,4.41,3125.25,238.9,4.21,97.27734375,3.96,202503,1.0473591133821187,1.466070710237614,-0.5409981368075979,-0.9342404831779337,0.25954780090855034
1658,2025-04-01 00:00:00,4.17,10.0,4.0,2.0,3132.6,3113.38,7.3705,36.95,4.39,3131.35,238.57,4.2,97.29296875,3.91,202504,1.2889748568925168,1.0447606772011238,-0.2734877376978818,-0.9086965079852555,0.28788782210262576
1659,2025-04-02 00:00:00,4.2,10.0,4.0,2.0,3123.4,3134.17,7.3605,37.0,4.37,3125.82,240.18,4.21,97.2890625,3.95,202504,1.2889748568925168,1.0447606772011238,-0.2734877376978818,-0.9086965079852555,0.28788782210262576
1660,2025-04-03 00:00:00,4.06,10.0,4.0,2.0,3123.125,3115.34,7.3705,36.95,4.39,3111.16,236.83,4.2,97.33984375,3.75,202504,1.2889748568925168,1.0447606772011238,-0.2734877376978818,-0.9086965079852555,0.28788782210262576
1661,2025-04-07 00:00:00,4.15,10.0,4.0,2.0,3019.925,2983.28,7.9632,34.2,4.33,2986.95,225.65,4.17,97.41992188,3.82,202504,1.2889748568925168,1.0447606772011238,-0.2734877376978818,-0.9086965079852555,0.28788782210262576
1662,2025-04-08 00:00:00,4.26,10.0,4.0,2.0,3009.05,2983.27,8.0574,33.8,4.4,3002.72,227.06,4.19,97.47460938,3.88,202504,1.2889748568925168,1.0447606772011238,-0.2734877376978818,-0.9086965079852555,0.28788782210262576
1663,2025-04-09 00:00:00,4.34,10.0,4.0,2.0,3060.1,3082.7,8.1907,33.25,4.42,3075.14,234.08,4.24,97.375,4.06,202504,1.2889748568925168,1.0447606772011238,-0.2734877376978818,-0.9086965079852555,0.28788782210262576
1664,2025-04-10 00:00:00,4.4,10.0,4.0,2.0,3124.9,3176.23,8.0813,33.7,4.37,3158.87,241.4,4.22,97.41210938,4.04,202504,1.2889748568925168,1.0447606772011238,-0.2734877376978818,-0.9086965079852555,0.28788782210262576
1665,2025-04-11 00:00:00,4.48,10.0,4.0,2.0,3222.125,3237.61,8.1784,33.3,4.33,3236.53,246.8,4.23,97.40625,4.15,202504,1.2889748568925168,1.0447606772011238,-0.2734877376978818,-0.9086965079852555,0.28788782210262576
1666,2025-04-14 00:00:00,4.38,10.0,4.0,2.0,3212.425,3210.93,7.9982,34.05,4.33,3209.41,245.27,4.22,97.42382813,4.02,202504,1.2889748568925168,1.0447606772011238,-0.2734877376978818,-0.9086965079852555,0.28788782210262576
1667,2025-04-15 00:00:00,4.35,10.0,4.0,2.0,3223.475,3230.72,8.01,34.0,4.36,3219.26,246.34,4.22,97.42382813,3.98,202504,1.2889748568925168,1.0447606772011238,-0.2734877376978818,-0.9086965079852555,0.28788782210262576
1668,2025-04-16 00:00:00,4.29,10.0,4.0,2.0,3313.65,3343.12,7.9284,34.35,4.31,3309.25,254.37,4.21,97.44726563,3.91,202504,1.2889748568925168,1.0447606772011238,-0.2734877376978818,-0.9086965079852555,0.28788782210262576
1669,2025-04-17 00:00:00,4.34,10.0,4.0,2.0,3315.0,3326.85,7.7923,34.95,4.32,3303.45,253.02,4.23,97.47265625,3.95,202504,1.2889748568925168,1.0447606772011238,-0.2734877376978818,-0.9086965079852555,0.28788782210262576
1670,2025-04-22 00:00:00,4.41,10.0,4.0,2.0,3444.125,3380.63,7.8034,34.9,4.3,3426.0,259.87,4.22,97.49804688,3.98,202504,1.2889748568925168,1.0447606772011238,-0.2734877376978818,-0.9086965079852555,0.28788782210262576
1671,2025-04-23 00:00:00,4.4,10.0,4.0,2.0,3297.8999999999996,3288.34,7.6179,35.75,4.28,3282.58,250.61,4.22,97.48242188,4.0,202504,1.2889748568925168,1.0447606772011238,-0.2734877376978818,-0.9086965079852555,0.28788782210262576
1672,2025-04-24 00:00:00,4.32,10.0,4.0,2.0,3322.9,3349.43,7.65,35.6,4.29,3325.65,254.72,4.21,97.51367188,3.91,202504,1.2889748568925168,1.0447606772011238,-0.2734877376978818,-0.9086965079852555,0.28788782210262576
1673,2025-04-25 00:00:00,4.29,10.0,4.0,2.0,3288.325,3319.72,7.6286,35.7,4.33,3272.5,250.96,4.21,97.55078125,3.88,202504,1.2889748568925168,1.0447606772011238,-0.2734877376978818,-0.9086965079852555,0.28788782210262576
1674,2025-04-28 00:00:00,4.23,10.0,4.0,2.0,3287.4750000000004,3343.98,7.6073,35.8,4.36,3329.2,254.58,4.2,97.56445313,3.81,202504,1.2889748568925168,1.0447606772011238,-0.2734877376978818,-0.9086965079852555,0.28788782210262576
1675,2025-04-29 00:00:00,4.19,10.0,4.0,2.0,3310.0,3317.41,7.5755,35.95,4.36,3311.18,253.51,4.2,97.59375,3.77,202504,1.2889748568925168,1.0447606772011238,-0.2734877376978818,-0.9086965079852555,0.28788782210262576
1676,2025-04-30 00:00:00,4.17,10.0,4.0,2.0,3293.175,3288.71,7.4922,36.35,4.41,3308.12,252.27,4.2,97.625,3.72,202504,1.2889748568925168,1.0447606772011238,-0.2734877376978818,-0.9086965079852555,0.28788782210262576
1677,2025-05-02 00:00:00,4.33,10.0,4.0,2.0,3256.375,3240.49,7.3805,36.9,4.36,3263.31,246.69,4.22,97.59375,3.92,202505,1.5389624897519563,1.1940894225650551,-0.5500234539165626,1.3934542562548808,0.8941206786638325
1678,2025-05-06 00:00:00,4.3,10.0,4.0,2.0,3384.3999999999996,3431.77,7.2721,37.45,4.32,3395.26,260.19,4.22,97.63671875,3.9,202505,1.5389624897519563,1.1940894225650551,-0.5500234539165626,1.3934542562548808,0.8941206786638325
1679,2025-05-07 00:00:00,4.26,10.0,4.0,2.0,3384.0,3364.5,6.817,39.95,4.3,3387.34,258.36,4.22,97.63085938,3.87,202505,1.5389624897519563,1.1940894225650551,-0.5500234539165626,1.3934542562548808,0.8941206786638325
1680,2025-05-08 00:00:00,4.37,10.0,4.0,2.0,3346.7,3305.72,6.8773,39.6,4.29,3358.35,252.31,4.23,97.62304688,4.0,202505,1.5389624897519563,1.1940894225650551,-0.5500234539165626,1.3934542562548808,0.8941206786638325
1681,2025-05-09 00:00:00,4.37,10.0,4.0,2.0,3324.5,3324.98,6.7244,40.5,4.28,3340.95,255.41,4.22,97.65625,4.0,202505,1.5389624897519563,1.1940894225650551,-0.5500234539165626,1.3934542562548808,0.8941206786638325
1682,2025-05-12 00:00:00,4.45,10.0,4.0,2.0,3229.0,3236.39,6.6182,41.15,4.28,3236.81,247.28,4.31,97.62890625,4.09,202505,1.5389624897519563,1.1940894225650551,-0.5500234539165626,1.3934542562548808,0.8941206786638325
1683,2025-05-13 00:00:00,4.49,10.0,4.0,2.0,3241.0249999999996,3250.31,6.6424,41.0,4.3,3245.57,249.19,4.29,97.63671875,4.12,202505,1.5389624897519563,1.1940894225650551,-0.5500234539165626,1.3934542562548808,0.8941206786638325
1684,2025-05-14 00:00:00,4.53,10.0,4.0,2.0,3211.45,3177.25,6.7328,40.45,4.29,3180.19,244.66,4.29,97.63867188,4.17,202505,1.5389624897519563,1.1940894225650551,-0.5500234539165626,1.3934542562548808,0.8941206786638325
1685,2025-05-15 00:00:00,4.45,10.0,4.0,2.0,3181.2,3240.1,6.8427,39.8,4.31,3209.5,247.34,4.27,97.66015625,4.07,202505,1.5389624897519563,1.1940894225650551,-0.5500234539165626,1.3934542562548808,0.8941206786638325
1686,2025-05-16 00:00:00,4.43,10.0,4.0,2.0,3196.5,3203.65,6.8341,39.85,4.3,3177.4,244.36,4.25,97.6875,4.06,202505,1.5389624897519563,1.1940894225650551,-0.5500234539165626,1.3934542562548808,0.8941206786638325
1687,2025-05-19 00:00:00,4.46,10.0,4.0,2.0,3234.6000000000004,3229.56,6.7746,40.2,4.29,3235.37,247.9,4.28,97.69140625,4.07,202505,1.5389624897519563,1.1940894225650551,-0.5500234539165626,1.3934542562548808,0.8941206786638325
1688,2025-05-20 00:00:00,4.48,10.0,4.0,2.0,3250.0,3290.13,6.6505,40.95,4.27,3279.11,251.55,4.26,97.71484375,4.07,202505,1.5389624897519563,1.1940894225650551,-0.5500234539165626,1.3934542562548808,0.8941206786638325
1689,2025-05-21 00:00:00,4.58,10.0,4.0,2.0,3304.95,3314.96,6.6505,40.95,4.26,3312.45,253.87,4.24,97.71679688,4.15,202505,1.5389624897519563,1.1940894225650551,-0.5500234539165626,1.3934542562548808,0.8941206786638325
1690,2025-05-22 00:00:00,4.54,10.0,4.0,2.0,3294.95,3294.52,6.8085,40.0,4.26,3289.4,252.56,4.25,97.7265625,4.11,202505,1.5389624897519563,1.1940894225650551,-0.5500234539165626,1.3934542562548808,0.8941206786638325
1691,2025-05-23 00:00:00,4.51,10.0,4.0,2.0,3336.375,3357.51,6.7915,40.1,4.26,3357.48,257.89,4.24,97.75390625,4.08,202505,1.5389624897519563,1.1940894225650551,-0.5500234539165626,1.3934542562548808,0.8941206786638325
1692,2025-05-27 00:00:00,4.43,10.0,4.0,2.0,3296.225,3300.87,6.6587,40.9,4.31,3298.05,253.23,4.24,97.765625,4.04,202505,1.5389624897519563,1.1940894225650551,-0.5500234539165626,1.3934542562548808,0.8941206786638325
1693,2025-05-28 00:00:00,4.47,10.0,4.0,2.0,3311.25,3287.48,6.6102,41.2,4.33,3299.24,252.69,4.24,97.76953125,4.05,202505,1.5389624897519563,1.1940894225650551,-0.5500234539165626,1.3934542562548808,0.8941206786638325
1694,2025-05-29 00:00:00,4.43,10.0,4.0,2.0,3295.65,3317.94,6.6102,41.2,4.33,3316.27,254.0,4.25,97.7734375,4.0,202505,1.5389624897519563,1.1940894225650551,-0.5500234539165626,1.3934542562548808,0.8941206786638325
1695,2025-05-30 00:00:00,4.41,10.0,4.0,2.0,3285.55,3289.25,6.5388,41.65,4.35,3285.34,251.89,4.25,97.796875,3.96,202505,1.5389624897519563,1.1940894225650551,-0.5500234539165626,1.3934542562548808,0.8941206786638325
1696,2025-06-02 00:00:00,4.46,10.0,4.0,2.0,3357.975,3381.59,6.6182,41.15,4.35,3374.61,258.04,4.25,97.80273438,4.01,202506,1.6836981263358346,0.9142792492132223,0.15539533132012434,-0.9874570981626803,0.4414789021766252
1697,2025-06-03 00:00:00,4.46,10.0,4.0,2.0,3346.475,3353.43,6.5703,41.45,4.32,3349.15,256.75,4.24,97.82226563,4.04,202506,1.6836981263358346,0.9142792492132223,0.15539533132012434,-0.9874570981626803,0.4414789021766252
1698,2025-06-04 00:00:00,4.37,10.0,4.0,2.0,3363.85,3372.72,6.6587,40.9,4.28,3372.82,258.3,4.25,97.85546875,3.93,202506,1.6836981263358346,0.9142792492132223,0.15539533132012434,-0.9874570981626803,0.4414789021766252
1699,2025-06-05 00:00:00,4.4,10.0,4.0,2.0,3380.1,3352.65,6.5942,41.3,4.29,3367.82,256.45,4.25,97.8671875,3.99,202506,1.6836981263358346,0.9142792492132223,0.15539533132012434,-0.9874570981626803,0.4414789021766252
1700,2025-06-06 00:00:00,4.51,10.0,4.0,2.0,3347.9750000000004,3310.42,6.5231,41.75,4.29,3324.1,254.4,4.25,97.87695313,4.13,202506,1.6836981263358346,0.9142792492132223,0.15539533132012434,-0.9874570981626803,0.4414789021766252
1701,2025-06-09 00:00:00,4.49,10.0,4.0,2.0,3318.55,3326.19,6.4998,41.9,4.29,3323.25,254.98,4.25,97.88085938,4.09,202506,1.6836981263358346,0.9142792492132223,0.15539533132012434,-0.9874570981626803,0.4414789021766252
1702,2025-06-10 00:00:00,4.47,10.0,4.0,2.0,3332.675,3323.69,6.4998,41.9,4.28,3325.8,254.15,4.26,97.890625,4.08,202506,1.6836981263358346,0.9142792492132223,0.15539533132012434,-0.9874570981626803,0.4414789021766252
1703,2025-06-11 00:00:00,4.41,10.0,4.0,2.0,3333.8999999999996,3355.12,6.4843,42.0,4.28,3341.3,254.09,4.26,97.9140625,4.02,202506,1.6836981263358346,0.9142792492132223,0.15539533132012434,-0.9874570981626803,0.4414789021766252
1704,2025-06-12 00:00:00,4.36,10.0,4.0,2.0,3375.925,3385.92,6.4843,42.0,4.28,3380.4,258.28,4.27,97.93554688,3.97,202506,1.6836981263358346,0.9142792492132223,0.15539533132012434,-0.9874570981626803,0.4414789021766252
1705,2025-06-13 00:00:00,4.41,10.0,4.0,2.0,3427.7749999999996,3432.34,6.4766,42.05,4.28,3425.7,262.08,4.26,97.96289063,4.02,202506,1.6836981263358346,0.9142792492132223,0.15539533132012434,-0.9874570981626803,0.4414789021766252
1706,2025-06-16 00:00:00,4.46,10.0,4.0,2.0,3407.45,3385.23,6.4766,42.05,4.32,3401.3,259.48,4.24,97.95898438,4.04,202506,1.6836981263358346,0.9142792492132223,0.15539533132012434,-0.9874570981626803,0.4414789021766252
1707,2025-06-17 00:00:00,4.39,10.0,4.0,2.0,3384.5,3388.11,6.4536,42.2,4.31,3385.74,258.84,4.23,97.97265625,3.99,202506,1.6836981263358346,0.9142792492132223,0.15539533132012434,-0.9874570981626803,0.4414789021766252
1708,2025-06-18 00:00:00,4.38,10.0,4.0,2.0,3386.425,3369.38,6.6182,41.15,4.28,3386.07,258.83,4.23,97.99609375,3.98,202506,1.6836981263358346,0.9142792492132223,0.15539533132012434,-0.9874570981626803,0.4414789021766252
1709,2025-06-20 00:00:00,4.38,10.0,4.0,2.0,3361.7,3368.39,6.5545,41.55,4.29,3367.64,257.21,4.21,98.03125,3.96,202506,1.6836981263358346,0.9142792492132223,0.15539533132012434,-0.9874570981626803,0.4414789021766252
1710,2025-06-23 00:00:00,4.34,10.0,4.0,2.0,3371.775,3368.48,6.3631,42.8,4.29,3387.76,257.84,4.19,98.05273438,3.91,202506,1.6836981263358346,0.9142792492132223,0.15539533132012434,-0.9874570981626803,0.4414789021766252
1711,2025-06-24 00:00:00,4.3,10.0,4.0,2.0,3311.0,3323.67,6.3483,42.9,4.3,3302.11,253.38,4.19,98.07226563,3.86,202506,1.6836981263358346,0.9142792492132223,0.15539533132012434,-0.9874570981626803,0.4414789021766252
1712,2025-06-25 00:00:00,4.29,10.0,4.0,2.0,3320.325,3332.33,6.2392,43.65,4.36,3325.64,254.07,4.19,98.08007813,3.83,202506,1.6836981263358346,0.9142792492132223,0.15539533132012434,-0.9874570981626803,0.4414789021766252
1713,2025-06-26 00:00:00,4.26,10.0,4.0,2.0,3329.45,3327.92,6.4005,42.55,4.4,3323.59,254.39,4.21,98.09375,3.79,202506,1.6836981263358346,0.9142792492132223,0.15539533132012434,-0.9874570981626803,0.4414789021766252
1714,2025-06-27 00:00:00,4.29,10.0,4.0,2.0,3279.0,3274.33,6.408,42.5,4.39,3273.17,249.88,4.2,98.11132813,3.83,202506,1.6836981263358346,0.9142792492132223,0.15539533132012434,-0.9874570981626803,0.4414789021766252
1715,2025-06-30 00:00:00,4.24,10.0,4.0,2.0,3282.35,3303.14,6.4998,41.9,4.45,3284.48,251.33,4.24,98.12109375,3.79,202506,1.6836981263358346,0.9142792492132223,0.15539533132012434,-0.9874570981626803,0.4414789021766252
1716,2025-07-02 00:00:00,4.3,10.0,4.0,2.0,3337.1,3357.45,6.4536,42.2,4.4,3342.79,255.27,4.24,98.1328125,3.87,202507,1.7122455147918,1.4988360465990203,-0.0908153194124349,-0.9108251725846455,0.5523602673484349
1717,2025-07-03 00:00:00,4.35,10.0,4.0,2.0,3341.075,3326.12,6.3188,43.1,4.35,3327.54,254.11,4.26,98.1484375,3.94,202507,1.7122455147918,1.4988360465990203,-0.0908153194124349,-0.9108251725846455,0.5523602673484349
1718,2025-07-07 00:00:00,4.4,10.0,4.0,2.0,3310.675,3336.5,6.393,42.6,4.33,3318.75,254.11,4.26,98.15429688,3.96,202507,1.7122455147918,1.4988360465990203,-0.0908153194124349,-0.9108251725846455,0.5523602673484349
1719,2025-07-08 00:00:00,4.42,10.0,4.0,2.0,3318.5,3301.92,6.4231,42.4,4.34,3292.62,252.97,4.26,98.1640625,3.99,202507,1.7122455147918,1.4988360465990203,-0.0908153194124349,-0.9108251725846455,0.5523602673484349
1720,2025-07-09 00:00:00,4.34,10.0,4.0,2.0,3294.1000000000004,3313.66,6.408,42.5,4.32,3307.8,253.79,4.26,98.18359375,3.92,202507,1.7122455147918,1.4988360465990203,-0.0908153194124349,-0.9108251725846455,0.5523602673484349
1721,2025-07-10 00:00:00,4.35,10.0,4.0,2.0,3319.325,3324.05,6.4231,42.4,4.31,3318.0,254.83,4.25,98.20117188,3.93,202507,1.7122455147918,1.4988360465990203,-0.0908153194124349,-0.9108251725846455,0.5523602673484349
1722,2025-07-11 00:00:00,4.43,10.0,4.0,2.0,3344.075,3355.59,6.4612,42.15,4.31,3365.1,258.15,4.25,98.2265625,3.99,202507,1.7122455147918,1.4988360465990203,-0.0908153194124349,-0.9108251725846455,0.5523602673484349
1723,2025-07-14 00:00:00,4.43,10.0,4.0,2.0,3357.3500000000004,3343.51,6.4536,42.2,4.33,3348.28,258.6,4.26,98.23242188,3.98,202507,1.7122455147918,1.4988360465990203,-0.0908153194124349,-0.9108251725846455,0.5523602673484349
1724,2025-07-15 00:00:00,4.5,10.0,4.0,2.0,3352.3,3324.55,6.408,42.5,4.37,3346.04,256.96,4.25,98.23046875,4.05,202507,1.7122455147918,1.4988360465990203,-0.0908153194124349,-0.9108251725846455,0.5523602673484349
1725,2025-07-16 00:00:00,4.46,10.0,4.0,2.0,3331.6000000000004,3347.13,6.4689,42.1,4.34,3348.5,258.49,4.24,98.25,3.99,202507,1.7122455147918,1.4988360465990203,-0.0908153194124349,-0.9108251725846455,0.5523602673484349
1726,2025-07-17 00:00:00,4.47,10.0,4.0,2.0,3323.9,3338.97,6.4459,42.25,4.34,3333.4,257.53,4.24,98.25390625,4.01,202507,1.7122455147918,1.4988360465990203,-0.0908153194124349,-0.9108251725846455,0.5523602673484349
1727,2025-07-18 00:00:00,4.44,10.0,4.0,2.0,3353.35,3349.94,6.4383,42.3,4.3,3352.8,258.47,4.24,98.29882813,3.96,202507,1.7122455147918,1.4988360465990203,-0.0908153194124349,-0.9108251725846455,0.5523602673484349
1728,2025-07-21 00:00:00,4.38,10.0,4.0,2.0,3374.3999999999996,3397.05,6.4005,42.55,4.28,3397.15,262.2,4.24,98.31835938,3.91,202507,1.7122455147918,1.4988360465990203,-0.0908153194124349,-0.9108251725846455,0.5523602673484349
1729,2025-07-22 00:00:00,4.35,10.0,4.0,2.0,3397.725,3431.48,6.2824,43.35,4.28,3428.34,265.15,4.24,98.3203125,3.88,202507,1.7122455147918,1.4988360465990203,-0.0908153194124349,-0.9108251725846455,0.5523602673484349
1730,2025-07-23 00:00:00,4.4,10.0,4.0,2.0,3421.8500000000004,3387.29,6.3115,43.15,4.28,3415.0,261.53,4.25,98.33203125,3.94,202507,1.7122455147918,1.4988360465990203,-0.0908153194124349,-0.9108251725846455,0.5523602673484349
1731,2025-07-24 00:00:00,4.43,10.0,4.0,2.0,3363.7,3368.68,6.2392,43.65,4.3,3371.4,259.84,4.25,98.34375,3.98,202507,1.7122455147918,1.4988360465990203,-0.0908153194124349,-0.9108251725846455,0.5523602673484349
1732,2025-07-25 00:00:00,4.4,10.0,4.0,2.0,3345.05,3337.3,6.2392,43.65,4.36,3332.37,256.79,4.25,98.375,3.95,202507,1.7122455147918,1.4988360465990203,-0.0908153194124349,-0.9108251725846455,0.5523602673484349
1733,2025-07-28 00:00:00,4.42,10.0,4.0,2.0,3321.725,3314.61,6.1338,44.4,4.36,3309.9,254.99,4.24,98.37890625,3.96,202507,1.7122455147918,1.4988360465990203,-0.0908153194124349,-0.9108251725846455,0.5523602673484349
1734,2025-07-29 00:00:00,4.34,10.0,4.0,2.0,3320.75,3326.62,6.12,44.5,4.36,3329.96,256.04,4.24,98.38867188,3.9,202507,1.7122455147918,1.4988360465990203,-0.0908153194124349,-0.9108251725846455,0.5523602673484349
1735,2025-07-30 00:00:00,4.38,10.0,4.0,2.0,3318.0,3275.18,6.1338,44.4,4.32,3300.8,253.95,4.25,98.390625,3.96,202507,1.7122455147918,1.4988360465990203,-0.0908153194124349,-0.9108251725846455,0.5523602673484349
1736,2025-07-31 00:00:00,4.37,10.0,4.0,2.0,3302.825,3289.93,6.2036,43.9,4.39,3296.03,253.73,4.24,98.39257813,3.96,202507,1.7122455147918,1.4988360465990203,-0.0908153194124349,-0.9108251725846455,0.5523602673484349
1737,2025-08-01 00:00:00,4.23,10.0,4.0,2.0,3320.875,3363.48,6.3483,42.9,4.34,3349.28,257.15,4.19,98.46289063,3.77,202508,1.810181535690271,1.477669059392094,-0.37060014979034295,-1.2216102040955652,0.4239100602991143
1738,2025-08-04 00:00:00,4.22,10.0,4.0,2.0,3369.55,3373.59,6.2867,43.32,4.33,3374.1,259.03,4.16,98.4765625,3.75,202508,1.810181535690271,1.477669059392094,-0.37060014979034295,-1.2216102040955652,0.4239100602991143
1739,2025-08-05 00:00:00,4.22,10.0,4.0,2.0,3369.275,3380.6,6.2463,43.6,4.34,3385.74,259.69,4.16,98.4921875,3.77,202508,1.810181535690271,1.477669059392094,-0.37060014979034295,-1.2216102040955652,0.4239100602991143
1740,2025-08-06 00:00:00,4.22,10.0,4.0,2.0,3367.35,3369.33,6.232,43.7,4.34,3378.14,259.53,4.14,98.4921875,3.77,202508,1.810181535690271,1.477669059392094,-0.37060014979034295,-1.2216102040955652,0.4239100602991143
1741,2025-08-07 00:00:00,4.23,10.0,4.0,2.0,3379.85,3396.38,6.1643,44.18,4.35,3389.6,260.61,4.14,98.5078125,3.79,202508,1.810181535690271,1.477669059392094,-0.37060014979034295,-1.2216102040955652,0.4239100602991143
1742,2025-08-08 00:00:00,4.27,10.0,4.0,2.0,3395.625,3397.75,6.1895,44.0,4.35,3391.61,263.09,4.14,98.5390625,3.84,202508,1.810181535690271,1.477669059392094,-0.37060014979034295,-1.2216102040955652,0.4239100602991143
1743,2025-08-11 00:00:00,4.27,10.0,4.0,2.0,3357.25,3342.37,6.1532,44.26,4.34,3346.22,257.94,4.15,98.54296875,3.83,202508,1.810181535690271,1.477669059392094,-0.37060014979034295,-1.2216102040955652,0.4239100602991143
1744,2025-08-12 00:00:00,4.29,10.0,4.0,2.0,3345.425,3348.26,6.2008,43.92,4.36,3343.95,257.39,4.14,98.5625,3.83,202508,1.810181535690271,1.477669059392094,-0.37060014979034295,-1.2216102040955652,0.4239100602991143
1745,2025-08-13 00:00:00,4.24,10.0,4.0,2.0,3363.2250000000004,3355.86,6.1063,44.6,4.33,3358.35,258.06,4.11,98.58398438,3.77,202508,1.810181535690271,1.477669059392094,-0.37060014979034295,-1.2216102040955652,0.4239100602991143
1746,2025-08-14 00:00:00,4.29,10.0,4.0,2.0,3350.2749999999996,3335.39,6.3661,42.78,4.34,3337.18,256.14,4.12,98.59765625,3.82,202508,1.810181535690271,1.477669059392094,-0.37060014979034295,-1.2216102040955652,0.4239100602991143
1747,2025-08-15 00:00:00,4.33,10.0,4.0,2.0,3339.925,3336.19,6.4658,42.12,4.36,3342.57,255.99,4.12,98.63476563,3.85,202508,1.810181535690271,1.477669059392094,-0.37060014979034295,-1.2216102040955652,0.4239100602991143
1748,2025-08-18 00:00:00,4.34,10.0,4.0,2.0,3340.425,3332.72,6.6134,41.18,4.34,3334.65,255.57,4.14,98.640625,3.86,202508,1.810181535690271,1.477669059392094,-0.37060014979034295,-1.2216102040955652,0.4239100602991143
1749,2025-08-19 00:00:00,4.3,10.0,4.0,2.0,3336.175,3315.78,6.5719,41.44,4.33,3323.3,254.14,4.12,98.65429688,3.82,202508,1.810181535690271,1.477669059392094,-0.37060014979034295,-1.2216102040955652,0.4239100602991143
1750,2025-08-20 00:00:00,4.29,10.0,4.0,2.0,3335.95,3348.43,6.5029,41.88,4.31,3342.86,256.41,4.12,98.671875,3.81,202508,1.810181535690271,1.477669059392094,-0.37060014979034295,-1.2216102040955652,0.4239100602991143
1751,2025-08-21 00:00:00,4.33,10.0,4.0,2.0,3339.0,3338.71,6.475,42.06,4.32,3338.8,255.94,4.14,98.67773438,3.86,202508,1.810181535690271,1.477669059392094,-0.37060014979034295,-1.2216102040955652,0.4239100602991143
1752,2025-08-22 00:00:00,4.26,10.0,4.0,2.0,3331.325,3371.86,6.4413,42.28,4.36,3376.4,258.6,4.1,98.71875,3.76,202508,1.810181535690271,1.477669059392094,-0.37060014979034295,-1.2216102040955652,0.4239100602991143
1753,2025-08-25 00:00:00,4.28,10.0,4.0,2.0,3331.325,3365.89,6.4171,42.44,4.37,3375.48,258.55,4.1,98.72460938,3.8,202508,1.810181535690271,1.477669059392094,-0.37060014979034295,-1.2216102040955652,0.4239100602991143
1754,2025-08-26 00:00:00,4.26,10.0,4.0,2.0,3370.0,3393.57,6.5278,41.72,4.38,3381.54,259.81,4.1,98.73632813,3.75,202508,1.810181535690271,1.477669059392094,-0.37060014979034295,-1.2216102040955652,0.4239100602991143
1755,2025-08-27 00:00:00,4.24,10.0,4.0,2.0,3379.125,3397.37,6.6006,41.26,4.36,3389.49,261.2,4.08,98.75585938,3.69,202508,1.810181535690271,1.477669059392094,-0.37060014979034295,-1.2216102040955652,0.4239100602991143
1756,2025-08-28 00:00:00,4.22,10.0,4.0,2.0,3402.75,3417.08,6.5529,41.56,4.34,3411.68,262.95,4.08,98.75390625,3.69,202508,1.810181535690271,1.477669059392094,-0.37060014979034295,-1.2216102040955652,0.4239100602991143
1757,2025-08-29 00:00:00,4.23,10.0,4.0,2.0,3418.325,3447.95,6.5719,41.44,4.34,3441.44,266.09,4.05,98.796875,3.68,202508,1.810181535690271,1.477669059392094,-0.37060014979034295,-1.2216102040955652,0.4239100602991143
1758,2025-09-02 00:00:00,4.28,10.0,4.0,2.0,3484.0,3533.16,6.5974,41.28,4.39,3511.86,271.73,4.05,98.8125,3.74,202509,2.141813945309506,1.3463177552176067,0.6301270112516715,-0.5202152185966057,0.8995108732955447
1759,2025-09-03 00:00:00,4.22,10.0,4.0,2.0,3546.55,3559.42,6.6263,41.1,4.39,3563.05,274.93,4.03,98.82421875,3.69,202509,2.141813945309506,1.3463177552176067,0.6301270112516715,-0.5202152185966057,0.8995108732955447
1760,2025-09-04 00:00:00,4.17,10.0,4.0,2.0,3542.875,3545.85,6.6522,40.94,4.41,3547.05,272.82,4.01,98.84960938,3.65,202509,2.141813945309506,1.3463177552176067,0.6301270112516715,-0.5202152185966057,0.8995108732955447
1761,2025-09-05 00:00:00,4.1,10.0,4.0,2.0,3571.575,3586.69,6.5624,41.5,4.42,3584.8,276.17,3.92,98.8828125,3.59,202509,2.141813945309506,1.3463177552176067,0.6301270112516715,-0.5202152185966057,0.8995108732955447
1762,2025-09-08 00:00:00,4.05,10.0,4.0,2.0,3621.575,3635.98,6.5309,41.7,4.4,3645.61,277.75,3.95,98.890625,3.57,202509,2.141813945309506,1.3463177552176067,0.6301270112516715,-0.5202152185966057,0.8995108732955447
1763,2025-09-09 00:00:00,4.08,10.0,4.0,2.0,3651.825,3626.63,6.5091,41.84,4.4,3635.56,278.09,3.95,98.90429688,3.61,202509,2.141813945309506,1.3463177552176067,0.6301270112516715,-0.5202152185966057,0.8995108732955447
1764,2025-09-10 00:00:00,4.04,10.0,4.0,2.0,3648.575,3640.75,6.4905,41.96,4.39,3648.0,278.09,3.94,98.90820313,3.59,202509,2.141813945309506,1.3463177552176067,0.6301270112516715,-0.5202152185966057,0.8995108732955447
1765,2025-09-11 00:00:00,4.01,10.0,4.0,2.0,3623.75,3634.07,6.5029,41.88,4.41,3631.57,277.45,3.94,98.92578125,3.59,202509,2.141813945309506,1.3463177552176067,0.6301270112516715,-0.5202152185966057,0.8995108732955447
1766,2025-09-12 00:00:00,4.06,10.0,4.0,2.0,3648.225,3643.14,6.4322,42.34,4.42,3644.31,278.41,3.94,98.94921875,3.63,202509,2.141813945309506,1.3463177552176067,0.6301270112516715,-0.5202152185966057,0.8995108732955447
1767,2025-09-15 00:00:00,4.05,10.0,4.0,2.0,3647.925,3678.99,6.4812,42.02,4.51,3665.17,280.84,3.91,98.96484375,3.61,202509,2.141813945309506,1.3463177552176067,0.6301270112516715,-0.5202152185966057,0.8995108732955447
1768,2025-09-16 00:00:00,4.04,10.0,4.0,2.0,3695.4,3689.98,6.5153,41.8,4.39,3684.37,281.32,3.9,98.9765625,3.59,202509,2.141813945309506,1.3463177552176067,0.6301270112516715,-0.5202152185966057,0.8995108732955447
1769,2025-09-17 00:00:00,4.06,10.0,4.0,2.0,3675.35,3659.9,6.5561,41.54,4.38,3685.71,280.81,3.88,98.99023438,3.62,202509,2.141813945309506,1.3463177552176067,0.6301270112516715,-0.5202152185966057,0.8995108732955447
1770,2025-09-18 00:00:00,4.11,10.0,4.0,2.0,3658.075,3644.28,6.5974,41.28,4.14,3639.65,277.82,3.89,99.00585938,3.67,202509,2.141813945309506,1.3463177552176067,0.6301270112516715,-0.5202152185966057,0.8995108732955447
1771,2025-09-19 00:00:00,4.14,10.0,4.0,2.0,3660.5,3685.3,6.675,40.8,4.14,3672.0,279.88,3.89,99.04101563,3.68,202509,2.141813945309506,1.3463177552176067,0.6301270112516715,-0.5202152185966057,0.8995108732955447
1772,2025-09-22 00:00:00,4.15,10.0,4.0,2.0,3720.475,3746.7,6.7444,40.38,4.14,3725.35,285.02,3.86,99.04296875,3.71,202509,2.141813945309506,1.3463177552176067,0.6301270112516715,-0.5202152185966057,0.8995108732955447
1773,2025-09-23 00:00:00,4.12,10.0,4.0,2.0,3786.1000000000004,3764.01,6.7746,40.2,4.12,3779.06,288.08,3.86,99.05273438,3.68,202509,2.141813945309506,1.3463177552176067,0.6301270112516715,-0.5202152185966057,0.8995108732955447
1774,2025-09-24 00:00:00,4.16,10.0,4.0,2.0,3764.825,3736.16,6.7983,40.06,4.13,3754.11,284.71,3.87,99.06445313,3.7,202509,2.141813945309506,1.3463177552176067,0.6301270112516715,-0.5202152185966057,0.8995108732955447
1775,2025-09-25 00:00:00,4.18,10.0,4.0,2.0,3741.575,3749.44,6.8773,39.6,4.18,3734.9,285.26,3.89,99.06054688,3.75,202509,2.141813945309506,1.3463177552176067,0.6301270112516715,-0.5202152185966057,0.8995108732955447
1776,2025-09-26 00:00:00,4.2,10.0,4.0,2.0,3759.3,3759.98,6.853,39.74,4.16,3774.7,288.03,3.87,99.10742188,3.76,202509,2.141813945309506,1.3463177552176067,0.6301270112516715,-0.5202152185966057,0.8995108732955447
1777,2025-09-29 00:00:00,4.15,10.0,4.0,2.0,3819.85,3833.55,6.778,40.18,4.13,3824.2,291.72,3.86,99.11328125,3.74,202509,2.141813945309506,1.3463177552176067,0.6301270112516715,-0.5202152185966057,0.8995108732955447
1778,2025-09-30 00:00:00,4.16,10.0,4.0,2.0,3815.925,3858.96,6.6083,40.0,4.24,3833.93,292.99,3.86,99.11914063,3.74,202509,2.141813945309506,1.3463177552176067,0.6301270112516715,-0.5202152185966057,0.8995108732955447
1779,2025-10-02 00:00:00,4.1,10.0,4.0,2.0,3877.8,3856.58,6.5656,40.26,4.2,3835.85,292.76,3.86,99.13671875,3.67,202510,2.484646585274081,1.8427270990293558,0.6864449900116117,2.7685715874607317,1.9455975654439452
1780,2025-10-03 00:00:00,4.13,10.0,4.0,2.0,3873.2,3886.54,6.5106,40.6,4.18,3880.27,295.76,3.87,99.16796875,3.72,202510,2.484646585274081,1.8427270990293558,0.6864449900116117,2.7685715874607317,1.9455975654439452
1781,2025-10-06 00:00:00,4.18,10.0,4.0,2.0,3945.7,3960.98,6.5267,40.5,4.15,3954.76,301.06,3.86,99.1796875,3.75,202510,2.484646585274081,1.8427270990293558,0.6864449900116117,2.7685715874607317,1.9455975654439452
1782,2025-10-08 00:00:00,4.13,10.0,4.0,2.0,4037.4,4042.03,6.5364,40.44,4.12,4039.47,308.64,3.85,99.20117188,3.72,202510,2.484646585274081,1.8427270990293558,0.6864449900116117,2.7685715874607317,1.9455975654439452
1783,2025-10-09 00:00:00,4.14,10.0,4.0,2.0,4029.925,3976.86,6.4787,40.8,4.13,4026.03,301.27,3.87,99.203125,3.74,202510,2.484646585274081,1.8427270990293558,0.6864449900116117,2.7685715874607317,1.9455975654439452
1784,2025-10-10 00:00:00,4.05,10.0,4.0,2.0,3986.275,4017.79,6.4692,40.86,4.15,4006.9,303.17,3.86,99.24609375,3.65,202510,2.484646585274081,1.8427270990293558,0.6864449900116117,2.7685715874607317,1.9455975654439452
1785,2025-10-14 00:00:00,4.03,10.0,4.0,2.0,4135.05,4142.94,6.5493,40.36,4.19,4141.25,315.3,3.85,99.26953125,3.6,202510,2.484646585274081,1.8427270990293558,0.6864449900116117,2.7685715874607317,1.9455975654439452
1786,2025-10-15 00:00:00,4.05,10.0,4.0,2.0,4197.925,4207.48,6.4787,40.8,4.29,4198.35,318.2,3.87,99.26953125,3.63,202510,2.484646585274081,1.8427270990293558,0.6864449900116117,2.7685715874607317,1.9455975654439452
1787,2025-10-16 00:00:00,3.99,10.0,4.0,2.0,4243.75,4326.58,6.5042,40.64,4.3,4269.82,325.82,3.86,99.28320313,3.55,202510,2.484646585274081,1.8427270990293558,0.6864449900116117,2.7685715874607317,1.9455975654439452
1788,2025-10-17 00:00:00,4.02,10.0,4.0,2.0,4281.5,4251.82,6.6016,40.04,4.18,4242.5,318.85,3.84,99.31445313,3.59,202510,2.484646585274081,1.8427270990293558,0.6864449900116117,2.7685715874607317,1.9455975654439452
1789,2025-10-20 00:00:00,4.0,10.0,4.0,2.0,4273.55,4356.3,6.466,40.88,4.16,4346.5,329.92,3.81,99.32421875,3.58,202510,2.484646585274081,1.8427270990293558,0.6864449900116117,2.7685715874607317,1.9455975654439452
1790,2025-10-21 00:00:00,3.98,10.0,4.0,2.0,4222.35,4125.22,6.485,40.76,4.23,4142.53,311.05,3.8,99.33203125,3.56,202510,2.484646585274081,1.8427270990293558,0.6864449900116117,2.7685715874607317,1.9455975654439452
1791,2025-10-22 00:00:00,3.97,10.0,4.0,2.0,4075.75,4098.42,6.5364,40.44,4.21,4039.2,308.0,3.8,99.34375,3.56,202510,2.484646585274081,1.8427270990293558,0.6864449900116117,2.7685715874607317,1.9455975654439452
1792,2025-10-23 00:00:00,4.01,10.0,4.0,2.0,4134.725,4126.28,6.5202,40.54,4.24,4144.2,314.05,3.8,99.36132813,3.61,202510,2.484646585274081,1.8427270990293558,0.6864449900116117,2.7685715874607317,1.9455975654439452
1793,2025-10-24 00:00:00,4.02,10.0,4.0,2.0,4087.0249999999996,4113.05,6.485,40.76,4.24,4121.36,313.49,3.77,99.39453125,3.61,202510,2.484646585274081,1.8427270990293558,0.6864449900116117,2.7685715874607317,1.9455975654439452
1794,2025-10-27 00:00:00,4.01,10.0,4.0,2.0,4000.25,3982.21,6.4946,40.7,4.27,3993.63,304.56,3.73,99.40429688,3.61,202510,2.484646585274081,1.8427270990293558,0.6864449900116117,2.7685715874607317,1.9455975654439452
1795,2025-10-28 00:00:00,3.99,10.0,4.0,2.0,3929.35,3952.14,6.3971,41.32,4.31,3963.87,301.76,3.73,99.41601563,3.6,202510,2.484646585274081,1.8427270990293558,0.6864449900116117,2.7685715874607317,1.9455975654439452
1796,0,0.0,0.0,0.0,0.0,0.0,0.0,0.0,0.0,0.0,0.0,0.0,0.0,0.0,0.0,202511,2.9685568741339883,3.4720051965049503,0.35214724429555644,-0.4829635881072829,1.577436431706803
