d1 is 1.4846706056561587
d2 is 1.4807091234540077
T is 0.7011494252873564
t  is 0.5862068965517241
stdev is 0.011684693781620356
Stock price is 96.25228130514493
Strike price is 91.12487963787953
delta_call is 0.928161305107078
delta_put is -0.06859213731474864
gamma is 0.34753233034553105
theta_call is 0.5506017024225527
theta_put  is -0.27509764401118775
vega is 4.313969252114804
rho_call is 9.71617996923632
rho_put is -0.7239392801120821
d1 is 29.952428022607165
d2 is 29.95224195883532
T is 0.5083333333333333
t  is 0.425
stdev is 0.0006445438125693549
Stock price is 99.93087598669185
Strike price is 95.43087598669185
delta_call is 1.0
delta_put is -2.0454761880522192e-197
gamma is 3.3044597418641433e-194
theta_call is -1.9815245994732051
theta_put  is -2.754924438502848e-197
vega is 1.769368432037436e-194
rho_call is 7.938800478658672
rho_put is -1.6329479791254472e-196
d1 is 1.448334550801306
d2 is 1.4443577382944395
T is 0.7011494252873564
t  is 0.5862068965517241
stdev is 0.011729911684172544
Stock price is 96.15964654014545
Strike price is 91.13370079897872
delta_call is 0.923231159564648
delta_put is -0.07352228285717871
gamma is 0.36549226766018633
theta_call is 0.5313122447732819
theta_put  is -0.29158958768386717
vega is 4.545703307934465
rho_call is 9.665153609487795
rho_put is -0.775976274652765
d1 is 29.975844368661978
d2 is 29.975658450239187
T is 0.5083333333333333
t  is 0.425
stdev is 0.0006440403086672051
Stock price is 99.93087598669185
Strike price is 95.43087598669185
delta_call is 1.0
delta_put is -1.0132877952283089e-197
gamma is 1.6395206206541786e-194
theta_call is -1.9815245994732051
theta_put  is -1.3647283457191617e-197
vega is 8.771932849728722e-195
rho_call is 7.938800478658672
rho_put is -8.089296033725125e-197
d1 is 1.491190061238335
d2 is 1.4871988206261335
T is 0.7011494252873564
t  is 0.5862068965517241
stdev is 0.01177246848086808
Stock price is 96.32908529211949
Strike price is 91.14200335131048
delta_call is 0.9290182636910926
delta_put is -0.067735178730734
gamma is 0.3413388610504606
theta_call is 0.5533097327454026
theta_put  is -0.2742019638855079
vega is 4.275733006322229
rho_call is 9.726995340971861
rho_put is -0.7150857612856609
d1 is 29.944533583639735
d2 is 29.944347470814588
T is 0.5083333333333333
t  is 0.425
stdev is 0.0006447137381885709
Stock price is 99.93087598669185
Strike price is 95.43087598669185
delta_call is 1.0
delta_put is -2.591715695647372e-197
gamma is 4.184703464209906e-194
theta_call is -1.9815245994732051
theta_put  is -3.490625455479963e-197
vega is 2.241284454515623e-194
rho_call is 7.938800478658672
rho_put is -2.0690228251975472e-196
d1 is 1.497081794525001
d2 is 1.4930732236451334
T is 0.7011494252873564
t  is 0.5862068965517241
stdev is 0.011823585426622216
Stock price is 96.38103219974528
Strike price is 91.1519766029233
delta_call is 0.9297855774835192
delta_put is -0.06696786493830745
gamma is 0.33670287518249487
theta_call is 0.555976139540401
theta_put  is -0.27279472938414423
vega is 4.240544244088204
rho_call is 9.736123387562461
rho_put is -0.7071003437614073
d1 is 29.831332469862094
d2 is 29.831145650789217
T is 0.5083333333333333
t  is 0.425
stdev is 0.000647160252084521
Stock price is 99.93087598669185
Strike price is 95.43087598669185
delta_call is 1.0
delta_put is -7.666509230380656e-196
gamma is 1.228538705289237e-192
theta_call is -1.9815245994732051
theta_put  is -1.032577438033044e-195
vega is 6.604896929065876e-193
rho_call is 7.938800478658672
rho_put is -6.120340807520459e-195
d1 is 1.4896141754758059
d2 is 1.4855880811878364
T is 0.7011494252873564
t  is 0.5862068965517241
stdev is 0.011875272054816123
Stock price is 96.38842390070714
Strike price is 91.16206174712329
delta_call is 0.9288118807668146
delta_put is -0.06794156165501197
gamma is 0.3389708012872376
theta_call is 0.5517545640121531
theta_put  is -0.2770156540828126
vega is 4.288427278026455
rho_call is 9.726912424313776
rho_put is -0.717466755538673
d1 is 29.682707797318518
d2 is 29.68252004281553
T is 0.5083333333333333
t  is 0.425
stdev is 0.0006504006770516378
Stock price is 99.93087598669185
Strike price is 95.43087598669185
delta_call is 1.0
delta_put is -6.419254440150393e-194
gamma is 1.018456204041597e-190
theta_call is -1.9815245994732051
theta_put  is -8.646127428096454e-194
vega is 5.502863098223417e-191
rho_call is 7.938800478658672
rho_put is -5.124630543360037e-193
d1 is 1.4982587683674837
d2 is 1.494218794915547
T is 0.7011494252873564
t  is 0.5862068965517241
stdev is 0.01191620970709549
Stock price is 96.4434623692404
Strike price is 91.17005007168952
delta_call is 0.9299380529102118
delta_put is -0.06681538951161484
gamma is 0.3332814343196803
theta_call is 0.5559395382963503
theta_put  is -0.27421829447643264
vega is 4.235817888100053
rho_call is 9.739618446147668
rho_put is -0.7056759509473748
d1 is 29.590061424942633
d2 is 29.589873082577256
T is 0.5083333333333333
t  is 0.425
stdev is 0.0006524370920965057
Stock price is 99.93087598669185
Strike price is 95.43087598669185
delta_call is 1.0
delta_put is -1.0029587137572141e-192
gamma is 1.581352134056077e-189
theta_call is -1.9815245994732051
theta_put  is -1.350914040321042e-192
vega is 8.571021768247803e-190
rho_call is 7.938800478658672
rho_put is -8.006838035716055e-192
d1 is 1.4397388829045126
d2 is 1.435680756571129
T is 0.7011494252873564
t  is 0.5862068965517241
stdev is 0.011969753014912177
Stock price is 96.27815512260288
Strike price is 91.1804988954174
delta_call is 0.9220261948400963
delta_put is -0.07472724758173031
gamma is 0.36219588175090633
theta_call is 0.5245546296077808
theta_put  is -0.30072084704107915
vega is 4.608150461243719
rho_call is 9.65729457853467
rho_put is -0.7891969336201479
d1 is 29.510738843323985
d2 is 29.510549994705674
T is 0.5083333333333333
t  is 0.425
stdev is 0.0006541908037031762
Stock price is 99.93087598669185
Strike price is 95.43087598669185
delta_call is 1.0
delta_put is -1.048186452033733e-191
gamma is 1.64382338679326e-188
theta_call is -1.9815245994732051
theta_put  is -1.4118539740838366e-191
vega is 8.933568160969114e-189
rho_call is 7.938800478658672
rho_put is -8.367901214483002e-191
d1 is 1.4550210930031788
d2 is 1.4509727977583669
T is 0.7011494252873564
t  is 0.5862068965517241
stdev is 0.01194075546964066
Stock price is 96.31218417315009
Strike price is 91.17484000756471
delta_call is 0.9241581836990042
delta_put is -0.0725952587228225
gamma is 0.3550072227468936
theta_call is 0.5330275079568023
theta_put  is -0.29332580943891473
vega is 4.508934138747649
rho_call is 9.679183913745241
rho_put is -0.7666592632432029
d1 is 29.605679995315754
d2 is 29.60549175231162
T is 0.5083333333333333
t  is 0.425
stdev is 0.0006520928946503259
Stock price is 99.93087598669185
Strike price is 95.43087598669185
delta_call is 1.0
delta_put is -6.313792444495917e-193
gamma is 9.965375394573149e-190
theta_call is -1.9815245994732051
theta_put  is -8.504204035924828e-193
vega is 5.398442710793765e-190
rho_call is 7.938800478658672
rho_put is -5.040438102076603e-192
d1 is 1.509568777923498
d2 is 1.5054983868070044
T is 0.7011494252873564
t  is 0.5862068965517241
stdev is 0.012005928927771388
Stock price is 96.53879168109137
Strike price is 91.18755897595072
delta_call is 0.9313895945175461
delta_put is -0.06536384790428043
gamma is 0.32489078216062023
theta_call is 0.5611767108226775
theta_put  is -0.2713083277523204
vega is 4.168495234409862
rho_call is 9.756754765974039
rho_put is -0.6905456150974887
d1 is 29.466443059792965
d2 is 29.466253927283887
T is 0.5083333333333333
t  is 0.425
stdev is 0.0006551742301733592
Stock price is 99.93087598669185
Strike price is 95.43087598669185
delta_call is 1.0
delta_put is -3.875909797865286e-191
gamma is 6.06020095541224e-188
theta_call is -1.9815245994732051
theta_put  is -5.2206983051606926e-191
vega is 3.298444631609679e-188
rho_call is 7.938800478658672
rho_put is -3.094223443117625e-190
d1 is 1.4471613964932848
d2 is 1.4430736666571677
T is 0.7011494252873564
t  is 0.5862068965517241
stdev is 0.01205707080321789
Stock price is 96.35719404072836
Strike price is 91.19754043451675
delta_call is 0.9230675841749955
delta_put is -0.07368585824683122
gamma is 0.3554491317054206
theta_call is 0.5277807420317213
theta_put  is -0.2993718674097756
vega is 4.562784866240116
rho_call is 9.670036336250606
rho_put is -0.7784076141526568
d1 is 29.332160786775855
d2 is 29.33197078841487
T is 0.5083333333333333
t  is 0.425
stdev is 0.0006581736291631518
Stock price is 99.93087598669185
Strike price is 95.43087598669185
delta_call is 1.0
delta_put is -2.0177284627051674e-189
gamma is 3.1261752477886672e-186
theta_call is -1.9815245994732051
theta_put  is -2.7178717841212346e-189
vega is 1.709303427178224e-186
rho_call is 7.938800478658672
rho_put is -1.6107967942524453e-188
d1 is 1.4285631986275393
d2 is 1.424452867788778
T is 0.7011494252873564
t  is 0.5862068965517241
stdev is 0.012123734183634877
Stock price is 96.33420079822537
Strike price is 91.2105523546393
delta_call is 0.920437105842116
delta_put is -0.07631633657971061
gamma is 0.3631618827978791
theta_call is 0.5169990932400961
theta_put  is -0.3092345660977617
vega is 4.685329046929259
rho_call is 9.643641687836707
rho_put is -0.8062930299429518
d1 is 29.24857985722406
d2 is 29.248389315919006
T is 0.5083333333333333
t  is 0.425
stdev is 0.0006600544425859754
Stock price is 99.93087598669185
Strike price is 95.43087598669185
delta_call is 1.0
delta_put is -2.3404671780001595e-188
gamma is 3.605599405296463e-185
theta_call is -1.9815245994732051
theta_put  is -3.152651148814884e-188
vega is 1.977072510262558e-185
rho_call is 7.938800478658672
rho_put is -1.8684462434763928e-187
d1 is 1.4270674538511057
d2 is 1.4229366266717527
T is 0.7011494252873564
t  is 0.5862068965517241
stdev is 0.012184189702866081
Stock price is 96.36596033092121
Strike price is 91.22235364806896
delta_call is 0.9202224875721376
delta_put is -0.07653095484968896
gamma is 0.36201315925723593
theta_call is 0.5155857099716556
theta_put  is -0.31129943197135046
vega is 4.69689391504036
rho_call is 9.642594811255298
rho_put is -0.8086919731739051
d1 is 29.241160268944434
d2 is 29.24096967929153
T is 0.5083333333333333
t  is 0.425
stdev is 0.0006602219244532249
Stock price is 99.93087598669185
Strike price is 95.43087598669185
delta_call is 1.0
delta_put is -2.9083577334545395e-188
gamma is 4.478191201920601e-185
theta_call is -1.9815245994732051
theta_put  is -3.9176156099592376e-188
vega is 2.4561672723276053e-185
rho_call is 7.938800478658672
rho_put is -2.3218057278144626e-187
d1 is 1.4243172982243144
d2 is 1.4202307828569127
T is 0.7011494252873564
t  is 0.5862068965517241
stdev is 0.012053488635149724
Stock price is 96.27676139027761
Strike price is 91.19684127200799
delta_call is 0.919826681902249
delta_put is -0.07692676051957761
gamma is 0.3677166057090273
theta_call is 0.5153463731307648
theta_put  is -0.30955065787582836
vega is 4.7109813519166925
rho_call is 9.63579195497462
rho_put is -0.812571892826637
d1 is 29.075003559667046
d2 is 29.07481188083258
T is 0.5083333333333333
t  is 0.425
stdev is 0.0006639949600537576
Stock price is 99.93087598669185
Strike price is 95.43087598669185
delta_call is 1.0
delta_put is -3.716991073569584e-186
gamma is 5.658514701606889e-183
theta_call is -1.9815245994732051
theta_put  is -5.007026123315885e-186
vega is 3.12127904871178e-183
rho_call is 7.938800478658672
rho_put is -2.9673556685704204e-185
d1 is 1.37289661623788
d2 is 1.3687890776187175
T is 0.7011494252873564
t  is 0.5862068965517241
stdev is 0.012115498319046578
Stock price is 96.13773449602697
Strike price is 91.20894474184517
delta_call is 0.9121368056400615
delta_put is -0.08461663678176515
gamma is 0.3936820464388467
theta_call is 0.48585286050780674
theta_put  is -0.3348692019364251
vega is 5.054952660195954
rho_call is 9.555956118105529
rho_put is -0.8937944165032535
d1 is 28.93359307695214
d2 is 28.933400461297403
T is 0.5083333333333333
t  is 0.425
stdev is 0.0006672402006685606
Stock price is 99.93087598669185
Strike price is 95.43087598669185
delta_call is 1.0
delta_put is -2.2571887373227728e-184
gamma is 3.402898385199967e-181
theta_call is -1.9815245994732051
theta_put  is -3.040665272212277e-184
vega is 1.8862382642335944e-181
rho_call is 7.938800478658672
rho_put is -1.8019634948799526e-183
d1 is 1.4065852384074853
d2 is 1.4024642821575537
T is 0.7011494252873564
t  is 0.5862068965517241
stdev is 0.01215507464397087
Stock price is 96.27745614663937
Strike price is 91.21667007970247
delta_call is 0.9172372308142688
delta_put is -0.07951621160755774
gamma is 0.3739086742962143
theta_call is 0.5044666070965476
theta_put  is -0.3200385780099878
vega is 4.830752845105941
rho_call is 9.610526532727636
rho_put is -0.8401090889044919
d1 is 28.792525319535923
d2 is 28.79233176016262
T is 0.5083333333333333
t  is 0.425
stdev is 0.0006705093376737796
Stock price is 99.93087598669185
Strike price is 95.43087598669185
delta_call is 1.0
delta_put is -1.3303908817767566e-182
gamma is 1.986187267463105e-179
theta_call is -1.9815245994732051
theta_put  is -1.792225081615436e-182
vega is 1.1063445212361473e-179
rho_call is 7.938800478658672
rho_put is -1.0620804185603841e-181
d1 is 1.1128551345646922
d2 is 1.1059666638921886
T is 0.6819923371647509
t  is 0.5670498084291188
stdev is 0.020318069430723652
Stock price is 63.32199875483126
Strike price is 56.82949164084688
delta_call is 0.8625722682842504
delta_put is -0.1321892020695765
gamma is 0.4923879155212537
theta_call is 1.7705137578133006
theta_put  is -0.7402930267303844
vega is 4.607287846299566
rho_call is 5.624779932244418
rho_put is -0.8731268107566558
d1 is 219.80785781144968
d2 is 219.80783791089877
T is 0.49444444444444446
t  is 0.4111111111111111
stdev is 6.893753057458037e-05
Stock price is 100.53854025047585
Strike price is 96.03854025047585
delta_call is 1.0
delta_put is -0.0
gamma is 0.0
theta_call is -0.6430990557814527
theta_put  is 0.0
vega is 0.0
rho_call is 7.998744474893694
rho_put is -0.0
d1 is 1.0279260450815348
d2 is 1.0210404435875862
T is 0.6819923371647509
t  is 0.5670498084291188
stdev is 0.020309606569827273
Stock price is 62.99771929188378
Strike price is 56.82841103924564
delta_call is 0.8435653780641722
delta_put is -0.15119609228965464
gamma is 0.5422488518594087
theta_call is 1.673758810160244
theta_put  is -0.8222486659130684
vega is 5.019911911120658
rho_call is 5.499609075574722
rho_put is -0.9981741110082225
d1 is 218.7147286617949
d2 is 218.71470866178166
T is 0.49444444444444446
t  is 0.4111111111111111
stdev is 6.928207815722919e-05
Stock price is 100.53854025047585
Strike price is 96.03854025047585
delta_call is 1.0
delta_put is -0.0
gamma is 0.0
theta_call is -0.6430990557814527
theta_put  is 0.0
vega is 0.0
rho_call is 7.998744474893694
rho_put is -0.0
d1 is 1.1178777857008493
d2 is 1.110966170445745
T is 0.6819923371647509
t  is 0.5670498084291188
stdev is 0.02038633614166454
Stock price is 63.36495145260939
Strike price is 56.83820892317212
delta_call is 0.8636423619292557
delta_put is -0.13111910842457103
gamma is 0.48766680395379697
theta_call is 1.7755042859897028
theta_put  is -0.7372053503083915
vega is 4.5846573015333565
rho_call is 5.632655176122947
rho_put is -0.8662483044164424
d1 is 219.36652726897435
d2 is 219.3665073283867
T is 0.49444444444444446
t  is 0.4111111111111111
stdev is 6.907622192784638e-05
Stock price is 100.53854025047585
Strike price is 96.03854025047585
delta_call is 1.0
delta_put is -0.0
gamma is 0.0
theta_call is -0.6430990557814527
theta_put  is 0.0
vega is 0.0
rho_call is 7.998744474893694
rho_put is -0.0
d1 is 1.1477402386241553
d2 is 1.140887742091762
T is 0.6819923371647509
t  is 0.5670498084291188
stdev is 0.020211960961772465
Stock price is 63.416746592017596
Strike price is 56.81594385711607
delta_call is 0.869881197132056
delta_put is -0.1248802732217707
gamma is 0.4751246475611849
theta_call is 1.8100050481138623
theta_put  is -0.7052186061935363
vega is 4.43578224321249
rho_call is 5.67159102284286
rho_put is -0.8247666611623398
d1 is 218.80216983094982
d2 is 218.8021498389293
T is 0.49444444444444446
t  is 0.4111111111111111
stdev is 6.925439055946052e-05
Stock price is 100.53854025047585
Strike price is 96.03854025047585
delta_call is 1.0
delta_put is -0.0
gamma is 0.0
theta_call is -0.6430990557814527
theta_put  is 0.0
vega is 0.0
rho_call is 7.998744474893694
rho_put is -0.0
d1 is 1.032953483548438
d2 is 1.0260650376996832
T is 0.6819923371647509
t  is 0.5670498084291188
stdev is 0.020317996211183534
Stock price is 63.019483014018896
Strike price is 56.82948229157057
delta_call is 0.8447386739469902
delta_put is -0.15002279640683663
gamma is 0.5390380429528728
theta_call is 1.6794944643078678
theta_put  is -0.8174995676038116
vega is 4.9956988998782705
rho_call is 5.5074268944790665
rho_put is -0.9904787795220249
d1 is 217.8462803687798
d2 is 217.8462602890361
T is 0.49444444444444446
t  is 0.4111111111111111
stdev is 6.955827248997258e-05
Stock price is 100.53854025047585
Strike price is 96.03854025047585
delta_call is 1.0
delta_put is -0.0
gamma is 0.0
theta_call is -0.6430990557814527
theta_put  is 0.0
vega is 0.0
rho_call is 7.998744474893694
rho_put is -0.0
d1 is 1.0840571159506964
d2 is 1.0771367471163802
T is 0.6819923371647509
t  is 0.5670498084291188
stdev is 0.020412155490929312
Stock price is 63.24507503816858
Strike price is 56.84150613249406
delta_call is 0.8563207774840933
delta_put is -0.13844069286973346
gamma is 0.5064855437929752
theta_call is 1.7371424030895537
theta_put  is -0.7700716230298064
vega is 4.749584702956233
rho_call is 5.584769397660121
rho_put is -0.9145110871083655
d1 is 216.7156930037001
d2 is 216.7156728192021
T is 0.49444444444444446
t  is 0.4111111111111111
stdev is 6.992115212378908e-05
Stock price is 100.53854025047585
Strike price is 96.03854025047585
delta_call is 1.0
delta_put is -0.0
gamma is 0.0
theta_call is -0.6430990557814527
theta_put  is 0.0
vega is 0.0
rho_call is 7.998744474893694
rho_put is -0.0
d1 is 1.0825765342629332
d2 is 1.075645499005378
T is 0.6819923371647509
t  is 0.5670498084291188
stdev is 0.020443616919488948
Stock price is 63.25022084585668
Strike price is 56.845524016341784
delta_call is 0.8559940220987748
delta_put is -0.1387674482550519
gamma is 0.5064766588437828
theta_call is 1.7351373138619826
theta_put  is -0.7722847698279487
vega is 4.757595920738178
rho_call is 5.582997628319367
rho_put is -0.9167422628909672
d1 is 215.58492713939324
d2 is 215.5849068490254
T is 0.49444444444444446
t  is 0.4111111111111111
stdev is 7.028789603527517e-05
Stock price is 100.53854025047585
Strike price is 96.03854025047585
delta_call is 1.0
delta_put is -0.0
gamma is 0.0
theta_call is -0.6430990557814527
theta_put  is 0.0
vega is 0.0
rho_call is 7.998744474893694
rho_put is -0.0
d1 is 1.1015970912360893
d2 is 1.0946341677777687
T is 0.6819923371647509
t  is 0.5670498084291188
stdev is 0.020537673598826762
Stock price is 63.355425580118386
Strike price is 56.85753690335318
delta_call is 0.8601519032622275
delta_put is -0.13460956709159935
gamma is 0.492972789182235
theta_call is 1.7557914626726379
theta_put  is -0.7563538261945504
vega is 4.6675406750836625
rho_call is 5.611511030611009
rho_put is -0.8896024188920437
d1 is 218.19456543449652
d2 is 218.1945453868044
T is 0.49444444444444446
t  is 0.4111111111111111
stdev is 6.944724264060516e-05
Stock price is 100.53854025047585
Strike price is 96.03854025047585
delta_call is 1.0
delta_put is -0.0
gamma is 0.0
theta_call is -0.6430990557814527
theta_put  is 0.0
vega is 0.0
rho_call is 7.998744474893694
rho_put is -0.0
d1 is 1.0680353952936734
d2 is 1.06107047254776
T is 0.6819923371647509
t  is 0.5670498084291188
stdev is 0.020543570650009356
Stock price is 63.22875423266122
Strike price is 56.85829012631744
delta_call is 0.8527570094309849
delta_put is -0.14200446092284194
gamma is 0.512128995081667
theta_call is 1.7174546521669096
theta_put  is -0.7889018026690027
vega is 4.830931015601935
rho_call is 5.562888344403199
rho_put is -0.9383112289140421
d1 is 223.93825126157805
d2 is 223.9382317280797
T is 0.49444444444444446
t  is 0.4111111111111111
stdev is 6.766602314688766e-05
Stock price is 100.53854025047585
Strike price is 96.03854025047585
delta_call is 1.0
delta_put is -0.0
gamma is 0.0
theta_call is -0.6430990557814527
theta_put  is 0.0
vega is 0.0
rho_call is 7.998744474893694
rho_put is -0.0
d1 is 1.016344771932782
d2 is 1.009377256836463
T is 0.6819923371647509
t  is 0.5670498084291188
stdev is 0.020551216985173384
Stock price is 63.033537581695086
Strike price is 56.85926679255135
delta_call is 0.8408394241386358
delta_put is -0.15392204621519107
gamma is 0.5419469414693701
theta_call is 1.6572638422730608
theta_put  is -0.8401725161785323
vega is 5.0825770111250765
rho_call is 5.4845265111572985
rho_put is -1.016784734566711
d1 is 237.2005190359967
d2 is 237.2005005946482
T is 0.49444444444444446
t  is 0.4111111111111111
stdev is 6.388270516054165e-05
Stock price is 100.53854025047585
Strike price is 96.03854025047585
delta_call is 1.0
delta_put is -0.0
gamma is 0.0
theta_call is -0.6430990557814527
theta_put  is 0.0
vega is 0.0
rho_call is 7.998744474893694
rho_put is -0.0
d1 is 1.1309705657479001
d2 is 1.1240608767448734
T is 0.6819923371647509
t  is 0.5670498084291188
stdev is 0.02038065451430255
Stock price is 63.41285317849596
Strike price is 56.83748337837493
delta_call is 0.8664036772431986
delta_put is -0.12835779311062825
gamma is 0.48031090457062803
theta_call is 1.7901305163494392
theta_put  is -0.7247711616888923
vega is 4.521072304180413
rho_call is 5.65076603234004
rho_put is -0.8480544891178248
d1 is 236.17758309881594
d2 is 236.17756457759398
T is 0.49444444444444446
t  is 0.4111111111111111
stdev is 6.415939492562948e-05
Stock price is 100.53854025047585
Strike price is 96.03854025047585
delta_call is 1.0
delta_put is -0.0
gamma is 0.0
theta_call is -0.6430990557814527
theta_put  is 0.0
vega is 0.0
rho_call is 7.998744474893694
rho_put is -0.0
d1 is 1.0465122870208026
d2 is 1.0395695171693442
T is 0.6819923371647509
t  is 0.5670498084291188
stdev is 0.020478228998860648
Stock price is 63.1244286028893
Strike price is 56.84994447222613
delta_call is 0.8478727160918048
delta_put is -0.14688875426202203
gamma is 0.5264568630354342
theta_call is 1.693342134645063
theta_put  is -0.8083067032233521
vega is 4.933968783626835
rho_call is 5.529953885985579
rho_put is -0.9702914419138529
d1 is 236.27084839619278
d2 is 236.27082988228184
T is 0.49444444444444446
t  is 0.4111111111111111
stdev is 6.413406871396665e-05
Stock price is 100.53854025047585
Strike price is 96.03854025047585
delta_call is 1.0
delta_put is -0.0
gamma is 0.0
theta_call is -0.6430990557814527
theta_put  is 0.0
vega is 0.0
rho_call is 7.998744474893694
rho_put is -0.0
d1 is 1.0453012861653583
d2 is 1.038339329031842
T is 0.6819923371647509
t  is 0.5670498084291188
stdev is 0.020534823350144005
Stock price is 63.138779941487634
Strike price is 56.857172846924655
delta_call is 0.8475945965242032
delta_put is -0.1471668738296236
gamma is 0.5255518446960858
theta_call is 1.691288782440843
theta_put  is -0.8109669421817733
vega is 4.941345237777057
rho_call is 5.528797185119343
rho_put is -0.9722746380264535
d1 is 234.9612365446845
d2 is 234.96121792758194
T is 0.49444444444444446
t  is 0.4111111111111111
stdev is 6.449153509584718e-05
Stock price is 100.53854025047585
Strike price is 96.03854025047585
delta_call is 1.0
delta_put is -0.0
gamma is 0.0
theta_call is -0.6430990557814527
theta_put  is 0.0
vega is 0.0
rho_call is 7.998744474893694
rho_put is -0.0
d1 is 1.0226674513288878
d2 is 1.0156668976726158
T is 0.6819923371647509
t  is 0.5670498084291188
stdev is 0.020648666736639374
Stock price is 63.0899219228679
Strike price is 56.871714978632994
delta_call is 0.8423316307193599
delta_put is -0.1524298396344669
gamma is 0.5354445766674747
theta_call is 1.6634916929241808
theta_put  is -0.8364358259317912
vega is 5.0544372550249665
rho_call is 5.4954998884744
rho_put is -1.0072346878116565
d1 is 242.82603239565614
d2 is 242.82601438153554
T is 0.49444444444444446
t  is 0.4111111111111111
stdev is 6.240274424052551e-05
Stock price is 100.53854025047585
Strike price is 96.03854025047585
delta_call is 1.0
delta_put is -0.0
gamma is 0.0
theta_call is -0.6430990557814527
theta_put  is 0.0
vega is 0.0
rho_call is 7.998744474893694
rho_put is -0.0
d1 is 1.0998728437342158
d2 is 1.0928314491250022
T is 0.6819923371647509
t  is 0.5670498084291188
stdev is 0.02076913024108556
Stock price is 63.429059462705006
Strike price is 56.887105318056385
delta_call is 0.859778542007106
delta_put is -0.1349829283467207
gamma is 0.4878380726931915
theta_call is 1.751599749948481
theta_put  is -0.7637096931040379
vega is 4.68184288099475
rho_call is 5.611857156625293
rho_put is -0.8926371572095064
d1 is 261.5416294030468
d2 is 261.5416126779946
T is 0.49444444444444446
t  is 0.4111111111111111
stdev is 5.7937280392227704e-05
Stock price is 100.53854025047585
Strike price is 96.03854025047585
delta_call is 1.0
delta_put is -0.0
gamma is 0.0
theta_call is -0.6430990557814527
theta_put  is 0.0
vega is 0.0
rho_call is 7.998744474893694
rho_put is -0.0
d1 is 1.087502174056057
d2 is 1.080425391081631
T is 0.6819923371647509
t  is 0.5670498084291188
stdev is 0.020873510922315125
Stock price is 63.41696146029038
Strike price is 56.90044306079251
delta_call is 0.8570790528411443
delta_put is -0.13768241751268245
gamma is 0.4921043347888233
theta_call is 1.7363978650332155
theta_put  is -0.7782698912855108
vega is 4.74471186508812
rho_call is 5.595330208089465
rho_put is -0.9106891485700921
d1 is 260.43552096779354
d2 is 260.4355041717075
T is 0.49444444444444446
t  is 0.4111111111111111
stdev is 5.818334866449555e-05
Stock price is 100.53854025047585
Strike price is 96.03854025047585
delta_call is 1.0
delta_put is -0.0
gamma is 0.0
theta_call is -0.6430990557814527
theta_put  is 0.0
vega is 0.0
rho_call is 7.998744474893694
rho_put is -0.0
d1 is 1.0611430476301635
d2 is 1.0540609898899027
T is 0.6819923371647509
t  is 0.5670498084291188
stdev is 0.02088906924629678
Stock price is 63.31940196520134
Strike price is 56.90243127005755
delta_call is 0.8512050068441136
delta_put is -0.14355646350971316
gamma is 0.5066413941241923
theta_call is 1.705720873786626
theta_put  is -0.804479022492941
vega is 4.873485285881004
rho_call is 5.556806392440849
rho_put is -0.949440296859152
d1 is 258.9068628160151
d2 is 258.90684592076036
T is 0.49444444444444446
t  is 0.4111111111111111
stdev is 5.852687936527869e-05
Stock price is 100.53854025047585
Strike price is 96.03854025047585
delta_call is 1.0
delta_put is -0.0
gamma is 0.0
theta_call is -0.6430990557814527
theta_put  is 0.0
vega is 0.0
rho_call is 7.998744474893694
rho_put is -0.0
d1 is 1.0273100647689084
d2 is 1.0201858825668468
T is 0.6819923371647509
t  is 0.5670498084291188
stdev is 0.02101331855797838
Stock price is 63.22881449443666
Strike price is 56.91831075771961
delta_call is 0.8434212035112689
delta_put is -0.15134026684255789
gamma is 0.5225046986695471
theta_call is 1.6645145843923737
theta_put  is -0.8414427933285948
vega is 5.0415167397178715
rho_call is 5.506991190297462
rho_put is -1.0010711659560063
d1 is 259.33819956255314
d2 is 259.3381826953989
T is 0.49444444444444446
t  is 0.4111111111111111
stdev is 5.842953622255506e-05
Stock price is 100.53854025047585
Strike price is 96.03854025047585
delta_call is 1.0
delta_put is -0.0
gamma is 0.0
theta_call is -0.6430990557814527
theta_put  is 0.0
vega is 0.0
rho_call is 7.998744474893694
rho_put is -0.0
d1 is 1.0722776591222842
d2 is 1.0651279347220808
T is 0.6819923371647509
t  is 0.5670498084291188
stdev is 0.021088657218754303
Stock price is 63.4310251868709
Strike price is 56.92794066431823
delta_call is 0.8537066125312206
delta_put is -0.14105485782260613
gamma is 0.49504834629839617
theta_call is 1.7165284029291152
theta_put  is -0.7985974085411028
vega is 4.824433159066382
rho_call is 5.575690694610521
rho_put is -0.9334727490047198
d1 is 259.833172977805
d2 is 259.8331561427822
T is 0.49444444444444446
t  is 0.4111111111111111
stdev is 5.831822992305585e-05
Stock price is 100.53854025047585
Strike price is 96.03854025047585
delta_call is 1.0
delta_put is -0.0
gamma is 0.0
theta_call is -0.6430990557814527
theta_put  is 0.0
vega is 0.0
rho_call is 7.998744474893694
rho_put is -0.0
d1 is 1.0210874265952157
d2 is 1.0138938230549743
T is 0.6819923371647509
t  is 0.5670498084291188
stdev is 0.021218082087674478
Stock price is 63.272234146485275
Strike price is 56.944486366056964
delta_call is 0.8419596328217996
delta_put is -0.1528018375320272
gamma is 0.5204133660874594
theta_call is 1.6545857791163052
theta_put  is -0.85317889067047
vega is 5.077234210080851
rho_call is 5.499779602991576
rho_put is -1.0112756827604064
d1 is 258.63586432751634
d2 is 258.6358474145587
T is 0.49444444444444446
t  is 0.4111111111111111
stdev is 5.8588203794983814e-05
Stock price is 100.53854025047585
Strike price is 96.03854025047585
delta_call is 1.0
delta_put is -0.0
gamma is 0.0
theta_call is -0.6430990557814527
theta_put  is 0.0
vega is 0.0
rho_call is 7.998744474893694
rho_put is -0.0
d1 is 1.024006587280137
d2 is 1.0167740661290499
T is 0.6819923371647509
t  is 0.5670498084291188
stdev is 0.02133287254797227
Stock price is 63.32190201221365
Strike price is 56.95916375210699
delta_call is 0.8426464440041541
delta_put is -0.15211502634967272
gamma is 0.5156655128568722
theta_call is 1.6566570629557162
theta_put  is -0.8532771700124323
vega is 5.066075051845235
rho_call is 5.505666520026674
rho_put is -1.0070669839009496
d1 is 257.05163810110923
d2 is 257.05162108391596
T is 0.49444444444444446
t  is 0.4111111111111111
stdev is 5.8949286789130646e-05
Stock price is 100.53854025047585
Strike price is 96.03854025047585
delta_call is 1.0
delta_put is -0.0
gamma is 0.0
theta_call is -0.6430990557814527
theta_put  is 0.0
vega is 0.0
rho_call is 7.998744474893694
rho_put is -0.0
d1 is 1.0067542951736574
d2 is 0.9996194111646419
T is 0.6819923371647509
t  is 0.5670498084291188
stdev is 0.021044884353503057
Stock price is 63.158663064294934
Strike price is 56.92234542187461
delta_call is 0.8385576263651481
delta_put is -0.15620384398867868
gamma is 0.5333345514028085
theta_call is 1.639634547305206
theta_put  is -0.8630927170822404
vega is 5.142311853624871
rho_call is 5.47531271114556
rho_put is -1.033210970216784
d1 is 255.45758133931005
d2 is 255.45756421592935
T is 0.49444444444444446
t  is 0.4111111111111111
stdev is 5.931713069885531e-05
Stock price is 100.53854025047585
Strike price is 96.03854025047585
delta_call is 1.0
delta_put is -0.0
gamma is 0.0
theta_call is -0.6430990557814527
theta_put  is 0.0
vega is 0.0
rho_call is 7.998744474893694
rho_put is -0.0
d1 is 1.5419609900031845
d2 is 1.5380466002265267
T is 0.7203065134099617
t  is 0.6053639846743295
stdev is 0.011545791082266343
Stock price is 99.89847426150816
Strike price is 94.72104309365977
delta_call is 0.9355158951252203
delta_put is -0.06134857119037479
gamma is 0.3107337124282685
theta_call is 0.4434624824599278
theta_put  is -0.24775092133308066
vega is 4.105227884018403
rho_call is 10.180229215980477
rho_put is -0.673108953262926
d1 is 30.797396384304072
d2 is 30.7972133461657
T is 0.5222222222222223
t  is 0.4388888888888889
stdev is 0.0006340627107655505
Stock price is 99.78604514642844
Strike price is 95.28604514642844
delta_call is 1.0
delta_put is -1.4197305156231499e-208
gamma is 2.400729972588666e-205
theta_call is -2.0449827589755905
theta_put  is -1.8683229640882525e-208
vega is 1.260827844993407e-205
rho_call is 7.926289763471284
rho_put is -1.1316876880642259e-207
d1 is 1.40852541434397
d2 is 1.4045918305452447
T is 0.7203065134099617
t  is 0.6053639846743295
stdev is 0.011602405313721528
Stock price is 99.4808914009395
Strike price is 94.7324850514037
delta_call is 0.9176259294321092
delta_put is -0.07923853688348588
gamma is 0.3780716036838086
theta_call is 0.37553839586193405
theta_put  is -0.3040485744453576
vega is 4.9774730753527425
rho_call is 9.98550286567705
rho_put is -0.8691463473709506
d1 is 31.04884342694397
d2 is 31.048661871136783
T is 0.5222222222222223
t  is 0.4388888888888889
stdev is 0.0006289277649202903
Stock price is 99.78604514642844
Strike price is 95.28604514642844
delta_call is 1.0
delta_put is -5.913074476375124e-212
gamma is 1.0162633611849546e-208
theta_call is -2.0449827589755905
theta_put  is -7.781092245047801e-212
vega is 5.294040995621475e-209
rho_call is 7.926289763471284
rho_put is -4.713396571378946e-211
d1 is 1.4869060721927774
d2 is 1.4829786304469827
T is 0.7203065134099617
t  is 0.6053639846743295
stdev is 0.011584288860327538
Stock price is 99.73633366939877
Strike price is 94.72882354412219
delta_call is 0.9285595023415941
delta_put is -0.06830496397400092
gamma is 0.33717729562411636
theta_call is 0.41614493760533344
theta_put  is -0.2704825283249963
vega is 4.454941352430934
rho_call is 10.104853173202489
rho_put is -0.7493764965694105
d1 is 31.210853617242954
d2 is 31.2106730038663
T is 0.5222222222222223
t  is 0.4388888888888889
stdev is 0.0006256630897751951
Stock price is 99.78604514642844
Strike price is 95.28604514642844
delta_call is 1.0
delta_put is -3.795399796091899e-214
gamma is 6.591226873950212e-211
theta_call is -2.0449827589755905
theta_put  is -4.994279666747503e-214
vega is 3.4157577273682474e-211
rho_call is 7.926289763471284
rho_put is -3.025367493450004e-213
d1 is 1.4836120365863104
d2 is 1.4796751721776065
T is 0.7203065134099617
t  is 0.6053639846743295
stdev is 0.011612081722969294
Stock price is 99.7431202859405
Strike price is 94.73444078461269
delta_call is 0.9281247428248636
delta_put is -0.0687397234907314
gamma is 0.3379970042473878
theta_call is 0.4142556793428893
theta_put  is -0.27243628027599476
vega is 4.477095166870012
rho_call is 10.10067695479741
rho_put is -0.7541963503128466
d1 is 31.167564764363377
d2 is 31.167383900130062
T is 0.5222222222222223
t  is 0.4388888888888889
stdev is 0.0006265320827398679
Stock price is 99.78604514642844
Strike price is 95.28604514642844
delta_call is 1.0
delta_put is -1.4662891962724495e-213
gamma is 2.5393586440977772e-210
theta_call is -2.0449827589755905
theta_put  is -1.929470401831267e-213
vega is 1.3177942888108427e-210
rho_call is 7.926289763471284
rho_put is -1.1688001211454694e-212
d1 is 1.4446545615946407
d2 is 1.440712009918139
T is 0.7203065134099617
t  is 0.6053639846743295
stdev is 0.01162885675294041
Stock price is 99.6207859253567
Strike price is 94.73783130945242
delta_call is 0.9228198963662423
delta_put is -0.0740445699493528
gamma is 0.357759022923931
theta_call is 0.3941855724786545
theta_put  is -0.28909950118392624
vega is 4.734073918124219
rho_call is 10.042929663971803
rho_put is -0.812332134671201
d1 is 31.132473842647457
d2 is 31.132292774552106
T is 0.5222222222222223
t  is 0.4388888888888889
stdev is 0.0006272382815526301
Stock price is 99.78604514642844
Strike price is 95.28604514642844
delta_call is 1.0
delta_put is -4.379532333366267e-213
gamma is 7.567538998691449e-210
theta_call is -2.0449827589755905
theta_put  is -5.763002298899576e-213
vega is 3.931583356491062e-210
rho_call is 7.926289763471284
rho_put is -3.4909879998692286e-212
d1 is 1.4829563530000298
d2 is 1.4789945252996248
T is 0.7203065134099617
t  is 0.6053639846743295
stdev is 0.011685712855061706
Stock price is 99.78859767958018
Strike price is 94.74932352211249
delta_call is 0.9280379491835822
delta_put is -0.06882651713201285
gamma is 0.33604089636543794
theta_call is 0.4133013038356901
theta_put  is -0.27431093321469424
vega is 4.4834948476467344
rho_call is 10.101276775914174
rho_put is -0.7553018248483879
d1 is 31.07039718002594
d2 is 31.070215750166028
T is 0.5222222222222223
t  is 0.4388888888888889
stdev is 0.0006284914707571612
Stock price is 99.78604514642844
Strike price is 95.28604514642844
delta_call is 1.0
delta_put is -3.025335543496785e-212
gamma is 5.206772527377303e-209
theta_call is -2.0449827589755905
theta_put  is -3.9810641204174505e-212
vega is 2.710492792804054e-209
rho_call is 7.926289763471284
rho_put is -2.411538383253595e-211
d1 is 1.4633281089107568
d2 is 1.4593450798805876
T is 0.7203065134099617
t  is 0.6053639846743295
stdev is 0.011748247793606758
Stock price is 99.761263731886
Strike price is 94.76196466973582
delta_call is 0.9254004390834337
delta_put is -0.07146402723216135
gamma is 0.3441525044047234
theta_call is 0.4026992323934775
theta_put  is -0.2838969159930741
vega is 4.6137643307170455
rho_call is 10.073696631804177
rho_put is -0.7843304184847253
d1 is 30.90489082829913
d2 is 30.90470842681401
T is 0.5222222222222223
t  is 0.4388888888888889
stdev is 0.0006318572792075989
Stock price is 99.78604514642844
Strike price is 95.28604514642844
delta_call is 1.0
delta_put is -5.1337363095031816e-210
gamma is 8.741666281814957e-207
theta_call is -2.0449827589755905
theta_put  is -6.755717659745992e-210
vega is 4.575025088206258e-207
rho_call is 7.926289763471284
rho_put is -4.0921751505053715e-209
d1 is 1.4649900934474274
d2 is 1.4609878197350823
T is 0.7203065134099617
t  is 0.6053639846743295
stdev is 0.011805011450913597
Stock price is 99.80350115246526
Strike price is 94.77344016184331
delta_call is 0.9256267269361032
delta_put is -0.07123773937949189
gamma is 0.34152065000133214
theta_call is 0.4030347970812054
theta_put  is -0.28446639965046605
vega is 4.60449945141302
rho_call is 10.07736732554625
rho_put is -0.7819746109858057
d1 is 30.748505285237602
d2 is 30.748321956061048
T is 0.5222222222222223
t  is 0.4388888888888889
stdev is 0.0006350708966009916
Stock price is 99.78604514642844
Strike price is 95.28604514642844
delta_call is 1.0
delta_put is -6.4017788354448616e-208
gamma is 1.0790946070776102e-204
theta_call is -2.0449827589755905
theta_put  is -8.424621806220799e-208
vega is 5.676256297557287e-205
rho_call is 7.926289763471284
rho_put is -5.102950416662477e-207
d1 is 1.4134432527769472
d2 is 1.4094262081718907
T is 0.7203065134099617
t  is 0.6053639846743295
stdev is 0.0118485793251096
Stock price is 99.65183631040448
Strike price is 94.78224859333471
delta_call is 0.9183487116674252
delta_put is -0.07851575464816994
gamma is 0.3670258115837432
theta_call is 0.37536354197051125
theta_put  is -0.3078151818524595
vega is 4.951547971836701
rho_call is 9.998532512065752
rho_put is -0.8618187132430568
d1 is 30.600646771781026
d2 is 30.60046255677541
T is 0.5222222222222223
t  is 0.4388888888888889
stdev is 0.0006381394984947573
Stock price is 99.78604514642844
Strike price is 95.28604514642844
delta_call is 1.0
delta_put is -5.999721004536475e-206
gamma is 1.0016304487285748e-202
theta_call is -2.0449827589755905
theta_put  is -7.8957272822301e-206
vega is 5.294237364881035e-203
rho_call is 7.926289763471284
rho_put is -4.78246458488866e-205
d1 is 1.3670518414877222
d2 is 1.363026407489503
T is 0.7203065134099617
t  is 0.6053639846743295
stdev is 0.011873324479856704
Stock price is 99.50555209261398
Strike price is 94.78725174501493
delta_call is 0.9113289809527374
delta_put is -0.08553548536285761
gamma is 0.3912358139281002
theta_call is 0.3497222768967396
theta_put  is -0.3293622321659774
vega is 5.273671311052448
rho_call is 9.922137744360963
rho_put is -0.9387867526868785
d1 is 30.552473807156286
d2 is 30.552289301691815
T is 0.5222222222222223
t  is 0.4388888888888889
stdev is 0.0006391456774765337
Stock price is 99.78604514642844
Strike price is 95.28604514642844
delta_call is 1.0
delta_put is -2.6212821484581525e-205
gamma is 4.362377389685608e-202
theta_call is -2.0449827589755905
theta_put  is -3.4496781872999794e-205
vega is 2.3094222928057323e-202
rho_call is 7.926289763471284
rho_put is -2.0894620382658277e-204
d1 is 1.4002722118451578
d2 is 1.3962273863909513
T is 0.7203065134099617
t  is 0.6053639846743295
stdev is 0.011930521057710669
Stock price is 99.65701284995366
Strike price is 94.79881683645084
delta_call is 0.9164016443585318
delta_put is -0.08046282195706324
gamma is 0.3713028636139862
theta_call is 0.367278760386204
theta_put  is -0.3156857097555995
vega is 5.044416433969618
rho_call is 9.978898746600414
rho_put is -0.8833509031718129
d1 is 30.808282505145236
d2 is 30.808099531683858
T is 0.5222222222222223
t  is 0.4388888888888889
stdev is 0.0006338386630832059
Stock price is 99.78604514642844
Strike price is 95.28604514642844
delta_call is 1.0
delta_put is -1.0149008993140167e-208
gamma is 1.7173850752663798e-205
theta_call is -2.0449827589755905
theta_put  is -1.335576742667472e-208
vega is 9.016265154240926e-206
rho_call is 7.926289763471284
rho_put is -8.089921537342614e-208
d1 is 1.4157645252172641
d2 is 1.4117044394394433
T is 0.7203065134099617
t  is 0.6053639846743295
stdev is 0.011975532545669154
Stock price is 99.73962372786336
Strike price is 94.80791878211025
delta_call is 0.9186881322280733
delta_put is -0.0781763340875217
gamma is 0.36162591763112645
theta_call is 0.3751876867628203
theta_put  is -0.30983309797228664
vega is 4.939663056791169
rho_call is 10.004891455413564
rho_put is -0.8584011146117921
d1 is 30.725853873346836
d2 is 30.725670409017344
T is 0.5222222222222223
t  is 0.4388888888888889
stdev is 0.0006355390801177583
Stock price is 99.78604514642844
Strike price is 95.28604514642844
delta_call is 1.0
delta_put is -1.2852672887476808e-207
gamma is 2.1632807493270232e-204
theta_call is -2.0449827589755905
theta_put  is -1.6913945548784495e-207
vega is 1.1387684083974977e-204
rho_call is 7.926289763471284
rho_put is -1.0245051371908644e-206
d1 is 1.356537722397247
d2 is 1.3524668477296349
T is 0.7203065134099617
t  is 0.6053639846743295
stdev is 0.012007355198662232
Stock price is 99.55057406843791
Strike price is 94.81435411753773
delta_call is 0.909674642077341
delta_put is -0.08718982423825394
gamma is 0.3922702631630543
theta_call is 0.34204477307466163
theta_put  is -0.33768552750710956
vega is 5.352143798160643
rho_call is 9.906767579940043
rho_put is -0.9572623644780098
d1 is 30.554537016532553
d2 is 30.554352523526976
T is 0.5222222222222223
t  is 0.4388888888888889
stdev is 0.0006391025186056714
Stock price is 99.78604514642844
Strike price is 95.28604514642844
delta_call is 1.0
delta_put is -2.4609757189511982e-205
gamma is 4.096145587498319e-202
theta_call is -2.0449827589755905
theta_put  is -3.2387093976913054e-205
vega is 2.168333986916009e-202
rho_call is 7.926289763471284
rho_put is -1.9616794554875654e-204
d1 is 1.428032397636074
d2 is 1.4239431321770097
T is 0.7203065134099617
t  is 0.6053639846743295
stdev is 0.012061600240178088
Stock price is 99.8372565155491
Strike price is 94.8253244973481
delta_call is 0.9204635107355915
delta_put is -0.0764009555800035
gamma is 0.3524916645875501
theta_call is 0.38089091664228025
theta_put  is -0.3064175078864201
vega is 4.858996089756897
rho_call is 10.026144899395875
rho_put is -0.8391420544261965
d1 is 30.41308299131988
d2 is 30.412897640215274
T is 0.5222222222222223
t  is 0.4388888888888889
stdev is 0.0006420750608334604
Stock price is 99.78604514642844
Strike price is 95.28604514642844
delta_call is 1.0
delta_put is -1.844255591145354e-203
gamma is 3.0413257954889314e-200
theta_call is -2.0449827589755905
theta_put  is -2.4271510827776387e-203
vega is 1.617443097691742e-200
rho_call is 7.926289763471284
rho_put is -1.470082975126137e-202
d1 is 1.3810064423400006
d2 is 1.3769328998075436
T is 0.7203065134099617
t  is 0.6053639846743295
stdev is 0.01201522426942202
Stock price is 99.6417386298754
Strike price is 94.81594548553872
delta_call is 0.9134882277032633
delta_put is -0.0833762386123317
gamma is 0.37875458658277644
theta_call is 0.35563102005953784
theta_put  is -0.32654980088513863
vega is 5.1805976810750245
rho_call is 9.94872317286117
rho_put is -0.9154891138802211
d1 is 30.533335419264695
d2 is 30.533150798150935
T is 0.5222222222222223
t  is 0.4388888888888889
stdev is 0.0006395462983607809
Stock price is 99.78604514642844
Strike price is 95.28604514642844
delta_call is 1.0
delta_put is -4.70596472240894e-205
gamma is 7.821939384631314e-202
theta_call is -2.0449827589755905
theta_put  is -6.193198019949411e-205
vega is 4.143493859661012e-202
rho_call is 7.926289763471284
rho_put is -3.7511927973197424e-204
d1 is 1.4893080624725652
d2 is 1.48524116374129
T is 0.7203065134099617
t  is 0.6053639846743295
stdev is 0.011995627871308326
Stock price is 100.0121505113481
Strike price is 94.81198252478904
delta_call is 0.9288751867266403
delta_put is -0.06798927958895482
gamma is 0.3235586390790433
theta_call is 0.4139573065076627
theta_put  is -0.2784039219281973
vega is 4.45132195608354
rho_call is 10.116983727819246
rho_put is -0.7467744744678012
d1 is 30.36416017320683
d2 is 30.363974523462193
T is 0.5222222222222223
t  is 0.4388888888888889
stdev is 0.0006431095802517709
Stock price is 99.78604514642844
Strike price is 95.28604514642844
delta_call is 1.0
delta_put is -8.169266842101127e-203
gamma is 1.3428517640138785e-199
theta_call is -2.0449827589755905
theta_put  is -1.0751341117806448e-202
vega is 7.153083868363505e-200
rho_call is 7.926289763471284
rho_put is -6.5118416322145325e-202
d1 is 1.3572329072069507
d2 is 1.353160286720832
T is 0.7203065134099617
t  is 0.6053639846743295
stdev is 0.012012504623448845
Stock price is 99.55616468030941
Strike price is 94.81539548749012
delta_call is 0.9097847575832576
delta_put is -0.08707970873233735
gamma is 0.3917104199351554
theta_call is 0.3423659809691628
theta_put  is -0.3374943551067009
vega is 5.347397860948523
rho_call is 9.90808007084135
rho_put is -0.9560691959562237
d1 is 30.20794639345065
d2 is 30.207759783653096
T is 0.5222222222222223
t  is 0.4388888888888889
stdev is 0.0006464353011079885
Stock price is 99.78604514642844
Strike price is 95.28604514642844
delta_call is 1.0
delta_put is -9.313403585041007e-201
gamma is 1.5152284481118208e-197
theta_call is -2.0449827589755905
theta_put  is -1.2257458282414522e-200
vega is 8.11303676709439e-198
rho_call is 7.926289763471284
rho_put is -7.423850169581293e-200
d1 is 1.3916075619691632
d2 is 1.3875163652349634
T is 0.7203065134099617
t  is 0.6053639846743295
stdev is 0.0120672966834322
Stock price is 99.7114999585083
Strike price is 94.82647658113801
delta_call is 0.9151010109199137
delta_put is -0.08176345539568133
gamma is 0.3713584164226232
theta_call is 0.3608660020971035
theta_put  is -0.32299027370087574
vega is 5.108592378969568
rho_call is 9.967477028468963
rho_put is -0.8979419335591279
d1 is 30.505608501925675
d2 is 30.505423713006532
T is 0.5222222222222223
t  is 0.4388888888888889
stdev is 0.0006401275932631951
Stock price is 99.78604514642844
Strike price is 95.28604514642844
delta_call is 1.0
delta_put is -1.0978603357415964e-204
gamma is 1.821480816011167e-201
theta_call is -2.0449827589755905
theta_put  is -1.4448260128782278e-204
vega is 9.657648920848077e-202
rho_call is 7.926289763471284
rho_put is -8.751204209799014e-204
d1 is 1.4713612601367145
d2 is 1.4672578907761613
T is 0.7203065134099617
t  is 0.6053639846743295
stdev is 0.012103200772911325
Stock price is 100.01815142857055
Strike price is 94.83373826214482
delta_call is 0.9264891025631466
delta_put is -0.07037536375244838
gamma is 0.3292969510851376
theta_call is 0.4036510415218677
theta_put  is -0.2884071454429067
vega is 4.571440643395828
rho_call is 10.093085128706676
rho_put is -0.773165892144564
d1 is 30.637035019806326
d2 is 30.63685102359804
T is 0.5222222222222223
t  is 0.4388888888888889
stdev is 0.0006373815622952765
Stock price is 99.78604514642844
Strike price is 95.28604514642844
delta_call is 1.0
delta_put is -1.9667080161047797e-206
gamma is 3.2911487606583215e-203
theta_call is -2.0449827589755905
theta_put  is -2.5882019897347375e-206
vega is 1.737509841513946e-203
rho_call is 7.926289763471284
rho_put is -1.5676914467974567e-205
d1 is 1.3626273109803793
d2 is 1.3585226733918572
T is 0.7203065134099617
t  is 0.6053639846743295
stdev is 0.012106941507996488
Stock price is 99.63294907821927
Strike price is 94.83449485555123
delta_call is 0.9106356914754338
delta_put is -0.08622877484016132
gamma is 0.38551690835865415
theta_call is 0.34413088232658273
theta_put  is -0.3374125561210285
vega is 5.312406952132448
rho_call is 9.919347828576994
rho_put is -0.9469898843526727
d1 is 30.96961017583925
d2 is 30.96942815553344
T is 0.5222222222222223
t  is 0.4388888888888889
stdev is 0.0006305368353526112
Stock price is 99.78604514642844
Strike price is 95.28604514642844
delta_call is 1.0
delta_put is -6.917763598088266e-211
gamma is 1.1828823421574013e-207
theta_call is -2.0449827589755905
theta_put  is -9.103299108915268e-211
vega is 6.177777681206543e-208
rho_call is 7.926289763471284
rho_put is -5.51424886121776e-210
d1 is 1.411871400202871
d2 is 1.4077880183906495
T is 0.7203065134099617
t  is 0.6053639846743295
stdev is 0.012044245975241273
Stock price is 99.76898833219411
Strike price is 94.8218147218871
delta_call is 0.9181182393091171
delta_put is -0.07874622700647796
gamma is 0.36144095029121387
theta_call is 0.372291053275577
theta_put  is -0.3132320256370932
vega is 4.968389091531452
rho_call is 10.000073379876422
rho_put is -0.8648114164235973
d1 is 31.0183216097602
d2 is 31.01813987530229
T is 0.5222222222222223
t  is 0.4388888888888889
stdev is 0.0006295466291811579
Stock price is 99.78604514642844
Strike price is 95.28604514642844
delta_call is 1.0
delta_put is -1.5261735098618451e-211
gamma is 2.6178420840826143e-208
theta_call is -2.0449827589755905
theta_put  is -2.008322186992987e-211
vega is 1.36505959462927e-208
rho_call is 7.926289763471284
rho_put is -1.2165348330943306e-210
d1 is 1.3334573223046542
d2 is 1.3293478488710724
T is 0.7203065134099617
t  is 0.6053639846743295
stdev is 0.012121205201688388
Stock price is 99.53781303823676
Strike price is 94.83737983823966
delta_call is 0.9059595124439576
delta_put is -0.09090495387163754
gamma is 0.4008892902801802
theta_call is 0.32729029342988714
theta_put  is -0.351598379745546
vega is 5.520188878921698
rho_call is 9.868384222609114
rho_put is -0.998284057760555
d1 is 31.482979186043504
d2 is 31.482800133821478
T is 0.5222222222222223
t  is 0.4388888888888889
stdev is 0.0006202550915132796
Stock price is 99.78604514642844
Strike price is 95.28604514642844
delta_call is 1.0
delta_put is -7.427349756626648e-218
gamma is 1.3124275657056448e-214
theta_call is -2.0449827589755905
theta_put  is -9.77303934864943e-218
vega is 6.742577475232976e-215
rho_call is 7.926289763471284
rho_put is -5.920446196510116e-217
d1 is 1.3592499336359307
d2 is 1.3551178395519419
T is 0.7203065134099617
t  is 0.6053639846743295
stdev is 0.012187926534679034
Stock price is 99.67039928609267
Strike price is 94.85087571638111
delta_call is 0.9101036618371339
delta_put is -0.0867608044784611
gamma is 0.3845749806259836
theta_call is 0.34111805493913216
theta_put  is -0.3410947533446734
vega is 5.338887156552415
rho_call is 9.91518083685261
rho_put is -0.9530338298803863
d1 is 31.39106659805997
d2 is 31.39088702157264
T is 0.5222222222222223
t  is 0.4388888888888889
stdev is 0.0006220711998046989
Stock price is 99.78604514642844
Strike price is 95.28604514642844
delta_call is 1.0
delta_put is -1.3396050972121205e-216
gamma is 2.3533217517161477e-213
theta_call is -2.0449827589755905
theta_put  is -1.7627028711944047e-216
vega is 1.2125556177215179e-213
rho_call is 7.926289763471284
rho_put is -1.0678183236226845e-215
d1 is 1.4414040561114498
d2 is 1.4372489941639257
T is 0.7203065134099617
t  is 0.6053639846743295
stdev is 0.012255671999263537
Stock price is 100.00835957544068
Strike price is 94.86458006957818
delta_call is 0.9223635187891075
delta_put is -0.07450094752648757
gamma is 0.3397357408710683
theta_call is 0.38611820103499905
theta_put  is -0.3050116510567119
vega is 4.774836064772591
rho_call is 10.051033302610307
rho_put is -0.8187516380003899
d1 is 31.30056062143152
d2 is 31.300380525693463
T is 0.5222222222222223
t  is 0.4388888888888889
stdev is 0.0006238699370742839
Stock price is 99.78604514642844
Strike price is 95.28604514642844
delta_call is 1.0
delta_put is -2.2925270879683707e-215
gamma is 4.0041801994045443e-212
theta_call is -2.0449827589755905
theta_put  is -3.016638719926234e-215
vega is 2.0691307551436894e-212
rho_call is 7.926289763471284
rho_put is -1.827406089902832e-214
d1 is 1.3897452239275316
d2 is 1.3855691562701664
T is 0.7203065134099617
t  is 0.6053639846743295
stdev is 0.012317629941931127
Stock price is 99.86024911519723
Strike price is 94.8771148203582
delta_call is 0.9148194021643491
delta_put is -0.08204506415124593
gamma is 0.36421136762864326
theta_call is 0.3567446746021119
theta_put  is -0.3300796595840956
vega is 5.129481057051776
rho_call is 9.969570256008637
rho_put is -0.901650942952258
d1 is 31.26700242929363
d2 is 31.26682214026163
T is 0.5222222222222223
t  is 0.4388888888888889
stdev is 0.0006245395269372627
Stock price is 99.78604514642844
Strike price is 95.28604514642844
delta_call is 1.0
delta_put is -6.55712610900872e-215
gamma is 1.1428306540975886e-211
theta_call is -2.0449827589755905
theta_put  is -8.62829107546865e-215
vega is 5.911831874656594e-212
rho_call is 7.926289763471284
rho_put is -5.2267789524600115e-214
d1 is 1.328803131007669
d2 is 1.324604754972142
T is 0.7203065134099617
t  is 0.6053639846743295
stdev is 0.01238343020412643
Stock price is 99.67899388686789
Strike price is 94.89042813293698
delta_call is 0.9051963344312635
delta_put is -0.09166813188433152
gamma is 0.3942796347418154
theta_call is 0.3207016392133615
theta_put  is -0.36089713311859156
vega is 5.562372749115919
rho_call is 9.865374303892798
rho_put is -1.0073723626817421
d1 is 31.190289453919377
d2 is 31.19010872146129
T is 0.5222222222222223
t  is 0.4388888888888889
stdev is 0.000626075599973669
Stock price is 99.78604514642844
Strike price is 95.28604514642844
delta_call is 1.0
delta_put is -7.2142710229594e-214
gamma is 1.2512073429838756e-210
theta_call is -2.0449827589755905
theta_put  is -9.49312676989904e-214
vega is 6.488380743511376e-211
rho_call is 7.926289763471284
rho_put is -5.750598719586463e-213
d1 is 1.3082578103431697
d2 is 1.3040319463458534
T is 0.7203065134099617
t  is 0.6053639846743295
stdev is 0.012464508043127471
Stock price is 99.65251282526921
Strike price is 94.9068342728479
delta_call is 0.9017706341767628
delta_put is -0.09509383213883216
gamma is 0.4025783661583791
theta_call is 0.3072754759113958
theta_put  is -0.37324970525605605
vega is 5.713596602857826
rho_call is 9.829451534504676
rho_put is -1.0451749824039602
d1 is 31.098814660345546
d2 is 31.09863339627361
T is 0.5222222222222223
t  is 0.4388888888888889
stdev is 0.0006279171643617224
Stock price is 99.78604514642844
Strike price is 95.28604514642844
delta_call is 1.0
delta_put is -1.2495250466523258e-212
gamma is 2.1544343652486997e-209
theta_call is -2.0449827589755905
theta_put  is -1.6442524387753578e-212
vega is 1.1205103865060267e-209
rho_call is 7.926289763471284
rho_put is -9.960143380808673e-212
d1 is 1.4242243547381568
d2 is 1.4200752218719377
T is 0.7203065134099617
t  is 0.6053639846743295
stdev is 0.0122381837219173
Stock price is 99.93522263455856
Strike price is 94.86104220664512
delta_call is 0.9199157321195146
delta_put is -0.0769487341960804
gamma is 0.34895499212597264
theta_call is 0.376898760262276
theta_put  is -0.3123136527424757
vega is 4.89024979850178
rho_call is 10.023819099558168
rho_put is -0.8455604652083138
d1 is 30.962175622335643
d2 is 30.961993558323353
T is 0.5222222222222223
t  is 0.4388888888888889
stdev is 0.00063068823903488
Stock price is 99.78604514642844
Strike price is 95.28604514642844
delta_call is 1.0
delta_put is -8.710678752286981e-211
gamma is 1.4887422270444981e-207
theta_call is -2.0449827589755905
theta_put  is -1.1462666247134188e-210
vega is 7.777043054529774e-208
rho_call is 7.926289763471284
rho_put is -6.94340733738559e-210
d1 is 1.3829669165047882
d2 is 1.3788192588378438
T is 0.7203065134099617
t  is 0.6053639846743295
stdev is 0.012233832509185806
Stock price is 99.78380928836708
Strike price is 94.86016197397144
delta_call is 0.91378826872531
delta_put is -0.08307619759028492
gamma is 0.3704518892817883
theta_call is 0.35396429685410125
theta_put  is -0.331140289787302
vega is 5.173947216864813
rho_call is 9.956528378489555
rho_put is -0.9127503273488264
d1 is 30.793058521528277
d2 is 30.792875457604904
T is 0.5222222222222223
t  is 0.4388888888888889
stdev is 0.0006341520326294078
Stock price is 99.78604514642844
Strike price is 95.28604514642844
delta_call is 1.0
delta_put is -1.6228650112817492e-208
gamma is 2.743453298652064e-205
theta_call is -2.0449827589755905
theta_put  is -2.135643510999001e-208
vega is 1.4410240344653018e-205
rho_call is 7.926289763471284
rho_put is -1.2936091289934356e-207
d1 is 1.4015712321524094
d2 is 1.3974023361093606
T is 0.7203065134099617
t  is 0.6053639846743295
stdev is 0.012296476718735738
Stock price is 99.88994835237102
Strike price is 94.87283517309072
delta_call is 0.9165952834142652
delta_put is -0.08026918290132982
gamma is 0.3587589587827047
theta_call is 0.36365660853734294
theta_put  is -0.3240689507035873
vega is 5.047014062674497
rho_call is 9.988611150273972
rho_put is -0.8821196776191872
d1 is 30.854817926152528
d2 is 30.854635228654455
T is 0.5222222222222223
t  is 0.4388888888888889
stdev is 0.0006328826981544165
Stock price is 99.78604514642844
Strike price is 95.28604514642844
delta_call is 1.0
delta_put is -2.413579003443688e-209
gamma is 4.0965211180621636e-206
theta_call is -2.0449827589755905
theta_put  is -3.176166169900372e-209
vega is 2.1474283630327486e-206
rho_call is 7.926289763471284
rho_put is -1.9238986217426286e-208
d1 is 1.3159991723768678
d2 is 1.3118103829033283
T is 0.7203065134099617
t  is 0.6053639846743295
stdev is 0.012355153908657844
Stock price is 99.61548076512493
Strike price is 94.8847068595351
delta_call is 0.903072319549812
delta_put is -0.09379214676578299
gamma is 0.4021864344099157
theta_call is 0.3135861093631136
theta_put  is -0.3664043443304293
vega is 5.653751802531177
rho_call is 9.841503193797722
rho_put is -1.030587917126658
d1 is 30.799661330554027
d2 is 30.799478305875997
T is 0.5222222222222223
t  is 0.4388888888888889
stdev is 0.0006340160827692891
Stock price is 99.78604514642844
Strike price is 95.28604514642844
delta_call is 1.0
delta_put is -1.3239724868218294e-208
gamma is 2.239134427914024e-205
theta_call is -2.0449827589755905
theta_put  is -1.742307569288573e-208
vega is 1.1758737786270799e-205
rho_call is 7.926289763471284
rho_put is -1.055357580104297e-207
d1 is 1.3124052080302462
d2 is 1.3081920384126182
T is 0.7203065134099617
t  is 0.6053639846743295
stdev is 0.012427065002407273
Stock price is 99.64535442770612
Strike price is 94.89925741839734
delta_call is 0.902469650114036
delta_put is -0.09439481620155903
gamma is 0.4016317565492456
theta_call is 0.3103373890638159
theta_put  is -0.3701551933957545
vega is 5.6822222717770146
rho_call is 9.836357315216592
rho_put is -1.0374010296267313
d1 is 30.647678216891823
d2 is 30.647494284581352
T is 0.5222222222222223
t  is 0.4388888888888889
stdev is 0.0006371602137722864
Stock price is 99.78604514642844
Strike price is 95.28604514642844
delta_call is 1.0
delta_put is -1.4188998904406166e-206
gamma is 2.376078331490382e-203
theta_call is -2.0449827589755905
theta_put  is -1.8672790102777744e-206
vega is 1.2539772774218646e-203
rho_call is 7.926289763471284
rho_put is -1.131025650301428e-205
d1 is 1.3348264276973936
d2 is 1.3305885228824326
T is 0.7203065134099617
t  is 0.6053639846743295
stdev is 0.012500023352771106
Stock price is 99.77136024201154
Strike price is 94.91402141375347
delta_call is 0.9061831142021018
delta_put is -0.09068135211349317
gamma is 0.38712245277168933
theta_call is 0.322524497053458
theta_put  is -0.3610856764451186
vega is 5.523043484124192
rho_call is 9.878582135665248
rho_put is -0.9968678991035219
d1 is 30.42848091731325
d2 is 30.428295660003666
T is 0.5222222222222223
t  is 0.4388888888888889
stdev is 0.0006417501453536514
Stock price is 99.78604514642844
Strike price is 95.28604514642844
delta_call is 1.0
delta_put is -1.153907139620657e-203
gamma is 1.9048109330026612e-200
theta_call is -2.0449827589755905
theta_put  is -1.5186068418948255e-203
vega is 1.0125071871676787e-200
rho_call is 7.926289763471284
rho_put is -9.197961706401863e-203
d1 is 1.3411527561762735
d2 is 1.3368906064590702
T is 0.7203065134099617
t  is 0.6053639846743295
stdev is 0.01257153554038431
Stock price is 99.83800143944764
Strike price is 94.9284942598895
delta_call is 0.9072110310736043
delta_put is -0.08965343524199064
gamma is 0.38142113993104815
theta_call is 0.3252238624501107
theta_put  is -0.3598921896267153
vega is 5.480148607146481
rho_call is 9.891325020404977
rho_put is -0.985783343793615
d1 is 30.30916759406982
d2 is 30.308981607482515
T is 0.5222222222222223
t  is 0.4388888888888889
stdev is 0.0006442764374806694
Stock price is 99.78604514642844
Strike price is 95.28604514642844
delta_call is 1.0
delta_put is -4.340086543736329e-202
gamma is 7.108378575333759e-199
theta_call is -2.0449827589755905
theta_put  is -5.71192250874479e-202
vega is 3.793351277089462e-199
rho_call is 7.926289763471284
rho_put is -3.459546298839754e-201
d1 is 1.3944677915967383
d2 is 1.3901796417335546
T is 0.7203065134099617
t  is 0.6053639846743295
stdev is 0.012648224953224327
Stock price is 100.08339727746436
Strike price is 94.9440165372787
delta_call is 0.9155320943019172
delta_put is -0.08133237201367782
gamma is 0.3515818804983603
theta_call is 0.3553767846197857
theta_put  is -0.3360945186514165
vega is 5.107256082799349
rho_call is 9.984238098366344
rho_put is -0.894648841322545
d1 is 30.211955584849363
d2 is 30.211768999815483
T is 0.5222222222222223
t  is 0.4388888888888889
stdev is 0.0006463495172252206
Stock price is 99.78604514642844
Strike price is 95.28604514642844
delta_call is 1.0
delta_put is -8.249929962345362e-201
gamma is 1.3425643168729303e-197
theta_call is -2.0449827589755905
theta_put  is -1.08578025759529e-200
vega is 7.187581675563237e-198
rho_call is 7.926289763471284
rho_put is -6.576139785071765e-200
d1 is 1.3150945432614227
d2 is 1.3108111420427235
T is 0.7203065134099617
t  is 0.6053639846743295
stdev is 0.012634218464277144
Stock price is 99.77908838233499
Strike price is 94.94118143437213
delta_call is 0.9029208909376727
delta_put is -0.09394357537792226
gamma is 0.39312561762389014
theta_call is 0.30871549046946534
theta_put  is -0.37452281096637907
vega is 5.669780967108787
rho_call is 9.845525252577895
rho_put is -1.0330368350022703
d1 is 30.39365813132162
d2 is 30.393472661756732
T is 0.5222222222222223
t  is 0.4388888888888889
stdev is 0.0006424854192771815
Stock price is 99.78604514642844
Strike price is 95.28604514642844
delta_call is 1.0
delta_put is -3.3310729821872635e-203
gamma is 5.486199982933894e-200
theta_call is -2.0449827589755905
theta_put  is -4.3839074718313165e-203
vega is 2.919545005873068e-200
rho_call is 7.926289763471284
rho_put is -2.6552467789848246e-202
d1 is 1.3196807623308762
d2 is 1.3153640435128866
T is 0.7203065134099617
t  is 0.6053639846743295
stdev is 0.01273249126354241
Stock price is 99.85511863941316
Strike price is 94.96107438055263
delta_call is 0.9036867343828628
delta_put is -0.09317773193273214
gamma is 0.38744637995051884
theta_call is 0.3099649607382311
theta_put  is -0.37491886947310904
vega is 5.639922668748216
rho_call is 9.85593374735234
rho_put is -1.024907716225255
d1 is 30.17970723079619
d2 is 30.179520446386704
T is 0.5222222222222223
t  is 0.4388888888888889
stdev is 0.0006470401745881086
Stock price is 99.78604514642844
Strike price is 95.28604514642844
delta_call is 1.0
delta_put is -2.1868258831064036e-200
gamma is 3.551177846821906e-197
theta_call is -2.0449827589755905
theta_put  is -2.8781172074281034e-200
vega is 1.9031978280394402e-197
rho_call is 7.926289763471284
rho_put is -1.743150905236603e-199
d1 is 1.2913335702867792
d2 is 1.286991650222386
T is 0.7203065134099617
t  is 0.6053639846743295
stdev is 0.012806824261172125
Stock price is 99.79283303754184
Strike price is 94.97612315611823
delta_call is 0.8988786531774716
delta_put is -0.0979858131381234
gamma is 0.3999693027224926
theta_call is 0.29143869611656203
theta_put  is -0.3914248171174191
vega is 5.8489014788067895
rho_call is 9.804662887250325
rho_put is -1.0779028969735833
d1 is 29.99371884358874
d2 is 29.99353090093848
T is 0.5222222222222223
t  is 0.4388888888888889
stdev is 0.000651052438319376
Stock price is 99.78604514642844
Strike price is 95.28604514642844
delta_call is 1.0
delta_put is -5.925282429448014e-198
gamma is 9.503941252981943e-195
theta_call is -2.0449827589755905
theta_put  is -7.798632126205944e-198
vega is 5.125072067944195e-195
rho_call is 7.926289763471284
rho_put is -4.7231296749457925e-197
d1 is 1.2120539895139741
d2 is 1.2076777632066944
T is 0.7203065134099617
t  is 0.6053639846743295
stdev is 0.012908013140099974
Stock price is 99.55176462356926
Strike price is 94.99661150420937
delta_call is 0.8844721274723452
delta_put is -0.11239233884324973
gamma is 0.43929450937019315
theta_call is 0.23956450680448516
theta_put  is -0.43628937980155047
vega is 6.443481561682883
rho_call is 9.648543776710692
rho_put is -1.2363696059253495
d1 is 29.85354060930145
d2 is 29.853351784155027
T is 0.5222222222222223
t  is 0.4388888888888889
stdev is 0.0006541094947109992
Stock price is 99.78604514642844
Strike price is 95.28604514642844
delta_call is 1.0
delta_put is -3.9486505280401865e-196
gamma is 6.274497503376957e-193
theta_call is -2.0449827589755905
theta_put  is -5.197202638037737e-196
vega is 3.399457905988641e-193
rho_call is 7.926289763471284
rho_put is -3.147527531761381e-195
d1 is 1.2777198502621598
d2 is 1.273313070657048
T is 0.7203065134099617
t  is 0.6053639846743295
stdev is 0.012998132421461988
Stock price is 99.85393023455808
Strike price is 95.01486102354986
delta_call is 0.8965060216191617
delta_put is -0.10035844469643328
gamma is 0.4007891273306323
theta_call is 0.27970747612434366
theta_put  is -0.40399040608052045
vega is 5.955725955100477
rho_call is 9.782479906337203
rho_put is -1.1045245449606627
d1 is 29.822055770130216
d2 is 29.82186674562909
T is 0.5222222222222223
t  is 0.4388888888888889
stdev is 0.0006548000796548655
Stock price is 99.78604514642844
Strike price is 95.28604514642844
delta_call is 1.0
delta_put is -1.0113437670192989e-195
gamma is 1.6036645919344189e-192
theta_call is -2.0449827589755905
theta_put  is -1.3311358366416781e-195
vega is 8.697662024437585e-193
rho_call is 7.926289763471284
rho_put is -8.061570327660802e-195
d1 is 1.3235941447019761
d2 is 1.3192538796469366
T is 0.7203065134099617
t  is 0.6053639846743295
stdev is 0.01280194268490436
Stock price is 99.91158048007091
Strike price is 94.97513482784737
delta_call is 0.9043365677942237
delta_put is -0.09252789852137133
gamma is 0.3831399305302517
theta_call is 0.3112741842766291
theta_put  is -0.37484693527799023
vega is 5.614000456814141
rho_call is 9.864484798686574
rho_put is -1.0179677407862688
d1 is 29.572498733344986
d2 is 29.572308113689605
T is 0.5222222222222223
t  is 0.4388888888888889
stdev is 0.0006603258560849617
Stock price is 99.78604514642844
Strike price is 95.28604514642844
delta_call is 1.0
delta_put is -1.6872054913061741e-192
gamma is 2.630824106222817e-189
theta_call is -2.0449827589755905
theta_put  is -2.2208162666546246e-192
vega is 1.438899228018526e-189
rho_call is 7.926289763471284
rho_put is -1.3448965251554352e-191
d1 is 1.2352184539120483
d2 is 1.2308429104494738
T is 0.7203065134099617
t  is 0.6053639846743295
stdev is 0.01290599903758078
Stock price is 99.63844614792029
Strike price is 94.9962036672275
delta_call is 0.8888296720157942
delta_put is -0.1080347942998007
gamma is 0.42671266993538837
theta_call is 0.2544449870795158
theta_put  is -0.4237801134867348
vega is 6.268859691782276
rho_call is 9.696339228600861
rho_put is -1.1885274232081366
d1 is 29.371281760225
d2 is 29.371089834662705
T is 0.5222222222222223
t  is 0.4388888888888889
stdev is 0.0006648496503271367
Stock price is 99.78604514642844
Strike price is 95.28604514642844
delta_call is 1.0
delta_put is -6.391441192566138e-190
gamma is 9.831033011085225e-187
theta_call is -2.0449827589755905
theta_put  is -8.413192603462136e-190
vega is 5.413808167411602e-187
rho_call is 7.926289763471284
rho_put is -5.0947130347845445e-189
d1 is 1.2487644070067723
d2 is 1.2443618320112408
T is 0.7203065134099617
t  is 0.6053639846743295
stdev is 0.012985730604941754
Stock price is 99.73596516462491
Strike price is 95.0123494656016
delta_call is 0.8913208150036749
delta_put is -0.10554365131192012
gamma is 0.4166096994187825
theta_call is 0.2615821299030583
theta_put  is -0.418954531031443
vega is 6.170308047057352
rho_call is 9.725286770773316
rho_put is -1.161429900883894
d1 is 29.148839310103444
d2 is 29.148645919897085
T is 0.5222222222222223
t  is 0.4388888888888889
stdev is 0.0006699233261977785
Stock price is 99.78604514642844
Strike price is 95.28604514642844
delta_call is 1.0
delta_put is -4.32092151841364e-187
gamma is 6.546077081932264e-184
theta_call is -2.0449827589755905
theta_put  is -5.687979844817158e-187
vega is 3.632339877756511e-184
rho_call is 7.926289763471284
rho_put is -3.44427128601792e-186
d1 is 1.2626551513800472
d2 is 1.2582253293972285
T is 0.7203065134099617
t  is 0.6053639846743295
stdev is 0.013066097671276276
Stock price is 99.83591135284
Strike price is 95.0286258212562
delta_call is 0.8938319751735584
delta_put is -0.10303249114203662
gamma is 0.4064803785341717
theta_call is 0.26896952955415454
theta_put  is -0.41394204319529426
vega is 6.069690563295649
rho_call is 9.754479921042652
rho_put is -1.1341017299930842
d1 is 28.973075942500273
d2 is 28.97288137909637
T is 0.5222222222222223
t  is 0.4388888888888889
stdev is 0.0006739874017007905
Stock price is 99.78604514642844
Strike price is 95.28604514642844
delta_call is 1.0
delta_put is -7.186355497569919e-185
gamma is 1.0756383497371575e-181
theta_call is -2.0449827589755905
theta_put  is -9.460328193806342e-185
vega is 6.0047968644348496e-182
rho_call is 7.926289763471284
rho_put is -5.728352106148958e-184
d1 is 1.2047745234995093
d2 is 1.2003480924397119
T is 0.7203065134099617
t  is 0.6053639846743295
stdev is 0.013056095885298496
Stock price is 99.60780605521317
Strike price is 95.02660010546565
delta_call is 0.8830771935795814
delta_put is -0.11378727273601369
gamma is 0.4379028286799655
theta_call is 0.23184576444938987
theta_put  is -0.44489234337835115
vega is 6.504071717940271
rho_call is 9.636166590353819
rho_put is -1.2521829498669221
d1 is 28.717342736514222
d2 is 28.71714644047572
T is 0.5222222222222223
t  is 0.4388888888888889
stdev is 0.0006799894240183199
Stock price is 99.78604514642844
Strike price is 95.28604514642844
delta_call is 1.0
delta_put is -1.1587782643907694e-181
gamma is 1.7039874367214582e-178
theta_call is -2.0449827589755905
theta_put  is -1.5255322908575975e-181
vega is 9.59729425174948e-179
rho_call is 7.926289763471284
rho_put is -9.23679702079574e-181
d1 is 1.2242501895116016
d2 is 1.21980940153016
T is 0.7203065134099617
t  is 0.6053639846743295
stdev is 0.0130984427202709
Stock price is 99.70672809635012
Strike price is 95.03517703772086
delta_call is 0.8867817894344759
delta_put is -0.11008267688111903
gamma is 0.4258609009681835
theta_call is 0.2436656974981517
theta_put  is -0.43558453848395906
vega is 6.358341573356325
rho_call is 9.67769188836293
rho_put is -1.211640414960711
d1 is 28.50983598214959
d2 is 28.509638257374867
T is 0.5222222222222223
t  is 0.4388888888888889
stdev is 0.0006849387114687912
Stock price is 99.78604514642844
Strike price is 95.28604514642844
delta_call is 1.0
delta_put is -4.4235545109735674e-179
gamma is 6.411298416120812e-176
theta_call is -2.0449827589755905
theta_put  is -5.823874784578181e-179
vega is 3.637290330243448e-176
rho_call is 7.926289763471284
rho_put is -3.5260826376023944e-178
d1 is 1.160140009751783
d2 is 1.1556634427836951
T is 0.7203065134099617
t  is 0.6053639846743295
stdev is 0.013203975569201075
Stock price is 99.51823753868061
Strike price is 95.05655393693897
delta_call is 0.8742542207274181
delta_put is -0.12261024558817693
gamma is 0.4568760978837727
theta_call is 0.1991916646474592
theta_put  is -0.474462874531896
vega is 6.850400979392497
rho_call is 9.54218732192332
rho_put is -1.3495943918865878
d1 is 28.39684280716532
d2 is 28.396644295623346
T is 0.5222222222222223
t  is 0.4388888888888889
stdev is 0.0006876641531724182
Stock price is 99.78604514642844
Strike price is 95.28604514642844
delta_call is 1.0
delta_put is -1.1060199726321627e-177
gamma is 1.5903491371117718e-174
theta_call is -2.0449827589755905
theta_put  is -1.4561779736639016e-177
vega is 9.05835062969578e-175
rho_call is 7.926289763471284
rho_put is -8.81625404928378e-177
d1 is 1.1889342734285226
d2 is 1.1844259162918394
T is 0.7203065134099617
t  is 0.6053639846743295
stdev is 0.013297743095178931
Stock price is 99.68246202907268
Strike price is 95.0755503466309
delta_call is 0.879999287639517
delta_put is -0.11686517867607799
gamma is 0.4378459348250084
theta_call is 0.21636801569866249
theta_put  is -0.46135497554463106
vega is 6.633523363351533
rho_call is 9.607139455407195
rho_put is -1.2868189073463308
d1 is 28.25276194280236
d2 is 28.25256241890216
T is 0.5222222222222223
t  is 0.4388888888888889
stdev is 0.0006911710649468734
Stock price is 99.78604514642844
Strike price is 95.28604514642844
delta_call is 1.0
delta_put is -6.581870823916224e-176
gamma is 9.368412948275199e-173
theta_call is -2.0449827589755905
theta_put  is -8.665923606470357e-176
vega is 5.3632968872090445e-173
rho_call is 7.926289763471284
rho_put is -5.246510087208419e-175
d1 is 1.2393203804063997
d2 is 1.2348047134896556
T is 0.7203065134099617
t  is 0.6053639846743295
stdev is 0.013319303848771539
Stock price is 99.89209031709814
Strike price is 95.07991871138005
delta_call is 0.8895884548328161
delta_put is -0.10727601148277889
gamma is 0.4103338629806919
theta_call is 0.24922241788860244
theta_put  is -0.4341202128091449
vega is 6.253002156545318
rho_call is 9.712937440075159
rho_put is -1.1815214591834613
d1 is 28.659337962127566
d2 is 28.65914126879498
T is 0.5222222222222223
t  is 0.4388888888888889
stdev is 0.000681365691104698
Stock price is 99.78604514642844
Strike price is 95.28604514642844
delta_call is 1.0
delta_put is -6.131527785673044e-181
gamma is 8.980089571549544e-178
theta_call is -2.0449827589755905
theta_put  is -8.072261009689719e-181
vega is 5.068053538674967e-178
rho_call is 7.926289763471284
rho_put is -4.88753378322142e-180
d1 is 1.2121066380707057
d2 is 1.207547113076133
T is 0.7203065134099617
t  is 0.6053639846743295
stdev is 0.013448666593099706
Stock price is 99.85886094331418
Strike price is 95.10613137411143
delta_call is 0.884482171623488
delta_put is -0.1123822946921071
gamma is 0.4203108367371319
theta_call is 0.22869450509930989
theta_put  is -0.4531802922891741
vega is 6.462945909830481
rho_call is 9.659393456435875
rho_put is -1.2380689453565874
d1 is 28.430576775166443
d2 is 28.43037849916766
T is 0.5222222222222223
t  is 0.4388888888888889
stdev is 0.0006868482076289773
Stock price is 99.78604514642844
Strike price is 95.28604514642844
delta_call is 1.0
delta_put is -4.2361784665816254e-178
gamma is 6.105675463031057e-175
theta_call is -2.0449827589755905
theta_put  is -5.577280482502978e-178
vega is 3.473559556239014e-175
rho_call is 7.926289763471284
rho_put is -3.3767224704315045e-177
d1 is 1.2733338978104674
d2 is 1.2687372357271913
T is 0.7203065134099617
t  is 0.6053639846743295
stdev is 0.01355820526758971
Stock price is 100.16610622783485
Strike price is 95.12833090162509
delta_call is 0.8957327741068677
delta_put is -0.1011316922087273
gamma is 0.385184384665198
theta_call is 0.26713048771930215
theta_put  is -0.4226420339904469
vega is 6.007862044128137
rho_call is 9.785290805017636
rho_put is -1.1147152657572836
d1 is 29.535136006022558
d2 is 29.534945145226718
T is 0.5222222222222223
t  is 0.4388888888888889
stdev is 0.0006611611911324053
Stock price is 99.78604514642844
Strike price is 95.28604514642844
delta_call is 1.0
delta_put is -5.096459959367108e-192
gamma is 7.926758041840547e-189
theta_call is -2.0449827589755905
theta_put  is -6.708361648098572e-192
vega is 4.340934363195155e-189
rho_call is 7.926289763471284
rho_put is -4.0624639005797155e-191
d1 is 1.1110907167010502
d2 is 1.1064469632407985
T is 0.7203065134099617
t  is 0.6053639846743295
stdev is 0.013697104874261722
Stock price is 99.59289724146136
Strike price is 95.1564858383341
delta_call is 0.8640176704443416
delta_put is -0.13284679587125334
gamma is 0.4653067709567051
theta_call is 0.15396353815753017
theta_put  is -0.5195825857952172
vega is 7.2482368663205365
rho_call is 9.43929271897961
rho_put is -1.4639394042041116
d1 is 30.13003620440468
d2 is 30.12984911206888
T is 0.5222222222222223
t  is 0.4388888888888889
stdev is 0.0006481068626191226
Stock price is 99.78604514642844
Strike price is 95.28604514642844
delta_call is 1.0
delta_put is -9.795451522197342e-200
gamma is 1.5854534650450765e-196
theta_call is -2.0449827589755905
theta_put  is -1.2892072457858011e-199
vega is 8.51099594207205e-197
rho_call is 7.926289763471284
rho_put is -7.808097877032062e-199
d1 is 1.138614805868074
d2 is 1.1339224150669605
T is 0.7203065134099617
t  is 0.6053639846743295
stdev is 0.013840564419280827
Stock price is 99.78204657811405
Strike price is 95.18557095570186
delta_call is 0.8698321082654187
delta_put is -0.12703235805017632
gamma is 0.44559911177758593
theta_call is 0.16978241441425546
theta_put  is -0.5082951055652152
vega is 7.040612186182946
rho_call is 9.506014092677534
rho_put is -1.4005506649892379
d1 is 29.95237913581625
d2 is 29.95219093376947
T is 0.5222222222222223
t  is 0.4388888888888889
stdev is 0.0006519510142361649
Stock price is 99.78604514642844
Strike price is 95.28604514642844
delta_call is 1.0
delta_put is -2.0484768615008738e-197
gamma is 3.2766427173382447e-194
theta_call is -2.0449827589755905
theta_put  is -2.696148678083557e-197
vega is 1.76939305368038e-194
rho_call is 7.926289763471284
rho_put is -1.632871029342906e-196
d1 is 1.1236722360005538
d2 is 1.1189317056683699
T is 0.7203065134099617
t  is 0.6053639846743295
stdev is 0.013982555636367099
Stock price is 99.79812003044135
Strike price is 95.21436426854173
delta_call is 0.866697842465406
delta_put is -0.1301666238501889
gamma is 0.4485203339423811
theta_call is 0.1558315362802727
theta_put  is -0.5220665303626904
vega is 7.161778818018843
rho_call is 9.474293459523151
rho_put is -1.4355704970444905
d1 is 30.1135654007055
d2 is 30.113378206037737
T is 0.5222222222222223
t  is 0.4388888888888889
stdev is 0.0006484613509405296
Stock price is 99.78604514642844
Strike price is 95.28604514642844
delta_call is 1.0
delta_put is -1.6096373910189467e-199
gamma is 2.602451595662803e-196
theta_call is -2.0449827589755905
theta_put  is -2.1184960729733284e-199
vega is 1.3978063889923787e-196
rho_call is 7.926289763471284
rho_put is -1.283065548550344e-198
d1 is 1.202750945496183
d2 is 1.1982032330764183
T is 0.7203065134099617
t  is 0.6053639846743295
stdev is 0.013413824503104648
Stock price is 99.80210738668556
Strike price is 95.09907087297967
delta_call is 0.8826872425229438
delta_put is -0.11417722379265109
gamma is 0.42643223391193336
theta_call is 0.22315875756790327
theta_put  is -0.45732067250659814
vega is 6.532652548277982
rho_call is 9.6389730628304
rho_put is -1.2576803317560126
d1 is 30.148145834119866
d2 is 30.147958854168888
T is 0.5222222222222223
t  is 0.4388888888888889
stdev is 0.0006477175501825311
Stock price is 99.78604514642844
Strike price is 95.28604514642844
delta_call is 1.0
delta_put is -5.671824325309144e-200
gamma is 9.191219729676085e-197
theta_call is -2.0449827589755905
theta_put  is -7.464824220744494e-200
vega is 4.9310462636245645e-197
rho_call is 7.926289763471284
rho_put is -4.521094208282078e-199
d1 is 1.1509036604421448
d2 is 1.1463081808314632
T is 0.7203065134099617
t  is 0.6053639846743295
stdev is 0.013554717474519962
Stock price is 99.67496516278216
Strike price is 95.12762399841516
delta_call is 0.87237011450828
delta_put is -0.12449435180731504
gamma is 0.4491220765433989
theta_call is 0.18496532717697445
theta_put  is -0.49143652010569827
vega is 6.934809718555921
rho_call is 9.528345758391037
rho_put is -1.3715793139136399
d1 is 29.99291106937286
d2 is 29.992723121660863
T is 0.5222222222222223
t  is 0.4388888888888889
stdev is 0.0006510699726849849
Stock price is 99.78604514642844
Strike price is 95.28604514642844
delta_call is 1.0
delta_put is -6.0707554400839994e-198
gamma is 9.736750870396239e-195
theta_call is -2.0449827589755905
theta_put  is -7.990099406857337e-198
vega is 5.250757823050432e-195
rho_call is 7.926289763471284
rho_put is -4.839088350545891e-197
d1 is 1.2236841837561236
d2 is 1.2190472811634463
T is 0.7203065134099617
t  is 0.6053639846743295
stdev is 0.013676897718035855
Stock price is 100.03538681775898
Strike price is 95.15238950149964
delta_call is 0.8866753605060629
delta_put is -0.11018910580953213
gamma is 0.40679116422878886
theta_call is 0.23189445337649817
theta_put  is -0.4537993846842525
vega is 6.3837212182844265
rho_call is 9.688051900098392
rho_put is -1.2147108561160955
d1 is 30.968149908119994
d2 is 30.96796787923117
T is 0.5222222222222223
t  is 0.4388888888888889
stdev is 0.0006305665677712811
Stock price is 99.78604514642844
Strike price is 95.28604514642844
delta_call is 1.0
delta_put is -7.238126836481307e-211
gamma is 1.237545305969923e-207
theta_call is -2.0449827589755905
theta_put  is -9.524877390664697e-211
vega is 6.463567850127964e-208
rho_call is 7.926289763471284
rho_put is -5.769615009463953e-210
d1 is 1.2018121930278676
d2 is 1.197121938975186
T is 0.7203065134099617
t  is 0.6053639846743295
stdev is 0.013834261916873323
Stock price is 100.03624307124042
Strike price is 95.18429305516597
delta_call is 0.8825060187884807
delta_put is -0.11435844752711437
gamma is 0.41297061902687454
theta_call is 0.21381167075642438
theta_put  is -0.4712212707280402
vega is 6.555372660800364
rho_call is 9.645314471195277
rho_put is -1.2611038619156634
d1 is 30.71043282252426
d2 is 30.710249266068757
T is 0.5222222222222223
t  is 0.4388888888888889
stdev is 0.0006358582139793762
Stock price is 99.78604514642844
Strike price is 95.28604514642844
delta_call is 1.0
delta_put is -2.0650898007271353e-207
gamma is 3.4723443251720645e-204
theta_call is -2.0449827589755905
theta_put  is -2.7176379136710215e-207
vega is 1.8287878761732464e-204
rho_call is 7.926289763471284
rho_put is -1.6461129453497174e-206
d1 is 1.0738904093799664
d2 is 1.0691485711103883
T is 0.7203065134099617
t  is 0.6053639846743295
stdev is 0.01398641349742882
Stock price is 99.59546148273657
Strike price is 95.2151466563874
delta_call is 0.855872042204194
delta_put is -0.1409924241114011
gamma is 0.47457052723895116
theta_call is 0.1201456416653306
theta_put  is -0.5522122749052278
vega is 7.549074553314841
rho_call is 9.355270332518394
rho_put is -1.5546832717092713
d1 is 30.751432778242517
d2 is 30.751249466518747
T is 0.5222222222222223
t  is 0.4388888888888889
stdev is 0.0006350104383874163
Stock price is 99.78604514642844
Strike price is 95.28604514642844
delta_call is 1.0
delta_put is -5.85011063326758e-208
gamma is 9.862920684363272e-205
theta_call is -2.0449827589755905
theta_put  is -7.698632769360146e-208
vega is 5.187602236714819e-205
rho_call is 7.926289763471284
rho_put is -4.6632077157243984e-207
d1 is 1.1076567689797976
d2 is 1.1028995239410795
T is 0.7203065134099617
t  is 0.6053639846743295
stdev is 0.014031856937631045
Stock price is 99.75869468518145
Strike price is 95.22436307188549
delta_call is 0.8632796054512766
delta_put is -0.1335848608643184
gamma is 0.455181992174544
theta_call is 0.14319431422481532
theta_put  is -0.5334147881736655
vega is 7.288014484486382
rho_call is 9.437637083981251
rho_put is -1.4733725566966294
d1 is 30.39393681151707
d2 is 30.393751343652752
T is 0.5222222222222223
t  is 0.4388888888888889
stdev is 0.0006424795283307103
Stock price is 99.78604514642844
Strike price is 95.28604514642844
delta_call is 1.0
delta_put is -3.3029472313571424e-203
gamma is 5.439977173402453e-200
theta_call is -2.0449827589755905
theta_put  is -4.34689194497971e-203
vega is 2.89492045745837e-200
rho_call is 7.926289763471284
rho_put is -2.632827333155884e-202
d1 is 1.1126116883305688
d2 is 1.107794476686867
T is 0.7203065134099617
t  is 0.6053639846743295
stdev is 0.014208733010929377
Stock price is 99.87445594310297
Strike price is 95.260241141343
delta_call is 0.8643436775315692
delta_put is -0.1325207887840258
gamma is 0.44653171143710446
theta_call is 0.14234435782099064
theta_put  is -0.5366502925629
vega is 7.256446613091625
rho_call is 9.452764141983684
rho_put is -1.4623564840461722
d1 is 30.23264121088247
d2 is 30.232454753513654
T is 0.5222222222222223
t  is 0.4388888888888889
stdev is 0.0006459072724741002
Stock price is 99.78604514642844
Strike price is 95.28604514642844
delta_call is 1.0
delta_put is -4.412116868331817e-201
gamma is 7.189947273533063e-198
theta_call is -2.0449827589755905
theta_put  is -5.806802147480942e-201
vega is 3.846592175474132e-198
rho_call is 7.926289763471284
rho_put is -3.516962830301098e-200
d1 is 1.0584270161928988
d2 is 1.0535688144879602
T is 0.7203065134099617
t  is 0.6053639846743295
stdev is 0.014329636321660628
Stock price is 99.71102805684012
Strike price is 95.28477075789907
delta_call is 0.8523884964525672
delta_put is -0.14447596986302777
gamma is 0.4703577226946662
theta_call is 0.09965643528397461
theta_put  is -0.5743579743470713
vega is 7.683468697767516
rho_call is 9.323474559732395
rho_put is -1.594456721828163
d1 is 29.842537921773378
d2 is 29.8423490270083
T is 0.5222222222222223
t  is 0.4388888888888889
stdev is 0.0006543506607922799
Stock price is 99.78604514642844
Strike price is 95.28604514642844
delta_call is 1.0
delta_put is -5.485730860506145e-196
gamma is 8.710536860625093e-193
theta_call is -2.0449827589755905
theta_put  is -7.220318633343635e-196
vega is 4.721018824059085e-193
rho_call is 7.926289763471284
rho_put is -4.3727569388206885e-195
d1 is 1.040572326132725
d2 is 1.0356490752345764
T is 0.7203065134099617
t  is 0.6053639846743295
stdev is 0.014521503876432819
Stock price is 99.73496285304245
Strike price is 95.32370675880985
delta_call is 0.848294736724418
delta_put is -0.14856972959117692
gamma is 0.47280889613957566
theta_call is 0.08109572998815917
theta_put  is -0.5927359542463319
vega is 7.830681965567187
rho_call is 9.282035566436587
rho_put is -1.6403570847525204
d1 is 29.590836054649067
d2 is 29.590645553120673
T is 0.5222222222222223
t  is 0.4388888888888889
stdev is 0.0006599166521900734
Stock price is 99.78604514642844
Strike price is 95.28604514642844
delta_call is 1.0
delta_put is -9.802051287643465e-193
gamma is 1.5303071973033765e-189
theta_call is -2.0449827589755905
theta_put  is -1.2902089595242812e-192
vega is 8.364653822642691e-190
rho_call is 7.926289763471284
rho_put is -7.813360423060586e-192
d1 is 1.018766318171374
d2 is 1.0138465240322203
T is 0.7203065134099617
t  is 0.6053639846743295
stdev is 0.014511307902231506
Stock price is 99.63665269567194
Strike price is 95.32163740379846
delta_call is 0.8431908708368737
delta_put is -0.15367359547872134
gamma is 0.4843621328896346
theta_call is 0.06508973394984396
theta_put  is -0.6061069311793952
vega is 8.000598728365627
rho_call is 9.225639010160496
rho_put is -1.6965165299390668
d1 is 29.687123451649036
d2 is 29.68693356799842
T is 0.5222222222222223
t  is 0.4388888888888889
stdev is 0.0006577762607888523
Stock price is 99.78604514642844
Strike price is 95.28604514642844
delta_call is 1.0
delta_put is -5.629807438675731e-194
gamma is 8.846546632081235e-191
theta_call is -2.0449827589755905
theta_put  is -7.410174648809183e-194
vega is 4.8198356616475155e-191
rho_call is 7.926289763471284
rho_put is -4.4876028000903e-193
d1 is 0.9828027937856605
d2 is 0.9778140683937904
T is 0.7203065134099617
t  is 0.6053639846743295
stdev is 0.014714625887489109
Stock price is 99.58485196359233
Strike price is 95.36290812905136
delta_call is 0.8345228417491263
delta_put is -0.16234162456646875
gamma is 0.49543236703487464
theta_call is 0.03188672693129968
theta_put  is -0.637013001360931
vega is 8.289487022535523
rho_call is 9.133966856238265
rho_put is -1.7929175711605734
d1 is 29.82084529220848
d2 is 29.820656260034486
T is 0.5222222222222223
t  is 0.4388888888888889
stdev is 0.0006548266592523284
Stock price is 99.78604514642844
Strike price is 95.28604514642844
delta_call is 1.0
delta_put is -1.0485608620957544e-195
gamma is 1.6625440620141262e-192
theta_call is -2.0449827589755905
theta_put  is -1.3801214882930942e-195
vega is 9.017367717750087e-193
rho_call is 7.926289763471284
rho_put is -8.358233285861687e-195
d1 is 1.0519836854829914
d2 is 1.0470076277012297
T is 0.7203065134099617
t  is 0.6053639846743295
stdev is 0.014677261805686124
Stock price is 99.86484427877696
Strike price is 95.35532283893723
delta_call is 0.8509200020874657
delta_put is -0.14594446422812932
gamma is 0.4616382175595878
theta_call is 0.08529576110791082
theta_put  is -0.5913977167233153
vega is 7.747820414210339
rho_call is 9.313903255992505
rho_put is -1.6121120327647835
d1 is 29.415189538197275
d2 is 29.41499789912234
T is 0.5222222222222223
t  is 0.4388888888888889
stdev is 0.0006638572290094884
Stock price is 99.78604514642844
Strike price is 95.28604514642844
delta_call is 1.0
delta_put is -1.7557177528909877e-190
gamma is 2.70863865410767e-187
theta_call is -2.0449827589755905
theta_put  is -2.311068992786684e-190
vega is 1.4893817382906685e-187
rho_call is 7.926289763471284
rho_put is -1.399508761481532e-189
d1 is 1.0394154156326214
d2 is 1.0343656271043986
T is 0.7203065134099617
t  is 0.6053639846743295
stdev is 0.014894736263660389
Stock price is 99.92302012069182
Strike price is 95.39947806513001
delta_call is 0.8480268308363533
delta_put is -0.14883763547924167
gamma is 0.4606476177632136
theta_call is 0.06967530405223998
theta_put  is -0.6076567367591925
vega is 7.8548924305180945
rho_call is 9.286137781306266
rho_put is -1.644936906990529
d1 is 29.244607877766285
d2 is 29.244415120867284
T is 0.5222222222222223
t  is 0.4388888888888889
stdev is 0.0006677294851575862
Stock price is 99.78604514642844
Strike price is 95.28604514642844
delta_call is 1.0
delta_put is -2.6291298146542845e-188
gamma is 4.009244355502154e-185
theta_call is -2.0449827589755905
theta_put  is -3.4608692479239465e-188
vega is 2.217396431401737e-185
rho_call is 7.926289763471284
rho_put is -2.0957186790407729e-187
d1 is 0.9875284852008587
d2 is 0.9824515117469739
T is 0.7203065134099617
t  is 0.6053639846743295
stdev is 0.014974920274499698
Stock price is 99.73568842799885
Strike price is 95.41576180396513
delta_call is 0.8356796436232368
delta_put is -0.16118482269235831
gamma is 0.4838267518418529
theta_call is 0.027501126954881716
theta_put  is -0.6443760340844576
vega is 8.263481651145504
rho_call is 9.151541073338855
rho_put is -1.7813994403169622
d1 is 28.798309368242304
d2 is 28.79811362409513
T is 0.5222222222222223
t  is 0.4388888888888889
stdev is 0.0006780776163728714
Stock price is 99.78604514642844
Strike price is 95.28604514642844
delta_call is 1.0
delta_put is -1.1260526795514859e-182
gamma is 1.6652034740384418e-179
theta_call is -2.0449827589755905
theta_put  is -1.4824233477060767e-182
vega is 9.352484142303658e-180
rho_call is 7.926289763471284
rho_put is -8.975936085497087e-182
d1 is 0.9907350114179123
d2 is 0.9855771107896831
T is 0.7203065134099617
t  is 0.6053639846743295
stdev is 0.015213621145176916
Stock price is 99.86978346417315
Strike price is 95.46424814756884
delta_call is 0.8364615020191734
delta_put is -0.16040296429642162
gamma is 0.47409004857473663
theta_call is 0.022674501011005876
theta_put  is -0.6518174783208119
vega is 8.248389178967734
rho_call is 9.164596565902068
rho_put is -1.7738996159192768
d1 is 28.378020591504495
d2 is 28.377821948295367
T is 0.5222222222222223
t  is 0.4388888888888889
stdev is 0.0006881202615723786
Stock price is 99.78604514642844
Strike price is 95.28604514642844
delta_call is 1.0
delta_put is -1.8884261077576831e-177
gamma is 2.7117790202629345e-174
theta_call is -2.0449827589755905
theta_put  is -2.486298698472187e-177
vega is 1.5456063954140226e-174
rho_call is 7.926289763471284
rho_put is -1.5052932935155872e-176
d1 is 0.9012303748724484
d2 is 0.8960214826051441
T is 0.7203065134099617
t  is 0.6053639846743295
stdev is 0.01536402487226991
Stock price is 99.54087242423195
Strike price is 95.49480755346995
delta_call is 0.8137076450619163
delta_put is -0.18315682125367877
gamma is 0.5126166915852832
theta_call is -0.052446165805527745
theta_put  is -0.717318412777781
vega is 8.94763215191933
rho_call is 8.91640806469572
rho_put is -2.025589678718102
d1 is 27.9329783555586
d2 is 27.932776547443442
T is 0.5222222222222223
t  is 0.4388888888888889
stdev is 0.0006990838176635673
Stock price is 99.78604514642844
Strike price is 95.28604514642844
delta_call is 1.0
delta_put is -5.306709627661193e-172
gamma is 7.383581618513876e-169
theta_call is -2.0449827589755905
theta_put  is -6.987514197991871e-172
vega is 4.2753984263446896e-169
rho_call is 7.926289763471284
rho_put is -4.230060242941689e-171
d1 is 0.8985720583540657
d2 is 0.8932856146252046
T is 0.7203065134099617
t  is 0.6053639846743295
stdev is 0.015592768820713494
Stock price is 99.63737066573803
Strike price is 95.54129692620147
delta_call is 0.8130024614828252
delta_put is -0.18386200483276985
gamma is 0.5058160644460699
theta_call is -0.062480577344240285
theta_put  is -0.7289857872835173
vega is 8.97775740797936
rho_call is 8.912741112152876
rho_put is -2.0345834822652384
d1 is 27.627595511218466
d2 is 27.62739147239203
T is 0.5222222222222223
t  is 0.4388888888888889
stdev is 0.0007068112282033857
Stock price is 99.78604514642844
Strike price is 95.28604514642844
delta_call is 1.0
delta_put is -2.5940471149904184e-168
gamma is 3.530884912478064e-165
theta_call is -2.0449827589755905
theta_put  is -3.4159123098931713e-168
vega is 2.0671275064519838e-165
rho_call is 7.926289763471284
rho_put is -2.067755368689907e-167
d1 is 0.9290159796529347
d2 is 0.9236704439020708
T is 0.7203065134099617
t  is 0.6053639846743295
stdev is 0.015767065244830958
Stock price is 99.86139359797632
Strike price is 95.57673072489209
delta_call is 0.820977298612936
delta_put is -0.17588716770265905
gamma is 0.4854089568146366
theta_call is -0.044052050107036056
theta_put  is -0.7159029609519632
vega is 8.751074605313446
rho_call is 9.00391130002638
rho_put is -1.947473374256247
d1 is 27.307705186894573
d2 is 27.30749875788059
T is 0.5222222222222223
t  is 0.4388888888888889
stdev is 0.000715091080749943
Stock price is 99.78604514642844
Strike price is 95.28604514642844
delta_call is 1.0
delta_put is -1.7179470300505048e-164
gamma is 2.284614807170388e-161
theta_call is -2.0449827589755905
theta_put  is -2.2624173619001372e-164
vega is 1.3531770150002513e-161
rho_call is 7.926289763471284
rho_put is -1.3694025790781735e-163
d1 is 0.9394127389753704
d2 is 0.9340196789147788
T is 0.7203065134099617
t  is 0.6053639846743295
stdev is 0.015907241819661452
Stock price is 99.97808876046362
Strike price is 95.605234496123
delta_call is 0.8236498573802927
delta_put is -0.17321460893530224
gamma is 0.4759248078442004
theta_call is -0.04031341207057704
theta_put  is -0.7147334801452232
vega is 8.676616010424793
rho_call is 9.035977904295871
rho_put is -1.9186727925955043
d1 is 27.20467939665966
d2 is 27.20447218588039
T is 0.5222222222222223
t  is 0.4388888888888889
stdev is 0.0007177991951409246
Stock price is 99.78604514642844
Strike price is 95.28604514642844
delta_call is 1.0
delta_put is -2.8588099807057764e-163
gamma is 3.773198895506678e-160
theta_call is -2.0449827589755905
theta_put  is -3.7649523517698697e-163
vega is 2.2433287878718296e-160
rho_call is 7.926289763471284
rho_put is -2.278802498314411e-162
d1 is 0.8803709618356501
d2 is 0.8749065497200669
T is 0.7203065134099617
t  is 0.6053639846743295
stdev is 0.016117700145793588
Stock price is 99.80034071044379
Strike price is 95.64804022022483
delta_call is 0.8081289233896176
delta_put is -0.18873554292597738
gamma is 0.4965168244832111
theta_call is -0.09566441893757593
theta_put  is -0.7643219899856757
vega is 9.139208383724698
rho_call is 8.868336632413518
rho_put is -2.091218835203376
d1 is 26.810070697682637
d2 is 26.809860437011647
T is 0.5222222222222223
t  is 0.4388888888888889
stdev is 0.0007283643299753836
Stock price is 99.78604514642844
Strike price is 95.28604514642844
delta_call is 1.0
delta_put is -1.232934034550601e-158
gamma is 1.5804842720962948e-155
theta_call is -2.0449827589755905
theta_put  is -1.623896254277586e-158
vega is 9.534965177270324e-156
rho_call is 7.926289763471284
rho_put is -9.827913741424628e-158
d1 is 0.9728149665196544
d2 is 0.9675361839605964
T is 0.7203065134099617
t  is 0.6053639846743295
stdev is 0.0155701716162859
Stock price is 99.96691891023092
Strike price is 95.53670364738653
delta_call is 0.8320602045703016
delta_put is -0.16480426174529347
gamma is 0.4709974733955637
theta_call is -0.0025432149712472096
theta_put  is -0.6781286302033561
vega is 8.402955846294091
rho_call is 9.122645375891995
rho_put is -1.824152910889972
d1 is 26.31567656282043
d2 is 26.315462351938216
T is 0.5222222222222223
t  is 0.4388888888888889
stdev is 0.0007420482630539502
Stock price is 99.78604514642844
Strike price is 95.28604514642844
delta_call is 1.0
delta_put is -6.34432397231307e-153
gamma is 7.835947929239958e-150
theta_call is -2.0449827589755905
theta_put  is -8.357223931851511e-153
vega is 4.8161938424198816e-150
rho_call is 7.926289763471284
rho_put is -5.057163274162774e-152
d1 is 1.1186584341672783
d2 is 1.113866857845768
T is 0.7203065134099617
t  is 0.6053639846743295
stdev is 0.014133119673669703
Stock price is 99.85887328104373
Strike price is 95.24490239480771
delta_call is 0.8656342950933562
delta_put is -0.13123017122223882
gamma is 0.44597206403858036
theta_call is 0.1485698032935936
theta_put  is -0.5303291175136741
vega is 7.206535087903317
rho_call is 9.465507338584304
rho_put is -1.4478557413100526
d1 is 28.180132087628465
d2 is 28.179932049483167
T is 0.5222222222222223
t  is 0.4388888888888889
stdev is 0.0006929524622121786
Stock price is 99.78604514642844
Strike price is 95.28604514642844
delta_call is 1.0
delta_put is -5.122578845697299e-175
gamma is 7.253912860054392e-172
theta_call is -2.0449827589755905
theta_put  is -6.744679211844778e-175
vega is 4.1634757578345324e-172
rho_call is 7.926289763471284
rho_put is -4.083286238855336e-174
d1 is 1.0940181708445091
d2 is 1.0891584042042164
T is 0.7203065134099617
t  is 0.6053639846743295
stdev is 0.014334252217799388
Stock price is 99.86359948621833
Strike price is 95.28570734380469
delta_call is 0.8603204469068074
delta_put is -0.1365440194087876
gamma is 0.4518446723743639
theta_call is 0.1256509768909524
theta_put  is -0.5525016135511512
vega is 7.406041309193313
rho_call is 9.41089050411934
rho_put is -1.5071480934422459
d1 is 27.58791648945503
d2 is 27.587712157162397
T is 0.5222222222222223
t  is 0.4388888888888889
stdev is 0.0007078278249330304
Stock price is 99.78604514642844
Strike price is 95.28604514642844
delta_call is 1.0
delta_put is -7.768689550927021e-168
gamma is 1.0544032092402452e-164
theta_call is -2.0449827589755905
theta_put  is -1.0230121372697164e-167
vega is 6.181795212185326e-165
rho_call is 7.926289763471284
rho_put is -6.192543602436346e-167
d1 is 1.0747620988173776
d2 is 1.0698473928280194
T is 0.7203065134099617
t  is 0.6053639846743295
stdev is 0.014496300016485286
Stock price is 99.86782139771049
Strike price is 95.31859148756453
delta_call is 0.8560667044088283
delta_put is -0.14079776190676674
gamma is 0.4562020401259336
theta_call is 0.10722731220065773
theta_put  is -0.5703350805546095
vega is 7.562633156746277
rho_call is 9.36715287158706
rho_put is -1.5546536609652624
d1 is 27.162979247207083
d2 is 27.16277171831888
T is 0.5222222222222223
t  is 0.4388888888888889
stdev is 0.000718901156820294
Stock price is 99.78604514642844
Strike price is 95.28604514642844
delta_call is 1.0
delta_put is -8.895140132125783e-163
gamma is 1.1704330280516694e-159
theta_call is -2.0449827589755905
theta_put  is -1.1714710861322226e-162
vega is 6.969410010452269e-160
rho_call is 7.926289763471284
rho_put is -7.090456576204191e-162
d1 is 0.993999136317461
d2 is 0.9889948330290561
T is 0.7203065134099617
t  is 0.6053639846743295
stdev is 0.014760574080988586
Stock price is 99.65635925958581
Strike price is 95.37223663762907
delta_call is 0.8372548578031843
delta_put is -0.1596096085124107
gamma is 0.4881041585470396
theta_call is 0.038992026088735976
theta_put  is -0.6316565344388295
vega is 8.204144132924405
rho_call is 9.164915621521565
rho_put is -1.7630376861904717
d1 is 26.559869497364414
d2 is 26.559657255964915
T is 0.5222222222222223
t  is 0.4388888888888889
stdev is 0.0007352257748004129
Stock price is 99.78604514642844
Strike price is 95.28604514642844
delta_call is 1.0
delta_put is -9.87679544553508e-156
gamma is 1.2426066606794461e-152
theta_call is -2.0449827589755905
theta_put  is -1.3009588871838683e-155
vega is 7.567190457067765e-153
rho_call is 7.926289763471284
rho_put is -7.872952265942787e-155
d1 is 0.9943765077181103
d2 is 0.989282947541747
T is 0.7203065134099617
t  is 0.6053639846743295
stdev is 0.015023844077034125
Stock price is 99.79049487591296
Strike price is 95.42569814920707
delta_call is 0.8373464133762983
delta_put is -0.15951805293929672
gamma is 0.47872663581503067
theta_call is 0.031290585132418336
theta_put  is -0.6418671975857094
vega is 8.212105179534662
rho_call is 9.170823624197574
rho_put is -1.7632554169866048
d1 is 26.170425916713956
d2 is 26.170210516912444
T is 0.5222222222222223
t  is 0.4388888888888889
stdev is 0.0007461668003172561
Stock price is 99.78604514642844
Strike price is 95.28604514642844
delta_call is 1.0
delta_put is -2.885590020079057e-151
gamma is 3.5248466608665815e-148
theta_call is -2.0449827589755905
theta_put  is -3.801272940560838e-151
vega is 2.1784942328350258e-148
rho_call is 7.926289763471284
rho_put is -2.3001506940970116e-150
d1 is 1.0773540642544053
d2 is 1.0723841003764512
T is 0.7203065134099617
t  is 0.6053639846743295
stdev is 0.014659287371802035
Stock price is 99.96507955582814
Strike price is 95.35167398983441
delta_call is 0.8566444550024988
delta_put is -0.14022001131309625
gamma is 0.449435630968147
theta_call is 0.10482101131583077
theta_put  is -0.5746825918600661
vega is 7.548914063558758
rho_call is 9.376634057055487
rho_put is -1.5489631388266811
d1 is 25.611411060594783
d2 is 25.611190959267358
T is 0.5222222222222223
t  is 0.4388888888888889
stdev is 0.000762453363831534
Stock price is 99.78604514642844
Strike price is 95.28604514642844
delta_call is 1.0
delta_put is -5.692530884920398e-145
gamma is 6.66015178161573e-142
theta_call is -2.0449827589755905
theta_put  is -7.500166703001573e-145
vega is 4.206081419465091e-142
rho_call is 7.926289763471284
rho_put is -4.5376105069888053e-144
d1 is 1.0263862115516666
d2 is 1.02128945701968
T is 0.7203065134099617
t  is 0.6053639846743295
stdev is 0.01503326607248572
Stock price is 99.93698632997788
Strike price is 95.4276118211373
delta_call is 0.8449873925004655
delta_put is -0.15187707381512947
gamma is 0.4625218853799646
theta_call is 0.055711567430005715
theta_put  is -0.6213977335271627
vega is 7.962429864503332
rho_call is 9.255242116765052
rho_put is -1.6790561970107858
d1 is 25.038815981650824
d2 is 25.038590846936135
T is 0.5222222222222223
t  is 0.4388888888888889
stdev is 0.0007798895287835302
Stock price is 99.78604514642844
Strike price is 95.28604514642844
delta_call is 1.0
delta_put is -1.155618185426627e-138
gamma is 1.2923613692226871e-135
theta_call is -2.0449827589755905
theta_put  is -1.5228518945925273e-138
vega is 8.348286038590648e-136
rho_call is 7.926289763471284
rho_put is -9.211627302658824e-138
d1 is 1.2319494353106824
d2 is 1.227591671455892
T is 0.7203065134099617
t  is 0.6053639846743295
stdev is 0.01285355672889096
Stock price is 99.59599782730606
Strike price is 94.98558500313621
delta_call is 0.8882222027017527
delta_put is -0.10864226361384223
gamma is 0.43036827231894803
theta_call is 0.25336718245193346
theta_put  is -0.4239287454473978
vega is 6.291509118231324
rho_call is 9.688623601713942
rho_put is -1.1950263410246709
d1 is 25.011643458508207
d2 is 25.011418079206095
T is 0.5222222222222223
t  is 0.4388888888888889
stdev is 0.0007807368044597365
Stock price is 99.78604514642844
Strike price is 95.28604514642844
delta_call is 1.0
delta_put is -2.2835161475553426e-138
gamma is 2.548191476087873e-135
theta_call is -2.0449827589755905
theta_put  is -3.0092010928928897e-138
vega is 1.6478473399610488e-135
rho_call is 7.926289763471284
rho_put is -1.8202292387517749e-137
d1 is 1.3311700433971154
d2 is 1.3268871458243654
T is 0.7203065134099617
t  is 0.6053639846743295
stdev is 0.012632732922151555
Stock price is 99.8379835843187
Strike price is 94.94088074388237
delta_call is 0.9055850432871441
delta_put is -0.09127942302845098
gamma is 0.3846703335903786
theta_call is 0.3183881347689579
theta_put  is -0.3664617785766965
vega is 5.553734338759875
rho_call is 9.874733160570244
rho_put is -1.0037944732553694
d1 is 24.40456399202562
d2 is 24.404333006213765
T is 0.5222222222222223
t  is 0.4388888888888889
stdev is 0.0008001583239149327
Stock price is 99.78604514642844
Strike price is 95.28604514642844
delta_call is 1.0
delta_put is -7.648271849038903e-132
gamma is 8.12612543569554e-129
theta_call is -2.0449827589755905
theta_put  is -1.0080897432490609e-131
vega is 5.385669679508319e-129
rho_call is 7.926289763471284
rho_put is -6.096569248440272e-131
d1 is 1.2523806602701224
d2 is 1.2480295776893386
T is 0.7203065134099617
t  is 0.6053639846743295
stdev is 0.012833849801823416
Stock price is 99.66175759061105
Strike price is 94.98159489624942
delta_call is 0.8919787783611594
delta_put is -0.1048856879544357
gamma is 0.4199504187866672
theta_call is 0.266670719995866
theta_put  is -0.4125030371033428
vega is 6.137896286207557
rho_call is 9.729464256487182
rho_put is -1.1537284913350827
d1 is 24.657382993614032
d2 is 24.657154376185986
T is 0.5222222222222223
t  is 0.4388888888888889
stdev is 0.0007919540017456356
Stock price is 99.78604514642844
Strike price is 95.28604514642844
delta_call is 1.0
delta_put is -1.533390732301451e-134
gamma is 1.6630686742944152e-131
theta_call is -2.0449827589755905
theta_put  is -2.0209285535073038e-134
vega is 1.0909137224791433e-131
rho_call is 7.926289763471284
rho_put is -1.2222919341243297e-133
d1 is 1.5696213331747144
d2 is 1.5657663184262465
T is 0.7203065134099617
t  is 0.6053639846743295
stdev is 0.011370659909823973
Stock price is 99.87445120762418
Strike price is 94.68565428420915
delta_call is 0.9387955000047027
delta_put is -0.0580689663108924
gamma is 0.30230236281814177
theta_call is 0.45750650413605953
theta_put  is -0.23381114324986546
vega is 3.9313663377525243
rho_call is 10.212412231728031
rho_put is -0.6368710126134696
d1 is 24.275898505573057
d2 is 24.27566629549404
T is 0.5222222222222223
t  is 0.4388888888888889
stdev is 0.00080439930977033
Stock price is 99.78604514642844
Strike price is 95.28604514642844
delta_call is 1.0
delta_put is -1.7617817734759267e-130
gamma is 1.8522026545546947e-127
theta_call is -2.0449827589755905
theta_put  is -2.322242975175884e-130
vega is 1.2340718771244838e-127
rho_call is 7.926289763471284
rho_put is -1.4043467423662716e-129
d1 is 1.4276971641227867
d2 is 1.4237032694596083
T is 0.7203065134099617
t  is 0.6053639846743295
stdev is 0.011780296806571246
Stock price is 99.65838887768834
Strike price is 94.76844366864717
delta_call is 0.9204154075001745
delta_put is -0.07644905881542051
gamma is 0.36172973374523404
theta_call is 0.3837277027509516
theta_put  is -0.29992568173354495
vega is 4.852612986190305
rho_call is 10.019753648549596
rho_put is -0.8390157791866629
d1 is 24.46171089695912
d2 is 24.46148045077627
T is 0.5222222222222223
t  is 0.4388888888888889
stdev is 0.0007982889942042922
Stock price is 99.78604514642844
Strike price is 95.28604514642844
delta_call is 1.0
delta_put is -1.8886653160206547e-132
gamma is 2.016059742574958e-129
theta_call is -2.0449827589755905
theta_put  is -2.489328717501498e-132
vega is 1.3330419089535834e-129
rho_call is 7.926289763471284
rho_put is -1.505487593572269e-131
d1 is 1.4111021804962263
d2 is 1.4070007890449037
T is 0.7203065134099617
t  is 0.6053639846743295
stdev is 0.01209736677883857
Stock price is 99.79956475369656
Strike price is 94.83255829857222
delta_call is 0.9180052661585506
delta_put is -0.07885920015704441
gamma is 0.3601343751934868
theta_call is 0.3712631832390709
theta_put  is -0.31486282592051423
vega is 4.975310744267039
rho_call is 9.99993885380441
rho_put is -0.8661769643161338
d1 is 23.528440907607344
d2 is 23.528201320544497
T is 0.5222222222222223
t  is 0.4388888888888889
stdev is 0.0008299539313683348
Stock price is 99.78604514642844
Strike price is 95.28604514642844
delta_call is 1.0
delta_put is -1.0435921860570135e-122
gamma is 1.030741834841434e-119
theta_call is -2.0449827589755905
theta_put  is -1.3759638030369534e-122
vega is 7.085722721080501e-120
rho_call is 7.926289763471284
rho_put is -8.318659027595577e-122
d1 is 1.3592363168117945
d2 is 1.3549581810915632
T is 0.7203065134099617
t  is 0.6053639846743295
stdev is 0.01261868747510055
Stock price is 99.93384462775546
Strike price is 94.93803781855921
delta_call is 0.9101015118622345
delta_put is -0.08676295445336042
gamma is 0.3704744915436532
theta_call is 0.33522960656372947
theta_put  is -0.35229392970525425
vega is 5.3530977951627925
rho_call is 9.924015614577938
rho_put is -0.9541862708298529
d1 is 23.32211891511543
d2 is 23.321877208494303
T is 0.5222222222222223
t  is 0.4388888888888889
stdev is 0.0008372962966283988
Stock price is 99.78604514642844
Strike price is 95.28604514642844
delta_call is 1.0
delta_put is -1.3223691438816905e-120
gamma is 1.2833209364484693e-117
theta_call is -2.0449827589755905
theta_put  is -1.7436697887960025e-120
vega is 8.900096462431121e-118
rho_call is 7.926289763471284
rho_put is -1.0540841662025716e-119
d1 is 1.2084785514583167
d2 is 1.2039942546861508
T is 0.7203065134099617
t  is 0.6053639846743295
stdev is 0.013226775215654647
Stock price is 99.71868532288168
Strike price is 95.06117269376628
delta_call is 0.883788514441939
delta_put is -0.113075951873656
gamma is 0.4298460225628175
theta_call is 0.23079123792881573
theta_put  is -0.44822735993853974
vega is 6.482275199757449
rho_call is 9.647364463234714
rho_put is -1.2449464775360806
d1 is 22.717501608422317
d2 is 22.717253468805858
T is 0.5222222222222223
t  is 0.4388888888888889
stdev is 0.0008595808461576155
Stock price is 99.78604514642844
Strike price is 95.28604514642844
delta_call is 1.0
delta_put is -1.5041958139533743e-114
gamma is 1.3852068057577676e-111
theta_call is -2.0449827589755905
theta_put  is -1.9839240752113048e-114
vega is 9.862377233109762e-112
rho_call is 7.926289763471284
rho_put is -1.199022131927129e-113
