observation_date,Yield Rate,Tenures,Coupon Rate,Coupon Payment Frequency
1/2/1962,4.06,10,4,2
1/3/1962,4.03,10,4,2
1/4/1962,3.99,10,4,2
1/5/1962,4.02,10,4,2
1/8/1962,4.03,10,4,2
1/9/1962,4.05,10,4,2
1/10/1962,4.07,10,4,2
1/11/1962,4.08,10,4,2
1/12/1962,4.08,10,4,2
1/15/1962,4.1,10,4,2
1/16/1962,4.13,10,4,2
1/17/1962,4.12,10,4,2
1/18/1962,4.11,10,4,2
1/19/1962,4.11,10,4,2
1/22/1962,4.09,10,4,2
1/23/1962,4.11,10,4,2
1/24/1962,4.1,10,4,2
1/25/1962,4.11,10,4,2
1/26/1962,4.11,10,4,2
1/29/1962,4.12,10,4,2
1/30/1962,4.11,10,4,2
1/31/1962,4.1,10,4,2
2/1/1962,4.09,10,4,2
2/2/1962,4.08,10,4,2
2/5/1962,4.07,10,4,2
2/6/1962,4.06,10,4,2
2/7/1962,4.07,10,4,2
2/8/1962,4.07,10,4,2
2/9/1962,4.05,10,4,2
2/12/1962,,10,4,2
2/13/1962,4.03,10,4,2
2/14/1962,4.03,10,4,2
2/15/1962,4.02,10,4,2
2/16/1962,4.02,10,4,2
2/19/1962,4.01,10,4,2
2/20/1962,4.05,10,4,2
2/21/1962,4.03,10,4,2
2/22/1962,,10,4,2
2/23/1962,4.02,10,4,2
2/26/1962,4,10,4,2
2/27/1962,4.01,10,4,2
2/28/1962,4,10,4,2
3/1/1962,3.98,10,4,2
3/2/1962,3.98,10,4,2
3/5/1962,4,10,4,2
3/6/1962,4.01,10,4,2
3/7/1962,4,10,4,2
3/8/1962,3.98,10,4,2
3/9/1962,3.96,10,4,2
3/12/1962,3.94,10,4,2
3/13/1962,3.92,10,4,2
3/14/1962,3.93,10,4,2
3/15/1962,3.96,10,4,2
3/16/1962,3.96,10,4,2
3/19/1962,3.93,10,4,2
3/20/1962,3.91,10,4,2
3/21/1962,3.86,10,4,2
3/22/1962,3.83,10,4,2
3/23/1962,3.87,10,4,2
3/26/1962,3.89,10,4,2
3/27/1962,3.9,10,4,2
3/28/1962,3.9,10,4,2
3/29/1962,3.9,10,4,2
3/30/1962,3.86,10,4,2
4/2/1962,3.86,10,4,2
4/3/1962,3.83,10,4,2
4/4/1962,3.78,10,4,2
4/5/1962,3.84,10,4,2
4/6/1962,3.81,10,4,2
4/9/1962,3.83,10,4,2
4/10/1962,3.83,10,4,2
4/11/1962,3.87,10,4,2
4/12/1962,3.86,10,4,2
4/13/1962,3.85,10,4,2
4/16/1962,3.83,10,4,2
4/17/1962,3.82,10,4,2
4/18/1962,3.81,10,4,2
4/19/1962,3.82,10,4,2
4/20/1962,,10,4,2
4/23/1962,3.86,10,4,2
4/24/1962,3.87,10,4,2
4/25/1962,3.88,10,4,2
4/26/1962,3.89,10,4,2
4/27/1962,3.86,10,4,2
4/30/1962,3.86,10,4,2
5/1/1962,3.85,10,4,2
5/2/1962,3.86,10,4,2
5/3/1962,3.86,10,4,2
5/4/1962,3.87,10,4,2
5/7/1962,3.86,10,4,2
5/8/1962,3.85,10,4,2
5/9/1962,3.82,10,4,2
5/10/1962,3.83,10,4,2
5/11/1962,3.82,10,4,2
5/14/1962,3.85,10,4,2
5/15/1962,3.87,10,4,2
5/16/1962,3.86,10,4,2
5/17/1962,3.87,10,4,2
5/18/1962,3.93,10,4,2
5/21/1962,3.94,10,4,2
5/22/1962,3.93,10,4,2
5/23/1962,3.91,10,4,2
5/24/1962,3.9,10,4,2
5/25/1962,3.88,10,4,2
5/28/1962,3.87,10,4,2
5/29/1962,3.89,10,4,2
5/30/1962,,10,4,2
5/31/1962,3.9,10,4,2
6/1/1962,3.89,10,4,2
6/4/1962,3.88,10,4,2
6/5/1962,3.89,10,4,2
6/6/1962,3.89,10,4,2
6/7/1962,3.87,10,4,2
6/8/1962,3.86,10,4,2
6/11/1962,3.87,10,4,2
6/12/1962,3.86,10,4,2
6/13/1962,3.87,10,4,2
6/14/1962,3.9,10,4,2
6/15/1962,3.89,10,4,2
6/18/1962,3.91,10,4,2
6/19/1962,3.93,10,4,2
6/20/1962,3.92,10,4,2
6/21/1962,3.9,10,4,2
6/22/1962,3.9,10,4,2
6/25/1962,3.95,10,4,2
6/26/1962,3.97,10,4,2
6/27/1962,3.96,10,4,2
6/28/1962,3.98,10,4,2
6/29/1962,4,10,4,2
7/2/1962,4,10,4,2
7/3/1962,4,10,4,2
7/4/1962,,10,4,2
7/5/1962,4,10,4,2
7/6/1962,4.02,10,4,2
7/9/1962,4.05,10,4,2
7/10/1962,4.02,10,4,2
7/11/1962,3.99,10,4,2
7/12/1962,4,10,4,2
7/13/1962,4,10,4,2
7/16/1962,4.01,10,4,2
7/17/1962,4.03,10,4,2
7/18/1962,4.02,10,4,2
7/19/1962,4.02,10,4,2
7/20/1962,4.01,10,4,2
7/23/1962,4,10,4,2
7/24/1962,4.01,10,4,2
7/25/1962,4.02,10,4,2
7/26/1962,4.01,10,4,2
7/27/1962,4.02,10,4,2
7/30/1962,4.03,10,4,2
7/31/1962,4.04,10,4,2
8/1/1962,4.03,10,4,2
8/2/1962,4,10,4,2
8/3/1962,4.01,10,4,2
8/6/1962,4.01,10,4,2
8/7/1962,4.02,10,4,2
8/8/1962,4.01,10,4,2
8/9/1962,3.99,10,4,2
8/10/1962,3.99,10,4,2
8/13/1962,3.99,10,4,2
8/14/1962,3.98,10,4,2
8/15/1962,3.98,10,4,2
8/16/1962,3.96,10,4,2
8/17/1962,3.96,10,4,2
8/20/1962,3.94,10,4,2
8/21/1962,3.94,10,4,2
8/22/1962,3.95,10,4,2
8/23/1962,3.95,10,4,2
8/24/1962,3.95,10,4,2
8/27/1962,3.95,10,4,2
8/28/1962,3.96,10,4,2
8/29/1962,3.96,10,4,2
8/30/1962,3.95,10,4,2
8/31/1962,3.96,10,4,2
9/3/1962,,10,4,2
9/4/1962,3.96,10,4,2
9/5/1962,3.97,10,4,2
9/6/1962,3.99,10,4,2
9/7/1962,4.01,10,4,2
9/10/1962,4,10,4,2
9/11/1962,4,10,4,2
9/12/1962,4,10,4,2
9/13/1962,3.99,10,4,2
9/14/1962,3.99,10,4,2
9/17/1962,3.99,10,4,2
9/18/1962,3.98,10,4,2
9/19/1962,3.99,10,4,2
9/20/1962,3.98,10,4,2
9/21/1962,3.98,10,4,2
9/24/1962,3.97,10,4,2
9/25/1962,3.96,10,4,2
9/26/1962,3.95,10,4,2
9/27/1962,3.95,10,4,2
9/28/1962,3.94,10,4,2
10/1/1962,3.93,10,4,2
10/2/1962,3.92,10,4,2
10/3/1962,3.9,10,4,2
10/4/1962,3.9,10,4,2
10/5/1962,3.92,10,4,2
10/8/1962,3.93,10,4,2
10/9/1962,3.95,10,4,2
10/10/1962,3.93,10,4,2
10/11/1962,3.94,10,4,2
10/12/1962,,10,4,2
10/15/1962,3.94,10,4,2
10/16/1962,3.94,10,4,2
10/17/1962,3.94,10,4,2
10/18/1962,3.92,10,4,2
10/19/1962,3.88,10,4,2
10/22/1962,3.91,10,4,2
10/23/1962,3.94,10,4,2
10/24/1962,3.94,10,4,2
10/25/1962,3.94,10,4,2
10/26/1962,3.93,10,4,2
10/29/1962,3.92,10,4,2
10/30/1962,3.92,10,4,2
10/31/1962,3.92,10,4,2
11/1/1962,3.92,10,4,2
11/2/1962,3.91,10,4,2
11/5/1962,3.91,10,4,2
11/6/1962,,10,4,2
11/7/1962,3.91,10,4,2
11/8/1962,3.9,10,4,2
11/9/1962,3.89,10,4,2
11/12/1962,,10,4,2
11/13/1962,3.9,10,4,2
11/14/1962,3.91,10,4,2
11/15/1962,3.91,10,4,2
11/16/1962,3.93,10,4,2
11/19/1962,3.93,10,4,2
11/20/1962,3.93,10,4,2
11/21/1962,3.92,10,4,2
11/22/1962,,10,4,2
11/23/1962,3.92,10,4,2
11/26/1962,3.93,10,4,2
11/27/1962,3.92,10,4,2
11/28/1962,3.92,10,4,2
11/29/1962,3.92,10,4,2
11/30/1962,3.92,10,4,2
12/3/1962,3.93,10,4,2
12/4/1962,3.94,10,4,2
12/5/1962,3.93,10,4,2
12/6/1962,3.92,10,4,2
12/7/1962,3.91,10,4,2
12/10/1962,3.9,10,4,2
12/11/1962,3.89,10,4,2
12/12/1962,3.88,10,4,2
12/13/1962,3.88,10,4,2
12/14/1962,3.87,10,4,2
12/17/1962,3.85,10,4,2
12/18/1962,3.83,10,4,2
12/19/1962,3.84,10,4,2
12/20/1962,3.83,10,4,2
12/21/1962,3.81,10,4,2
12/24/1962,3.79,10,4,2
12/25/1962,,10,4,2
12/26/1962,3.79,10,4,2
12/27/1962,3.81,10,4,2
12/28/1962,3.84,10,4,2
12/31/1962,3.85,10,4,2
1/1/1963,,10,4,2
1/2/1963,3.82,10,4,2
1/3/1963,3.81,10,4,2
1/4/1963,3.84,10,4,2
1/7/1963,3.83,10,4,2
1/8/1963,3.81,10,4,2
1/9/1963,3.82,10,4,2
1/10/1963,3.81,10,4,2
1/11/1963,3.8,10,4,2
1/14/1963,3.81,10,4,2
1/15/1963,3.8,10,4,2
1/16/1963,3.8,10,4,2
1/17/1963,3.82,10,4,2
1/18/1963,3.84,10,4,2
1/21/1963,3.85,10,4,2
1/22/1963,3.86,10,4,2
1/23/1963,3.86,10,4,2
1/24/1963,3.86,10,4,2
1/25/1963,3.85,10,4,2
1/28/1963,3.86,10,4,2
1/29/1963,3.86,10,4,2
1/30/1963,3.86,10,4,2
1/31/1963,3.87,10,4,2
2/1/1963,3.88,10,4,2
2/4/1963,3.89,10,4,2
2/5/1963,3.9,10,4,2
2/6/1963,3.91,10,4,2
2/7/1963,3.91,10,4,2
2/8/1963,3.91,10,4,2
2/11/1963,3.92,10,4,2
2/12/1963,,10,4,2
2/13/1963,3.92,10,4,2
2/14/1963,3.91,10,4,2
2/15/1963,3.91,10,4,2
2/18/1963,3.91,10,4,2
2/19/1963,3.93,10,4,2
2/20/1963,3.94,10,4,2
2/21/1963,3.95,10,4,2
2/22/1963,,10,4,2
2/25/1963,3.95,10,4,2
2/26/1963,3.95,10,4,2
2/27/1963,3.95,10,4,2
2/28/1963,3.94,10,4,2
3/1/1963,3.93,10,4,2
3/4/1963,3.92,10,4,2
3/5/1963,3.92,10,4,2
3/6/1963,3.91,10,4,2
3/7/1963,3.92,10,4,2
3/8/1963,3.92,10,4,2
3/11/1963,3.92,10,4,2
3/12/1963,3.92,10,4,2
3/13/1963,3.92,10,4,2
3/14/1963,3.92,10,4,2
3/15/1963,3.92,10,4,2
3/18/1963,3.92,10,4,2
3/19/1963,3.92,10,4,2
3/20/1963,3.92,10,4,2
3/21/1963,3.92,10,4,2
3/22/1963,3.93,10,4,2
3/25/1963,3.94,10,4,2
3/26/1963,3.96,10,4,2
3/27/1963,3.96,10,4,2
3/28/1963,3.96,10,4,2
3/29/1963,3.95,10,4,2
4/1/1963,3.95,10,4,2
4/2/1963,3.96,10,4,2
4/3/1963,3.96,10,4,2
4/4/1963,3.95,10,4,2
4/5/1963,3.95,10,4,2
4/8/1963,3.97,10,4,2
4/9/1963,3.98,10,4,2
4/10/1963,4,10,4,2
4/11/1963,4,10,4,2
4/12/1963,,10,4,2
4/15/1963,4.01,10,4,2
4/16/1963,4,10,4,2
4/17/1963,4,10,4,2
4/18/1963,3.99,10,4,2
4/19/1963,3.97,10,4,2
4/22/1963,3.97,10,4,2
4/23/1963,3.97,10,4,2
4/24/1963,3.96,10,4,2
4/25/1963,3.95,10,4,2
4/26/1963,3.95,10,4,2
4/29/1963,3.95,10,4,2
4/30/1963,3.95,10,4,2
5/1/1963,3.94,10,4,2
5/2/1963,3.94,10,4,2
5/3/1963,3.93,10,4,2
5/6/1963,3.92,10,4,2
5/7/1963,3.91,10,4,2
5/8/1963,3.92,10,4,2
5/9/1963,3.93,10,4,2
5/10/1963,3.93,10,4,2
5/13/1963,3.92,10,4,2
5/14/1963,3.91,10,4,2
5/15/1963,3.91,10,4,2
5/16/1963,3.9,10,4,2
5/17/1963,3.92,10,4,2
5/20/1963,3.93,10,4,2
5/21/1963,3.92,10,4,2
5/22/1963,3.92,10,4,2
5/23/1963,3.93,10,4,2
5/24/1963,3.95,10,4,2
5/27/1963,3.95,10,4,2
5/28/1963,3.96,10,4,2
5/29/1963,3.96,10,4,2
5/30/1963,,10,4,2
5/31/1963,3.96,10,4,2
6/3/1963,3.98,10,4,2
6/4/1963,3.98,10,4,2
6/5/1963,3.98,10,4,2
6/6/1963,3.99,10,4,2
6/7/1963,3.99,10,4,2
6/10/1963,3.99,10,4,2
6/11/1963,3.98,10,4,2
6/12/1963,3.99,10,4,2
6/13/1963,3.99,10,4,2
6/14/1963,3.99,10,4,2
6/17/1963,4,10,4,2
6/18/1963,4,10,4,2
6/19/1963,4,10,4,2
6/20/1963,4,10,4,2
6/21/1963,4,10,4,2
6/24/1963,4,10,4,2
6/25/1963,4,10,4,2
6/26/1963,4,10,4,2
6/27/1963,4,10,4,2
6/28/1963,4,10,4,2
7/1/1963,4.01,10,4,2
7/2/1963,4.03,10,4,2
7/3/1963,4.03,10,4,2
7/4/1963,,10,4,2
7/5/1963,4.04,10,4,2
7/8/1963,4.05,10,4,2
7/9/1963,4.04,10,4,2
7/10/1963,4.03,10,4,2
7/11/1963,4.04,10,4,2
7/12/1963,4.03,10,4,2
7/15/1963,4.02,10,4,2
7/16/1963,4.02,10,4,2
7/17/1963,4.03,10,4,2
7/18/1963,4.02,10,4,2
7/19/1963,4.02,10,4,2
7/22/1963,4.02,10,4,2
7/23/1963,4.02,10,4,2
7/24/1963,4.01,10,4,2
7/25/1963,4.01,10,4,2
7/26/1963,3.99,10,4,2
7/29/1963,3.99,10,4,2
7/30/1963,4,10,4,2
7/31/1963,4,10,4,2
8/1/1963,3.99,10,4,2
8/2/1963,3.99,10,4,2
8/5/1963,3.99,10,4,2
8/6/1963,4,10,4,2
8/7/1963,4.01,10,4,2
8/8/1963,4,10,4,2
8/9/1963,4,10,4,2
8/12/1963,4.01,10,4,2
8/13/1963,4.02,10,4,2
8/14/1963,4.02,10,4,2
8/15/1963,4.01,10,4,2
8/16/1963,4,10,4,2
8/19/1963,3.99,10,4,2
8/20/1963,3.99,10,4,2
8/21/1963,4,10,4,2
8/22/1963,4,10,4,2
8/23/1963,4,10,4,2
8/26/1963,4,10,4,2
8/27/1963,4,10,4,2
8/28/1963,4,10,4,2
8/29/1963,4.01,10,4,2
8/30/1963,4.02,10,4,2
9/2/1963,,10,4,2
9/3/1963,4.03,10,4,2
9/4/1963,4.04,10,4,2
9/5/1963,4.08,10,4,2
9/6/1963,4.09,10,4,2
9/9/1963,4.09,10,4,2
9/10/1963,4.09,10,4,2
9/11/1963,4.09,10,4,2
9/12/1963,4.09,10,4,2
9/13/1963,4.09,10,4,2
9/16/1963,4.09,10,4,2
9/17/1963,4.09,10,4,2
9/18/1963,4.08,10,4,2
9/19/1963,4.08,10,4,2
9/20/1963,4.07,10,4,2
9/23/1963,4.07,10,4,2
9/24/1963,4.08,10,4,2
9/25/1963,4.08,10,4,2
9/26/1963,4.08,10,4,2
9/27/1963,4.07,10,4,2
9/30/1963,4.07,10,4,2
10/1/1963,4.07,10,4,2
10/2/1963,4.07,10,4,2
10/3/1963,4.07,10,4,2
10/4/1963,4.08,10,4,2
10/7/1963,4.08,10,4,2
10/8/1963,4.09,10,4,2
10/9/1963,4.1,10,4,2
10/10/1963,4.1,10,4,2
10/11/1963,4.1,10,4,2
10/14/1963,4.1,10,4,2
10/15/1963,4.11,10,4,2
10/16/1963,4.11,10,4,2
10/17/1963,4.12,10,4,2
10/18/1963,4.12,10,4,2
10/21/1963,4.12,10,4,2
10/22/1963,4.11,10,4,2
10/23/1963,4.12,10,4,2
10/24/1963,4.11,10,4,2
10/25/1963,4.12,10,4,2
10/28/1963,4.12,10,4,2
10/29/1963,4.13,10,4,2
10/30/1963,4.14,10,4,2
10/31/1963,4.15,10,4,2
11/1/1963,4.15,10,4,2
11/4/1963,4.15,10,4,2
11/5/1963,,10,4,2
11/6/1963,4.17,10,4,2
11/7/1963,4.17,10,4,2
11/8/1963,4.16,10,4,2
11/11/1963,,10,4,2
11/12/1963,4.16,10,4,2
11/13/1963,4.15,10,4,2
11/14/1963,4.12,10,4,2
11/15/1963,4.11,10,4,2
11/18/1963,4.11,10,4,2
11/19/1963,4.1,10,4,2
11/20/1963,4.09,10,4,2
11/21/1963,4.1,10,4,2
11/22/1963,4.09,10,4,2
11/25/1963,,10,4,2
11/26/1963,4.08,10,4,2
11/27/1963,4.08,10,4,2
11/28/1963,,10,4,2
11/29/1963,4.08,10,4,2
12/2/1963,4.09,10,4,2
12/3/1963,4.1,10,4,2
12/4/1963,4.1,10,4,2
12/5/1963,4.11,10,4,2
12/6/1963,4.11,10,4,2
12/9/1963,4.1,10,4,2
12/10/1963,4.1,10,4,2
12/11/1963,4.12,10,4,2
12/12/1963,4.12,10,4,2
12/13/1963,4.13,10,4,2
12/16/1963,4.15,10,4,2
12/17/1963,4.15,10,4,2
12/18/1963,4.15,10,4,2
12/19/1963,4.14,10,4,2
12/20/1963,4.15,10,4,2
12/23/1963,4.15,10,4,2
12/24/1963,4.15,10,4,2
12/25/1963,,10,4,2
12/26/1963,4.15,10,4,2
12/27/1963,4.15,10,4,2
12/30/1963,4.14,10,4,2
12/31/1963,4.14,10,4,2
1/1/1964,,10,4,2
1/2/1964,4.14,10,4,2
1/3/1964,4.15,10,4,2
1/6/1964,4.16,10,4,2
1/7/1964,4.15,10,4,2
1/8/1964,4.18,10,4,2
1/9/1964,4.18,10,4,2
1/10/1964,4.18,10,4,2
1/13/1964,4.18,10,4,2
1/14/1964,4.18,10,4,2
1/15/1964,4.18,10,4,2
1/16/1964,4.17,10,4,2
1/17/1964,4.17,10,4,2
1/20/1964,4.16,10,4,2
1/21/1964,4.16,10,4,2
1/22/1964,4.16,10,4,2
1/23/1964,4.16,10,4,2
1/24/1964,4.18,10,4,2
1/27/1964,4.18,10,4,2
1/28/1964,4.17,10,4,2
1/29/1964,4.17,10,4,2
1/30/1964,4.16,10,4,2
1/31/1964,4.15,10,4,2
2/3/1964,4.15,10,4,2
2/4/1964,4.15,10,4,2
2/5/1964,4.15,10,4,2
2/6/1964,4.14,10,4,2
2/7/1964,4.14,10,4,2
2/10/1964,4.14,10,4,2
2/11/1964,4.14,10,4,2
2/12/1964,,10,4,2
2/13/1964,4.13,10,4,2
2/14/1964,4.13,10,4,2
2/17/1964,4.13,10,4,2
2/18/1964,4.14,10,4,2
2/19/1964,4.14,10,4,2
2/20/1964,4.14,10,4,2
2/21/1964,,10,4,2
2/24/1964,4.15,10,4,2
2/25/1964,4.15,10,4,2
2/26/1964,4.15,10,4,2
2/27/1964,4.17,10,4,2
2/28/1964,4.18,10,4,2
3/2/1964,4.17,10,4,2
3/3/1964,4.18,10,4,2
3/4/1964,4.19,10,4,2
3/5/1964,4.19,10,4,2
3/6/1964,4.19,10,4,2
3/9/1964,4.2,10,4,2
3/10/1964,4.2,10,4,2
3/11/1964,4.21,10,4,2
3/12/1964,4.21,10,4,2
3/13/1964,4.22,10,4,2
3/16/1964,4.21,10,4,2
3/17/1964,4.22,10,4,2
3/18/1964,4.23,10,4,2
3/19/1964,4.24,10,4,2
3/20/1964,4.25,10,4,2
3/23/1964,4.25,10,4,2
3/24/1964,4.26,10,4,2
3/25/1964,4.26,10,4,2
3/26/1964,4.25,10,4,2
3/27/1964,,10,4,2
3/30/1964,4.25,10,4,2
3/31/1964,4.23,10,4,2
4/1/1964,4.23,10,4,2
4/2/1964,4.24,10,4,2
4/3/1964,4.25,10,4,2
4/6/1964,4.25,10,4,2
4/7/1964,4.25,10,4,2
4/8/1964,4.22,10,4,2
4/9/1964,4.22,10,4,2
4/10/1964,4.22,10,4,2
4/13/1964,4.23,10,4,2
4/14/1964,4.24,10,4,2
4/15/1964,4.23,10,4,2
4/16/1964,4.23,10,4,2
4/17/1964,4.24,10,4,2
4/20/1964,4.24,10,4,2
4/21/1964,4.23,10,4,2
4/22/1964,4.23,10,4,2
4/23/1964,4.23,10,4,2
4/24/1964,4.23,10,4,2
4/27/1964,4.23,10,4,2
4/28/1964,4.23,10,4,2
4/29/1964,4.22,10,4,2
4/30/1964,4.22,10,4,2
5/1/1964,4.22,10,4,2
5/4/1964,4.22,10,4,2
5/5/1964,4.22,10,4,2
5/6/1964,4.22,10,4,2
5/7/1964,4.22,10,4,2
5/8/1964,4.2,10,4,2
5/11/1964,4.19,10,4,2
5/12/1964,4.19,10,4,2
5/13/1964,4.19,10,4,2
5/14/1964,4.19,10,4,2
5/15/1964,4.19,10,4,2
5/18/1964,4.19,10,4,2
5/19/1964,4.19,10,4,2
5/20/1964,4.2,10,4,2
5/21/1964,4.2,10,4,2
5/22/1964,4.2,10,4,2
5/25/1964,4.19,10,4,2
5/26/1964,4.19,10,4,2
5/27/1964,4.2,10,4,2
5/28/1964,4.19,10,4,2
5/29/1964,,10,4,2
6/1/1964,4.19,10,4,2
6/2/1964,4.19,10,4,2
6/3/1964,4.19,10,4,2
6/4/1964,4.19,10,4,2
6/5/1964,4.18,10,4,2
6/8/1964,4.18,10,4,2
6/9/1964,4.17,10,4,2
6/10/1964,4.17,10,4,2
6/11/1964,4.18,10,4,2
6/12/1964,4.18,10,4,2
6/15/1964,4.18,10,4,2
6/16/1964,4.18,10,4,2
6/17/1964,4.18,10,4,2
6/18/1964,4.17,10,4,2
6/19/1964,4.16,10,4,2
6/22/1964,4.15,10,4,2
6/23/1964,4.15,10,4,2
6/24/1964,4.15,10,4,2
6/25/1964,4.15,10,4,2
6/26/1964,4.15,10,4,2
6/29/1964,4.15,10,4,2
6/30/1964,4.15,10,4,2
7/1/1964,4.15,10,4,2
7/2/1964,4.15,10,4,2
7/3/1964,,10,4,2
7/6/1964,4.16,10,4,2
7/7/1964,4.15,10,4,2
7/8/1964,4.15,10,4,2
7/9/1964,4.18,10,4,2
7/10/1964,4.19,10,4,2
7/13/1964,4.19,10,4,2
7/14/1964,4.19,10,4,2
7/15/1964,4.19,10,4,2
7/16/1964,4.19,10,4,2
7/17/1964,4.2,10,4,2
7/20/1964,4.21,10,4,2
7/21/1964,4.2,10,4,2
7/22/1964,4.21,10,4,2
7/23/1964,4.2,10,4,2
7/24/1964,4.2,10,4,2
7/27/1964,4.2,10,4,2
7/28/1964,4.2,10,4,2
7/29/1964,4.2,10,4,2
7/30/1964,4.19,10,4,2
7/31/1964,4.19,10,4,2
8/3/1964,4.19,10,4,2
8/4/1964,4.19,10,4,2
8/5/1964,4.19,10,4,2
8/6/1964,4.18,10,4,2
8/7/1964,4.19,10,4,2
8/10/1964,4.19,10,4,2
8/11/1964,4.2,10,4,2
8/12/1964,4.2,10,4,2
8/13/1964,4.19,10,4,2
8/14/1964,4.19,10,4,2
8/17/1964,4.19,10,4,2
8/18/1964,4.19,10,4,2
8/19/1964,4.19,10,4,2
8/20/1964,4.19,10,4,2
8/21/1964,4.19,10,4,2
8/24/1964,4.19,10,4,2
8/25/1964,4.2,10,4,2
8/26/1964,4.2,10,4,2
8/27/1964,4.2,10,4,2
8/28/1964,4.21,10,4,2
8/31/1964,4.21,10,4,2
9/1/1964,4.21,10,4,2
9/2/1964,4.22,10,4,2
9/3/1964,4.22,10,4,2
9/4/1964,4.22,10,4,2
9/7/1964,,10,4,2
9/8/1964,4.22,10,4,2
9/9/1964,4.22,10,4,2
9/10/1964,4.22,10,4,2
9/11/1964,4.22,10,4,2
9/14/1964,4.22,10,4,2
9/15/1964,4.22,10,4,2
9/16/1964,4.21,10,4,2
9/17/1964,4.2,10,4,2
9/18/1964,4.2,10,4,2
9/21/1964,4.19,10,4,2
9/22/1964,4.19,10,4,2
9/23/1964,4.19,10,4,2
9/24/1964,4.19,10,4,2
9/25/1964,4.19,10,4,2
9/28/1964,4.17,10,4,2
9/29/1964,4.18,10,4,2
9/30/1964,4.18,10,4,2
10/1/1964,4.18,10,4,2
10/2/1964,4.18,10,4,2
10/5/1964,4.2,10,4,2
10/6/1964,4.19,10,4,2
10/7/1964,4.19,10,4,2
10/8/1964,4.19,10,4,2
10/9/1964,4.19,10,4,2
10/12/1964,,10,4,2
10/13/1964,4.19,10,4,2
10/14/1964,4.19,10,4,2
10/15/1964,4.2,10,4,2
10/16/1964,4.21,10,4,2
10/19/1964,4.21,10,4,2
10/20/1964,4.2,10,4,2
10/21/1964,4.19,10,4,2
10/22/1964,4.19,10,4,2
10/23/1964,4.19,10,4,2
10/26/1964,4.19,10,4,2
10/27/1964,4.18,10,4,2
10/28/1964,4.17,10,4,2
10/29/1964,4.16,10,4,2
10/30/1964,4.16,10,4,2
11/2/1964,4.15,10,4,2
11/3/1964,,10,4,2
11/4/1964,4.15,10,4,2
11/5/1964,4.15,10,4,2
11/6/1964,4.15,10,4,2
11/9/1964,4.15,10,4,2
11/10/1964,4.14,10,4,2
11/11/1964,,10,4,2
11/12/1964,4.12,10,4,2
11/13/1964,4.13,10,4,2
11/16/1964,4.13,10,4,2
11/17/1964,4.14,10,4,2
11/18/1964,4.14,10,4,2
11/19/1964,4.13,10,4,2
11/20/1964,4.13,10,4,2
11/23/1964,4.18,10,4,2
11/24/1964,4.18,10,4,2
11/25/1964,4.19,10,4,2
11/26/1964,,10,4,2
11/27/1964,4.19,10,4,2
11/30/1964,4.2,10,4,2
12/1/1964,4.2,10,4,2
12/2/1964,4.19,10,4,2
12/3/1964,4.18,10,4,2
12/4/1964,4.18,10,4,2
12/7/1964,4.17,10,4,2
12/8/1964,4.16,10,4,2
12/9/1964,4.16,10,4,2
12/10/1964,4.15,10,4,2
12/11/1964,4.15,10,4,2
12/14/1964,4.16,10,4,2
12/15/1964,4.17,10,4,2
12/16/1964,4.18,10,4,2
12/17/1964,4.18,10,4,2
12/18/1964,4.19,10,4,2
12/21/1964,4.18,10,4,2
12/22/1964,4.18,10,4,2
12/23/1964,4.19,10,4,2
12/24/1964,4.19,10,4,2
12/25/1964,,10,4,2
12/28/1964,4.19,10,4,2
12/29/1964,4.19,10,4,2
12/30/1964,4.2,10,4,2
12/31/1964,4.21,10,4,2
1/1/1965,,10,4,2
1/4/1965,4.2,10,4,2
1/5/1965,4.2,10,4,2
1/6/1965,4.2,10,4,2
1/7/1965,4.2,10,4,2
1/8/1965,4.2,10,4,2
1/11/1965,4.2,10,4,2
1/12/1965,4.19,10,4,2
1/13/1965,4.19,10,4,2
1/14/1965,4.19,10,4,2
1/15/1965,4.19,10,4,2
1/18/1965,4.19,10,4,2
1/19/1965,4.18,10,4,2
1/20/1965,4.18,10,4,2
1/21/1965,4.17,10,4,2
1/22/1965,4.17,10,4,2
1/25/1965,4.18,10,4,2
1/26/1965,4.19,10,4,2
1/27/1965,4.19,10,4,2
1/28/1965,4.19,10,4,2
1/29/1965,4.19,10,4,2
2/1/1965,4.2,10,4,2
2/2/1965,4.2,10,4,2
2/3/1965,4.2,10,4,2
2/4/1965,4.21,10,4,2
2/5/1965,4.22,10,4,2
2/8/1965,4.21,10,4,2
2/9/1965,4.21,10,4,2
2/10/1965,4.21,10,4,2
2/11/1965,4.21,10,4,2
2/12/1965,,10,4,2
2/15/1965,4.22,10,4,2
2/16/1965,4.21,10,4,2
2/17/1965,4.21,10,4,2
2/18/1965,4.21,10,4,2
2/19/1965,4.22,10,4,2
2/22/1965,,10,4,2
2/23/1965,4.21,10,4,2
2/24/1965,4.22,10,4,2
2/25/1965,4.21,10,4,2
2/26/1965,4.22,10,4,2
3/1/1965,4.22,10,4,2
3/2/1965,4.24,10,4,2
3/3/1965,4.23,10,4,2
3/4/1965,4.22,10,4,2
3/5/1965,4.23,10,4,2
3/8/1965,4.23,10,4,2
3/9/1965,4.23,10,4,2
3/10/1965,4.23,10,4,2
3/11/1965,4.22,10,4,2
3/12/1965,4.22,10,4,2
3/15/1965,4.21,10,4,2
3/16/1965,4.21,10,4,2
3/17/1965,4.2,10,4,2
3/18/1965,4.2,10,4,2
3/19/1965,4.2,10,4,2
3/22/1965,4.19,10,4,2
3/23/1965,4.19,10,4,2
3/24/1965,4.18,10,4,2
3/25/1965,4.19,10,4,2
3/26/1965,4.2,10,4,2
3/29/1965,4.2,10,4,2
3/30/1965,4.2,10,4,2
3/31/1965,4.2,10,4,2
4/1/1965,4.2,10,4,2
4/2/1965,4.2,10,4,2
4/5/1965,4.2,10,4,2
4/6/1965,4.2,10,4,2
4/7/1965,4.2,10,4,2
4/8/1965,4.19,10,4,2
4/9/1965,4.2,10,4,2
4/12/1965,4.2,10,4,2
4/13/1965,4.2,10,4,2
4/14/1965,4.19,10,4,2
4/15/1965,4.2,10,4,2
4/16/1965,,10,4,2
4/19/1965,4.21,10,4,2
4/20/1965,4.21,10,4,2
4/21/1965,4.21,10,4,2
4/22/1965,4.21,10,4,2
4/23/1965,4.21,10,4,2
4/26/1965,4.21,10,4,2
4/27/1965,4.21,10,4,2
4/28/1965,4.21,10,4,2
4/29/1965,4.21,10,4,2
4/30/1965,4.21,10,4,2
5/3/1965,4.21,10,4,2
5/4/1965,4.2,10,4,2
5/5/1965,4.2,10,4,2
5/6/1965,4.2,10,4,2
5/7/1965,4.2,10,4,2
5/10/1965,4.2,10,4,2
5/11/1965,4.2,10,4,2
5/12/1965,4.2,10,4,2
5/13/1965,4.21,10,4,2
5/14/1965,4.21,10,4,2
5/17/1965,4.21,10,4,2
5/18/1965,4.22,10,4,2
5/19/1965,4.22,10,4,2
5/20/1965,4.22,10,4,2
5/21/1965,4.22,10,4,2
5/24/1965,4.22,10,4,2
5/25/1965,4.22,10,4,2
5/26/1965,4.22,10,4,2
5/27/1965,4.22,10,4,2
5/28/1965,4.23,10,4,2
5/31/1965,,10,4,2
6/1/1965,4.23,10,4,2
6/2/1965,4.23,10,4,2
6/3/1965,4.23,10,4,2
6/4/1965,4.23,10,4,2
6/7/1965,4.23,10,4,2
6/8/1965,4.23,10,4,2
6/9/1965,4.23,10,4,2
6/10/1965,4.23,10,4,2
6/11/1965,4.23,10,4,2
6/14/1965,4.21,10,4,2
6/15/1965,4.21,10,4,2
6/16/1965,4.21,10,4,2
6/17/1965,4.21,10,4,2
6/18/1965,4.21,10,4,2
6/21/1965,4.2,10,4,2
6/22/1965,4.2,10,4,2
6/23/1965,4.2,10,4,2
6/24/1965,4.19,10,4,2
6/25/1965,4.19,10,4,2
6/28/1965,4.19,10,4,2
6/29/1965,4.2,10,4,2
6/30/1965,4.2,10,4,2
7/1/1965,4.2,10,4,2
7/2/1965,4.21,10,4,2
7/5/1965,,10,4,2
7/6/1965,4.21,10,4,2
7/7/1965,4.21,10,4,2
7/8/1965,4.2,10,4,2
7/9/1965,4.21,10,4,2
7/12/1965,4.21,10,4,2
7/13/1965,4.21,10,4,2
7/14/1965,4.21,10,4,2
7/15/1965,4.2,10,4,2
7/16/1965,4.2,10,4,2
7/19/1965,4.2,10,4,2
7/20/1965,4.2,10,4,2
7/21/1965,4.2,10,4,2
7/22/1965,4.2,10,4,2
7/23/1965,4.2,10,4,2
7/26/1965,4.2,10,4,2
7/27/1965,4.2,10,4,2
7/28/1965,4.2,10,4,2
7/29/1965,4.21,10,4,2
7/30/1965,4.22,10,4,2
8/2/1965,4.22,10,4,2
8/3/1965,4.22,10,4,2
8/4/1965,4.23,10,4,2
8/5/1965,4.23,10,4,2
8/6/1965,4.24,10,4,2
8/9/1965,4.24,10,4,2
8/10/1965,4.24,10,4,2
8/11/1965,4.25,10,4,2
8/12/1965,4.25,10,4,2
8/13/1965,4.25,10,4,2
8/16/1965,4.26,10,4,2
8/17/1965,4.27,10,4,2
8/18/1965,4.26,10,4,2
8/19/1965,4.26,10,4,2
8/20/1965,4.26,10,4,2
8/23/1965,4.26,10,4,2
8/24/1965,4.27,10,4,2
8/25/1965,4.26,10,4,2
8/26/1965,4.27,10,4,2
8/27/1965,4.27,10,4,2
8/30/1965,4.27,10,4,2
8/31/1965,4.27,10,4,2
9/1/1965,4.28,10,4,2
9/2/1965,4.28,10,4,2
9/3/1965,4.27,10,4,2
9/6/1965,,10,4,2
9/7/1965,4.27,10,4,2
9/8/1965,4.27,10,4,2
9/9/1965,4.27,10,4,2
9/10/1965,4.28,10,4,2
9/13/1965,4.28,10,4,2
9/14/1965,4.28,10,4,2
9/15/1965,4.28,10,4,2
9/16/1965,4.27,10,4,2
9/17/1965,4.27,10,4,2
9/20/1965,4.27,10,4,2
9/21/1965,4.28,10,4,2
9/22/1965,4.29,10,4,2
9/23/1965,4.3,10,4,2
9/24/1965,4.31,10,4,2
9/27/1965,4.31,10,4,2
9/28/1965,4.33,10,4,2
9/29/1965,4.36,10,4,2
9/30/1965,4.35,10,4,2
10/1/1965,4.36,10,4,2
10/4/1965,4.35,10,4,2
10/5/1965,4.33,10,4,2
10/6/1965,4.32,10,4,2
10/7/1965,4.31,10,4,2
10/8/1965,4.32,10,4,2
10/11/1965,4.31,10,4,2
10/12/1965,,10,4,2
10/13/1965,4.3,10,4,2
10/14/1965,4.31,10,4,2
10/15/1965,4.34,10,4,2
10/18/1965,4.34,10,4,2
10/19/1965,4.35,10,4,2
10/20/1965,4.36,10,4,2
10/21/1965,4.37,10,4,2
10/22/1965,4.36,10,4,2
10/25/1965,4.38,10,4,2
10/26/1965,4.38,10,4,2
10/27/1965,4.39,10,4,2
10/28/1965,4.4,10,4,2
10/29/1965,4.41,10,4,2
11/1/1965,4.43,10,4,2
11/2/1965,,10,4,2
11/3/1965,4.43,10,4,2
11/4/1965,4.43,10,4,2
11/5/1965,4.43,10,4,2
11/8/1965,4.45,10,4,2
11/9/1965,4.47,10,4,2
11/10/1965,4.46,10,4,2
11/11/1965,,10,4,2
11/12/1965,4.44,10,4,2
11/15/1965,4.45,10,4,2
11/16/1965,4.44,10,4,2
11/17/1965,4.45,10,4,2
11/18/1965,4.45,10,4,2
11/19/1965,4.46,10,4,2
11/22/1965,4.45,10,4,2
11/23/1965,4.45,10,4,2
11/24/1965,4.45,10,4,2
11/25/1965,,10,4,2
11/26/1965,4.45,10,4,2
11/29/1965,4.46,10,4,2
11/30/1965,4.48,10,4,2
12/1/1965,4.52,10,4,2
12/2/1965,4.52,10,4,2
12/3/1965,4.52,10,4,2
12/6/1965,4.61,10,4,2
12/7/1965,4.59,10,4,2
12/8/1965,4.6,10,4,2
12/9/1965,4.6,10,4,2
12/10/1965,4.6,10,4,2
12/13/1965,4.65,10,4,2
12/14/1965,4.67,10,4,2
12/15/1965,4.67,10,4,2
12/16/1965,4.66,10,4,2
12/17/1965,4.65,10,4,2
12/20/1965,4.61,10,4,2
12/21/1965,4.64,10,4,2
12/22/1965,4.65,10,4,2
12/23/1965,4.65,10,4,2
12/24/1965,,10,4,2
12/27/1965,4.62,10,4,2
12/28/1965,4.61,10,4,2
12/29/1965,4.62,10,4,2
12/30/1965,4.63,10,4,2
12/31/1965,4.65,10,4,2
1/3/1966,4.63,10,4,2
1/4/1966,4.65,10,4,2
1/5/1966,4.63,10,4,2
1/6/1966,4.6,10,4,2
1/7/1966,4.6,10,4,2
1/10/1966,4.61,10,4,2
1/11/1966,4.6,10,4,2
1/12/1966,4.56,10,4,2
1/13/1966,4.58,10,4,2
1/14/1966,4.59,10,4,2
1/17/1966,4.61,10,4,2
1/18/1966,4.61,10,4,2
1/19/1966,4.61,10,4,2
1/20/1966,4.6,10,4,2
1/21/1966,4.59,10,4,2
1/24/1966,4.6,10,4,2
1/25/1966,4.61,10,4,2
1/26/1966,4.61,10,4,2
1/27/1966,4.63,10,4,2
1/28/1966,4.65,10,4,2
1/31/1966,4.69,10,4,2
2/1/1966,4.69,10,4,2
2/2/1966,4.7,10,4,2
2/3/1966,4.7,10,4,2
2/4/1966,4.71,10,4,2
2/7/1966,4.73,10,4,2
2/8/1966,4.72,10,4,2
2/9/1966,4.74,10,4,2
2/10/1966,4.78,10,4,2
2/11/1966,4.86,10,4,2
2/14/1966,4.87,10,4,2
2/15/1966,4.88,10,4,2
2/16/1966,4.89,10,4,2
2/17/1966,4.88,10,4,2
2/18/1966,4.9,10,4,2
2/21/1966,4.92,10,4,2
2/22/1966,,10,4,2
2/23/1966,4.92,10,4,2
2/24/1966,4.93,10,4,2
2/25/1966,4.97,10,4,2
2/28/1966,5.02,10,4,2
3/1/1966,5.01,10,4,2
3/2/1966,5,10,4,2
3/3/1966,5,10,4,2
3/4/1966,4.98,10,4,2
3/7/1966,4.96,10,4,2
3/8/1966,4.93,10,4,2
3/9/1966,4.93,10,4,2
3/10/1966,4.95,10,4,2
3/11/1966,4.96,10,4,2
3/14/1966,4.94,10,4,2
3/15/1966,4.91,10,4,2
3/16/1966,4.9,10,4,2
3/17/1966,4.86,10,4,2
3/18/1966,4.84,10,4,2
3/21/1966,4.81,10,4,2
3/22/1966,4.78,10,4,2
3/23/1966,4.73,10,4,2
3/24/1966,4.76,10,4,2
3/25/1966,4.82,10,4,2
3/28/1966,4.81,10,4,2
3/29/1966,4.8,10,4,2
3/30/1966,4.7,10,4,2
3/31/1966,4.71,10,4,2
4/1/1966,4.7,10,4,2
4/4/1966,4.69,10,4,2
4/5/1966,4.66,10,4,2
4/6/1966,4.71,10,4,2
4/7/1966,4.73,10,4,2
4/8/1966,,10,4,2
4/11/1966,4.73,10,4,2
4/12/1966,4.73,10,4,2
4/13/1966,4.74,10,4,2
4/14/1966,4.76,10,4,2
4/15/1966,4.77,10,4,2
4/18/1966,4.76,10,4,2
4/19/1966,4.76,10,4,2
4/20/1966,4.8,10,4,2
4/21/1966,4.77,10,4,2
4/22/1966,4.77,10,4,2
4/25/1966,4.78,10,4,2
4/26/1966,4.79,10,4,2
4/27/1966,4.78,10,4,2
4/28/1966,4.78,10,4,2
4/29/1966,4.79,10,4,2
5/2/1966,4.8,10,4,2
5/3/1966,4.81,10,4,2
5/4/1966,4.81,10,4,2
5/5/1966,4.81,10,4,2
5/6/1966,4.79,10,4,2
5/9/1966,4.75,10,4,2
5/10/1966,4.75,10,4,2
5/11/1966,4.77,10,4,2
5/12/1966,4.77,10,4,2
5/13/1966,4.77,10,4,2
5/16/1966,4.77,10,4,2
5/17/1966,4.75,10,4,2
5/18/1966,4.75,10,4,2
5/19/1966,4.75,10,4,2
5/20/1966,4.75,10,4,2
5/23/1966,4.77,10,4,2
5/24/1966,4.79,10,4,2
5/25/1966,4.78,10,4,2
5/26/1966,4.8,10,4,2
5/27/1966,4.81,10,4,2
5/30/1966,,10,4,2
5/31/1966,4.8,10,4,2
6/1/1966,4.79,10,4,2
6/2/1966,4.77,10,4,2
6/3/1966,4.78,10,4,2
6/6/1966,4.79,10,4,2
6/7/1966,4.81,10,4,2
6/8/1966,4.83,10,4,2
6/9/1966,4.83,10,4,2
6/10/1966,4.83,10,4,2
6/13/1966,4.83,10,4,2
6/14/1966,4.83,10,4,2
6/15/1966,4.79,10,4,2
6/16/1966,4.81,10,4,2
6/17/1966,4.8,10,4,2
6/20/1966,4.76,10,4,2
6/21/1966,4.75,10,4,2
6/22/1966,4.76,10,4,2
6/23/1966,4.77,10,4,2
6/24/1966,4.8,10,4,2
6/27/1966,4.83,10,4,2
6/28/1966,4.89,10,4,2
6/29/1966,4.9,10,4,2
6/30/1966,4.97,10,4,2
7/1/1966,4.99,10,4,2
7/4/1966,,10,4,2
7/5/1966,4.96,10,4,2
7/6/1966,4.95,10,4,2
7/7/1966,4.95,10,4,2
7/8/1966,4.97,10,4,2
7/11/1966,5.03,10,4,2
7/12/1966,5.05,10,4,2
7/13/1966,5.07,10,4,2
7/14/1966,5.1,10,4,2
7/15/1966,5.09,10,4,2
7/18/1966,5.04,10,4,2
7/19/1966,5.03,10,4,2
7/20/1966,5.02,10,4,2
7/21/1966,5.04,10,4,2
7/22/1966,5.02,10,4,2
7/25/1966,4.99,10,4,2
7/26/1966,4.99,10,4,2
7/27/1966,4.99,10,4,2
7/28/1966,5.03,10,4,2
7/29/1966,5.05,10,4,2
8/1/1966,5.05,10,4,2
8/2/1966,5.04,10,4,2
8/3/1966,5.06,10,4,2
8/4/1966,5.07,10,4,2
8/5/1966,5.07,10,4,2
8/8/1966,5.08,10,4,2
8/9/1966,5.1,10,4,2
8/10/1966,5.1,10,4,2
8/11/1966,5.11,10,4,2
8/12/1966,5.11,10,4,2
8/15/1966,5.15,10,4,2
8/16/1966,5.18,10,4,2
8/17/1966,5.24,10,4,2
8/18/1966,5.29,10,4,2
8/19/1966,5.31,10,4,2
8/22/1966,5.29,10,4,2
8/23/1966,5.33,10,4,2
8/24/1966,5.36,10,4,2
8/25/1966,5.39,10,4,2
8/26/1966,5.48,10,4,2
8/29/1966,5.51,10,4,2
8/30/1966,5.48,10,4,2
8/31/1966,5.36,10,4,2
9/1/1966,5.3,10,4,2
9/2/1966,5.23,10,4,2
9/5/1966,,10,4,2
9/6/1966,5.19,10,4,2
9/7/1966,5.2,10,4,2
9/8/1966,5.18,10,4,2
9/9/1966,5.17,10,4,2
9/12/1966,5.18,10,4,2
9/13/1966,5.16,10,4,2
9/14/1966,5.21,10,4,2
9/15/1966,5.25,10,4,2
9/16/1966,5.24,10,4,2
9/19/1966,5.32,10,4,2
9/20/1966,5.27,10,4,2
9/21/1966,5.21,10,4,2
9/22/1966,5.15,10,4,2
9/23/1966,5.17,10,4,2
9/26/1966,5.17,10,4,2
9/27/1966,5.13,10,4,2
9/28/1966,5.09,10,4,2
9/29/1966,4.99,10,4,2
9/30/1966,5.02,10,4,2
10/3/1966,5.08,10,4,2
10/4/1966,5.06,10,4,2
10/5/1966,5.05,10,4,2
10/6/1966,5.03,10,4,2
10/7/1966,5.02,10,4,2
10/10/1966,5.05,10,4,2
10/11/1966,5.05,10,4,2
10/12/1966,,10,4,2
10/13/1966,5.07,10,4,2
10/14/1966,5.06,10,4,2
10/17/1966,5.04,10,4,2
10/18/1966,4.99,10,4,2
10/19/1966,5,10,4,2
10/20/1966,5.02,10,4,2
10/21/1966,4.94,10,4,2
10/24/1966,4.94,10,4,2
10/25/1966,4.94,10,4,2
10/26/1966,4.96,10,4,2
10/27/1966,4.99,10,4,2
10/28/1966,4.97,10,4,2
10/31/1966,4.97,10,4,2
11/1/1966,4.99,10,4,2
11/2/1966,5.04,10,4,2
11/3/1966,5.06,10,4,2
11/4/1966,5.11,10,4,2
11/7/1966,5.11,10,4,2
11/8/1966,,10,4,2
11/9/1966,5.12,10,4,2
11/10/1966,5.17,10,4,2
11/11/1966,,10,4,2
11/14/1966,5.19,10,4,2
11/15/1966,5.21,10,4,2
11/16/1966,5.22,10,4,2
11/17/1966,5.23,10,4,2
11/18/1966,5.22,10,4,2
11/21/1966,5.17,10,4,2
11/22/1966,5.2,10,4,2
11/23/1966,5.22,10,4,2
11/24/1966,,10,4,2
11/25/1966,5.23,10,4,2
11/28/1966,5.19,10,4,2
11/29/1966,5.15,10,4,2
11/30/1966,5.12,10,4,2
12/1/1966,5.09,10,4,2
12/2/1966,5.03,10,4,2
12/5/1966,5.06,10,4,2
12/6/1966,5.07,10,4,2
12/7/1966,5.07,10,4,2
12/8/1966,5.1,10,4,2
12/9/1966,5.05,10,4,2
12/12/1966,4.93,10,4,2
12/13/1966,4.86,10,4,2
12/14/1966,4.83,10,4,2
12/15/1966,4.76,10,4,2
12/16/1966,4.78,10,4,2
12/19/1966,4.72,10,4,2
12/20/1966,4.69,10,4,2
12/21/1966,4.66,10,4,2
12/22/1966,4.68,10,4,2
12/23/1966,4.67,10,4,2
12/26/1966,,10,4,2
12/27/1966,4.71,10,4,2
12/28/1966,4.64,10,4,2
12/29/1966,4.66,10,4,2
12/30/1966,4.64,10,4,2
1/2/1967,,10,4,2
1/3/1967,4.69,10,4,2
1/4/1967,4.65,10,4,2
1/5/1967,4.63,10,4,2
1/6/1967,4.64,10,4,2
1/9/1967,4.71,10,4,2
1/10/1967,4.69,10,4,2
1/11/1967,4.54,10,4,2
1/12/1967,4.55,10,4,2
1/13/1967,4.51,10,4,2
1/16/1967,4.49,10,4,2
1/17/1967,4.51,10,4,2
1/18/1967,4.53,10,4,2
1/19/1967,4.58,10,4,2
1/20/1967,4.6,10,4,2
1/23/1967,4.6,10,4,2
1/24/1967,4.65,10,4,2
1/25/1967,4.62,10,4,2
1/26/1967,4.5,10,4,2
1/27/1967,4.47,10,4,2
1/30/1967,4.48,10,4,2
1/31/1967,4.52,10,4,2
2/1/1967,4.52,10,4,2
2/2/1967,4.51,10,4,2
2/3/1967,4.52,10,4,2
2/6/1967,4.53,10,4,2
2/7/1967,4.54,10,4,2
2/8/1967,4.54,10,4,2
2/9/1967,4.53,10,4,2
2/10/1967,4.59,10,4,2
2/13/1967,,10,4,2
2/14/1967,4.64,10,4,2
2/15/1967,4.69,10,4,2
2/16/1967,4.67,10,4,2
2/17/1967,4.68,10,4,2
2/20/1967,4.7,10,4,2
2/21/1967,4.71,10,4,2
2/22/1967,,10,4,2
2/23/1967,4.74,10,4,2
2/24/1967,4.73,10,4,2
2/27/1967,4.72,10,4,2
2/28/1967,4.72,10,4,2
3/1/1967,4.66,10,4,2
3/2/1967,4.63,10,4,2
3/3/1967,4.62,10,4,2
3/6/1967,4.61,10,4,2
3/7/1967,4.6,10,4,2
3/8/1967,4.61,10,4,2
3/9/1967,4.57,10,4,2
3/10/1967,4.58,10,4,2
3/13/1967,4.56,10,4,2
3/14/1967,4.53,10,4,2
3/15/1967,4.49,10,4,2
3/16/1967,4.45,10,4,2
3/17/1967,4.47,10,4,2
3/20/1967,4.45,10,4,2
3/21/1967,4.51,10,4,2
3/22/1967,4.52,10,4,2
3/23/1967,4.5,10,4,2
3/24/1967,,10,4,2
3/27/1967,4.52,10,4,2
3/28/1967,4.52,10,4,2
3/29/1967,4.52,10,4,2
3/30/1967,4.5,10,4,2
3/31/1967,4.5,10,4,2
4/3/1967,4.5,10,4,2
4/4/1967,4.49,10,4,2
4/5/1967,4.5,10,4,2
4/6/1967,4.49,10,4,2
4/7/1967,4.48,10,4,2
4/10/1967,4.5,10,4,2
4/11/1967,4.51,10,4,2
4/12/1967,4.51,10,4,2
4/13/1967,4.54,10,4,2
4/14/1967,4.56,10,4,2
4/17/1967,4.61,10,4,2
4/18/1967,4.63,10,4,2
4/19/1967,4.63,10,4,2
4/20/1967,4.63,10,4,2
4/21/1967,4.66,10,4,2
4/24/1967,4.68,10,4,2
4/25/1967,4.71,10,4,2
4/26/1967,4.73,10,4,2
4/27/1967,4.73,10,4,2
4/28/1967,4.78,10,4,2
5/1/1967,4.77,10,4,2
5/2/1967,4.75,10,4,2
5/3/1967,4.75,10,4,2
5/4/1967,4.76,10,4,2
5/5/1967,4.77,10,4,2
5/8/1967,4.83,10,4,2
5/9/1967,4.87,10,4,2
5/10/1967,4.87,10,4,2
5/11/1967,4.84,10,4,2
5/12/1967,4.82,10,4,2
5/15/1967,4.86,10,4,2
5/16/1967,4.87,10,4,2
5/17/1967,4.88,10,4,2
5/18/1967,4.88,10,4,2
5/19/1967,4.89,10,4,2
5/22/1967,4.94,10,4,2
5/23/1967,4.94,10,4,2
5/24/1967,4.93,10,4,2
5/25/1967,4.92,10,4,2
5/26/1967,4.86,10,4,2
5/29/1967,4.84,10,4,2
5/30/1967,,10,4,2
5/31/1967,4.81,10,4,2
6/1/1967,4.81,10,4,2
6/2/1967,4.82,10,4,2
6/5/1967,4.85,10,4,2
6/6/1967,4.84,10,4,2
6/7/1967,4.84,10,4,2
6/8/1967,4.86,10,4,2
6/9/1967,4.89,10,4,2
6/12/1967,4.94,10,4,2
6/13/1967,4.95,10,4,2
6/14/1967,5.02,10,4,2
6/15/1967,5.02,10,4,2
6/16/1967,5.07,10,4,2
6/19/1967,5.07,10,4,2
6/20/1967,5.14,10,4,2
6/21/1967,5.14,10,4,2
6/22/1967,5.13,10,4,2
6/23/1967,5.14,10,4,2
6/26/1967,5.16,10,4,2
6/27/1967,5.21,10,4,2
6/28/1967,5.18,10,4,2
6/29/1967,5.2,10,4,2
6/30/1967,5.22,10,4,2
7/3/1967,5.22,10,4,2
7/4/1967,,10,4,2
7/5/1967,5.17,10,4,2
7/6/1967,5.11,10,4,2
7/7/1967,5.15,10,4,2
7/10/1967,5.16,10,4,2
7/11/1967,5.09,10,4,2
7/12/1967,5.06,10,4,2
7/13/1967,5.08,10,4,2
7/14/1967,5.08,10,4,2
7/17/1967,5.09,10,4,2
7/18/1967,5.16,10,4,2
7/19/1967,5.18,10,4,2
7/20/1967,5.2,10,4,2
7/21/1967,5.2,10,4,2
7/24/1967,5.23,10,4,2
7/25/1967,5.23,10,4,2
7/26/1967,5.23,10,4,2
7/27/1967,5.2,10,4,2
7/28/1967,5.18,10,4,2
7/31/1967,5.16,10,4,2
8/1/1967,5.18,10,4,2
8/2/1967,5.21,10,4,2
8/3/1967,5.2,10,4,2
8/4/1967,5.26,10,4,2
8/7/1967,5.3,10,4,2
8/8/1967,5.28,10,4,2
8/9/1967,5.27,10,4,2
8/10/1967,5.28,10,4,2
8/11/1967,5.29,10,4,2
8/14/1967,5.29,10,4,2
8/15/1967,5.29,10,4,2
8/16/1967,5.28,10,4,2
8/17/1967,5.28,10,4,2
8/18/1967,5.28,10,4,2
8/21/1967,5.3,10,4,2
8/22/1967,5.3,10,4,2
8/23/1967,5.31,10,4,2
8/24/1967,5.31,10,4,2
8/25/1967,5.32,10,4,2
8/28/1967,5.29,10,4,2
8/29/1967,5.27,10,4,2
8/30/1967,5.28,10,4,2
8/31/1967,5.27,10,4,2
9/1/1967,5.25,10,4,2
9/4/1967,,10,4,2
9/5/1967,5.22,10,4,2
9/6/1967,5.2,10,4,2
9/7/1967,5.2,10,4,2
9/8/1967,5.26,10,4,2
9/11/1967,5.28,10,4,2
9/12/1967,5.29,10,4,2
9/13/1967,5.27,10,4,2
9/14/1967,5.28,10,4,2
9/15/1967,5.29,10,4,2
9/18/1967,5.3,10,4,2
9/19/1967,5.35,10,4,2
9/20/1967,5.34,10,4,2
9/21/1967,5.36,10,4,2
9/22/1967,5.36,10,4,2
9/25/1967,5.38,10,4,2
9/26/1967,5.37,10,4,2
9/27/1967,5.37,10,4,2
9/28/1967,5.36,10,4,2
9/29/1967,5.31,10,4,2
10/2/1967,5.35,10,4,2
10/3/1967,5.35,10,4,2
10/4/1967,5.37,10,4,2
10/5/1967,5.37,10,4,2
10/6/1967,5.37,10,4,2
10/9/1967,5.39,10,4,2
10/10/1967,5.42,10,4,2
10/11/1967,5.42,10,4,2
10/12/1967,,10,4,2
10/13/1967,5.45,10,4,2
10/16/1967,5.47,10,4,2
10/17/1967,5.49,10,4,2
10/18/1967,5.52,10,4,2
10/19/1967,5.53,10,4,2
10/20/1967,5.52,10,4,2
10/23/1967,5.56,10,4,2
10/24/1967,5.56,10,4,2
10/25/1967,5.57,10,4,2
10/26/1967,5.58,10,4,2
10/27/1967,5.57,10,4,2
10/30/1967,5.6,10,4,2
10/31/1967,5.64,10,4,2
11/1/1967,5.7,10,4,2
11/2/1967,5.71,10,4,2
11/3/1967,5.75,10,4,2
11/6/1967,5.77,10,4,2
11/7/1967,,10,4,2
11/8/1967,5.74,10,4,2
11/9/1967,5.78,10,4,2
11/10/1967,5.83,10,4,2
11/13/1967,5.87,10,4,2
11/14/1967,5.81,10,4,2
11/15/1967,5.78,10,4,2
11/16/1967,5.72,10,4,2
11/17/1967,5.75,10,4,2
11/20/1967,5.85,10,4,2
11/21/1967,5.71,10,4,2
11/22/1967,5.7,10,4,2
11/23/1967,,10,4,2
11/24/1967,5.78,10,4,2
11/27/1967,5.76,10,4,2
11/28/1967,5.65,10,4,2
11/29/1967,5.67,10,4,2
11/30/1967,5.74,10,4,2
12/1/1967,5.78,10,4,2
12/4/1967,5.76,10,4,2
12/5/1967,5.74,10,4,2
12/6/1967,5.69,10,4,2
12/7/1967,5.71,10,4,2
12/8/1967,5.72,10,4,2
12/11/1967,5.74,10,4,2
12/12/1967,5.75,10,4,2
12/13/1967,5.71,10,4,2
12/14/1967,5.7,10,4,2
12/15/1967,5.71,10,4,2
12/18/1967,5.68,10,4,2
12/19/1967,5.66,10,4,2
12/20/1967,5.62,10,4,2
12/21/1967,5.64,10,4,2
12/22/1967,5.69,10,4,2
12/25/1967,,10,4,2
12/26/1967,5.64,10,4,2
12/27/1967,5.64,10,4,2
12/28/1967,5.7,10,4,2
12/29/1967,5.7,10,4,2
1/1/1968,,10,4,2
1/2/1968,5.63,10,4,2
1/3/1968,5.63,10,4,2
1/4/1968,5.51,10,4,2
1/5/1968,5.48,10,4,2
1/8/1968,5.5,10,4,2
1/9/1968,5.52,10,4,2
1/10/1968,5.46,10,4,2
1/11/1968,5.46,10,4,2
1/12/1968,5.43,10,4,2
1/15/1968,5.49,10,4,2
1/16/1968,5.52,10,4,2
1/17/1968,5.48,10,4,2
1/18/1968,5.55,10,4,2
1/19/1968,5.59,10,4,2
1/22/1968,5.61,10,4,2
1/23/1968,5.56,10,4,2
1/24/1968,5.56,10,4,2
1/25/1968,5.52,10,4,2
1/26/1968,5.53,10,4,2
1/29/1968,5.53,10,4,2
1/30/1968,5.53,10,4,2
1/31/1968,5.54,10,4,2
2/1/1968,5.58,10,4,2
2/2/1968,5.58,10,4,2
2/5/1968,5.6,10,4,2
2/6/1968,5.61,10,4,2
2/7/1968,5.59,10,4,2
2/8/1968,5.6,10,4,2
2/9/1968,5.59,10,4,2
2/12/1968,,10,4,2
2/13/1968,5.55,10,4,2
2/14/1968,5.54,10,4,2
2/15/1968,5.51,10,4,2
2/16/1968,5.5,10,4,2
2/19/1968,5.53,10,4,2
2/20/1968,5.54,10,4,2
2/21/1968,5.54,10,4,2
2/22/1968,,10,4,2
2/23/1968,5.56,10,4,2
2/26/1968,5.58,10,4,2
2/27/1968,5.58,10,4,2
2/28/1968,5.57,10,4,2
2/29/1968,5.56,10,4,2
3/1/1968,5.56,10,4,2
3/4/1968,5.57,10,4,2
3/5/1968,5.59,10,4,2
3/6/1968,5.61,10,4,2
3/7/1968,5.67,10,4,2
3/8/1968,5.75,10,4,2
3/11/1968,5.75,10,4,2
3/12/1968,5.79,10,4,2
3/13/1968,5.86,10,4,2
3/14/1968,5.95,10,4,2
3/15/1968,5.84,10,4,2
3/18/1968,5.76,10,4,2
3/19/1968,5.77,10,4,2
3/20/1968,5.73,10,4,2
3/21/1968,5.76,10,4,2
3/22/1968,5.74,10,4,2
3/25/1968,5.74,10,4,2
3/26/1968,5.78,10,4,2
3/27/1968,5.78,10,4,2
3/28/1968,5.78,10,4,2
3/29/1968,5.76,10,4,2
4/1/1968,5.64,10,4,2
4/2/1968,5.62,10,4,2
4/3/1968,5.49,10,4,2
4/4/1968,5.52,10,4,2
4/5/1968,5.52,10,4,2
4/8/1968,5.54,10,4,2
4/9/1968,,10,4,2
4/10/1968,5.53,10,4,2
4/11/1968,5.54,10,4,2
4/12/1968,,10,4,2
4/15/1968,5.6,10,4,2
4/16/1968,5.62,10,4,2
4/17/1968,5.62,10,4,2
4/18/1968,5.64,10,4,2
4/19/1968,5.76,10,4,2
4/22/1968,5.78,10,4,2
4/23/1968,5.73,10,4,2
4/24/1968,5.72,10,4,2
4/25/1968,5.72,10,4,2
4/26/1968,5.71,10,4,2
4/29/1968,5.73,10,4,2
4/30/1968,5.74,10,4,2
5/1/1968,5.73,10,4,2
5/2/1968,5.76,10,4,2
5/3/1968,5.8,10,4,2
5/6/1968,5.78,10,4,2
5/7/1968,5.79,10,4,2
5/8/1968,5.8,10,4,2
5/9/1968,5.79,10,4,2
5/10/1968,5.79,10,4,2
5/13/1968,5.79,10,4,2
5/14/1968,5.82,10,4,2
5/15/1968,5.85,10,4,2
5/16/1968,5.9,10,4,2
5/17/1968,5.92,10,4,2
5/20/1968,5.96,10,4,2
5/21/1968,6.02,10,4,2
5/22/1968,6.02,10,4,2
5/23/1968,5.98,10,4,2
5/24/1968,5.96,10,4,2
5/27/1968,5.92,10,4,2
5/28/1968,5.94,10,4,2
5/29/1968,5.95,10,4,2
5/30/1968,,10,4,2
5/31/1968,5.86,10,4,2
6/3/1968,5.79,10,4,2
6/4/1968,5.78,10,4,2
6/5/1968,5.81,10,4,2
6/6/1968,5.83,10,4,2
6/7/1968,5.82,10,4,2
6/10/1968,5.8,10,4,2
6/11/1968,5.79,10,4,2
6/12/1968,5.77,10,4,2
6/13/1968,5.76,10,4,2
6/14/1968,5.72,10,4,2
6/17/1968,5.71,10,4,2
6/18/1968,5.71,10,4,2
6/19/1968,5.67,10,4,2
6/20/1968,5.62,10,4,2
6/21/1968,5.6,10,4,2
6/24/1968,5.61,10,4,2
6/25/1968,5.64,10,4,2
6/26/1968,5.64,10,4,2
6/27/1968,5.65,10,4,2
6/28/1968,5.64,10,4,2
7/1/1968,5.62,10,4,2
7/2/1968,5.58,10,4,2
7/3/1968,5.57,10,4,2
7/4/1968,,10,4,2
7/5/1968,5.56,10,4,2
7/8/1968,5.53,10,4,2
7/9/1968,5.51,10,4,2
7/10/1968,5.52,10,4,2
7/11/1968,5.52,10,4,2
7/12/1968,5.53,10,4,2
7/15/1968,5.56,10,4,2
7/16/1968,5.57,10,4,2
7/17/1968,5.55,10,4,2
7/18/1968,5.56,10,4,2
7/19/1968,5.53,10,4,2
7/22/1968,5.45,10,4,2
7/23/1968,5.38,10,4,2
7/24/1968,5.39,10,4,2
7/25/1968,5.37,10,4,2
7/26/1968,5.39,10,4,2
7/29/1968,5.41,10,4,2
7/30/1968,5.41,10,4,2
7/31/1968,5.39,10,4,2
8/1/1968,5.38,10,4,2
8/2/1968,5.34,10,4,2
8/5/1968,5.37,10,4,2
8/6/1968,5.38,10,4,2
8/7/1968,5.36,10,4,2
8/8/1968,5.37,10,4,2
8/9/1968,5.39,10,4,2
8/12/1968,5.42,10,4,2
8/13/1968,5.43,10,4,2
8/14/1968,5.43,10,4,2
8/15/1968,5.45,10,4,2
8/16/1968,5.42,10,4,2
8/19/1968,5.43,10,4,2
8/20/1968,5.43,10,4,2
8/21/1968,5.46,10,4,2
8/22/1968,5.5,10,4,2
8/23/1968,5.47,10,4,2
8/26/1968,5.46,10,4,2
8/27/1968,5.46,10,4,2
8/28/1968,5.45,10,4,2
8/29/1968,5.43,10,4,2
8/30/1968,5.42,10,4,2
9/2/1968,,10,4,2
9/3/1968,5.41,10,4,2
9/4/1968,5.43,10,4,2
9/5/1968,5.46,10,4,2
9/6/1968,5.48,10,4,2
9/9/1968,5.49,10,4,2
9/10/1968,5.51,10,4,2
9/11/1968,5.5,10,4,2
9/12/1968,5.49,10,4,2
9/13/1968,5.48,10,4,2
9/16/1968,5.46,10,4,2
9/17/1968,5.46,10,4,2
9/18/1968,5.42,10,4,2
9/19/1968,5.43,10,4,2
9/20/1968,5.45,10,4,2
9/23/1968,5.45,10,4,2
9/24/1968,5.44,10,4,2
9/25/1968,5.44,10,4,2
9/26/1968,5.45,10,4,2
9/27/1968,5.46,10,4,2
9/30/1968,5.49,10,4,2
10/1/1968,5.49,10,4,2
10/2/1968,5.49,10,4,2
10/3/1968,5.5,10,4,2
10/4/1968,5.52,10,4,2
10/7/1968,5.55,10,4,2
10/8/1968,5.57,10,4,2
10/9/1968,5.6,10,4,2
10/10/1968,5.61,10,4,2
10/11/1968,5.61,10,4,2
10/14/1968,5.62,10,4,2
10/15/1968,5.65,10,4,2
10/16/1968,5.62,10,4,2
10/17/1968,5.58,10,4,2
10/18/1968,5.57,10,4,2
10/21/1968,5.58,10,4,2
10/22/1968,5.58,10,4,2
10/23/1968,5.58,10,4,2
10/24/1968,5.61,10,4,2
10/25/1968,5.6,10,4,2
10/28/1968,5.61,10,4,2
10/29/1968,5.62,10,4,2
10/30/1968,5.63,10,4,2
10/31/1968,5.61,10,4,2
11/1/1968,5.61,10,4,2
11/4/1968,5.63,10,4,2
11/5/1968,,10,4,2
11/6/1968,5.62,10,4,2
11/7/1968,5.63,10,4,2
11/8/1968,5.65,10,4,2
11/11/1968,,10,4,2
11/12/1968,5.68,10,4,2
11/13/1968,5.66,10,4,2
11/14/1968,5.66,10,4,2
11/15/1968,5.68,10,4,2
11/18/1968,5.71,10,4,2
11/19/1968,5.74,10,4,2
11/20/1968,5.74,10,4,2
11/21/1968,5.73,10,4,2
11/22/1968,5.74,10,4,2
11/25/1968,5.75,10,4,2
11/26/1968,5.76,10,4,2
11/27/1968,5.76,10,4,2
11/28/1968,,10,4,2
11/29/1968,5.78,10,4,2
12/2/1968,5.89,10,4,2
12/3/1968,5.96,10,4,2
12/4/1968,5.95,10,4,2
12/5/1968,5.93,10,4,2
12/6/1968,5.91,10,4,2
12/9/1968,5.92,10,4,2
12/10/1968,5.93,10,4,2
12/11/1968,5.93,10,4,2
12/12/1968,5.94,10,4,2
12/13/1968,5.93,10,4,2
12/16/1968,5.96,10,4,2
12/17/1968,5.97,10,4,2
12/18/1968,6,10,4,2
12/19/1968,6.07,10,4,2
12/20/1968,6.14,10,4,2
12/23/1968,6.23,10,4,2
12/24/1968,6.27,10,4,2
12/25/1968,,10,4,2
12/26/1968,6.17,10,4,2
12/27/1968,6.2,10,4,2
12/30/1968,6.21,10,4,2
12/31/1968,6.16,10,4,2
1/1/1969,,10,4,2
1/2/1969,6.04,10,4,2
1/3/1969,6.01,10,4,2
1/6/1969,6.04,10,4,2
1/7/1969,6.14,10,4,2
1/8/1969,6.09,10,4,2
1/9/1969,6.04,10,4,2
1/10/1969,6.03,10,4,2
1/13/1969,6.04,10,4,2
1/14/1969,6.04,10,4,2
1/15/1969,6.02,10,4,2
1/16/1969,5.98,10,4,2
1/17/1969,5.97,10,4,2
1/20/1969,5.95,10,4,2
1/21/1969,5.97,10,4,2
1/22/1969,6.03,10,4,2
1/23/1969,6.02,10,4,2
1/24/1969,6.01,10,4,2
1/27/1969,6.03,10,4,2
1/28/1969,6.05,10,4,2
1/29/1969,6.09,10,4,2
1/30/1969,6.14,10,4,2
1/31/1969,6.19,10,4,2
2/3/1969,6.22,10,4,2
2/4/1969,6.2,10,4,2
2/5/1969,6.19,10,4,2
2/6/1969,6.2,10,4,2
2/7/1969,6.14,10,4,2
2/10/1969,6.14,10,4,2
2/11/1969,6.1,10,4,2
2/12/1969,,10,4,2
2/13/1969,6.09,10,4,2
2/14/1969,6.11,10,4,2
2/17/1969,6.14,10,4,2
2/18/1969,6.16,10,4,2
2/19/1969,6.2,10,4,2
2/20/1969,6.23,10,4,2
2/21/1969,6.24,10,4,2
2/24/1969,6.22,10,4,2
2/25/1969,6.24,10,4,2
2/26/1969,6.24,10,4,2
2/27/1969,6.27,10,4,2
2/28/1969,6.26,10,4,2
3/3/1969,6.25,10,4,2
3/4/1969,6.24,10,4,2
3/5/1969,6.24,10,4,2
3/6/1969,6.26,10,4,2
3/7/1969,6.27,10,4,2
3/10/1969,6.27,10,4,2
3/11/1969,6.3,10,4,2
3/12/1969,6.31,10,4,2
3/13/1969,6.32,10,4,2
3/14/1969,6.31,10,4,2
3/17/1969,6.35,10,4,2
3/18/1969,6.35,10,4,2
3/19/1969,6.32,10,4,2
3/20/1969,6.31,10,4,2
3/21/1969,6.29,10,4,2
3/24/1969,6.28,10,4,2
3/25/1969,6.3,10,4,2
3/26/1969,6.32,10,4,2
3/27/1969,6.33,10,4,2
3/28/1969,6.3,10,4,2
3/31/1969,,10,4,2
4/1/1969,6.25,10,4,2
4/2/1969,6.25,10,4,2
4/3/1969,6.26,10,4,2
4/4/1969,,10,4,2
4/7/1969,6.28,10,4,2
4/8/1969,6.25,10,4,2
4/9/1969,6.19,10,4,2
4/10/1969,6.18,10,4,2
4/11/1969,6.15,10,4,2
4/14/1969,6.06,10,4,2
4/15/1969,6.11,10,4,2
4/16/1969,6.1,10,4,2
4/17/1969,6.13,10,4,2
4/18/1969,6.16,10,4,2
4/21/1969,6.14,10,4,2
4/22/1969,6.12,10,4,2
4/23/1969,6.12,10,4,2
4/24/1969,6.14,10,4,2
4/25/1969,6.15,10,4,2
4/28/1969,6.19,10,4,2
4/29/1969,6.21,10,4,2
4/30/1969,6.2,10,4,2
5/1/1969,6.25,10,4,2
5/2/1969,6.23,10,4,2
5/5/1969,6.19,10,4,2
5/6/1969,6.22,10,4,2
5/7/1969,6.22,10,4,2
5/8/1969,6.2,10,4,2
5/9/1969,6.23,10,4,2
5/12/1969,6.27,10,4,2
5/13/1969,6.25,10,4,2
5/14/1969,6.24,10,4,2
5/15/1969,6.26,10,4,2
5/16/1969,6.31,10,4,2
5/19/1969,6.36,10,4,2
5/20/1969,6.36,10,4,2
5/21/1969,6.36,10,4,2
5/22/1969,6.36,10,4,2
5/23/1969,6.38,10,4,2
5/26/1969,6.44,10,4,2
5/27/1969,6.54,10,4,2
5/28/1969,6.56,10,4,2
5/29/1969,6.56,10,4,2
5/30/1969,,10,4,2
6/2/1969,6.56,10,4,2
6/3/1969,6.55,10,4,2
6/4/1969,6.56,10,4,2
6/5/1969,6.54,10,4,2
6/6/1969,6.52,10,4,2
6/9/1969,6.59,10,4,2
6/10/1969,6.56,10,4,2
6/11/1969,6.56,10,4,2
6/12/1969,6.54,10,4,2
6/13/1969,6.51,10,4,2
6/16/1969,6.49,10,4,2
6/17/1969,6.52,10,4,2
6/18/1969,6.53,10,4,2
6/19/1969,6.57,10,4,2
6/20/1969,6.59,10,4,2
6/23/1969,6.6,10,4,2
6/24/1969,6.63,10,4,2
6/25/1969,6.63,10,4,2
6/26/1969,6.62,10,4,2
6/27/1969,6.66,10,4,2
6/30/1969,6.73,10,4,2
7/1/1969,6.75,10,4,2
7/2/1969,6.77,10,4,2
7/3/1969,6.75,10,4,2
7/4/1969,,10,4,2
7/7/1969,6.76,10,4,2
7/8/1969,6.79,10,4,2
7/9/1969,6.82,10,4,2
7/10/1969,6.78,10,4,2
7/11/1969,6.64,10,4,2
7/14/1969,6.69,10,4,2
7/15/1969,6.72,10,4,2
7/16/1969,6.67,10,4,2
7/17/1969,6.69,10,4,2
7/18/1969,6.7,10,4,2
7/21/1969,,10,4,2
7/22/1969,6.66,10,4,2
7/23/1969,6.68,10,4,2
7/24/1969,6.7,10,4,2
7/25/1969,6.71,10,4,2
7/28/1969,6.73,10,4,2
7/29/1969,6.72,10,4,2
7/30/1969,6.72,10,4,2
7/31/1969,6.66,10,4,2
8/1/1969,6.66,10,4,2
8/4/1969,6.63,10,4,2
8/5/1969,6.6,10,4,2
8/6/1969,6.62,10,4,2
8/7/1969,6.63,10,4,2
8/8/1969,6.64,10,4,2
8/11/1969,6.69,10,4,2
8/12/1969,6.7,10,4,2
8/13/1969,6.7,10,4,2
8/14/1969,6.68,10,4,2
8/15/1969,6.68,10,4,2
8/18/1969,6.66,10,4,2
8/19/1969,6.65,10,4,2
8/20/1969,6.66,10,4,2
8/21/1969,6.68,10,4,2
8/22/1969,6.71,10,4,2
8/25/1969,6.72,10,4,2
8/26/1969,6.76,10,4,2
8/27/1969,6.79,10,4,2
8/28/1969,6.83,10,4,2
8/29/1969,6.83,10,4,2
9/1/1969,,10,4,2
9/2/1969,6.87,10,4,2
9/3/1969,6.94,10,4,2
9/4/1969,6.96,10,4,2
9/5/1969,6.99,10,4,2
9/8/1969,7.03,10,4,2
9/9/1969,7.04,10,4,2
9/10/1969,7.02,10,4,2
9/11/1969,7.05,10,4,2
9/12/1969,7.08,10,4,2
9/15/1969,7.09,10,4,2
9/16/1969,7.14,10,4,2
9/17/1969,7.14,10,4,2
9/18/1969,7.27,10,4,2
9/19/1969,7.28,10,4,2
9/22/1969,7.26,10,4,2
9/23/1969,7.26,10,4,2
9/24/1969,7.27,10,4,2
9/25/1969,7.3,10,4,2
9/26/1969,7.4,10,4,2
9/29/1969,7.45,10,4,2
9/30/1969,7.51,10,4,2
10/1/1969,7.52,10,4,2
10/2/1969,7.45,10,4,2
10/3/1969,7.38,10,4,2
10/6/1969,7.35,10,4,2
10/7/1969,7.31,10,4,2
10/8/1969,7.29,10,4,2
10/9/1969,7.3,10,4,2
10/10/1969,7.22,10,4,2
10/13/1969,,10,4,2
10/14/1969,7.1,10,4,2
10/15/1969,7.12,10,4,2
10/16/1969,7.04,10,4,2
10/17/1969,6.99,10,4,2
10/20/1969,6.83,10,4,2
10/21/1969,6.77,10,4,2
10/22/1969,6.8,10,4,2
10/23/1969,6.9,10,4,2
10/24/1969,6.9,10,4,2
10/27/1969,6.93,10,4,2
10/28/1969,7,10,4,2
10/29/1969,7,10,4,2
10/30/1969,6.96,10,4,2
10/31/1969,6.94,10,4,2
11/3/1969,6.9,10,4,2
11/4/1969,,10,4,2
11/5/1969,6.97,10,4,2
11/6/1969,7.01,10,4,2
11/7/1969,6.99,10,4,2
11/10/1969,6.99,10,4,2
11/11/1969,,10,4,2
11/12/1969,7.06,10,4,2
11/13/1969,7.12,10,4,2
11/14/1969,7.08,10,4,2
11/17/1969,7.13,10,4,2
11/18/1969,7.22,10,4,2
11/19/1969,7.25,10,4,2
11/20/1969,7.31,10,4,2
11/21/1969,7.28,10,4,2
11/24/1969,7.27,10,4,2
11/25/1969,7.28,10,4,2
11/26/1969,7.3,10,4,2
11/27/1969,,10,4,2
11/28/1969,7.29,10,4,2
12/1/1969,7.29,10,4,2
12/2/1969,7.35,10,4,2
12/3/1969,7.39,10,4,2
12/4/1969,7.35,10,4,2
12/5/1969,7.35,10,4,2
12/8/1969,7.4,10,4,2
12/9/1969,7.5,10,4,2
12/10/1969,7.59,10,4,2
12/11/1969,7.62,10,4,2
12/12/1969,7.6,10,4,2
12/15/1969,7.63,10,4,2
12/16/1969,7.72,10,4,2
12/17/1969,7.76,10,4,2
12/18/1969,7.81,10,4,2
12/19/1969,7.79,10,4,2
12/22/1969,7.76,10,4,2
12/23/1969,7.82,10,4,2
12/24/1969,7.89,10,4,2
12/25/1969,,10,4,2
12/26/1969,7.87,10,4,2
12/29/1969,8.05,10,4,2
12/30/1969,7.97,10,4,2
12/31/1969,7.88,10,4,2
1/1/1970,,10,4,2
1/2/1970,7.86,10,4,2
1/5/1970,7.88,10,4,2
1/6/1970,7.96,10,4,2
1/7/1970,7.99,10,4,2
1/8/1970,7.96,10,4,2
1/9/1970,7.86,10,4,2
1/12/1970,7.82,10,4,2
1/13/1970,7.81,10,4,2
1/14/1970,7.86,10,4,2
1/15/1970,7.85,10,4,2
1/16/1970,7.75,10,4,2
1/19/1970,7.69,10,4,2
1/20/1970,7.72,10,4,2
1/21/1970,7.69,10,4,2
1/22/1970,7.67,10,4,2
1/23/1970,7.69,10,4,2
1/26/1970,7.71,10,4,2
1/27/1970,7.7,10,4,2
1/28/1970,7.7,10,4,2
1/29/1970,7.77,10,4,2
1/30/1970,7.75,10,4,2
2/2/1970,7.65,10,4,2
2/3/1970,7.58,10,4,2
2/4/1970,7.5,10,4,2
2/5/1970,7.45,10,4,2
2/6/1970,7.36,10,4,2
2/9/1970,7.28,10,4,2
2/10/1970,7.32,10,4,2
2/11/1970,7.33,10,4,2
2/12/1970,,10,4,2
2/13/1970,7.15,10,4,2
2/16/1970,7.17,10,4,2
2/17/1970,7.15,10,4,2
2/18/1970,7.12,10,4,2
2/19/1970,7.09,10,4,2
2/20/1970,7.12,10,4,2
2/23/1970,,10,4,2
2/24/1970,7.14,10,4,2
2/25/1970,7.04,10,4,2
2/26/1970,6.94,10,4,2
2/27/1970,6.9,10,4,2
3/2/1970,6.95,10,4,2
3/3/1970,6.99,10,4,2
3/4/1970,6.97,10,4,2
3/5/1970,6.98,10,4,2
3/6/1970,6.96,10,4,2
3/9/1970,6.99,10,4,2
3/10/1970,7.04,10,4,2
3/11/1970,7.11,10,4,2
3/12/1970,7.16,10,4,2
3/13/1970,7.23,10,4,2
3/16/1970,7.24,10,4,2
3/17/1970,7.36,10,4,2
3/18/1970,7.28,10,4,2
3/19/1970,7.07,10,4,2
3/20/1970,7.06,10,4,2
3/23/1970,7.05,10,4,2
3/24/1970,7.02,10,4,2
3/25/1970,6.96,10,4,2
3/26/1970,6.98,10,4,2
3/27/1970,,10,4,2
3/30/1970,7.05,10,4,2
3/31/1970,7.08,10,4,2
4/1/1970,7.04,10,4,2
4/2/1970,7.08,10,4,2
4/3/1970,7.14,10,4,2
4/6/1970,7.17,10,4,2
4/7/1970,7.18,10,4,2
4/8/1970,7.17,10,4,2
4/9/1970,7.18,10,4,2
4/10/1970,7.17,10,4,2
4/13/1970,7.2,10,4,2
4/14/1970,7.22,10,4,2
4/15/1970,7.27,10,4,2
4/16/1970,7.34,10,4,2
4/17/1970,7.4,10,4,2
4/20/1970,7.44,10,4,2
4/21/1970,7.5,10,4,2
4/22/1970,7.61,10,4,2
4/23/1970,7.64,10,4,2
4/24/1970,7.72,10,4,2
4/27/1970,7.74,10,4,2
4/28/1970,7.79,10,4,2
4/29/1970,7.78,10,4,2
4/30/1970,7.82,10,4,2
5/1/1970,7.85,10,4,2
5/4/1970,7.94,10,4,2
5/5/1970,7.92,10,4,2
5/6/1970,7.86,10,4,2
5/7/1970,7.82,10,4,2
5/8/1970,7.78,10,4,2
5/11/1970,7.82,10,4,2
5/12/1970,7.84,10,4,2
5/13/1970,7.85,10,4,2
5/14/1970,7.86,10,4,2
5/15/1970,7.83,10,4,2
5/18/1970,7.8,10,4,2
5/19/1970,7.8,10,4,2
5/20/1970,7.85,10,4,2
5/21/1970,7.9,10,4,2
5/22/1970,7.99,10,4,2
5/25/1970,8.15,10,4,2
5/26/1970,8.22,10,4,2
5/27/1970,8.02,10,4,2
5/28/1970,7.98,10,4,2
5/29/1970,7.95,10,4,2
6/1/1970,7.84,10,4,2
6/2/1970,7.78,10,4,2
6/3/1970,7.76,10,4,2
6/4/1970,7.8,10,4,2
6/5/1970,7.88,10,4,2
6/8/1970,7.89,10,4,2
6/9/1970,7.88,10,4,2
6/10/1970,7.87,10,4,2
6/11/1970,7.92,10,4,2
6/12/1970,7.98,10,4,2
6/15/1970,7.98,10,4,2
6/16/1970,7.87,10,4,2
6/17/1970,7.9,10,4,2
6/18/1970,7.9,10,4,2
6/19/1970,7.9,10,4,2
6/22/1970,7.86,10,4,2
6/23/1970,7.79,10,4,2
6/24/1970,7.74,10,4,2
6/25/1970,7.76,10,4,2
6/26/1970,7.78,10,4,2
6/29/1970,7.76,10,4,2
6/30/1970,7.68,10,4,2
7/1/1970,7.64,10,4,2
7/2/1970,7.55,10,4,2
7/3/1970,,10,4,2
7/6/1970,7.49,10,4,2
7/7/1970,7.46,10,4,2
7/8/1970,7.49,10,4,2
7/9/1970,7.49,10,4,2
7/10/1970,7.54,10,4,2
7/13/1970,7.55,10,4,2
7/14/1970,7.53,10,4,2
7/15/1970,7.49,10,4,2
7/16/1970,7.46,10,4,2
7/17/1970,7.45,10,4,2
7/20/1970,7.46,10,4,2
7/21/1970,7.45,10,4,2
7/22/1970,7.43,10,4,2
7/23/1970,7.32,10,4,2
7/24/1970,7.34,10,4,2
7/27/1970,7.36,10,4,2
7/28/1970,7.41,10,4,2
7/29/1970,7.39,10,4,2
7/30/1970,7.38,10,4,2
7/31/1970,7.38,10,4,2
8/3/1970,7.39,10,4,2
8/4/1970,7.4,10,4,2
8/5/1970,7.42,10,4,2
8/6/1970,7.43,10,4,2
8/7/1970,7.45,10,4,2
8/10/1970,7.5,10,4,2
8/11/1970,7.54,10,4,2
8/12/1970,7.56,10,4,2
8/13/1970,7.58,10,4,2
8/14/1970,7.67,10,4,2
8/17/1970,7.71,10,4,2
8/18/1970,7.68,10,4,2
8/19/1970,7.65,10,4,2
8/20/1970,7.64,10,4,2
8/21/1970,7.6,10,4,2
8/24/1970,7.48,10,4,2
8/25/1970,7.46,10,4,2
8/26/1970,7.45,10,4,2
8/27/1970,7.48,10,4,2
8/28/1970,7.49,10,4,2
8/31/1970,7.49,10,4,2
9/1/1970,7.47,10,4,2
9/2/1970,7.48,10,4,2
9/3/1970,7.48,10,4,2
9/4/1970,7.47,10,4,2
9/7/1970,,10,4,2
9/8/1970,7.5,10,4,2
9/9/1970,7.54,10,4,2
9/10/1970,7.52,10,4,2
9/11/1970,7.5,10,4,2
9/14/1970,7.48,10,4,2
9/15/1970,7.46,10,4,2
9/16/1970,7.4,10,4,2
9/17/1970,7.32,10,4,2
9/18/1970,7.31,10,4,2
9/21/1970,7.29,10,4,2
9/22/1970,7.28,10,4,2
9/23/1970,7.24,10,4,2
9/24/1970,7.26,10,4,2
9/25/1970,7.28,10,4,2
9/28/1970,7.31,10,4,2
9/29/1970,7.3,10,4,2
9/30/1970,7.29,10,4,2
10/1/1970,7.29,10,4,2
10/2/1970,7.26,10,4,2
10/5/1970,7.26,10,4,2
10/6/1970,7.24,10,4,2
10/7/1970,7.23,10,4,2
10/8/1970,7.25,10,4,2
10/9/1970,7.25,10,4,2
10/12/1970,,10,4,2
10/13/1970,7.25,10,4,2
10/14/1970,7.3,10,4,2
10/15/1970,7.3,10,4,2
10/16/1970,7.31,10,4,2
10/19/1970,7.35,10,4,2
10/20/1970,7.37,10,4,2
10/21/1970,7.42,10,4,2
10/22/1970,7.46,10,4,2
10/23/1970,7.44,10,4,2
10/26/1970,7.44,10,4,2
10/27/1970,7.42,10,4,2
10/28/1970,7.38,10,4,2
10/29/1970,7.31,10,4,2
10/30/1970,7.33,10,4,2
11/2/1970,7.24,10,4,2
11/3/1970,,10,4,2
11/4/1970,7.23,10,4,2
11/5/1970,7.2,10,4,2
11/6/1970,7.15,10,4,2
11/9/1970,7.06,10,4,2
11/10/1970,7.06,10,4,2
11/11/1970,,10,4,2
11/12/1970,7.03,10,4,2
11/13/1970,7,10,4,2
11/16/1970,6.96,10,4,2
11/17/1970,6.93,10,4,2
11/18/1970,6.86,10,4,2
11/19/1970,6.72,10,4,2
11/20/1970,6.48,10,4,2
11/23/1970,6.32,10,4,2
11/24/1970,6.45,10,4,2
11/25/1970,6.48,10,4,2
11/26/1970,,10,4,2
11/27/1970,6.48,10,4,2
11/30/1970,6.49,10,4,2
12/1/1970,6.48,10,4,2
12/2/1970,6.41,10,4,2
12/3/1970,6.31,10,4,2
12/4/1970,6.21,10,4,2
12/7/1970,6.27,10,4,2
12/8/1970,6.29,10,4,2
12/9/1970,6.34,10,4,2
12/10/1970,6.34,10,4,2
12/11/1970,6.31,10,4,2
12/14/1970,6.26,10,4,2
12/15/1970,6.29,10,4,2
12/16/1970,6.29,10,4,2
12/17/1970,6.3,10,4,2
12/18/1970,6.33,10,4,2
12/21/1970,6.45,10,4,2
12/22/1970,6.52,10,4,2
12/23/1970,6.57,10,4,2
12/24/1970,6.53,10,4,2
12/25/1970,,10,4,2
12/28/1970,6.54,10,4,2
12/29/1970,6.56,10,4,2
12/30/1970,6.51,10,4,2
12/31/1970,6.5,10,4,2
1/1/1971,,10,4,2
1/4/1971,6.46,10,4,2
1/5/1971,6.47,10,4,2
1/6/1971,6.47,10,4,2
1/7/1971,6.45,10,4,2
1/8/1971,6.44,10,4,2
1/11/1971,6.39,10,4,2
1/12/1971,6.35,10,4,2
1/13/1971,6.29,10,4,2
1/14/1971,6.22,10,4,2
1/15/1971,6.22,10,4,2
1/18/1971,6.16,10,4,2
1/19/1971,6.17,10,4,2
1/20/1971,6.15,10,4,2
1/21/1971,6.09,10,4,2
1/22/1971,6.06,10,4,2
1/25/1971,6.05,10,4,2
1/26/1971,6.07,10,4,2
1/27/1971,6.09,10,4,2
1/28/1971,6.08,10,4,2
1/29/1971,6.09,10,4,2
2/1/1971,6.09,10,4,2
2/2/1971,6.11,10,4,2
2/3/1971,6.11,10,4,2
2/4/1971,6.1,10,4,2
2/5/1971,6.1,10,4,2
2/8/1971,6.09,10,4,2
2/9/1971,6.07,10,4,2
2/10/1971,6.08,10,4,2
2/11/1971,6.08,10,4,2
2/12/1971,,10,4,2
2/15/1971,,10,4,2
2/16/1971,6.11,10,4,2
2/17/1971,6.11,10,4,2
2/18/1971,6.11,10,4,2
2/19/1971,6.12,10,4,2
2/22/1971,6.15,10,4,2
2/23/1971,6.18,10,4,2
2/24/1971,6.16,10,4,2
2/25/1971,6.11,10,4,2
2/26/1971,6.14,10,4,2
3/1/1971,6.12,10,4,2
3/2/1971,6.09,10,4,2
3/3/1971,6.05,10,4,2
3/4/1971,6.05,10,4,2
3/5/1971,6.03,10,4,2
3/8/1971,5.99,10,4,2
3/9/1971,5.9,10,4,2
3/10/1971,5.8,10,4,2
3/11/1971,5.69,10,4,2
3/12/1971,5.72,10,4,2
3/15/1971,5.7,10,4,2
3/16/1971,5.68,10,4,2
3/17/1971,5.61,10,4,2
3/18/1971,5.55,10,4,2
3/19/1971,5.51,10,4,2
3/22/1971,5.42,10,4,2
3/23/1971,5.38,10,4,2
3/24/1971,5.41,10,4,2
3/25/1971,5.43,10,4,2
3/26/1971,5.48,10,4,2
3/29/1971,5.54,10,4,2
3/30/1971,5.5,10,4,2
3/31/1971,5.53,10,4,2
4/1/1971,5.58,10,4,2
4/2/1971,5.6,10,4,2
4/5/1971,5.63,10,4,2
4/6/1971,5.6,10,4,2
4/7/1971,5.58,10,4,2
4/8/1971,5.62,10,4,2
4/9/1971,,10,4,2
4/12/1971,5.73,10,4,2
4/13/1971,5.72,10,4,2
4/14/1971,5.77,10,4,2
4/15/1971,5.8,10,4,2
4/16/1971,5.82,10,4,2
4/19/1971,5.88,10,4,2
4/20/1971,5.97,10,4,2
4/21/1971,6.04,10,4,2
4/22/1971,6.02,10,4,2
4/23/1971,6.01,10,4,2
4/26/1971,6,10,4,2
4/27/1971,6,10,4,2
4/28/1971,5.99,10,4,2
4/29/1971,6.07,10,4,2
4/30/1971,6.08,10,4,2
5/3/1971,6.15,10,4,2
5/4/1971,6.25,10,4,2
5/5/1971,6.26,10,4,2
5/6/1971,6.28,10,4,2
5/7/1971,6.25,10,4,2
5/10/1971,6.22,10,4,2
5/11/1971,6.26,10,4,2
5/12/1971,6.35,10,4,2
5/13/1971,6.47,10,4,2
5/14/1971,6.49,10,4,2
5/17/1971,6.57,10,4,2
5/18/1971,6.65,10,4,2
5/19/1971,6.6,10,4,2
5/20/1971,6.49,10,4,2
5/21/1971,6.53,10,4,2
5/24/1971,6.49,10,4,2
5/25/1971,6.44,10,4,2
5/26/1971,6.37,10,4,2
5/27/1971,6.35,10,4,2
5/28/1971,6.38,10,4,2
5/31/1971,,10,4,2
6/1/1971,6.36,10,4,2
6/2/1971,6.24,10,4,2
6/3/1971,6.19,10,4,2
6/4/1971,6.26,10,4,2
6/7/1971,6.34,10,4,2
6/8/1971,6.38,10,4,2
6/9/1971,6.44,10,4,2
6/10/1971,6.48,10,4,2
6/11/1971,6.5,10,4,2
6/14/1971,6.63,10,4,2
6/15/1971,6.73,10,4,2
6/16/1971,6.68,10,4,2
6/17/1971,6.68,10,4,2
6/18/1971,6.58,10,4,2
6/21/1971,6.53,10,4,2
6/22/1971,6.62,10,4,2
6/23/1971,6.61,10,4,2
6/24/1971,6.61,10,4,2
6/25/1971,6.62,10,4,2
6/28/1971,6.64,10,4,2
6/29/1971,6.67,10,4,2
6/30/1971,6.7,10,4,2
7/1/1971,6.69,10,4,2
7/2/1971,6.69,10,4,2
7/5/1971,,10,4,2
7/6/1971,6.68,10,4,2
7/7/1971,6.66,10,4,2
7/8/1971,6.67,10,4,2
7/9/1971,6.68,10,4,2
7/12/1971,6.6,10,4,2
7/13/1971,6.61,10,4,2
7/14/1971,6.6,10,4,2
7/15/1971,6.59,10,4,2
7/16/1971,6.66,10,4,2
7/19/1971,6.71,10,4,2
7/20/1971,6.7,10,4,2
7/21/1971,6.7,10,4,2
7/22/1971,6.79,10,4,2
7/23/1971,6.84,10,4,2
7/26/1971,6.86,10,4,2
7/27/1971,6.91,10,4,2
7/28/1971,6.95,10,4,2
7/29/1971,6.88,10,4,2
7/30/1971,6.85,10,4,2
8/2/1971,6.86,10,4,2
8/3/1971,6.91,10,4,2
8/4/1971,6.89,10,4,2
8/5/1971,6.86,10,4,2
8/6/1971,6.86,10,4,2
8/9/1971,6.88,10,4,2
8/10/1971,6.89,10,4,2
8/11/1971,6.86,10,4,2
8/12/1971,6.8,10,4,2
8/13/1971,6.68,10,4,2
8/16/1971,6.41,10,4,2
8/17/1971,6.3,10,4,2
8/18/1971,6.35,10,4,2
8/19/1971,6.34,10,4,2
8/20/1971,6.37,10,4,2
8/23/1971,6.48,10,4,2
8/24/1971,6.38,10,4,2
8/25/1971,6.4,10,4,2
8/26/1971,6.37,10,4,2
8/27/1971,6.33,10,4,2
8/30/1971,6.32,10,4,2
8/31/1971,6.28,10,4,2
9/1/1971,6.22,10,4,2
9/2/1971,6.17,10,4,2
9/3/1971,6.12,10,4,2
9/6/1971,,10,4,2
9/7/1971,6.07,10,4,2
9/8/1971,6.08,10,4,2
9/9/1971,6.13,10,4,2
9/10/1971,6.12,10,4,2
9/13/1971,6.2,10,4,2
9/14/1971,6.18,10,4,2
9/15/1971,6.17,10,4,2
9/16/1971,6.14,10,4,2
9/17/1971,6.13,10,4,2
9/20/1971,6.15,10,4,2
9/21/1971,6.17,10,4,2
9/22/1971,6.19,10,4,2
9/23/1971,6.2,10,4,2
9/24/1971,6.16,10,4,2
9/27/1971,6.13,10,4,2
9/28/1971,6.12,10,4,2
9/29/1971,6.08,10,4,2
9/30/1971,6,10,4,2
10/1/1971,6,10,4,2
10/4/1971,5.98,10,4,2
10/5/1971,6.01,10,4,2
10/6/1971,5.98,10,4,2
10/7/1971,5.97,10,4,2
10/8/1971,5.94,10,4,2
10/11/1971,,10,4,2
10/12/1971,5.88,10,4,2
10/13/1971,5.86,10,4,2
10/14/1971,5.88,10,4,2
10/15/1971,5.9,10,4,2
10/18/1971,5.95,10,4,2
10/19/1971,5.96,10,4,2
10/20/1971,5.92,10,4,2
10/21/1971,5.88,10,4,2
10/22/1971,5.9,10,4,2
10/25/1971,,10,4,2
10/26/1971,5.89,10,4,2
10/27/1971,5.92,10,4,2
10/28/1971,5.9,10,4,2
10/29/1971,5.87,10,4,2
11/1/1971,5.8,10,4,2
11/2/1971,,10,4,2
11/3/1971,5.72,10,4,2
11/4/1971,5.72,10,4,2
11/5/1971,5.72,10,4,2
11/8/1971,5.77,10,4,2
11/9/1971,5.77,10,4,2
11/10/1971,5.82,10,4,2
11/11/1971,5.79,10,4,2
11/12/1971,5.77,10,4,2
11/15/1971,5.77,10,4,2
11/16/1971,5.76,10,4,2
11/17/1971,5.75,10,4,2
11/18/1971,5.77,10,4,2
11/19/1971,5.79,10,4,2
11/22/1971,5.82,10,4,2
11/23/1971,5.89,10,4,2
11/24/1971,5.95,10,4,2
11/25/1971,,10,4,2
11/26/1971,5.94,10,4,2
11/29/1971,5.95,10,4,2
11/30/1971,5.93,10,4,2
12/1/1971,5.92,10,4,2
12/2/1971,5.9,10,4,2
12/3/1971,5.88,10,4,2
12/6/1971,5.88,10,4,2
12/7/1971,5.92,10,4,2
12/8/1971,5.92,10,4,2
12/9/1971,5.94,10,4,2
12/10/1971,5.93,10,4,2
12/13/1971,5.9,10,4,2
12/14/1971,5.94,10,4,2
12/15/1971,5.96,10,4,2
12/16/1971,5.95,10,4,2
12/17/1971,5.93,10,4,2
12/20/1971,5.97,10,4,2
12/21/1971,6,10,4,2
12/22/1971,6.01,10,4,2
12/23/1971,5.97,10,4,2
12/24/1971,,10,4,2
12/27/1971,5.91,10,4,2
12/28/1971,5.86,10,4,2
12/29/1971,5.9,10,4,2
12/30/1971,5.9,10,4,2
12/31/1971,5.89,10,4,2
1/3/1972,5.94,10,4,2
1/4/1972,5.93,10,4,2
1/5/1972,5.91,10,4,2
1/6/1972,5.9,10,4,2
1/7/1972,5.88,10,4,2
1/10/1972,5.86,10,4,2
1/11/1972,5.88,10,4,2
1/12/1972,5.88,10,4,2
1/13/1972,5.86,10,4,2
1/14/1972,5.85,10,4,2
1/17/1972,5.89,10,4,2
1/18/1972,5.92,10,4,2
1/19/1972,5.96,10,4,2
1/20/1972,5.98,10,4,2
1/21/1972,5.99,10,4,2
1/24/1972,6.02,10,4,2
1/25/1972,6.02,10,4,2
1/26/1972,6.01,10,4,2
1/27/1972,6.05,10,4,2
1/28/1972,6.08,10,4,2
1/31/1972,6.09,10,4,2
2/1/1972,6.09,10,4,2
2/2/1972,6.08,10,4,2
2/3/1972,6.08,10,4,2
2/4/1972,6.08,10,4,2
2/7/1972,6.09,10,4,2
2/8/1972,6.11,10,4,2
2/9/1972,6.12,10,4,2
2/10/1972,6.11,10,4,2
2/11/1972,6.12,10,4,2
2/14/1972,6.1,10,4,2
2/15/1972,6.1,10,4,2
2/16/1972,6.08,10,4,2
2/17/1972,6.06,10,4,2
2/18/1972,6.06,10,4,2
2/21/1972,,10,4,2
2/22/1972,6.06,10,4,2
2/23/1972,6.07,10,4,2
2/24/1972,6.07,10,4,2
2/25/1972,6.06,10,4,2
2/28/1972,6.04,10,4,2
2/29/1972,6.04,10,4,2
3/1/1972,6.04,10,4,2
3/2/1972,6.03,10,4,2
3/3/1972,6.02,10,4,2
3/6/1972,6.01,10,4,2
3/7/1972,6.02,10,4,2
3/8/1972,6.02,10,4,2
3/9/1972,6.02,10,4,2
3/10/1972,6.03,10,4,2
3/13/1972,6.07,10,4,2
3/14/1972,6.06,10,4,2
3/15/1972,6.11,10,4,2
3/16/1972,6.08,10,4,2
3/17/1972,6.08,10,4,2
3/20/1972,6.09,10,4,2
3/21/1972,6.08,10,4,2
3/22/1972,6.08,10,4,2
3/23/1972,6.1,10,4,2
3/24/1972,6.12,10,4,2
3/27/1972,6.1,10,4,2
3/28/1972,6.11,10,4,2
3/29/1972,6.12,10,4,2
3/30/1972,6.12,10,4,2
3/31/1972,,10,4,2
4/3/1972,6.14,10,4,2
4/4/1972,6.18,10,4,2
4/5/1972,6.18,10,4,2
4/6/1972,6.18,10,4,2
4/7/1972,6.18,10,4,2
4/10/1972,6.17,10,4,2
4/11/1972,6.18,10,4,2
4/12/1972,6.21,10,4,2
4/13/1972,6.25,10,4,2
4/14/1972,6.25,10,4,2
4/17/1972,6.24,10,4,2
4/18/1972,6.24,10,4,2
4/19/1972,6.22,10,4,2
4/20/1972,6.21,10,4,2
4/21/1972,6.2,10,4,2
4/24/1972,6.21,10,4,2
4/25/1972,6.21,10,4,2
4/26/1972,6.19,10,4,2
4/27/1972,6.11,10,4,2
4/28/1972,6.14,10,4,2
5/1/1972,6.14,10,4,2
5/2/1972,6.16,10,4,2
5/3/1972,6.17,10,4,2
5/4/1972,6.17,10,4,2
5/5/1972,6.17,10,4,2
5/8/1972,6.17,10,4,2
5/9/1972,6.2,10,4,2
5/10/1972,6.19,10,4,2
5/11/1972,6.19,10,4,2
5/12/1972,6.16,10,4,2
5/15/1972,6.16,10,4,2
5/16/1972,6.16,10,4,2
5/17/1972,6.15,10,4,2
5/18/1972,6.13,10,4,2
5/19/1972,6.1,10,4,2
5/22/1972,6.07,10,4,2
5/23/1972,6.05,10,4,2
5/24/1972,6.06,10,4,2
5/25/1972,6.04,10,4,2
5/26/1972,6.04,10,4,2
5/29/1972,,10,4,2
5/30/1972,6.05,10,4,2
5/31/1972,6.05,10,4,2
6/1/1972,6.07,10,4,2
6/2/1972,6.09,10,4,2
6/5/1972,6.1,10,4,2
6/6/1972,6.13,10,4,2
6/7/1972,6.12,10,4,2
6/8/1972,6.12,10,4,2
6/9/1972,6.11,10,4,2
6/12/1972,6.1,10,4,2
6/13/1972,6.1,10,4,2
6/14/1972,6.1,10,4,2
6/15/1972,6.1,10,4,2
6/16/1972,6.1,10,4,2
6/19/1972,6.08,10,4,2
6/20/1972,6.08,10,4,2
6/21/1972,6.09,10,4,2
6/22/1972,6.11,10,4,2
6/23/1972,6.1,10,4,2
6/26/1972,6.12,10,4,2
6/27/1972,6.12,10,4,2
6/28/1972,6.12,10,4,2
6/29/1972,6.14,10,4,2
6/30/1972,6.15,10,4,2
7/3/1972,6.14,10,4,2
7/4/1972,,10,4,2
7/5/1972,6.13,10,4,2
7/6/1972,6.13,10,4,2
7/7/1972,6.13,10,4,2
7/10/1972,6.13,10,4,2
7/11/1972,6.13,10,4,2
7/12/1972,6.12,10,4,2
7/13/1972,6.11,10,4,2
7/14/1972,6.1,10,4,2
7/17/1972,6.11,10,4,2
7/18/1972,6.11,10,4,2
7/19/1972,6.09,10,4,2
7/20/1972,6.09,10,4,2
7/21/1972,6.1,10,4,2
7/24/1972,6.1,10,4,2
7/25/1972,6.09,10,4,2
7/26/1972,6.08,10,4,2
7/27/1972,6.13,10,4,2
7/28/1972,6.12,10,4,2
7/31/1972,6.12,10,4,2
8/1/1972,6.14,10,4,2
8/2/1972,6.14,10,4,2
8/3/1972,6.15,10,4,2
8/4/1972,6.16,10,4,2
8/7/1972,6.16,10,4,2
8/8/1972,6.15,10,4,2
8/9/1972,6.14,10,4,2
8/10/1972,6.14,10,4,2
8/11/1972,6.14,10,4,2
8/14/1972,6.16,10,4,2
8/15/1972,6.17,10,4,2
8/16/1972,6.18,10,4,2
8/17/1972,6.2,10,4,2
8/18/1972,6.21,10,4,2
8/21/1972,6.21,10,4,2
8/22/1972,6.2,10,4,2
8/23/1972,6.22,10,4,2
8/24/1972,6.23,10,4,2
8/25/1972,6.26,10,4,2
8/28/1972,6.3,10,4,2
8/29/1972,6.34,10,4,2
8/30/1972,6.42,10,4,2
8/31/1972,6.42,10,4,2
9/1/1972,6.43,10,4,2
9/4/1972,,10,4,2
9/5/1972,6.46,10,4,2
9/6/1972,6.49,10,4,2
9/7/1972,6.52,10,4,2
9/8/1972,6.56,10,4,2
9/11/1972,6.54,10,4,2
9/12/1972,6.54,10,4,2
9/13/1972,6.54,10,4,2
9/14/1972,6.57,10,4,2
9/15/1972,6.56,10,4,2
9/18/1972,6.55,10,4,2
9/19/1972,6.55,10,4,2
9/20/1972,6.56,10,4,2
9/21/1972,6.59,10,4,2
9/22/1972,6.62,10,4,2
9/25/1972,6.62,10,4,2
9/26/1972,6.6,10,4,2
9/27/1972,6.59,10,4,2
9/28/1972,6.56,10,4,2
9/29/1972,6.54,10,4,2
10/2/1972,6.54,10,4,2
10/3/1972,6.54,10,4,2
10/4/1972,6.53,10,4,2
10/5/1972,6.53,10,4,2
10/6/1972,6.52,10,4,2
10/9/1972,,10,4,2
10/10/1972,6.48,10,4,2
10/11/1972,6.47,10,4,2
10/12/1972,6.5,10,4,2
10/13/1972,6.5,10,4,2
10/16/1972,6.49,10,4,2
10/17/1972,6.49,10,4,2
10/18/1972,6.49,10,4,2
10/19/1972,6.48,10,4,2
10/20/1972,6.47,10,4,2
10/23/1972,,10,4,2
10/24/1972,6.45,10,4,2
10/25/1972,6.44,10,4,2
10/26/1972,6.42,10,4,2
10/27/1972,6.42,10,4,2
10/30/1972,6.42,10,4,2
10/31/1972,6.41,10,4,2
11/1/1972,6.39,10,4,2
11/2/1972,6.34,10,4,2
11/3/1972,6.3,10,4,2
11/6/1972,6.27,10,4,2
11/7/1972,,10,4,2
11/8/1972,6.3,10,4,2
11/9/1972,6.3,10,4,2
11/10/1972,6.3,10,4,2
11/13/1972,6.27,10,4,2
11/14/1972,6.26,10,4,2
11/15/1972,6.23,10,4,2
11/16/1972,6.24,10,4,2
11/17/1972,6.24,10,4,2
11/20/1972,6.23,10,4,2
11/21/1972,6.26,10,4,2
11/22/1972,6.27,10,4,2
11/23/1972,,10,4,2
11/24/1972,6.27,10,4,2
11/27/1972,6.3,10,4,2
11/28/1972,6.29,10,4,2
11/29/1972,6.27,10,4,2
11/30/1972,6.28,10,4,2
12/1/1972,6.29,10,4,2
12/4/1972,6.3,10,4,2
12/5/1972,6.31,10,4,2
12/6/1972,6.31,10,4,2
12/7/1972,6.31,10,4,2
12/8/1972,6.32,10,4,2
12/11/1972,6.34,10,4,2
12/12/1972,6.35,10,4,2
12/13/1972,6.35,10,4,2
12/14/1972,6.35,10,4,2
12/15/1972,6.35,10,4,2
12/18/1972,6.38,10,4,2
12/19/1972,6.4,10,4,2
12/20/1972,6.4,10,4,2
12/21/1972,6.4,10,4,2
12/22/1972,6.4,10,4,2
12/25/1972,,10,4,2
12/26/1972,6.39,10,4,2
12/27/1972,6.4,10,4,2
12/28/1972,6.41,10,4,2
12/29/1972,6.41,10,4,2
1/1/1973,,10,4,2
1/2/1973,6.43,10,4,2
1/3/1973,6.42,10,4,2
1/4/1973,6.4,10,4,2
1/5/1973,6.42,10,4,2
1/8/1973,6.43,10,4,2
1/9/1973,6.42,10,4,2
1/10/1973,6.43,10,4,2
1/11/1973,6.43,10,4,2
1/12/1973,6.44,10,4,2
1/15/1973,6.44,10,4,2
1/16/1973,6.44,10,4,2
1/17/1973,6.45,10,4,2
1/18/1973,6.46,10,4,2
1/19/1973,6.49,10,4,2
1/22/1973,6.5,10,4,2
1/23/1973,6.48,10,4,2
1/24/1973,6.49,10,4,2
1/25/1973,6.51,10,4,2
1/26/1973,6.53,10,4,2
1/29/1973,6.55,10,4,2
1/30/1973,6.52,10,4,2
1/31/1973,6.54,10,4,2
2/1/1973,6.6,10,4,2
2/2/1973,6.64,10,4,2
2/5/1973,6.64,10,4,2
2/6/1973,6.64,10,4,2
2/7/1973,6.64,10,4,2
2/8/1973,6.66,10,4,2
2/9/1973,6.63,10,4,2
2/12/1973,,10,4,2
2/13/1973,6.61,10,4,2
2/14/1973,6.62,10,4,2
2/15/1973,6.62,10,4,2
2/16/1973,6.63,10,4,2
2/19/1973,,10,4,2
2/20/1973,6.66,10,4,2
2/21/1973,6.66,10,4,2
2/22/1973,6.65,10,4,2
2/23/1973,6.61,10,4,2
2/26/1973,6.65,10,4,2
2/27/1973,6.64,10,4,2
2/28/1973,6.64,10,4,2
3/1/1973,6.65,10,4,2
3/2/1973,6.67,10,4,2
3/5/1973,6.68,10,4,2
3/6/1973,6.68,10,4,2
3/7/1973,6.66,10,4,2
3/8/1973,6.67,10,4,2
3/9/1973,6.68,10,4,2
3/12/1973,6.68,10,4,2
3/13/1973,6.7,10,4,2
3/14/1973,6.71,10,4,2
3/15/1973,6.73,10,4,2
3/16/1973,6.77,10,4,2
3/19/1973,6.75,10,4,2
3/20/1973,6.76,10,4,2
3/21/1973,6.76,10,4,2
3/22/1973,6.76,10,4,2
3/23/1973,6.76,10,4,2
3/26/1973,6.73,10,4,2
3/27/1973,6.72,10,4,2
3/28/1973,6.67,10,4,2
3/29/1973,6.68,10,4,2
3/30/1973,6.73,10,4,2
4/2/1973,6.74,10,4,2
4/3/1973,6.73,10,4,2
4/4/1973,6.7,10,4,2
4/5/1973,6.68,10,4,2
4/6/1973,6.64,10,4,2
4/9/1973,6.62,10,4,2
4/10/1973,6.64,10,4,2
4/11/1973,6.65,10,4,2
4/12/1973,6.66,10,4,2
4/13/1973,6.63,10,4,2
4/16/1973,6.62,10,4,2
4/17/1973,6.64,10,4,2
4/18/1973,6.64,10,4,2
4/19/1973,6.66,10,4,2
4/20/1973,,10,4,2
4/23/1973,6.73,10,4,2
4/24/1973,6.66,10,4,2
4/25/1973,6.66,10,4,2
4/26/1973,6.68,10,4,2
4/27/1973,6.69,10,4,2
4/30/1973,6.7,10,4,2
5/1/1973,6.72,10,4,2
5/2/1973,6.76,10,4,2
5/3/1973,6.77,10,4,2
5/4/1973,6.79,10,4,2
5/7/1973,6.81,10,4,2
5/8/1973,6.8,10,4,2
5/9/1973,6.8,10,4,2
5/10/1973,6.81,10,4,2
5/11/1973,6.82,10,4,2
5/14/1973,6.83,10,4,2
5/15/1973,6.86,10,4,2
5/16/1973,6.84,10,4,2
5/17/1973,6.85,10,4,2
5/18/1973,6.86,10,4,2
5/21/1973,6.89,10,4,2
5/22/1973,6.9,10,4,2
5/23/1973,6.92,10,4,2
5/24/1973,6.91,10,4,2
5/25/1973,6.91,10,4,2
5/28/1973,,10,4,2
5/29/1973,6.93,10,4,2
5/30/1973,6.93,10,4,2
5/31/1973,6.93,10,4,2
6/1/1973,6.96,10,4,2
6/4/1973,6.98,10,4,2
6/5/1973,6.95,10,4,2
6/6/1973,6.89,10,4,2
6/7/1973,6.89,10,4,2
6/8/1973,6.87,10,4,2
6/11/1973,6.87,10,4,2
6/12/1973,6.86,10,4,2
6/13/1973,6.85,10,4,2
6/14/1973,6.85,10,4,2
6/15/1973,6.86,10,4,2
6/18/1973,6.87,10,4,2
6/19/1973,6.87,10,4,2
6/20/1973,6.89,10,4,2
6/21/1973,6.89,10,4,2
6/22/1973,6.91,10,4,2
6/25/1973,6.93,10,4,2
6/26/1973,6.93,10,4,2
6/27/1973,6.92,10,4,2
6/28/1973,6.92,10,4,2
6/29/1973,6.94,10,4,2
7/2/1973,7.01,10,4,2
7/3/1973,7.01,10,4,2
7/4/1973,,10,4,2
7/5/1973,7.01,10,4,2
7/6/1973,7.03,10,4,2
7/9/1973,7.05,10,4,2
7/10/1973,7.05,10,4,2
7/11/1973,7.05,10,4,2
7/12/1973,7.04,10,4,2
7/13/1973,7.05,10,4,2
7/16/1973,7.06,10,4,2
7/17/1973,7.06,10,4,2
7/18/1973,7.07,10,4,2
7/19/1973,7.11,10,4,2
7/20/1973,7.17,10,4,2
7/23/1973,7.17,10,4,2
7/24/1973,7.19,10,4,2
7/25/1973,7.19,10,4,2
7/26/1973,7.28,10,4,2
7/27/1973,7.35,10,4,2
7/30/1973,7.37,10,4,2
7/31/1973,7.43,10,4,2
8/1/1973,7.55,10,4,2
8/2/1973,7.52,10,4,2
8/3/1973,7.53,10,4,2
8/6/1973,7.54,10,4,2
8/7/1973,7.58,10,4,2
8/8/1973,7.52,10,4,2
8/9/1973,7.54,10,4,2
8/10/1973,7.52,10,4,2
8/13/1973,7.47,10,4,2
8/14/1973,7.46,10,4,2
8/15/1973,7.45,10,4,2
8/16/1973,7.37,10,4,2
8/17/1973,7.28,10,4,2
8/20/1973,7.38,10,4,2
8/21/1973,7.36,10,4,2
8/22/1973,7.39,10,4,2
8/23/1973,7.31,10,4,2
8/24/1973,7.23,10,4,2
8/27/1973,7.26,10,4,2
8/28/1973,7.29,10,4,2
8/29/1973,7.26,10,4,2
8/30/1973,7.25,10,4,2
8/31/1973,7.25,10,4,2
9/3/1973,,10,4,2
9/4/1973,7.21,10,4,2
9/5/1973,7.11,10,4,2
9/6/1973,7.1,10,4,2
9/7/1973,7.11,10,4,2
9/10/1973,7.16,10,4,2
9/11/1973,7.19,10,4,2
9/12/1973,7.2,10,4,2
9/13/1973,7.21,10,4,2
9/14/1973,7.21,10,4,2
9/17/1973,7.16,10,4,2
9/18/1973,7.08,10,4,2
9/19/1973,7.1,10,4,2
9/20/1973,7.09,10,4,2
9/21/1973,7.02,10,4,2
9/24/1973,7,10,4,2
9/25/1973,6.96,10,4,2
9/26/1973,6.97,10,4,2
9/27/1973,6.94,10,4,2
9/28/1973,6.9,10,4,2
10/1/1973,6.91,10,4,2
10/2/1973,6.89,10,4,2
10/3/1973,6.9,10,4,2
10/4/1973,6.88,10,4,2
10/5/1973,6.86,10,4,2
10/8/1973,,10,4,2
10/9/1973,6.78,10,4,2
10/10/1973,6.77,10,4,2
10/11/1973,6.78,10,4,2
10/12/1973,6.75,10,4,2
10/15/1973,6.77,10,4,2
10/16/1973,6.81,10,4,2
10/17/1973,6.82,10,4,2
10/18/1973,6.81,10,4,2
10/19/1973,6.8,10,4,2
10/22/1973,,10,4,2
10/23/1973,6.8,10,4,2
10/24/1973,6.75,10,4,2
10/25/1973,6.73,10,4,2
10/26/1973,6.72,10,4,2
10/29/1973,6.72,10,4,2
10/30/1973,6.72,10,4,2
10/31/1973,6.71,10,4,2
11/1/1973,6.71,10,4,2
11/2/1973,6.72,10,4,2
11/5/1973,6.74,10,4,2
11/6/1973,,10,4,2
11/7/1973,6.76,10,4,2
11/8/1973,6.77,10,4,2
11/9/1973,6.76,10,4,2
11/12/1973,6.76,10,4,2
11/13/1973,6.76,10,4,2
11/14/1973,6.79,10,4,2
11/15/1973,6.76,10,4,2
11/16/1973,6.72,10,4,2
11/19/1973,6.71,10,4,2
11/20/1973,6.72,10,4,2
11/21/1973,6.71,10,4,2
11/22/1973,,10,4,2
11/23/1973,6.7,10,4,2
11/26/1973,6.69,10,4,2
11/27/1973,6.7,10,4,2
11/28/1973,6.7,10,4,2
11/29/1973,6.7,10,4,2
11/30/1973,6.69,10,4,2
12/3/1973,6.69,10,4,2
12/4/1973,6.69,10,4,2
12/5/1973,6.72,10,4,2
12/6/1973,6.75,10,4,2
12/7/1973,6.74,10,4,2
12/10/1973,6.71,10,4,2
12/11/1973,6.69,10,4,2
12/12/1973,6.69,10,4,2
12/13/1973,6.68,10,4,2
12/14/1973,6.68,10,4,2
12/17/1973,6.67,10,4,2
12/18/1973,6.68,10,4,2
12/19/1973,6.71,10,4,2
12/20/1973,6.73,10,4,2
12/21/1973,6.78,10,4,2
12/24/1973,,10,4,2
12/25/1973,,10,4,2
12/26/1973,6.83,10,4,2
12/27/1973,6.88,10,4,2
12/28/1973,6.91,10,4,2
12/31/1973,6.9,10,4,2
1/1/1974,,10,4,2
1/2/1974,6.94,10,4,2
1/3/1974,6.96,10,4,2
1/4/1974,6.94,10,4,2
1/7/1974,6.96,10,4,2
1/8/1974,6.96,10,4,2
1/9/1974,6.96,10,4,2
1/10/1974,7,10,4,2
1/11/1974,7.01,10,4,2
1/14/1974,7.01,10,4,2
1/15/1974,6.99,10,4,2
1/16/1974,6.99,10,4,2
1/17/1974,6.97,10,4,2
1/18/1974,6.98,10,4,2
1/21/1974,6.99,10,4,2
1/22/1974,7,10,4,2
1/23/1974,7.01,10,4,2
1/24/1974,7.02,10,4,2
1/25/1974,7.02,10,4,2
1/28/1974,7.01,10,4,2
1/29/1974,7.02,10,4,2
1/30/1974,7.01,10,4,2
1/31/1974,7,10,4,2
2/1/1974,7,10,4,2
2/4/1974,6.98,10,4,2
2/5/1974,6.95,10,4,2
2/6/1974,6.93,10,4,2
2/7/1974,6.93,10,4,2
2/8/1974,6.93,10,4,2
2/11/1974,6.93,10,4,2
2/12/1974,,10,4,2
2/13/1974,6.93,10,4,2
2/14/1974,6.93,10,4,2
2/15/1974,6.93,10,4,2
2/18/1974,,10,4,2
2/19/1974,6.93,10,4,2
2/20/1974,6.96,10,4,2
2/21/1974,6.98,10,4,2
2/22/1974,6.97,10,4,2
2/25/1974,6.96,10,4,2
2/26/1974,6.98,10,4,2
2/27/1974,7,10,4,2
2/28/1974,7.01,10,4,2
3/1/1974,7.08,10,4,2
3/4/1974,7.09,10,4,2
3/5/1974,7.1,10,4,2
3/6/1974,7.09,10,4,2
3/7/1974,7.06,10,4,2
3/8/1974,7.06,10,4,2
3/11/1974,7.08,10,4,2
3/12/1974,7.09,10,4,2
3/13/1974,7.13,10,4,2
3/14/1974,7.13,10,4,2
3/15/1974,7.18,10,4,2
3/18/1974,7.23,10,4,2
3/19/1974,7.24,10,4,2
3/20/1974,7.27,10,4,2
3/21/1974,7.3,10,4,2
3/22/1974,7.35,10,4,2
3/25/1974,7.39,10,4,2
3/26/1974,7.38,10,4,2
3/27/1974,7.35,10,4,2
3/28/1974,7.38,10,4,2
3/29/1974,7.41,10,4,2
4/1/1974,7.42,10,4,2
4/2/1974,7.43,10,4,2
4/3/1974,7.43,10,4,2
4/4/1974,7.51,10,4,2
4/5/1974,7.54,10,4,2
4/8/1974,7.5,10,4,2
4/9/1974,7.49,10,4,2
4/10/1974,7.46,10,4,2
4/11/1974,7.45,10,4,2
4/12/1974,,10,4,2
4/15/1974,7.42,10,4,2
4/16/1974,7.43,10,4,2
4/17/1974,7.45,10,4,2
4/18/1974,7.5,10,4,2
4/19/1974,7.51,10,4,2
4/22/1974,7.52,10,4,2
4/23/1974,7.54,10,4,2
4/24/1974,7.58,10,4,2
4/25/1974,7.63,10,4,2
4/26/1974,7.64,10,4,2
4/29/1974,7.65,10,4,2
4/30/1974,7.66,10,4,2
5/1/1974,7.62,10,4,2
5/2/1974,7.58,10,4,2
5/3/1974,7.65,10,4,2
5/6/1974,7.65,10,4,2
5/7/1974,7.65,10,4,2
5/8/1974,7.65,10,4,2
5/9/1974,7.7,10,4,2
5/10/1974,7.63,10,4,2
5/13/1974,7.54,10,4,2
5/14/1974,7.57,10,4,2
5/15/1974,7.55,10,4,2
5/16/1974,7.54,10,4,2
5/17/1974,7.57,10,4,2
5/20/1974,7.58,10,4,2
5/21/1974,7.57,10,4,2
5/22/1974,7.56,10,4,2
5/23/1974,7.52,10,4,2
5/24/1974,7.49,10,4,2
5/27/1974,,10,4,2
5/28/1974,7.5,10,4,2
5/29/1974,7.52,10,4,2
5/30/1974,7.51,10,4,2
5/31/1974,7.52,10,4,2
6/3/1974,7.53,10,4,2
6/4/1974,7.52,10,4,2
6/5/1974,7.52,10,4,2
6/6/1974,7.5,10,4,2
6/7/1974,7.46,10,4,2
6/10/1974,7.47,10,4,2
6/11/1974,7.48,10,4,2
6/12/1974,7.5,10,4,2
6/13/1974,7.5,10,4,2
6/14/1974,7.5,10,4,2
6/17/1974,7.49,10,4,2
6/18/1974,7.52,10,4,2
6/19/1974,7.52,10,4,2
6/20/1974,7.55,10,4,2
6/21/1974,7.55,10,4,2
6/24/1974,7.58,10,4,2
6/25/1974,7.62,10,4,2
6/26/1974,7.62,10,4,2
6/27/1974,7.64,10,4,2
6/28/1974,7.64,10,4,2
7/1/1974,7.65,10,4,2
7/2/1974,7.65,10,4,2
7/3/1974,7.7,10,4,2
7/4/1974,,10,4,2
7/5/1974,7.71,10,4,2
7/8/1974,7.77,10,4,2
7/9/1974,7.81,10,4,2
7/10/1974,7.82,10,4,2
7/11/1974,7.84,10,4,2
7/12/1974,7.85,10,4,2
7/15/1974,7.86,10,4,2
7/16/1974,7.88,10,4,2
7/17/1974,7.91,10,4,2
7/18/1974,7.9,10,4,2
7/19/1974,7.87,10,4,2
7/22/1974,7.77,10,4,2
7/23/1974,7.79,10,4,2
7/24/1974,7.76,10,4,2
7/25/1974,7.75,10,4,2
7/26/1974,7.79,10,4,2
7/29/1974,7.85,10,4,2
7/30/1974,7.89,10,4,2
7/31/1974,7.89,10,4,2
8/1/1974,7.92,10,4,2
8/2/1974,7.96,10,4,2
8/5/1974,7.99,10,4,2
8/6/1974,7.97,10,4,2
8/7/1974,7.97,10,4,2
8/8/1974,7.97,10,4,2
8/9/1974,8.03,10,4,2
8/12/1974,8.05,10,4,2
8/13/1974,8.06,10,4,2
8/14/1974,8.05,10,4,2
8/15/1974,8.02,10,4,2
8/16/1974,8,10,4,2
8/19/1974,7.98,10,4,2
8/20/1974,7.99,10,4,2
8/21/1974,8.05,10,4,2
8/22/1974,8.09,10,4,2
8/23/1974,8.15,10,4,2
8/26/1974,8.16,10,4,2
8/27/1974,8.15,10,4,2
8/28/1974,8.15,10,4,2
8/29/1974,8.15,10,4,2
8/30/1974,8.11,10,4,2
9/2/1974,,10,4,2
9/3/1974,8.11,10,4,2
9/4/1974,8.12,10,4,2
9/5/1974,8.1,10,4,2
9/6/1974,8.09,10,4,2
9/9/1974,8.02,10,4,2
9/10/1974,8.04,10,4,2
9/11/1974,8.05,10,4,2
9/12/1974,8.13,10,4,2
9/13/1974,8.13,10,4,2
9/16/1974,8.1,10,4,2
9/17/1974,8.09,10,4,2
9/18/1974,8.08,10,4,2
9/19/1974,8.04,10,4,2
9/20/1974,8.02,10,4,2
9/23/1974,7.91,10,4,2
9/24/1974,7.94,10,4,2
9/25/1974,7.94,10,4,2
9/26/1974,7.96,10,4,2
9/27/1974,7.94,10,4,2
9/30/1974,7.94,10,4,2
10/1/1974,7.97,10,4,2
10/2/1974,7.98,10,4,2
10/3/1974,8.04,10,4,2
10/4/1974,8.02,10,4,2
10/7/1974,8.01,10,4,2
10/8/1974,7.95,10,4,2
10/9/1974,7.95,10,4,2
10/10/1974,7.93,10,4,2
10/11/1974,7.88,10,4,2
10/14/1974,,10,4,2
10/15/1974,7.87,10,4,2
10/16/1974,7.87,10,4,2
10/17/1974,7.88,10,4,2
10/18/1974,7.86,10,4,2
10/21/1974,7.81,10,4,2
10/22/1974,7.81,10,4,2
10/23/1974,7.85,10,4,2
10/24/1974,7.87,10,4,2
10/25/1974,7.86,10,4,2
10/28/1974,7.88,10,4,2
10/29/1974,7.84,10,4,2
10/30/1974,7.81,10,4,2
10/31/1974,7.79,10,4,2
11/1/1974,7.8,10,4,2
11/4/1974,7.8,10,4,2
11/5/1974,,10,4,2
11/6/1974,7.76,10,4,2
11/7/1974,7.74,10,4,2
11/8/1974,7.72,10,4,2
11/11/1974,,10,4,2
11/12/1974,7.78,10,4,2
11/13/1974,7.75,10,4,2
11/14/1974,7.72,10,4,2
11/15/1974,7.61,10,4,2
11/18/1974,7.63,10,4,2
11/19/1974,7.63,10,4,2
11/20/1974,7.59,10,4,2
11/21/1974,7.6,10,4,2
11/22/1974,7.6,10,4,2
11/25/1974,7.62,10,4,2
11/26/1974,7.63,10,4,2
11/27/1974,7.64,10,4,2
11/28/1974,,10,4,2
11/29/1974,7.64,10,4,2
12/2/1974,7.71,10,4,2
12/3/1974,7.74,10,4,2
12/4/1974,7.68,10,4,2
12/5/1974,7.64,10,4,2
12/6/1974,7.59,10,4,2
12/9/1974,7.4,10,4,2
12/10/1974,7.42,10,4,2
12/11/1974,7.38,10,4,2
12/12/1974,7.39,10,4,2
12/13/1974,7.38,10,4,2
12/16/1974,7.34,10,4,2
12/17/1974,7.28,10,4,2
12/18/1974,7.25,10,4,2
12/19/1974,7.25,10,4,2
12/20/1974,7.27,10,4,2
12/23/1974,7.41,10,4,2
12/24/1974,7.43,10,4,2
12/25/1974,,10,4,2
12/26/1974,7.37,10,4,2
12/27/1974,7.39,10,4,2
12/30/1974,7.39,10,4,2
12/31/1974,7.4,10,4,2
1/1/1975,,10,4,2
1/2/1975,7.42,10,4,2
1/3/1975,7.43,10,4,2
1/6/1975,7.39,10,4,2
1/7/1975,7.38,10,4,2
1/8/1975,7.39,10,4,2
1/9/1975,7.35,10,4,2
1/10/1975,7.37,10,4,2
1/13/1975,7.46,10,4,2
1/14/1975,7.49,10,4,2
1/15/1975,7.54,10,4,2
1/16/1975,7.54,10,4,2
1/17/1975,7.53,10,4,2
1/20/1975,7.59,10,4,2
1/21/1975,7.55,10,4,2
1/22/1975,7.51,10,4,2
1/23/1975,7.57,10,4,2
1/24/1975,7.64,10,4,2
1/27/1975,7.61,10,4,2
1/28/1975,7.61,10,4,2
1/29/1975,7.59,10,4,2
1/30/1975,7.54,10,4,2
1/31/1975,7.53,10,4,2
2/3/1975,7.49,10,4,2
2/4/1975,7.47,10,4,2
2/5/1975,7.35,10,4,2
2/6/1975,7.43,10,4,2
2/7/1975,7.38,10,4,2
2/10/1975,7.45,10,4,2
2/11/1975,7.42,10,4,2
2/12/1975,,10,4,2
2/13/1975,7.44,10,4,2
2/14/1975,7.35,10,4,2
2/17/1975,,10,4,2
2/18/1975,7.28,10,4,2
2/19/1975,7.26,10,4,2
2/20/1975,7.3,10,4,2
2/21/1975,7.22,10,4,2
2/24/1975,7.36,10,4,2
2/25/1975,7.43,10,4,2
2/26/1975,7.5,10,4,2
2/27/1975,7.47,10,4,2
2/28/1975,7.46,10,4,2
3/3/1975,7.5,10,4,2
3/4/1975,7.53,10,4,2
3/5/1975,7.48,10,4,2
3/6/1975,7.49,10,4,2
3/7/1975,7.52,10,4,2
3/10/1975,7.56,10,4,2
3/11/1975,7.58,10,4,2
3/12/1975,7.58,10,4,2
3/13/1975,7.56,10,4,2
3/14/1975,7.58,10,4,2
3/17/1975,7.7,10,4,2
3/18/1975,7.7,10,4,2
3/19/1975,7.8,10,4,2
3/20/1975,7.95,10,4,2
3/21/1975,7.84,10,4,2
3/24/1975,8.05,10,4,2
3/25/1975,8.03,10,4,2
3/26/1975,8.02,10,4,2
3/27/1975,8.08,10,4,2
3/28/1975,,10,4,2
3/31/1975,8.01,10,4,2
4/1/1975,8.08,10,4,2
4/2/1975,8.22,10,4,2
4/3/1975,8.13,10,4,2
4/4/1975,8.15,10,4,2
4/7/1975,8.26,10,4,2
4/8/1975,8.21,10,4,2
4/9/1975,8.17,10,4,2
4/10/1975,8.19,10,4,2
4/11/1975,8.22,10,4,2
4/14/1975,8.16,10,4,2
4/15/1975,8.16,10,4,2
4/16/1975,8.15,10,4,2
4/17/1975,8.21,10,4,2
4/18/1975,8.27,10,4,2
4/21/1975,8.32,10,4,2
4/22/1975,8.32,10,4,2
4/23/1975,8.27,10,4,2
4/24/1975,8.25,10,4,2
4/25/1975,8.25,10,4,2
4/28/1975,8.35,10,4,2
4/29/1975,8.34,10,4,2
4/30/1975,8.31,10,4,2
5/1/1975,8.31,10,4,2
5/2/1975,8.11,10,4,2
5/5/1975,8.08,10,4,2
5/6/1975,8.11,10,4,2
5/7/1975,8.07,10,4,2
5/8/1975,8.09,10,4,2
5/9/1975,8.08,10,4,2
5/12/1975,8.07,10,4,2
5/13/1975,8.06,10,4,2
5/14/1975,8.02,10,4,2
5/15/1975,8.02,10,4,2
5/16/1975,8.01,10,4,2
5/19/1975,8,10,4,2
5/20/1975,7.98,10,4,2
5/21/1975,7.98,10,4,2
5/22/1975,8.02,10,4,2
5/23/1975,8.02,10,4,2
5/26/1975,,10,4,2
5/27/1975,7.98,10,4,2
5/28/1975,8.02,10,4,2
5/29/1975,8.18,10,4,2
5/30/1975,8.04,10,4,2
6/2/1975,8.02,10,4,2
6/3/1975,8,10,4,2
6/4/1975,7.99,10,4,2
6/5/1975,7.97,10,4,2
6/6/1975,7.88,10,4,2
6/9/1975,7.78,10,4,2
6/10/1975,7.77,10,4,2
6/11/1975,7.65,10,4,2
6/12/1975,7.67,10,4,2
6/13/1975,7.69,10,4,2
6/16/1975,7.66,10,4,2
6/17/1975,7.72,10,4,2
6/18/1975,7.83,10,4,2
6/19/1975,7.8,10,4,2
6/20/1975,7.94,10,4,2
6/23/1975,7.9,10,4,2
6/24/1975,7.9,10,4,2
6/25/1975,8.02,10,4,2
6/26/1975,7.98,10,4,2
6/27/1975,7.95,10,4,2
6/30/1975,7.96,10,4,2
7/1/1975,7.97,10,4,2
7/2/1975,8.05,10,4,2
7/3/1975,8.05,10,4,2
7/4/1975,,10,4,2
7/7/1975,8.06,10,4,2
7/8/1975,8.01,10,4,2
7/9/1975,8.02,10,4,2
7/10/1975,8.02,10,4,2
7/11/1975,7.99,10,4,2
7/14/1975,7.99,10,4,2
7/15/1975,7.98,10,4,2
7/16/1975,8.03,10,4,2
7/17/1975,8.04,10,4,2
7/18/1975,8.06,10,4,2
7/21/1975,8.07,10,4,2
7/22/1975,8.1,10,4,2
7/23/1975,8.09,10,4,2
7/24/1975,8.09,10,4,2
7/25/1975,8.12,10,4,2
7/28/1975,8.12,10,4,2
7/29/1975,8.13,10,4,2
7/30/1975,8.16,10,4,2
7/31/1975,8.2,10,4,2
8/1/1975,8.26,10,4,2
8/4/1975,8.37,10,4,2
8/5/1975,8.37,10,4,2
8/6/1975,8.4,10,4,2
8/7/1975,8.48,10,4,2
8/8/1975,8.4,10,4,2
8/11/1975,8.38,10,4,2
8/12/1975,8.4,10,4,2
8/13/1975,8.39,10,4,2
8/14/1975,8.45,10,4,2
8/15/1975,8.48,10,4,2
8/18/1975,8.46,10,4,2
8/19/1975,8.42,10,4,2
8/20/1975,8.42,10,4,2
8/21/1975,8.48,10,4,2
8/22/1975,8.46,10,4,2
8/25/1975,8.46,10,4,2
8/26/1975,8.4,10,4,2
8/27/1975,8.37,10,4,2
8/28/1975,8.28,10,4,2
8/29/1975,8.22,10,4,2
9/1/1975,,10,4,2
9/2/1975,8.26,10,4,2
9/3/1975,8.29,10,4,2
9/4/1975,8.29,10,4,2
9/5/1975,8.35,10,4,2
9/8/1975,8.36,10,4,2
9/9/1975,8.4,10,4,2
9/10/1975,8.46,10,4,2
9/11/1975,8.55,10,4,2
9/12/1975,8.57,10,4,2
9/15/1975,8.58,10,4,2
9/16/1975,8.59,10,4,2
9/17/1975,8.53,10,4,2
9/18/1975,8.5,10,4,2
9/19/1975,8.42,10,4,2
9/22/1975,8.38,10,4,2
9/23/1975,8.35,10,4,2
9/24/1975,8.31,10,4,2
9/25/1975,8.38,10,4,2
9/26/1975,8.45,10,4,2
9/29/1975,8.46,10,4,2
9/30/1975,8.48,10,4,2
10/1/1975,8.47,10,4,2
10/2/1975,8.44,10,4,2
10/3/1975,8.33,10,4,2
10/6/1975,8.3,10,4,2
10/7/1975,8.33,10,4,2
10/8/1975,8.3,10,4,2
10/9/1975,8.23,10,4,2
10/10/1975,8.15,10,4,2
10/13/1975,,10,4,2
10/14/1975,8.19,10,4,2
10/15/1975,8.19,10,4,2
10/16/1975,8.07,10,4,2
10/17/1975,8.07,10,4,2
10/20/1975,8.07,10,4,2
10/21/1975,8.05,10,4,2
10/22/1975,8.05,10,4,2
10/23/1975,7.99,10,4,2
10/24/1975,8,10,4,2
10/27/1975,8,10,4,2
10/28/1975,7.99,10,4,2
10/29/1975,7.98,10,4,2
10/30/1975,7.92,10,4,2
10/31/1975,7.91,10,4,2
11/3/1975,7.97,10,4,2
11/4/1975,,10,4,2
11/5/1975,7.91,10,4,2
11/6/1975,7.94,10,4,2
11/7/1975,7.91,10,4,2
11/10/1975,7.9,10,4,2
11/11/1975,,10,4,2
11/12/1975,7.95,10,4,2
11/13/1975,7.97,10,4,2
11/14/1975,8.06,10,4,2
11/17/1975,8.08,10,4,2
11/18/1975,8.13,10,4,2
11/19/1975,8.14,10,4,2
11/20/1975,8.12,10,4,2
11/21/1975,8.21,10,4,2
11/24/1975,8.16,10,4,2
11/25/1975,8.16,10,4,2
11/26/1975,8.15,10,4,2
11/27/1975,,10,4,2
11/28/1975,8.14,10,4,2
12/1/1975,8.12,10,4,2
12/2/1975,8.1,10,4,2
12/3/1975,8.1,10,4,2
12/4/1975,8.15,10,4,2
12/5/1975,8.13,10,4,2
12/8/1975,8.19,10,4,2
12/9/1975,8.23,10,4,2
12/10/1975,8.23,10,4,2
12/11/1975,8.16,10,4,2
12/12/1975,8.12,10,4,2
12/15/1975,8.06,10,4,2
12/16/1975,8,10,4,2
12/17/1975,7.95,10,4,2
12/18/1975,7.96,10,4,2
12/19/1975,7.88,10,4,2
12/22/1975,7.87,10,4,2
12/23/1975,7.87,10,4,2
12/24/1975,7.82,10,4,2
12/25/1975,,10,4,2
12/26/1975,7.75,10,4,2
12/29/1975,7.75,10,4,2
12/30/1975,7.73,10,4,2
12/31/1975,7.76,10,4,2
1/1/1976,,10,4,2
1/2/1976,7.77,10,4,2
1/5/1976,7.74,10,4,2
1/6/1976,7.64,10,4,2
1/7/1976,7.69,10,4,2
1/8/1976,7.74,10,4,2
1/9/1976,7.64,10,4,2
1/12/1976,7.63,10,4,2
1/13/1976,7.64,10,4,2
1/14/1976,7.71,10,4,2
1/15/1976,7.73,10,4,2
1/16/1976,7.79,10,4,2
1/19/1976,7.76,10,4,2
1/20/1976,7.71,10,4,2
1/21/1976,7.78,10,4,2
1/22/1976,7.8,10,4,2
1/23/1976,7.78,10,4,2
1/26/1976,7.79,10,4,2
1/27/1976,7.8,10,4,2
1/28/1976,7.83,10,4,2
1/29/1976,7.82,10,4,2
1/30/1976,7.8,10,4,2
2/2/1976,7.8,10,4,2
2/3/1976,7.82,10,4,2
2/4/1976,7.85,10,4,2
2/5/1976,7.83,10,4,2
2/6/1976,7.88,10,4,2
2/9/1976,7.86,10,4,2
2/10/1976,7.88,10,4,2
2/11/1976,7.85,10,4,2
2/12/1976,,10,4,2
2/13/1976,7.82,10,4,2
2/16/1976,,10,4,2
2/17/1976,7.78,10,4,2
2/18/1976,7.79,10,4,2
2/19/1976,7.8,10,4,2
2/20/1976,7.77,10,4,2
2/23/1976,7.72,10,4,2
2/24/1976,7.69,10,4,2
2/25/1976,7.68,10,4,2
2/26/1976,7.68,10,4,2
2/27/1976,7.77,10,4,2
3/1/1976,7.86,10,4,2
3/2/1976,7.82,10,4,2
3/3/1976,7.82,10,4,2
3/4/1976,7.85,10,4,2
3/5/1976,7.8,10,4,2
3/8/1976,7.76,10,4,2
3/9/1976,7.78,10,4,2
3/10/1976,7.76,10,4,2
3/11/1976,7.77,10,4,2
3/12/1976,7.71,10,4,2
3/15/1976,7.74,10,4,2
3/16/1976,7.76,10,4,2
3/17/1976,7.76,10,4,2
3/18/1976,7.73,10,4,2
3/19/1976,7.74,10,4,2
3/22/1976,7.68,10,4,2
3/23/1976,7.67,10,4,2
3/24/1976,7.65,10,4,2
3/25/1976,7.64,10,4,2
3/26/1976,7.64,10,4,2
3/29/1976,7.64,10,4,2
3/30/1976,7.65,10,4,2
3/31/1976,7.66,10,4,2
4/1/1976,7.68,10,4,2
4/2/1976,7.67,10,4,2
4/5/1976,7.62,10,4,2
4/6/1976,7.59,10,4,2
4/7/1976,7.56,10,4,2
4/8/1976,7.55,10,4,2
4/9/1976,7.52,10,4,2
4/12/1976,7.52,10,4,2
4/13/1976,7.5,10,4,2
4/14/1976,7.47,10,4,2
4/15/1976,7.47,10,4,2
4/16/1976,,10,4,2
4/19/1976,7.51,10,4,2
4/20/1976,7.5,10,4,2
4/21/1976,7.47,10,4,2
4/22/1976,7.52,10,4,2
4/23/1976,7.59,10,4,2
4/26/1976,7.61,10,4,2
4/27/1976,7.62,10,4,2
4/28/1976,7.6,10,4,2
4/29/1976,7.61,10,4,2
4/30/1976,7.67,10,4,2
5/3/1976,7.69,10,4,2
5/4/1976,7.66,10,4,2
5/5/1976,7.68,10,4,2
5/6/1976,7.78,10,4,2
5/7/1976,7.87,10,4,2
5/10/1976,7.92,10,4,2
5/11/1976,7.92,10,4,2
5/12/1976,7.94,10,4,2
5/13/1976,7.92,10,4,2
5/14/1976,7.93,10,4,2
5/17/1976,7.94,10,4,2
5/18/1976,7.94,10,4,2
5/19/1976,7.94,10,4,2
5/20/1976,7.95,10,4,2
5/21/1976,8,10,4,2
5/24/1976,7.98,10,4,2
5/25/1976,7.94,10,4,2
5/26/1976,7.95,10,4,2
5/27/1976,7.99,10,4,2
5/28/1976,7.96,10,4,2
5/31/1976,,10,4,2
6/1/1976,7.94,10,4,2
6/2/1976,7.94,10,4,2
6/3/1976,7.92,10,4,2
6/4/1976,7.89,10,4,2
6/7/1976,7.88,10,4,2
6/8/1976,7.9,10,4,2
6/9/1976,7.9,10,4,2
6/10/1976,7.86,10,4,2
6/11/1976,7.86,10,4,2
6/14/1976,7.84,10,4,2
6/15/1976,7.85,10,4,2
6/16/1976,7.87,10,4,2
6/17/1976,7.85,10,4,2
6/18/1976,7.81,10,4,2
6/21/1976,7.8,10,4,2
6/22/1976,7.81,10,4,2
6/23/1976,7.81,10,4,2
6/24/1976,7.81,10,4,2
6/25/1976,7.83,10,4,2
6/28/1976,7.86,10,4,2
6/29/1976,7.86,10,4,2
6/30/1976,7.86,10,4,2
7/1/1976,7.88,10,4,2
7/2/1976,7.84,10,4,2
7/5/1976,,10,4,2
7/6/1976,7.82,10,4,2
7/7/1976,7.84,10,4,2
7/8/1976,7.82,10,4,2
7/9/1976,7.78,10,4,2
7/12/1976,7.76,10,4,2
7/13/1976,7.77,10,4,2
7/14/1976,7.79,10,4,2
7/15/1976,7.77,10,4,2
7/16/1976,7.83,10,4,2
7/19/1976,7.86,10,4,2
7/20/1976,7.87,10,4,2
7/21/1976,7.86,10,4,2
7/22/1976,7.86,10,4,2
7/23/1976,7.84,10,4,2
7/26/1976,7.87,10,4,2
7/27/1976,7.85,10,4,2
7/28/1976,7.85,10,4,2
7/29/1976,7.85,10,4,2
7/30/1976,7.86,10,4,2
8/2/1976,7.85,10,4,2
8/3/1976,7.82,10,4,2
8/4/1976,7.81,10,4,2
8/5/1976,7.82,10,4,2
8/6/1976,7.84,10,4,2
8/9/1976,7.84,10,4,2
8/10/1976,7.84,10,4,2
8/11/1976,7.82,10,4,2
8/12/1976,7.81,10,4,2
8/13/1976,7.78,10,4,2
8/16/1976,7.74,10,4,2
8/17/1976,7.75,10,4,2
8/18/1976,7.76,10,4,2
8/19/1976,7.76,10,4,2
8/20/1976,7.76,10,4,2
8/23/1976,7.73,10,4,2
8/24/1976,7.72,10,4,2
8/25/1976,7.69,10,4,2
8/26/1976,7.68,10,4,2
8/27/1976,7.72,10,4,2
8/30/1976,7.71,10,4,2
8/31/1976,7.66,10,4,2
9/1/1976,7.64,10,4,2
9/2/1976,7.67,10,4,2
9/3/1976,7.65,10,4,2
9/6/1976,,10,4,2
9/7/1976,7.64,10,4,2
9/8/1976,7.64,10,4,2
9/9/1976,7.66,10,4,2
9/10/1976,7.64,10,4,2
9/13/1976,7.64,10,4,2
9/14/1976,7.64,10,4,2
9/15/1976,7.62,10,4,2
9/16/1976,7.6,10,4,2
9/17/1976,7.49,10,4,2
9/20/1976,7.52,10,4,2
9/21/1976,7.51,10,4,2
9/22/1976,7.53,10,4,2
9/23/1976,7.54,10,4,2
9/24/1976,7.58,10,4,2
9/27/1976,7.6,10,4,2
9/28/1976,7.56,10,4,2
9/29/1976,7.56,10,4,2
9/30/1976,7.55,10,4,2
10/1/1976,7.49,10,4,2
10/4/1976,7.46,10,4,2
10/5/1976,7.47,10,4,2
10/6/1976,7.44,10,4,2
10/7/1976,7.43,10,4,2
10/8/1976,7.38,10,4,2
10/11/1976,,10,4,2
10/12/1976,7.35,10,4,2
10/13/1976,7.35,10,4,2
10/14/1976,7.34,10,4,2
10/15/1976,7.31,10,4,2
10/18/1976,7.31,10,4,2
10/19/1976,7.35,10,4,2
10/20/1976,7.38,10,4,2
10/21/1976,7.39,10,4,2
10/22/1976,7.48,10,4,2
10/25/1976,7.53,10,4,2
10/26/1976,7.48,10,4,2
10/27/1976,7.45,10,4,2
10/28/1976,7.41,10,4,2
10/29/1976,7.42,10,4,2
11/1/1976,7.38,10,4,2
11/2/1976,,10,4,2
11/3/1976,7.44,10,4,2
11/4/1976,7.38,10,4,2
11/5/1976,7.41,10,4,2
11/8/1976,7.46,10,4,2
11/9/1976,7.46,10,4,2
11/10/1976,7.45,10,4,2
11/11/1976,,10,4,2
11/12/1976,7.43,10,4,2
11/15/1976,7.41,10,4,2
11/16/1976,7.33,10,4,2
11/17/1976,7.32,10,4,2
11/18/1976,7.33,10,4,2
11/19/1976,7.24,10,4,2
11/22/1976,7.17,10,4,2
11/23/1976,7.16,10,4,2
11/24/1976,7.14,10,4,2
11/25/1976,,10,4,2
11/26/1976,6.99,10,4,2
11/29/1976,7.02,10,4,2
11/30/1976,7.01,10,4,2
12/1/1976,6.97,10,4,2
12/2/1976,6.92,10,4,2
12/3/1976,6.86,10,4,2
12/6/1976,6.87,10,4,2
12/7/1976,6.88,10,4,2
12/8/1976,6.91,10,4,2
12/9/1976,6.92,10,4,2
12/10/1976,6.82,10,4,2
12/13/1976,6.9,10,4,2
12/14/1976,6.89,10,4,2
12/15/1976,6.88,10,4,2
12/16/1976,6.88,10,4,2
12/17/1976,6.88,10,4,2
12/20/1976,6.84,10,4,2
12/21/1976,6.85,10,4,2
12/22/1976,6.86,10,4,2
12/23/1976,6.84,10,4,2
12/24/1976,,10,4,2
12/27/1976,6.84,10,4,2
12/28/1976,6.86,10,4,2
12/29/1976,6.84,10,4,2
12/30/1976,6.8,10,4,2
12/31/1976,6.81,10,4,2
1/3/1977,6.84,10,4,2
1/4/1977,6.9,10,4,2
1/5/1977,6.88,10,4,2
1/6/1977,6.93,10,4,2
1/7/1977,7.07,10,4,2
1/10/1977,7.2,10,4,2
1/11/1977,7.28,10,4,2
1/12/1977,7.26,10,4,2
1/13/1977,7.18,10,4,2
1/14/1977,7.28,10,4,2
1/17/1977,7.28,10,4,2
1/18/1977,7.34,10,4,2
1/19/1977,7.28,10,4,2
1/20/1977,7.26,10,4,2
1/21/1977,7.28,10,4,2
1/24/1977,7.34,10,4,2
1/25/1977,7.32,10,4,2
1/26/1977,7.33,10,4,2
1/27/1977,7.43,10,4,2
1/28/1977,7.4,10,4,2
1/31/1977,7.4,10,4,2
2/1/1977,7.41,10,4,2
2/2/1977,7.47,10,4,2
2/3/1977,7.46,10,4,2
2/4/1977,7.28,10,4,2
2/7/1977,7.34,10,4,2
2/8/1977,7.35,10,4,2
2/9/1977,7.34,10,4,2
2/10/1977,7.34,10,4,2
2/11/1977,7.36,10,4,2
2/14/1977,7.38,10,4,2
2/15/1977,7.36,10,4,2
2/16/1977,7.34,10,4,2
2/17/1977,7.26,10,4,2
2/18/1977,7.41,10,4,2
2/21/1977,,10,4,2
2/22/1977,7.42,10,4,2
2/23/1977,7.48,10,4,2
2/24/1977,7.5,10,4,2
2/25/1977,7.48,10,4,2
2/28/1977,7.45,10,4,2
3/1/1977,7.49,10,4,2
3/2/1977,7.45,10,4,2
3/3/1977,7.43,10,4,2
3/4/1977,7.48,10,4,2
3/7/1977,7.5,10,4,2
3/8/1977,7.52,10,4,2
3/9/1977,7.5,10,4,2
3/10/1977,7.49,10,4,2
3/11/1977,7.44,10,4,2
3/14/1977,7.45,10,4,2
3/15/1977,7.44,10,4,2
3/16/1977,7.44,10,4,2
3/17/1977,7.47,10,4,2
3/18/1977,7.44,10,4,2
3/21/1977,7.43,10,4,2
3/22/1977,7.43,10,4,2
3/23/1977,7.44,10,4,2
3/24/1977,7.46,10,4,2
3/25/1977,7.48,10,4,2
3/28/1977,7.47,10,4,2
3/29/1977,7.47,10,4,2
3/30/1977,7.44,10,4,2
3/31/1977,7.42,10,4,2
4/1/1977,7.43,10,4,2
4/4/1977,7.44,10,4,2
4/5/1977,7.47,10,4,2
4/6/1977,7.46,10,4,2
4/7/1977,7.43,10,4,2
4/8/1977,,10,4,2
4/11/1977,7.39,10,4,2
4/12/1977,7.39,10,4,2
4/13/1977,7.36,10,4,2
4/14/1977,7.22,10,4,2
4/15/1977,7.25,10,4,2
4/18/1977,7.25,10,4,2
4/19/1977,7.3,10,4,2
4/20/1977,7.32,10,4,2
4/21/1977,7.33,10,4,2
4/22/1977,7.36,10,4,2
4/25/1977,7.4,10,4,2
4/26/1977,7.38,10,4,2
4/27/1977,7.38,10,4,2
4/28/1977,7.4,10,4,2
4/29/1977,7.45,10,4,2
5/2/1977,7.45,10,4,2
5/3/1977,7.44,10,4,2
5/4/1977,7.45,10,4,2
5/5/1977,7.47,10,4,2
5/6/1977,7.5,10,4,2
5/9/1977,7.5,10,4,2
5/10/1977,7.52,10,4,2
5/11/1977,7.52,10,4,2
5/12/1977,7.5,10,4,2
5/13/1977,7.48,10,4,2
5/16/1977,7.46,10,4,2
5/17/1977,7.45,10,4,2
5/18/1977,7.43,10,4,2
5/19/1977,7.49,10,4,2
5/20/1977,7.49,10,4,2
5/23/1977,7.46,10,4,2
5/24/1977,7.41,10,4,2
5/25/1977,7.39,10,4,2
5/26/1977,7.42,10,4,2
5/27/1977,7.38,10,4,2
5/30/1977,,10,4,2
5/31/1977,7.38,10,4,2
6/1/1977,7.38,10,4,2
6/2/1977,7.39,10,4,2
6/3/1977,7.36,10,4,2
6/6/1977,7.37,10,4,2
6/7/1977,7.36,10,4,2
6/8/1977,7.36,10,4,2
6/9/1977,7.35,10,4,2
6/10/1977,7.3,10,4,2
6/13/1977,7.27,10,4,2
6/14/1977,7.22,10,4,2
6/15/1977,7.23,10,4,2
6/16/1977,7.24,10,4,2
6/17/1977,7.24,10,4,2
6/20/1977,7.27,10,4,2
6/21/1977,7.26,10,4,2
6/22/1977,7.25,10,4,2
6/23/1977,7.26,10,4,2
6/24/1977,7.2,10,4,2
6/27/1977,7.2,10,4,2
6/28/1977,7.16,10,4,2
6/29/1977,7.19,10,4,2
6/30/1977,7.2,10,4,2
7/1/1977,7.34,10,4,2
7/4/1977,,10,4,2
7/5/1977,7.35,10,4,2
7/6/1977,7.37,10,4,2
7/7/1977,7.29,10,4,2
7/8/1977,7.31,10,4,2
7/11/1977,7.33,10,4,2
7/12/1977,7.32,10,4,2
7/13/1977,7.28,10,4,2
7/14/1977,,10,4,2
7/15/1977,7.31,10,4,2
7/18/1977,7.34,10,4,2
7/19/1977,7.33,10,4,2
7/20/1977,7.32,10,4,2
7/21/1977,7.32,10,4,2
7/22/1977,7.31,10,4,2
7/25/1977,7.28,10,4,2
7/26/1977,7.28,10,4,2
7/27/1977,7.36,10,4,2
7/28/1977,7.41,10,4,2
7/29/1977,7.42,10,4,2
8/1/1977,7.43,10,4,2
8/2/1977,7.44,10,4,2
8/3/1977,7.42,10,4,2
8/4/1977,7.43,10,4,2
8/5/1977,7.42,10,4,2
8/8/1977,7.41,10,4,2
8/9/1977,7.45,10,4,2
8/10/1977,7.46,10,4,2
8/11/1977,7.47,10,4,2
8/12/1977,7.48,10,4,2
8/15/1977,7.48,10,4,2
8/16/1977,7.48,10,4,2
8/17/1977,7.44,10,4,2
8/18/1977,7.42,10,4,2
8/19/1977,7.4,10,4,2
8/22/1977,7.39,10,4,2
8/23/1977,7.36,10,4,2
8/24/1977,7.35,10,4,2
8/25/1977,7.32,10,4,2
8/26/1977,7.27,10,4,2
8/29/1977,7.25,10,4,2
8/30/1977,7.27,10,4,2
8/31/1977,7.28,10,4,2
9/1/1977,7.3,10,4,2
9/2/1977,7.24,10,4,2
9/5/1977,,10,4,2
9/6/1977,7.24,10,4,2
9/7/1977,7.26,10,4,2
9/8/1977,7.28,10,4,2
9/9/1977,7.36,10,4,2
9/12/1977,7.38,10,4,2
9/13/1977,7.37,10,4,2
9/14/1977,7.34,10,4,2
9/15/1977,7.33,10,4,2
9/16/1977,7.32,10,4,2
9/19/1977,7.32,10,4,2
9/20/1977,7.36,10,4,2
9/21/1977,7.36,10,4,2
9/22/1977,7.39,10,4,2
9/23/1977,7.39,10,4,2
9/26/1977,7.42,10,4,2
9/27/1977,7.38,10,4,2
9/28/1977,7.38,10,4,2
9/29/1977,7.39,10,4,2
9/30/1977,7.41,10,4,2
10/3/1977,7.41,10,4,2
10/4/1977,7.4,10,4,2
10/5/1977,7.4,10,4,2
10/6/1977,7.44,10,4,2
10/7/1977,7.48,10,4,2
10/10/1977,,10,4,2
10/11/1977,7.54,10,4,2
10/12/1977,7.54,10,4,2
10/13/1977,7.54,10,4,2
10/14/1977,7.54,10,4,2
10/17/1977,7.55,10,4,2
10/18/1977,7.55,10,4,2
10/19/1977,7.54,10,4,2
10/20/1977,7.54,10,4,2
10/21/1977,7.55,10,4,2
10/24/1977,7.56,10,4,2
10/25/1977,7.58,10,4,2
10/26/1977,7.57,10,4,2
10/27/1977,7.56,10,4,2
10/28/1977,7.56,10,4,2
10/31/1977,7.62,10,4,2
11/1/1977,7.63,10,4,2
11/2/1977,7.69,10,4,2
11/3/1977,7.68,10,4,2
11/4/1977,7.64,10,4,2
11/7/1977,7.62,10,4,2
11/8/1977,,10,4,2
11/9/1977,7.6,10,4,2
11/10/1977,7.59,10,4,2
11/11/1977,,10,4,2
11/14/1977,7.56,10,4,2
11/15/1977,7.56,10,4,2
11/16/1977,7.55,10,4,2
11/17/1977,7.54,10,4,2
11/18/1977,7.54,10,4,2
11/21/1977,7.56,10,4,2
11/22/1977,7.54,10,4,2
11/23/1977,7.52,10,4,2
11/24/1977,,10,4,2
11/25/1977,7.52,10,4,2
11/28/1977,7.53,10,4,2
11/29/1977,7.55,10,4,2
11/30/1977,7.55,10,4,2
12/1/1977,7.58,10,4,2
12/2/1977,7.59,10,4,2
12/5/1977,7.6,10,4,2
12/6/1977,7.63,10,4,2
12/7/1977,7.63,10,4,2
12/8/1977,7.64,10,4,2
12/9/1977,7.63,10,4,2
12/12/1977,7.64,10,4,2
12/13/1977,7.65,10,4,2
12/14/1977,7.66,10,4,2
12/15/1977,7.67,10,4,2
12/16/1977,7.67,10,4,2
12/19/1977,7.69,10,4,2
12/20/1977,7.74,10,4,2
12/21/1977,7.72,10,4,2
12/22/1977,7.75,10,4,2
12/23/1977,7.75,10,4,2
12/26/1977,,10,4,2
12/27/1977,7.77,10,4,2
12/28/1977,7.78,10,4,2
12/29/1977,7.82,10,4,2
12/30/1977,7.78,10,4,2
1/2/1978,,10,4,2
1/3/1978,7.83,10,4,2
1/4/1978,7.82,10,4,2
1/5/1978,7.83,10,4,2
1/6/1978,7.85,10,4,2
1/9/1978,8.01,10,4,2
1/10/1978,8.02,10,4,2
1/11/1978,8.03,10,4,2
1/12/1978,8.02,10,4,2
1/13/1978,7.98,10,4,2
1/16/1978,7.98,10,4,2
1/17/1978,7.98,10,4,2
1/18/1978,7.98,10,4,2
1/19/1978,7.97,10,4,2
1/20/1978,7.97,10,4,2
1/23/1978,7.97,10,4,2
1/24/1978,7.99,10,4,2
1/25/1978,8,10,4,2
1/26/1978,7.98,10,4,2
1/27/1978,7.97,10,4,2
1/30/1978,7.96,10,4,2
1/31/1978,7.94,10,4,2
2/1/1978,7.96,10,4,2
2/2/1978,7.96,10,4,2
2/3/1978,7.97,10,4,2
2/6/1978,7.99,10,4,2
2/7/1978,7.99,10,4,2
2/8/1978,8,10,4,2
2/9/1978,8.01,10,4,2
2/10/1978,8.02,10,4,2
2/13/1978,,10,4,2
2/14/1978,8.05,10,4,2
2/15/1978,8.08,10,4,2
2/16/1978,8.1,10,4,2
2/17/1978,8.09,10,4,2
2/20/1978,,10,4,2
2/21/1978,8.1,10,4,2
2/22/1978,8.1,10,4,2
2/23/1978,8.08,10,4,2
2/24/1978,8.04,10,4,2
2/27/1978,8.02,10,4,2
2/28/1978,8.04,10,4,2
3/1/1978,8.05,10,4,2
3/2/1978,8.04,10,4,2
3/3/1978,8.04,10,4,2
3/6/1978,8.05,10,4,2
3/7/1978,8.03,10,4,2
3/8/1978,8.03,10,4,2
3/9/1978,8.02,10,4,2
3/10/1978,8,10,4,2
3/13/1978,7.99,10,4,2
3/14/1978,7.99,10,4,2
3/15/1978,8,10,4,2
3/16/1978,8,10,4,2
3/17/1978,8,10,4,2
3/20/1978,7.97,10,4,2
3/21/1978,7.97,10,4,2
3/22/1978,7.98,10,4,2
3/23/1978,8.01,10,4,2
3/24/1978,,10,4,2
3/27/1978,8.12,10,4,2
3/28/1978,8.12,10,4,2
3/29/1978,8.11,10,4,2
3/30/1978,8.12,10,4,2
3/31/1978,8.15,10,4,2
4/3/1978,8.13,10,4,2
4/4/1978,8.12,10,4,2
4/5/1978,8.14,10,4,2
4/6/1978,8.16,10,4,2
4/7/1978,8.14,10,4,2
4/10/1978,8.15,10,4,2
4/11/1978,8.16,10,4,2
4/12/1978,8.16,10,4,2
4/13/1978,8.15,10,4,2
4/14/1978,8.12,10,4,2
4/17/1978,8.08,10,4,2
4/18/1978,8.08,10,4,2
4/19/1978,8.13,10,4,2
4/20/1978,8.14,10,4,2
4/21/1978,8.16,10,4,2
4/24/1978,8.18,10,4,2
4/25/1978,8.18,10,4,2
4/26/1978,8.22,10,4,2
4/27/1978,8.24,10,4,2
4/28/1978,8.24,10,4,2
5/1/1978,8.24,10,4,2
5/2/1978,8.25,10,4,2
5/3/1978,8.28,10,4,2
5/4/1978,8.27,10,4,2
5/5/1978,8.34,10,4,2
5/8/1978,8.35,10,4,2
5/9/1978,8.34,10,4,2
5/10/1978,8.34,10,4,2
5/11/1978,8.34,10,4,2
5/12/1978,8.36,10,4,2
5/15/1978,8.35,10,4,2
5/16/1978,8.34,10,4,2
5/17/1978,8.33,10,4,2
5/18/1978,8.37,10,4,2
5/19/1978,8.38,10,4,2
5/22/1978,8.38,10,4,2
5/23/1978,8.37,10,4,2
5/24/1978,8.39,10,4,2
5/25/1978,8.4,10,4,2
5/26/1978,8.42,10,4,2
5/29/1978,,10,4,2
5/30/1978,,10,4,2
5/31/1978,8.42,10,4,2
6/1/1978,8.41,10,4,2
6/2/1978,8.39,10,4,2
6/5/1978,8.38,10,4,2
6/6/1978,8.37,10,4,2
6/7/1978,8.37,10,4,2
6/8/1978,8.38,10,4,2
6/9/1978,8.41,10,4,2
6/12/1978,8.4,10,4,2
6/13/1978,8.41,10,4,2
6/14/1978,8.41,10,4,2
6/15/1978,8.41,10,4,2
6/16/1978,8.43,10,4,2
6/19/1978,8.45,10,4,2
6/20/1978,8.47,10,4,2
6/21/1978,8.5,10,4,2
6/22/1978,8.5,10,4,2
6/23/1978,8.55,10,4,2
6/26/1978,8.59,10,4,2
6/27/1978,8.58,10,4,2
6/28/1978,8.57,10,4,2
6/29/1978,8.57,10,4,2
6/30/1978,8.62,10,4,2
7/3/1978,8.59,10,4,2
7/4/1978,,10,4,2
7/5/1978,8.62,10,4,2
7/6/1978,8.62,10,4,2
7/7/1978,8.66,10,4,2
7/10/1978,8.68,10,4,2
7/11/1978,8.68,10,4,2
7/12/1978,8.67,10,4,2
7/13/1978,8.68,10,4,2
7/14/1978,8.68,10,4,2
7/17/1978,8.65,10,4,2
7/18/1978,8.63,10,4,2
7/19/1978,8.62,10,4,2
7/20/1978,8.66,10,4,2
7/21/1978,8.67,10,4,2
7/24/1978,8.67,10,4,2
7/25/1978,8.67,10,4,2
7/26/1978,8.66,10,4,2
7/27/1978,8.58,10,4,2
7/28/1978,8.55,10,4,2
7/31/1978,8.56,10,4,2
8/1/1978,8.54,10,4,2
8/2/1978,8.44,10,4,2
8/3/1978,8.39,10,4,2
8/4/1978,8.38,10,4,2
8/7/1978,8.36,10,4,2
8/8/1978,8.35,10,4,2
8/9/1978,8.34,10,4,2
8/10/1978,8.45,10,4,2
8/11/1978,8.44,10,4,2
8/14/1978,8.45,10,4,2
8/15/1978,8.46,10,4,2
8/16/1978,8.55,10,4,2
8/17/1978,8.48,10,4,2
8/18/1978,8.46,10,4,2
8/21/1978,8.41,10,4,2
8/22/1978,8.41,10,4,2
8/23/1978,8.32,10,4,2
8/24/1978,8.35,10,4,2
8/25/1978,8.34,10,4,2
8/28/1978,8.35,10,4,2
8/29/1978,8.37,10,4,2
8/30/1978,8.42,10,4,2
8/31/1978,8.39,10,4,2
9/1/1978,8.38,10,4,2
9/4/1978,,10,4,2
9/5/1978,8.34,10,4,2
9/6/1978,8.35,10,4,2
9/7/1978,8.34,10,4,2
9/8/1978,8.34,10,4,2
9/11/1978,8.31,10,4,2
9/12/1978,8.29,10,4,2
9/13/1978,8.3,10,4,2
9/14/1978,8.32,10,4,2
9/15/1978,8.35,10,4,2
9/18/1978,8.37,10,4,2
9/19/1978,8.38,10,4,2
9/20/1978,8.46,10,4,2
9/21/1978,8.51,10,4,2
9/22/1978,8.56,10,4,2
9/25/1978,8.56,10,4,2
9/26/1978,8.53,10,4,2
9/27/1978,8.54,10,4,2
9/28/1978,8.54,10,4,2
9/29/1978,8.56,10,4,2
10/2/1978,8.58,10,4,2
10/3/1978,8.57,10,4,2
10/4/1978,8.59,10,4,2
10/5/1978,8.6,10,4,2
10/6/1978,8.58,10,4,2
10/9/1978,,10,4,2
10/10/1978,8.58,10,4,2
10/11/1978,8.56,10,4,2
10/12/1978,8.51,10,4,2
10/13/1978,8.52,10,4,2
10/16/1978,8.59,10,4,2
10/17/1978,8.6,10,4,2
10/18/1978,8.62,10,4,2
10/19/1978,8.64,10,4,2
10/20/1978,8.66,10,4,2
10/23/1978,8.66,10,4,2
10/24/1978,8.64,10,4,2
10/25/1978,8.65,10,4,2
10/26/1978,8.72,10,4,2
10/27/1978,8.78,10,4,2
10/30/1978,8.88,10,4,2
10/31/1978,8.96,10,4,2
11/1/1978,8.66,10,4,2
11/2/1978,8.73,10,4,2
11/3/1978,8.86,10,4,2
11/6/1978,8.85,10,4,2
11/7/1978,,10,4,2
11/8/1978,8.86,10,4,2
11/9/1978,8.87,10,4,2
11/10/1978,8.86,10,4,2
11/13/1978,8.83,10,4,2
11/14/1978,8.82,10,4,2
11/15/1978,8.76,10,4,2
11/16/1978,8.72,10,4,2
11/17/1978,8.72,10,4,2
11/20/1978,8.72,10,4,2
11/21/1978,8.77,10,4,2
11/22/1978,8.77,10,4,2
11/23/1978,,10,4,2
11/24/1978,8.86,10,4,2
11/27/1978,8.86,10,4,2
11/28/1978,8.86,10,4,2
11/29/1978,8.86,10,4,2
11/30/1978,8.86,10,4,2
12/1/1978,8.8,10,4,2
12/4/1978,8.82,10,4,2
12/5/1978,8.85,10,4,2
12/6/1978,8.85,10,4,2
12/7/1978,8.89,10,4,2
12/8/1978,8.9,10,4,2
12/11/1978,8.9,10,4,2
12/12/1978,8.92,10,4,2
12/13/1978,8.98,10,4,2
12/14/1978,8.96,10,4,2
12/15/1978,9,10,4,2
12/18/1978,9.13,10,4,2
12/19/1978,9.14,10,4,2
12/20/1978,9.16,10,4,2
12/21/1978,9.16,10,4,2
12/22/1978,9.11,10,4,2
12/25/1978,,10,4,2
12/26/1978,9.13,10,4,2
12/27/1978,9.12,10,4,2
12/28/1978,9.16,10,4,2
12/29/1978,9.15,10,4,2
1/1/1979,,10,4,2
1/2/1979,9.18,10,4,2
1/3/1979,9.16,10,4,2
1/4/1979,9.11,10,4,2
1/5/1979,9.1,10,4,2
1/8/1979,9.14,10,4,2
1/9/1979,9.16,10,4,2
1/10/1979,9.16,10,4,2
1/11/1979,9.15,10,4,2
1/12/1979,9.14,10,4,2
1/15/1979,9.15,10,4,2
1/16/1979,9.16,10,4,2
1/17/1979,9.18,10,4,2
1/18/1979,9.18,10,4,2
1/19/1979,9.15,10,4,2
1/22/1979,9.12,10,4,2
1/23/1979,9.1,10,4,2
1/24/1979,9.08,10,4,2
1/25/1979,8.98,10,4,2
1/26/1979,8.93,10,4,2
1/29/1979,8.96,10,4,2
1/30/1979,8.95,10,4,2
1/31/1979,8.95,10,4,2
2/1/1979,8.94,10,4,2
2/2/1979,8.89,10,4,2
2/5/1979,8.95,10,4,2
2/6/1979,9,10,4,2
2/7/1979,9.09,10,4,2
2/8/1979,9.09,10,4,2
2/9/1979,9.11,10,4,2
2/12/1979,,10,4,2
2/13/1979,9.11,10,4,2
2/14/1979,9.12,10,4,2
2/15/1979,9.12,10,4,2
2/16/1979,9.11,10,4,2
2/19/1979,,10,4,2
2/20/1979,9.12,10,4,2
2/21/1979,9.15,10,4,2
2/22/1979,9.2,10,4,2
2/23/1979,9.21,10,4,2
2/26/1979,9.2,10,4,2
2/27/1979,9.19,10,4,2
2/28/1979,9.17,10,4,2
3/1/1979,9.17,10,4,2
3/2/1979,9.16,10,4,2
3/5/1979,9.11,10,4,2
3/6/1979,9.14,10,4,2
3/7/1979,9.1,10,4,2
3/8/1979,9.1,10,4,2
3/9/1979,9.11,10,4,2
3/12/1979,9.11,10,4,2
3/13/1979,9.11,10,4,2
3/14/1979,9.12,10,4,2
3/15/1979,9.14,10,4,2
3/16/1979,9.12,10,4,2
3/19/1979,9.12,10,4,2
3/20/1979,9.13,10,4,2
3/21/1979,9.13,10,4,2
3/22/1979,9.12,10,4,2
3/23/1979,9.12,10,4,2
3/26/1979,9.12,10,4,2
3/27/1979,9.11,10,4,2
3/28/1979,9.07,10,4,2
3/29/1979,9.06,10,4,2
3/30/1979,9.11,10,4,2
4/2/1979,9.11,10,4,2
4/3/1979,9.1,10,4,2
4/4/1979,9.09,10,4,2
4/5/1979,9.07,10,4,2
4/6/1979,9.1,10,4,2
4/9/1979,9.14,10,4,2
4/10/1979,9.17,10,4,2
4/11/1979,9.2,10,4,2
4/12/1979,9.2,10,4,2
4/13/1979,,10,4,2
4/16/1979,9.19,10,4,2
4/17/1979,9.16,10,4,2
4/18/1979,9.15,10,4,2
4/19/1979,9.15,10,4,2
4/20/1979,9.19,10,4,2
4/23/1979,9.21,10,4,2
4/24/1979,9.24,10,4,2
4/25/1979,9.23,10,4,2
4/26/1979,9.27,10,4,2
4/27/1979,9.32,10,4,2
4/30/1979,9.35,10,4,2
5/1/1979,9.36,10,4,2
5/2/1979,9.34,10,4,2
5/3/1979,9.38,10,4,2
5/4/1979,9.39,10,4,2
5/7/1979,9.39,10,4,2
5/8/1979,9.38,10,4,2
5/9/1979,9.36,10,4,2
5/10/1979,9.36,10,4,2
5/11/1979,9.34,10,4,2
5/14/1979,9.3,10,4,2
5/15/1979,9.32,10,4,2
5/16/1979,9.31,10,4,2
5/17/1979,9.24,10,4,2
5/18/1979,9.23,10,4,2
5/21/1979,9.24,10,4,2
5/22/1979,9.15,10,4,2
5/23/1979,9.07,10,4,2
5/24/1979,9.06,10,4,2
5/25/1979,9.01,10,4,2
5/28/1979,,10,4,2
5/29/1979,9.01,10,4,2
5/30/1979,,10,4,2
5/31/1979,9.06,10,4,2
6/1/1979,9.05,10,4,2
6/4/1979,9.06,10,4,2
6/5/1979,9.02,10,4,2
6/6/1979,8.97,10,4,2
6/7/1979,8.89,10,4,2
6/8/1979,8.9,10,4,2
6/11/1979,8.94,10,4,2
6/12/1979,8.79,10,4,2
6/13/1979,8.83,10,4,2
6/14/1979,8.87,10,4,2
6/15/1979,8.96,10,4,2
6/18/1979,8.95,10,4,2
6/19/1979,8.95,10,4,2
6/20/1979,8.94,10,4,2
6/21/1979,8.93,10,4,2
6/22/1979,8.98,10,4,2
6/25/1979,8.93,10,4,2
6/26/1979,8.82,10,4,2
6/27/1979,8.8,10,4,2
6/28/1979,8.8,10,4,2
6/29/1979,8.81,10,4,2
7/2/1979,8.76,10,4,2
7/3/1979,8.77,10,4,2
7/4/1979,,10,4,2
7/5/1979,8.8,10,4,2
7/6/1979,8.82,10,4,2
7/9/1979,8.86,10,4,2
7/10/1979,8.92,10,4,2
7/11/1979,8.97,10,4,2
7/12/1979,8.95,10,4,2
7/13/1979,8.94,10,4,2
7/16/1979,8.99,10,4,2
7/17/1979,9.01,10,4,2
7/18/1979,9.03,10,4,2
7/19/1979,9.04,10,4,2
7/20/1979,8.98,10,4,2
7/23/1979,9.03,10,4,2
7/24/1979,9.06,10,4,2
7/25/1979,8.99,10,4,2
7/26/1979,8.97,10,4,2
7/27/1979,9.02,10,4,2
7/30/1979,9.03,10,4,2
7/31/1979,9.01,10,4,2
8/1/1979,8.99,10,4,2
8/2/1979,8.91,10,4,2
8/3/1979,8.92,10,4,2
8/6/1979,8.91,10,4,2
8/7/1979,8.91,10,4,2
8/8/1979,8.93,10,4,2
8/9/1979,8.97,10,4,2
8/10/1979,9,10,4,2
8/13/1979,9,10,4,2
8/14/1979,8.98,10,4,2
8/15/1979,9,10,4,2
8/16/1979,9,10,4,2
8/17/1979,9.01,10,4,2
8/20/1979,9.02,10,4,2
8/21/1979,9.04,10,4,2
8/22/1979,9.04,10,4,2
8/23/1979,9.05,10,4,2
8/24/1979,9.14,10,4,2
8/27/1979,9.12,10,4,2
8/28/1979,9.15,10,4,2
8/29/1979,9.14,10,4,2
8/30/1979,9.21,10,4,2
8/31/1979,9.24,10,4,2
9/3/1979,,10,4,2
9/4/1979,9.32,10,4,2
9/5/1979,9.32,10,4,2
9/6/1979,9.35,10,4,2
9/7/1979,9.34,10,4,2
9/10/1979,9.36,10,4,2
9/11/1979,9.25,10,4,2
9/12/1979,9.3,10,4,2
9/13/1979,9.34,10,4,2
9/14/1979,9.29,10,4,2
9/17/1979,9.37,10,4,2
9/18/1979,9.36,10,4,2
9/19/1979,9.31,10,4,2
9/20/1979,9.29,10,4,2
9/21/1979,9.26,10,4,2
9/24/1979,9.34,10,4,2
9/25/1979,9.32,10,4,2
9/26/1979,9.36,10,4,2
9/27/1979,9.44,10,4,2
9/28/1979,9.44,10,4,2
10/1/1979,9.51,10,4,2
10/2/1979,9.47,10,4,2
10/3/1979,9.5,10,4,2
10/4/1979,9.58,10,4,2
10/5/1979,9.6,10,4,2
10/8/1979,,10,4,2
10/9/1979,9.93,10,4,2
10/10/1979,10.09,10,4,2
10/11/1979,10.17,10,4,2
10/12/1979,10.15,10,4,2
10/15/1979,10.31,10,4,2
10/16/1979,10.27,10,4,2
10/17/1979,10.2,10,4,2
10/18/1979,10.41,10,4,2
10/19/1979,10.68,10,4,2
10/22/1979,10.96,10,4,2
10/23/1979,11.02,10,4,2
10/24/1979,10.83,10,4,2
10/25/1979,10.98,10,4,2
10/26/1979,10.67,10,4,2
10/29/1979,10.78,10,4,2
10/30/1979,10.75,10,4,2
10/31/1979,10.72,10,4,2
11/1/1979,10.79,10,4,2
11/2/1979,10.84,10,4,2
11/5/1979,10.85,10,4,2
11/6/1979,,10,4,2
11/7/1979,11,10,4,2
11/8/1979,10.96,10,4,2
11/9/1979,10.68,10,4,2
11/12/1979,,10,4,2
11/13/1979,10.63,10,4,2
11/14/1979,10.75,10,4,2
11/15/1979,10.62,10,4,2
11/16/1979,10.77,10,4,2
11/19/1979,10.8,10,4,2
11/20/1979,10.78,10,4,2
11/21/1979,10.73,10,4,2
11/22/1979,,10,4,2
11/23/1979,10.51,10,4,2
11/26/1979,10.37,10,4,2
11/27/1979,10.24,10,4,2
11/28/1979,10.37,10,4,2
11/29/1979,10.34,10,4,2
11/30/1979,10.38,10,4,2
12/3/1979,10.44,10,4,2
12/4/1979,10.32,10,4,2
12/5/1979,10.27,10,4,2
12/6/1979,10.13,10,4,2
12/7/1979,10.3,10,4,2
12/10/1979,10.27,10,4,2
12/11/1979,10.46,10,4,2
12/12/1979,10.58,10,4,2
12/13/1979,10.51,10,4,2
12/14/1979,10.45,10,4,2
12/17/1979,10.42,10,4,2
12/18/1979,10.34,10,4,2
12/19/1979,10.33,10,4,2
12/20/1979,10.38,10,4,2
12/21/1979,10.39,10,4,2
12/24/1979,10.45,10,4,2
12/25/1979,,10,4,2
12/26/1979,10.48,10,4,2
12/27/1979,10.46,10,4,2
12/28/1979,10.41,10,4,2
12/31/1979,10.33,10,4,2
1/1/1980,,10,4,2
1/2/1980,10.5,10,4,2
1/3/1980,10.6,10,4,2
1/4/1980,10.66,10,4,2
1/7/1980,10.63,10,4,2
1/8/1980,10.57,10,4,2
1/9/1980,10.58,10,4,2
1/10/1980,10.51,10,4,2
1/11/1980,10.68,10,4,2
1/14/1980,10.7,10,4,2
1/15/1980,10.65,10,4,2
1/16/1980,10.65,10,4,2
1/17/1980,10.71,10,4,2
1/18/1980,10.82,10,4,2
1/21/1980,10.96,10,4,2
1/22/1980,10.85,10,4,2
1/23/1980,10.82,10,4,2
1/24/1980,11.01,10,4,2
1/25/1980,11.1,10,4,2
1/28/1980,11.15,10,4,2
1/29/1980,11.21,10,4,2
1/30/1980,11.16,10,4,2
1/31/1980,11.13,10,4,2
2/1/1980,11.29,10,4,2
2/4/1980,11.4,10,4,2
2/5/1980,11.73,10,4,2
2/6/1980,11.92,10,4,2
2/7/1980,11.71,10,4,2
2/8/1980,11.8,10,4,2
2/11/1980,12.01,10,4,2
2/12/1980,,10,4,2
2/13/1980,11.86,10,4,2
2/14/1980,11.97,10,4,2
2/15/1980,12.2,10,4,2
2/18/1980,,10,4,2
2/19/1980,12.85,10,4,2
2/20/1980,12.84,10,4,2
2/21/1980,13.22,10,4,2
2/22/1980,13.06,10,4,2
2/25/1980,13.27,10,4,2
2/26/1980,13.65,10,4,2
2/27/1980,13.46,10,4,2
2/28/1980,12.92,10,4,2
2/29/1980,12.72,10,4,2
3/3/1980,12.79,10,4,2
3/4/1980,12.91,10,4,2
3/5/1980,13.03,10,4,2
3/6/1980,13.13,10,4,2
3/7/1980,12.86,10,4,2
3/10/1980,12.63,10,4,2
3/11/1980,12.41,10,4,2
3/12/1980,12.62,10,4,2
3/13/1980,12.5,10,4,2
3/14/1980,12.52,10,4,2
3/17/1980,12.58,10,4,2
3/18/1980,12.4,10,4,2
3/19/1980,12.35,10,4,2
3/20/1980,12.62,10,4,2
3/21/1980,12.75,10,4,2
3/24/1980,13.17,10,4,2
3/25/1980,13.1,10,4,2
3/26/1980,13.03,10,4,2
3/27/1980,12.97,10,4,2
3/28/1980,12.72,10,4,2
3/31/1980,12.64,10,4,2
4/1/1980,12.69,10,4,2
4/2/1980,12.63,10,4,2
4/3/1980,12.52,10,4,2
4/4/1980,,10,4,2
4/7/1980,12.13,10,4,2
4/8/1980,12.21,10,4,2
4/9/1980,12.06,10,4,2
4/10/1980,12.06,10,4,2
4/11/1980,11.79,10,4,2
4/14/1980,11.62,10,4,2
4/15/1980,11.57,10,4,2
4/16/1980,10.9,10,4,2
4/17/1980,11.13,10,4,2
4/18/1980,11.05,10,4,2
4/21/1980,10.9,10,4,2
4/22/1980,10.82,10,4,2
4/23/1980,10.89,10,4,2
4/24/1980,10.96,10,4,2
4/25/1980,10.95,10,4,2
4/28/1980,10.63,10,4,2
4/29/1980,10.67,10,4,2
4/30/1980,10.76,10,4,2
5/1/1980,10.57,10,4,2
5/2/1980,10.24,10,4,2
5/5/1980,10.18,10,4,2
5/6/1980,9.8,10,4,2
5/7/1980,9.96,10,4,2
5/8/1980,10.18,10,4,2
5/9/1980,10.3,10,4,2
5/12/1980,10.3,10,4,2
5/13/1980,10.13,10,4,2
5/14/1980,10.14,10,4,2
5/15/1980,10.31,10,4,2
5/16/1980,10.37,10,4,2
5/19/1980,10.53,10,4,2
5/20/1980,10.22,10,4,2
5/21/1980,10.08,10,4,2
5/22/1980,10.1,10,4,2
5/23/1980,9.85,10,4,2
5/26/1980,,10,4,2
5/27/1980,9.96,10,4,2
5/28/1980,10.1,10,4,2
5/29/1980,10.24,10,4,2
5/30/1980,10.25,10,4,2
6/2/1980,10.31,10,4,2
6/3/1980,10.16,10,4,2
6/4/1980,10.07,10,4,2
6/5/1980,10.02,10,4,2
6/6/1980,9.81,10,4,2
6/9/1980,9.73,10,4,2
6/10/1980,9.83,10,4,2
6/11/1980,9.7,10,4,2
6/12/1980,9.53,10,4,2
6/13/1980,9.51,10,4,2
6/16/1980,9.47,10,4,2
6/17/1980,9.49,10,4,2
6/18/1980,9.56,10,4,2
6/19/1980,9.56,10,4,2
6/20/1980,9.49,10,4,2
6/23/1980,9.63,10,4,2
6/24/1980,9.68,10,4,2
6/25/1980,9.79,10,4,2
6/26/1980,9.87,10,4,2
6/27/1980,10.04,10,4,2
6/30/1980,10.09,10,4,2
7/1/1980,10.13,10,4,2
7/2/1980,10.19,10,4,2
7/3/1980,10.01,10,4,2
7/4/1980,,10,4,2
7/7/1980,10.2,10,4,2
7/8/1980,10.09,10,4,2
7/9/1980,10.14,10,4,2
7/10/1980,10.21,10,4,2
7/11/1980,10.28,10,4,2
7/14/1980,10.33,10,4,2
7/15/1980,10.17,10,4,2
7/16/1980,10.07,10,4,2
7/17/1980,10.21,10,4,2
7/18/1980,10.2,10,4,2
7/21/1980,10.13,10,4,2
7/22/1980,10.18,10,4,2
7/23/1980,10.12,10,4,2
7/24/1980,10.24,10,4,2
7/25/1980,10.35,10,4,2
7/28/1980,10.46,10,4,2
7/29/1980,10.45,10,4,2
7/30/1980,10.53,10,4,2
7/31/1980,10.76,10,4,2
8/1/1980,10.76,10,4,2
8/4/1980,10.69,10,4,2
8/5/1980,10.7,10,4,2
8/6/1980,10.8,10,4,2
8/7/1980,10.71,10,4,2
8/8/1980,10.87,10,4,2
8/11/1980,11.03,10,4,2
8/12/1980,10.98,10,4,2
8/13/1980,10.89,10,4,2
8/14/1980,10.9,10,4,2
8/15/1980,10.86,10,4,2
8/18/1980,11.13,10,4,2
8/19/1980,11.24,10,4,2
8/20/1980,11.22,10,4,2
8/21/1980,11.3,10,4,2
8/22/1980,11.13,10,4,2
8/25/1980,11.4,10,4,2
8/26/1980,11.42,10,4,2
8/27/1980,11.67,10,4,2
8/28/1980,11.89,10,4,2
8/29/1980,11.55,10,4,2
9/1/1980,,10,4,2
9/2/1980,11.32,10,4,2
9/3/1980,11.08,10,4,2
9/4/1980,11.16,10,4,2
9/5/1980,11.21,10,4,2
9/8/1980,11.29,10,4,2
9/9/1980,11.19,10,4,2
9/10/1980,11.14,10,4,2
9/11/1980,11.32,10,4,2
9/12/1980,11.37,10,4,2
9/15/1980,11.62,10,4,2
9/16/1980,11.52,10,4,2
9/17/1980,11.57,10,4,2
9/18/1980,11.53,10,4,2
9/19/1980,11.33,10,4,2
9/22/1980,11.69,10,4,2
9/23/1980,11.76,10,4,2
9/24/1980,11.75,10,4,2
9/25/1980,11.91,10,4,2
9/26/1980,11.99,10,4,2
9/29/1980,12.07,10,4,2
9/30/1980,11.86,10,4,2
10/1/1980,11.78,10,4,2
10/2/1980,11.83,10,4,2
10/3/1980,11.4,10,4,2
10/6/1980,11.35,10,4,2
10/7/1980,11.43,10,4,2
10/8/1980,11.51,10,4,2
10/9/1980,11.39,10,4,2
10/10/1980,11.44,10,4,2
10/13/1980,,10,4,2
10/14/1980,11.37,10,4,2
10/15/1980,11.29,10,4,2
10/16/1980,11.47,10,4,2
10/17/1980,11.62,10,4,2
10/20/1980,11.64,10,4,2
10/21/1980,11.7,10,4,2
10/22/1980,11.88,10,4,2
10/23/1980,11.82,10,4,2
10/24/1980,11.74,10,4,2
10/27/1980,12.13,10,4,2
10/28/1980,12.32,10,4,2
10/29/1980,12.48,10,4,2
10/30/1980,12.48,10,4,2
10/31/1980,12.46,10,4,2
11/3/1980,12.46,10,4,2
11/4/1980,,10,4,2
11/5/1980,12.61,10,4,2
11/6/1980,13.04,10,4,2
11/7/1980,12.66,10,4,2
11/10/1980,12.78,10,4,2
11/11/1980,,10,4,2
11/12/1980,12.47,10,4,2
11/13/1980,12.49,10,4,2
11/14/1980,12.79,10,4,2
11/17/1980,12.95,10,4,2
11/18/1980,12.62,10,4,2
11/19/1980,12.51,10,4,2
11/20/1980,12.59,10,4,2
11/21/1980,12.8,10,4,2
11/24/1980,12.76,10,4,2
11/25/1980,12.74,10,4,2
11/26/1980,12.65,10,4,2
11/27/1980,,10,4,2
11/28/1980,12.72,10,4,2
12/1/1980,12.92,10,4,2
12/2/1980,12.95,10,4,2
12/3/1980,12.92,10,4,2
12/4/1980,12.91,10,4,2
12/5/1980,12.85,10,4,2
12/8/1980,12.91,10,4,2
12/9/1980,13.1,10,4,2
12/10/1980,13.15,10,4,2
12/11/1980,13.57,10,4,2
12/12/1980,13.21,10,4,2
12/15/1980,13.25,10,4,2
12/16/1980,13.51,10,4,2
12/17/1980,13.28,10,4,2
12/18/1980,13.22,10,4,2
12/19/1980,12.64,10,4,2
12/22/1980,12.14,10,4,2
12/23/1980,12.35,10,4,2
12/24/1980,12.42,10,4,2
12/25/1980,,10,4,2
12/26/1980,12.25,10,4,2
12/29/1980,12.2,10,4,2
12/30/1980,12.39,10,4,2
12/31/1980,12.43,10,4,2
1/1/1981,,10,4,2
1/2/1981,12.42,10,4,2
1/5/1981,12.15,10,4,2
1/6/1981,12.11,10,4,2
1/7/1981,12.38,10,4,2
1/8/1981,12.35,10,4,2
1/9/1981,12.57,10,4,2
1/12/1981,12.45,10,4,2
1/13/1981,12.53,10,4,2
1/14/1981,12.53,10,4,2
1/15/1981,12.62,10,4,2
1/16/1981,12.53,10,4,2
1/19/1981,12.64,10,4,2
1/20/1981,12.5,10,4,2
1/21/1981,12.77,10,4,2
1/22/1981,12.87,10,4,2
1/23/1981,12.84,10,4,2
1/26/1981,12.7,10,4,2
1/27/1981,12.73,10,4,2
1/28/1981,12.77,10,4,2
1/29/1981,12.8,10,4,2
1/30/1981,12.68,10,4,2
2/2/1981,12.86,10,4,2
2/3/1981,12.98,10,4,2
2/4/1981,12.86,10,4,2
2/5/1981,12.95,10,4,2
2/6/1981,13.09,10,4,2
2/9/1981,13.21,10,4,2
2/10/1981,13.27,10,4,2
2/11/1981,13.42,10,4,2
2/12/1981,,10,4,2
2/13/1981,13.65,10,4,2
2/16/1981,,10,4,2
2/17/1981,13.33,10,4,2
2/18/1981,13.3,10,4,2
2/19/1981,13.09,10,4,2
2/20/1981,12.9,10,4,2
2/23/1981,13.19,10,4,2
2/24/1981,13.21,10,4,2
2/25/1981,13.29,10,4,2
2/26/1981,13.47,10,4,2
2/27/1981,13.43,10,4,2
3/2/1981,13.62,10,4,2
3/3/1981,13.43,10,4,2
3/4/1981,13.45,10,4,2
3/5/1981,13.43,10,4,2
3/6/1981,13.2,10,4,2
3/9/1981,13.09,10,4,2
3/10/1981,13.08,10,4,2
3/11/1981,13.12,10,4,2
3/12/1981,13.03,10,4,2
3/13/1981,12.86,10,4,2
3/16/1981,12.85,10,4,2
3/17/1981,12.68,10,4,2
3/18/1981,12.58,10,4,2
3/19/1981,12.67,10,4,2
3/20/1981,12.77,10,4,2
3/23/1981,13.13,10,4,2
3/24/1981,13.3,10,4,2
3/25/1981,13.21,10,4,2
3/26/1981,13.34,10,4,2
3/27/1981,13.36,10,4,2
3/30/1981,13.22,10,4,2
3/31/1981,13.13,10,4,2
4/1/1981,13.14,10,4,2
4/2/1981,13.25,10,4,2
4/3/1981,13.4,10,4,2
4/6/1981,13.74,10,4,2
4/7/1981,13.41,10,4,2
4/8/1981,13.61,10,4,2
4/9/1981,13.45,10,4,2
4/10/1981,13.59,10,4,2
4/13/1981,13.68,10,4,2
4/14/1981,13.58,10,4,2
4/15/1981,13.74,10,4,2
4/16/1981,13.79,10,4,2
4/17/1981,,10,4,2
4/20/1981,13.69,10,4,2
4/21/1981,13.73,10,4,2
4/22/1981,13.78,10,4,2
4/23/1981,13.8,10,4,2
4/24/1981,13.88,10,4,2
4/27/1981,13.92,10,4,2
4/28/1981,13.93,10,4,2
4/29/1981,14.05,10,4,2
4/30/1981,14.11,10,4,2
5/1/1981,14.05,10,4,2
5/4/1981,14.47,10,4,2
5/5/1981,14.69,10,4,2
5/6/1981,14.56,10,4,2
5/7/1981,14.33,10,4,2
5/8/1981,14.23,10,4,2
5/11/1981,14.34,10,4,2
5/12/1981,14.46,10,4,2
5/13/1981,14.49,10,4,2
5/14/1981,14.24,10,4,2
5/15/1981,14.07,10,4,2
5/18/1981,13.8,10,4,2
5/19/1981,13.95,10,4,2
5/20/1981,14,10,4,2
5/21/1981,14.05,10,4,2
5/22/1981,13.82,10,4,2
5/25/1981,,10,4,2
5/26/1981,13.67,10,4,2
5/27/1981,13.71,10,4,2
5/28/1981,13.56,10,4,2
5/29/1981,13.5,10,4,2
6/1/1981,13.46,10,4,2
6/2/1981,13.58,10,4,2
6/3/1981,13.55,10,4,2
6/4/1981,13.51,10,4,2
6/5/1981,13.56,10,4,2
6/8/1981,13.36,10,4,2
6/9/1981,13.37,10,4,2
6/10/1981,13.31,10,4,2
6/11/1981,13.32,10,4,2
6/12/1981,13.35,10,4,2
6/15/1981,13.09,10,4,2
6/16/1981,13.08,10,4,2
6/17/1981,13.23,10,4,2
6/18/1981,13.57,10,4,2
6/19/1981,13.46,10,4,2
6/22/1981,13.44,10,4,2
6/23/1981,13.56,10,4,2
6/24/1981,13.66,10,4,2
6/25/1981,13.7,10,4,2
6/26/1981,13.69,10,4,2
6/29/1981,13.68,10,4,2
6/30/1981,13.86,10,4,2
7/1/1981,14.04,10,4,2
7/2/1981,13.95,10,4,2
7/3/1981,,10,4,2
7/6/1981,13.81,10,4,2
7/7/1981,14.04,10,4,2
7/8/1981,14.11,10,4,2
7/9/1981,14.12,10,4,2
7/10/1981,13.94,10,4,2
7/13/1981,13.99,10,4,2
7/14/1981,14.15,10,4,2
7/15/1981,14.07,10,4,2
7/16/1981,14.11,10,4,2
7/17/1981,14.09,10,4,2
7/20/1981,14.59,10,4,2
7/21/1981,14.61,10,4,2
7/22/1981,14.63,10,4,2
7/23/1981,14.57,10,4,2
7/24/1981,14.41,10,4,2
7/27/1981,14.43,10,4,2
7/28/1981,14.53,10,4,2
7/29/1981,14.61,10,4,2
7/30/1981,14.71,10,4,2
7/31/1981,14.67,10,4,2
8/3/1981,14.95,10,4,2
8/4/1981,14.95,10,4,2
8/5/1981,14.91,10,4,2
8/6/1981,14.86,10,4,2
8/7/1981,14.83,10,4,2
8/10/1981,14.65,10,4,2
8/11/1981,14.4,10,4,2
8/12/1981,14.61,10,4,2
8/13/1981,14.65,10,4,2
8/14/1981,14.74,10,4,2
8/17/1981,14.71,10,4,2
8/18/1981,14.79,10,4,2
8/19/1981,14.77,10,4,2
8/20/1981,14.89,10,4,2
8/21/1981,14.97,10,4,2
8/24/1981,15.32,10,4,2
8/25/1981,15.35,10,4,2
8/26/1981,15.31,10,4,2
8/27/1981,15.36,10,4,2
8/28/1981,15.25,10,4,2
8/31/1981,15.41,10,4,2
9/1/1981,15.41,10,4,2
9/2/1981,15.4,10,4,2
9/3/1981,15.48,10,4,2
9/4/1981,15.51,10,4,2
9/7/1981,,10,4,2
9/8/1981,15.59,10,4,2
9/9/1981,15.53,10,4,2
9/10/1981,15.3,10,4,2
9/11/1981,15.05,10,4,2
9/14/1981,15.2,10,4,2
9/15/1981,15.08,10,4,2
9/16/1981,15.11,10,4,2
9/17/1981,14.95,10,4,2
9/18/1981,14.91,10,4,2
9/21/1981,14.78,10,4,2
9/22/1981,15.03,10,4,2
9/23/1981,15.23,10,4,2
9/24/1981,15.31,10,4,2
9/25/1981,15.68,10,4,2
9/28/1981,15.65,10,4,2
9/29/1981,15.76,10,4,2
9/30/1981,15.84,10,4,2
10/1/1981,15.75,10,4,2
10/2/1981,15.41,10,4,2
10/5/1981,15.19,10,4,2
10/6/1981,15.14,10,4,2
10/7/1981,15.04,10,4,2
10/8/1981,15,10,4,2
10/9/1981,14.73,10,4,2
10/12/1981,,10,4,2
10/13/1981,14.83,10,4,2
10/14/1981,14.87,10,4,2
10/15/1981,14.88,10,4,2
10/16/1981,14.94,10,4,2
10/19/1981,14.95,10,4,2
10/20/1981,15.09,10,4,2
10/21/1981,15.34,10,4,2
10/22/1981,15.38,10,4,2
10/23/1981,15.3,10,4,2
10/26/1981,15.6,10,4,2
10/27/1981,15.54,10,4,2
10/28/1981,15.44,10,4,2
10/29/1981,15.06,10,4,2
10/30/1981,14.63,10,4,2
11/2/1981,14.57,10,4,2
11/3/1981,,10,4,2
11/4/1981,14.18,10,4,2
11/5/1981,14.19,10,4,2
11/6/1981,13.94,10,4,2
11/9/1981,13.39,10,4,2
11/10/1981,13.4,10,4,2
11/11/1981,,10,4,2
11/12/1981,13.19,10,4,2
11/13/1981,13.18,10,4,2
11/16/1981,13.07,10,4,2
11/17/1981,13.18,10,4,2
11/18/1981,13,10,4,2
11/19/1981,13.04,10,4,2
11/20/1981,13.14,10,4,2
11/23/1981,13.44,10,4,2
11/24/1981,13.13,10,4,2
11/25/1981,12.98,10,4,2
11/26/1981,,10,4,2
11/27/1981,12.92,10,4,2
11/30/1981,13.13,10,4,2
12/1/1981,13.37,10,4,2
12/2/1981,13.49,10,4,2
12/3/1981,13.45,10,4,2
12/4/1981,13.15,10,4,2
12/7/1981,13.5,10,4,2
12/8/1981,13.5,10,4,2
12/9/1981,13.64,10,4,2
12/10/1981,13.8,10,4,2
12/11/1981,13.84,10,4,2
12/14/1981,13.62,10,4,2
12/15/1981,13.55,10,4,2
12/16/1981,13.53,10,4,2
12/17/1981,13.71,10,4,2
12/18/1981,13.51,10,4,2
12/21/1981,13.83,10,4,2
12/22/1981,14.02,10,4,2
12/23/1981,14.14,10,4,2
12/24/1981,14.01,10,4,2
12/25/1981,,10,4,2
12/28/1981,14.01,10,4,2
12/29/1981,14.12,10,4,2
12/30/1981,14.17,10,4,2
12/31/1981,13.98,10,4,2
1/1/1982,,10,4,2
1/4/1982,14.19,10,4,2
1/5/1982,14.44,10,4,2
1/6/1982,14.59,10,4,2
1/7/1982,14.63,10,4,2
1/8/1982,14.48,10,4,2
1/11/1982,14.81,10,4,2
1/12/1982,14.62,10,4,2
1/13/1982,14.83,10,4,2
1/14/1982,14.7,10,4,2
1/15/1982,14.82,10,4,2
1/18/1982,14.75,10,4,2
1/19/1982,14.8,10,4,2
1/20/1982,14.81,10,4,2
1/21/1982,14.62,10,4,2
1/22/1982,14.69,10,4,2
1/25/1982,14.62,10,4,2
1/26/1982,14.54,10,4,2
1/27/1982,14.51,10,4,2
1/28/1982,14.29,10,4,2
1/29/1982,14.14,10,4,2
2/1/1982,14.58,10,4,2
2/2/1982,14.47,10,4,2
2/3/1982,14.69,10,4,2
2/4/1982,14.76,10,4,2
2/5/1982,14.65,10,4,2
2/8/1982,14.88,10,4,2
2/9/1982,14.95,10,4,2
2/10/1982,14.81,10,4,2
2/11/1982,14.71,10,4,2
2/12/1982,,10,4,2
2/15/1982,,10,4,2
2/16/1982,14.53,10,4,2
2/17/1982,14.5,10,4,2
2/18/1982,14.28,10,4,2
2/19/1982,14.24,10,4,2
2/22/1982,13.87,10,4,2
2/23/1982,13.93,10,4,2
2/24/1982,13.87,10,4,2
2/25/1982,13.91,10,4,2
2/26/1982,14.03,10,4,2
3/1/1982,13.85,10,4,2
3/2/1982,13.74,10,4,2
3/3/1982,13.69,10,4,2
3/4/1982,13.61,10,4,2
3/5/1982,13.59,10,4,2
3/8/1982,13.67,10,4,2
3/9/1982,13.69,10,4,2
3/10/1982,13.73,10,4,2
3/11/1982,13.95,10,4,2
3/12/1982,13.97,10,4,2
3/15/1982,13.96,10,4,2
3/16/1982,13.91,10,4,2
3/17/1982,13.88,10,4,2
3/18/1982,13.87,10,4,2
3/19/1982,13.89,10,4,2
3/22/1982,13.74,10,4,2
3/23/1982,13.72,10,4,2
3/24/1982,13.91,10,4,2
3/25/1982,13.9,10,4,2
3/26/1982,14.01,10,4,2
3/29/1982,14.16,10,4,2
3/30/1982,14.19,10,4,2
3/31/1982,14.18,10,4,2
4/1/1982,14.1,10,4,2
4/2/1982,14.1,10,4,2
4/5/1982,14.16,10,4,2
4/6/1982,14.18,10,4,2
4/7/1982,14.18,10,4,2
4/8/1982,13.98,10,4,2
4/9/1982,,10,4,2
4/12/1982,13.83,10,4,2
4/13/1982,13.83,10,4,2
4/14/1982,13.95,10,4,2
4/15/1982,13.91,10,4,2
4/16/1982,13.71,10,4,2
4/19/1982,13.66,10,4,2
4/20/1982,13.72,10,4,2
4/21/1982,13.69,10,4,2
4/22/1982,13.71,10,4,2
4/23/1982,13.69,10,4,2
4/26/1982,13.7,10,4,2
4/27/1982,13.7,10,4,2
4/28/1982,13.77,10,4,2
4/29/1982,13.87,10,4,2
4/30/1982,13.87,10,4,2
5/3/1982,13.95,10,4,2
5/4/1982,13.87,10,4,2
5/5/1982,13.8,10,4,2
5/6/1982,13.54,10,4,2
5/7/1982,13.48,10,4,2
5/10/1982,13.49,10,4,2
5/11/1982,13.46,10,4,2
5/12/1982,13.59,10,4,2
5/13/1982,13.62,10,4,2
5/14/1982,13.48,10,4,2
5/17/1982,13.57,10,4,2
5/18/1982,13.6,10,4,2
5/19/1982,13.64,10,4,2
5/20/1982,13.53,10,4,2
5/21/1982,13.52,10,4,2
5/24/1982,13.58,10,4,2
5/25/1982,13.62,10,4,2
5/26/1982,13.68,10,4,2
5/27/1982,13.72,10,4,2
5/28/1982,13.71,10,4,2
5/31/1982,,10,4,2
6/1/1982,13.93,10,4,2
6/2/1982,13.86,10,4,2
6/3/1982,13.9,10,4,2
6/4/1982,13.98,10,4,2
6/7/1982,13.94,10,4,2
6/8/1982,13.98,10,4,2
6/9/1982,13.99,10,4,2
6/10/1982,14.02,10,4,2
6/11/1982,13.93,10,4,2
6/14/1982,14.21,10,4,2
6/15/1982,14.21,10,4,2
6/16/1982,14.26,10,4,2
6/17/1982,14.48,10,4,2
6/18/1982,14.62,10,4,2
6/21/1982,14.63,10,4,2
6/22/1982,14.66,10,4,2
6/23/1982,14.74,10,4,2
6/24/1982,14.71,10,4,2
6/25/1982,14.76,10,4,2
6/28/1982,14.73,10,4,2
6/29/1982,14.61,10,4,2
6/30/1982,14.44,10,4,2
7/1/1982,14.4,10,4,2
7/2/1982,14.5,10,4,2
7/5/1982,,10,4,2
7/6/1982,14.48,10,4,2
7/7/1982,14.49,10,4,2
7/8/1982,14.19,10,4,2
7/9/1982,14.03,10,4,2
7/12/1982,13.87,10,4,2
7/13/1982,14.02,10,4,2
7/14/1982,14.1,10,4,2
7/15/1982,13.96,10,4,2
7/16/1982,13.7,10,4,2
7/19/1982,13.68,10,4,2
7/20/1982,13.53,10,4,2
7/21/1982,13.6,10,4,2
7/22/1982,13.51,10,4,2
7/23/1982,13.56,10,4,2
7/26/1982,13.91,10,4,2
7/27/1982,13.86,10,4,2
7/28/1982,13.97,10,4,2
7/29/1982,13.83,10,4,2
7/30/1982,13.68,10,4,2
8/2/1982,13.41,10,4,2
8/3/1982,13.51,10,4,2
8/4/1982,13.68,10,4,2
8/5/1982,13.7,10,4,2
8/6/1982,13.85,10,4,2
8/9/1982,13.7,10,4,2
8/10/1982,13.69,10,4,2
8/11/1982,13.71,10,4,2
8/12/1982,13.55,10,4,2
8/13/1982,13.2,10,4,2
8/16/1982,13.09,10,4,2
8/17/1982,12.65,10,4,2
8/18/1982,12.57,10,4,2
8/19/1982,12.47,10,4,2
8/20/1982,12.24,10,4,2
8/23/1982,12.47,10,4,2
8/24/1982,12.35,10,4,2
8/25/1982,12.43,10,4,2
8/26/1982,12.55,10,4,2
8/27/1982,12.77,10,4,2
8/30/1982,12.81,10,4,2
8/31/1982,12.81,10,4,2
9/1/1982,12.76,10,4,2
9/2/1982,12.6,10,4,2
9/3/1982,12.47,10,4,2
9/6/1982,,10,4,2
9/7/1982,12.53,10,4,2
9/8/1982,12.51,10,4,2
9/9/1982,12.53,10,4,2
9/10/1982,12.73,10,4,2
9/13/1982,12.63,10,4,2
9/14/1982,12.56,10,4,2
9/15/1982,12.6,10,4,2
9/16/1982,12.6,10,4,2
9/17/1982,12.51,10,4,2
9/20/1982,12.47,10,4,2
9/21/1982,12.18,10,4,2
9/22/1982,12.04,10,4,2
9/23/1982,11.94,10,4,2
9/24/1982,12.09,10,4,2
9/27/1982,11.99,10,4,2
9/28/1982,11.85,10,4,2
9/29/1982,11.8,10,4,2
9/30/1982,11.73,10,4,2
10/1/1982,11.51,10,4,2
10/4/1982,11.72,10,4,2
10/5/1982,11.69,10,4,2
10/6/1982,11.5,10,4,2
10/7/1982,10.91,10,4,2
10/8/1982,10.83,10,4,2
10/11/1982,,10,4,2
10/12/1982,10.53,10,4,2
10/13/1982,10.39,10,4,2
10/14/1982,10.61,10,4,2
10/15/1982,10.75,10,4,2
10/18/1982,10.58,10,4,2
10/19/1982,10.56,10,4,2
10/20/1982,10.69,10,4,2
10/21/1982,10.69,10,4,2
10/22/1982,10.81,10,4,2
10/25/1982,11.11,10,4,2
10/26/1982,10.87,10,4,2
10/27/1982,10.9,10,4,2
10/28/1982,10.77,10,4,2
10/29/1982,10.71,10,4,2
11/1/1982,10.56,10,4,2
11/2/1982,,10,4,2
11/3/1982,10.46,10,4,2
11/4/1982,10.42,10,4,2
11/5/1982,10.48,10,4,2
11/8/1982,10.55,10,4,2
11/9/1982,10.51,10,4,2
11/10/1982,10.48,10,4,2
11/11/1982,,10,4,2
11/12/1982,10.58,10,4,2
11/15/1982,10.65,10,4,2
11/16/1982,10.67,10,4,2
11/17/1982,10.59,10,4,2
11/18/1982,10.46,10,4,2
11/19/1982,10.42,10,4,2
11/22/1982,10.43,10,4,2
11/23/1982,10.53,10,4,2
11/24/1982,10.59,10,4,2
11/25/1982,,10,4,2
11/26/1982,10.51,10,4,2
11/29/1982,10.78,10,4,2
11/30/1982,10.79,10,4,2
12/1/1982,10.74,10,4,2
12/2/1982,10.68,10,4,2
12/3/1982,10.47,10,4,2
12/6/1982,10.46,10,4,2
12/7/1982,10.48,10,4,2
12/8/1982,10.62,10,4,2
12/9/1982,10.58,10,4,2
12/10/1982,10.66,10,4,2
12/13/1982,10.61,10,4,2
12/14/1982,10.46,10,4,2
12/15/1982,10.5,10,4,2
12/16/1982,10.59,10,4,2
12/17/1982,10.64,10,4,2
12/20/1982,10.7,10,4,2
12/21/1982,10.54,10,4,2
12/22/1982,10.53,10,4,2
12/23/1982,10.47,10,4,2
12/24/1982,,10,4,2
12/27/1982,10.44,10,4,2
12/28/1982,10.44,10,4,2
12/29/1982,10.47,10,4,2
12/30/1982,10.44,10,4,2
12/31/1982,10.36,10,4,2
1/3/1983,10.32,10,4,2
1/4/1983,10.37,10,4,2
1/5/1983,10.35,10,4,2
1/6/1983,10.39,10,4,2
1/7/1983,10.36,10,4,2
1/10/1983,10.38,10,4,2
1/11/1983,10.34,10,4,2
1/12/1983,10.32,10,4,2
1/13/1983,10.27,10,4,2
1/14/1983,10.28,10,4,2
1/17/1983,10.28,10,4,2
1/18/1983,10.3,10,4,2
1/19/1983,10.41,10,4,2
1/20/1983,10.43,10,4,2
1/21/1983,10.61,10,4,2
1/24/1983,10.7,10,4,2
1/25/1983,10.62,10,4,2
1/26/1983,10.69,10,4,2
1/27/1983,10.67,10,4,2
1/28/1983,10.71,10,4,2
1/31/1983,10.8,10,4,2
2/1/1983,10.78,10,4,2
2/2/1983,10.88,10,4,2
2/3/1983,10.93,10,4,2
2/4/1983,10.99,10,4,2
2/7/1983,10.96,10,4,2
2/8/1983,10.99,10,4,2
2/9/1983,11,10,4,2
2/10/1983,10.83,10,4,2
2/11/1983,10.8,10,4,2
2/14/1983,10.8,10,4,2
2/15/1983,10.84,10,4,2
2/16/1983,10.81,10,4,2
2/17/1983,10.71,10,4,2
2/18/1983,10.6,10,4,2
2/21/1983,,10,4,2
2/22/1983,10.46,10,4,2
2/23/1983,10.44,10,4,2
2/24/1983,10.42,10,4,2
2/25/1983,10.26,10,4,2
2/28/1983,10.27,10,4,2
3/1/1983,10.22,10,4,2
3/2/1983,10.26,10,4,2
3/3/1983,10.23,10,4,2
3/4/1983,10.27,10,4,2
3/7/1983,10.43,10,4,2
3/8/1983,10.52,10,4,2
3/9/1983,10.48,10,4,2
3/10/1983,10.55,10,4,2
3/11/1983,10.59,10,4,2
3/14/1983,10.48,10,4,2
3/15/1983,10.46,10,4,2
3/16/1983,10.53,10,4,2
3/17/1983,10.56,10,4,2
3/18/1983,10.58,10,4,2
3/21/1983,10.6,10,4,2
3/22/1983,10.62,10,4,2
3/23/1983,10.58,10,4,2
3/24/1983,10.58,10,4,2
3/25/1983,10.64,10,4,2
3/28/1983,10.66,10,4,2
3/29/1983,10.6,10,4,2
3/30/1983,10.59,10,4,2
3/31/1983,10.62,10,4,2
4/1/1983,,10,4,2
4/4/1983,10.6,10,4,2
4/5/1983,10.49,10,4,2
4/6/1983,10.49,10,4,2
4/7/1983,10.51,10,4,2
4/8/1983,10.51,10,4,2
4/11/1983,10.41,10,4,2
4/12/1983,10.42,10,4,2
4/13/1983,10.39,10,4,2
4/14/1983,10.29,10,4,2
4/15/1983,10.33,10,4,2
4/18/1983,10.29,10,4,2
4/19/1983,10.39,10,4,2
4/20/1983,10.39,10,4,2
4/21/1983,10.43,10,4,2
4/22/1983,10.42,10,4,2
4/25/1983,10.4,10,4,2
4/26/1983,10.37,10,4,2
4/27/1983,10.29,10,4,2
4/28/1983,10.31,10,4,2
4/29/1983,10.27,10,4,2
5/2/1983,10.26,10,4,2
5/3/1983,10.26,10,4,2
5/4/1983,10.12,10,4,2
5/5/1983,10.16,10,4,2
5/6/1983,10.13,10,4,2
5/9/1983,10.25,10,4,2
5/10/1983,10.16,10,4,2
5/11/1983,10.18,10,4,2
5/12/1983,10.23,10,4,2
5/13/1983,10.22,10,4,2
5/16/1983,10.37,10,4,2
5/17/1983,10.41,10,4,2
5/18/1983,10.43,10,4,2
5/19/1983,10.49,10,4,2
5/20/1983,10.54,10,4,2
5/23/1983,10.57,10,4,2
5/24/1983,10.56,10,4,2
5/25/1983,10.58,10,4,2
5/26/1983,10.63,10,4,2
5/27/1983,10.62,10,4,2
5/30/1983,,10,4,2
5/31/1983,10.81,10,4,2
6/1/1983,10.77,10,4,2
6/2/1983,10.78,10,4,2
6/3/1983,10.79,10,4,2
6/6/1983,10.79,10,4,2
6/7/1983,10.85,10,4,2
6/8/1983,10.92,10,4,2
6/9/1983,10.88,10,4,2
6/10/1983,10.89,10,4,2
6/13/1983,10.75,10,4,2
6/14/1983,10.77,10,4,2
6/15/1983,10.72,10,4,2
6/16/1983,10.64,10,4,2
6/17/1983,10.68,10,4,2
6/20/1983,10.8,10,4,2
6/21/1983,10.79,10,4,2
6/22/1983,10.83,10,4,2
6/23/1983,10.9,10,4,2
6/24/1983,11.02,10,4,2
6/27/1983,11.11,10,4,2
6/28/1983,11.04,10,4,2
6/29/1983,10.99,10,4,2
6/30/1983,10.96,10,4,2
7/1/1983,10.93,10,4,2
7/4/1983,,10,4,2
7/5/1983,11.21,10,4,2
7/6/1983,11.16,10,4,2
7/7/1983,11.29,10,4,2
7/8/1983,11.33,10,4,2
7/11/1983,11.28,10,4,2
7/12/1983,11.42,10,4,2
7/13/1983,11.4,10,4,2
7/14/1983,11.38,10,4,2
7/15/1983,11.51,10,4,2
7/18/1983,11.41,10,4,2
7/19/1983,11.36,10,4,2
7/20/1983,11.28,10,4,2
7/21/1983,11.32,10,4,2
7/22/1983,11.43,10,4,2
7/25/1983,11.41,10,4,2
7/26/1983,11.49,10,4,2
7/27/1983,11.51,10,4,2
7/28/1983,11.66,10,4,2
7/29/1983,11.76,10,4,2
8/1/1983,11.8,10,4,2
8/2/1983,11.82,10,4,2
8/3/1983,11.92,10,4,2
8/4/1983,12.12,10,4,2
8/5/1983,12.1,10,4,2
8/8/1983,12.2,10,4,2
8/9/1983,12.13,10,4,2
8/10/1983,12.17,10,4,2
8/11/1983,12.04,10,4,2
8/12/1983,11.96,10,4,2
8/15/1983,11.76,10,4,2
8/16/1983,11.71,10,4,2
8/17/1983,11.65,10,4,2
8/18/1983,11.7,10,4,2
8/19/1983,11.72,10,4,2
8/22/1983,11.54,10,4,2
8/23/1983,11.57,10,4,2
8/24/1983,11.54,10,4,2
8/25/1983,11.62,10,4,2
8/26/1983,11.65,10,4,2
8/29/1983,11.86,10,4,2
8/30/1983,11.9,10,4,2
8/31/1983,11.98,10,4,2
9/1/1983,11.97,10,4,2
9/2/1983,12.01,10,4,2
9/5/1983,,10,4,2
9/6/1983,11.85,10,4,2
9/7/1983,11.7,10,4,2
9/8/1983,11.77,10,4,2
9/9/1983,11.73,10,4,2
9/12/1983,11.56,10,4,2
9/13/1983,11.63,10,4,2
9/14/1983,11.76,10,4,2
9/15/1983,11.82,10,4,2
9/16/1983,11.68,10,4,2
9/19/1983,11.66,10,4,2
9/20/1983,11.57,10,4,2
9/21/1983,11.64,10,4,2
9/22/1983,11.6,10,4,2
9/23/1983,11.49,10,4,2
9/26/1983,11.41,10,4,2
9/27/1983,11.45,10,4,2
9/28/1983,11.49,10,4,2
9/29/1983,11.5,10,4,2
9/30/1983,11.44,10,4,2
10/3/1983,11.47,10,4,2
10/4/1983,11.46,10,4,2
10/5/1983,11.35,10,4,2
10/6/1983,11.31,10,4,2
10/7/1983,11.33,10,4,2
10/10/1983,,10,4,2
10/11/1983,11.57,10,4,2
10/12/1983,11.59,10,4,2
10/13/1983,11.65,10,4,2
10/14/1983,11.58,10,4,2
10/17/1983,11.47,10,4,2
10/18/1983,11.49,10,4,2
10/19/1983,11.49,10,4,2
10/20/1983,11.47,10,4,2
10/21/1983,11.43,10,4,2
10/24/1983,11.66,10,4,2
10/25/1983,11.7,10,4,2
10/26/1983,11.72,10,4,2
10/27/1983,11.66,10,4,2
10/28/1983,11.68,10,4,2
10/31/1983,11.74,10,4,2
11/1/1983,11.69,10,4,2
11/2/1983,11.7,10,4,2
11/3/1983,11.75,10,4,2
11/4/1983,11.85,10,4,2
11/7/1983,11.85,10,4,2
11/8/1983,,10,4,2
11/9/1983,11.84,10,4,2
11/10/1983,11.71,10,4,2
11/11/1983,,10,4,2
11/14/1983,11.68,10,4,2
11/15/1983,11.7,10,4,2
11/16/1983,11.7,10,4,2
11/17/1983,11.72,10,4,2
11/18/1983,11.72,10,4,2
11/21/1983,11.65,10,4,2
11/22/1983,11.57,10,4,2
11/23/1983,11.59,10,4,2
11/24/1983,,10,4,2
11/25/1983,11.55,10,4,2
11/28/1983,11.63,10,4,2
11/29/1983,11.58,10,4,2
11/30/1983,11.63,10,4,2
12/1/1983,11.63,10,4,2
12/2/1983,11.75,10,4,2
12/5/1983,11.78,10,4,2
12/6/1983,11.76,10,4,2
12/7/1983,11.79,10,4,2
12/8/1983,11.89,10,4,2
12/9/1983,11.9,10,4,2
12/12/1983,11.87,10,4,2
12/13/1983,11.95,10,4,2
12/14/1983,11.97,10,4,2
12/15/1983,11.96,10,4,2
12/16/1983,11.88,10,4,2
12/19/1983,11.87,10,4,2
12/20/1983,11.86,10,4,2
12/21/1983,11.83,10,4,2
12/22/1983,11.77,10,4,2
12/23/1983,11.79,10,4,2
12/26/1983,,10,4,2
12/27/1983,11.75,10,4,2
12/28/1983,11.81,10,4,2
12/29/1983,11.79,10,4,2
12/30/1983,11.82,10,4,2
1/2/1984,,10,4,2
1/3/1984,11.86,10,4,2
1/4/1984,11.78,10,4,2
1/5/1984,11.77,10,4,2
1/6/1984,11.73,10,4,2
1/9/1984,11.75,10,4,2
1/10/1984,11.71,10,4,2
1/11/1984,11.76,10,4,2
1/12/1984,11.76,10,4,2
1/13/1984,11.59,10,4,2
1/16/1984,11.54,10,4,2
1/17/1984,11.57,10,4,2
1/18/1984,11.61,10,4,2
1/19/1984,11.6,10,4,2
1/20/1984,11.64,10,4,2
1/23/1984,11.63,10,4,2
1/24/1984,11.63,10,4,2
1/25/1984,11.64,10,4,2
1/26/1984,11.63,10,4,2
1/27/1984,11.63,10,4,2
1/30/1984,11.66,10,4,2
1/31/1984,11.67,10,4,2
2/1/1984,11.64,10,4,2
2/2/1984,11.6,10,4,2
2/3/1984,11.6,10,4,2
2/6/1984,11.7,10,4,2
2/7/1984,11.71,10,4,2
2/8/1984,11.72,10,4,2
2/9/1984,11.73,10,4,2
2/10/1984,11.83,10,4,2
2/13/1984,,10,4,2
2/14/1984,11.85,10,4,2
2/15/1984,11.81,10,4,2
2/16/1984,11.83,10,4,2
2/17/1984,11.92,10,4,2
2/20/1984,,10,4,2
2/21/1984,11.91,10,4,2
2/22/1984,11.93,10,4,2
2/23/1984,12.05,10,4,2
2/24/1984,11.99,10,4,2
2/27/1984,12.05,10,4,2
2/28/1984,12.09,10,4,2
2/29/1984,12.04,10,4,2
3/1/1984,12.07,10,4,2
3/2/1984,11.99,10,4,2
3/5/1984,12.07,10,4,2
3/6/1984,12.09,10,4,2
3/7/1984,12.22,10,4,2
3/8/1984,12.24,10,4,2
3/9/1984,12.28,10,4,2
3/12/1984,12.24,10,4,2
3/13/1984,12.27,10,4,2
3/14/1984,12.31,10,4,2
3/15/1984,12.31,10,4,2
3/16/1984,12.34,10,4,2
3/19/1984,12.45,10,4,2
3/20/1984,12.44,10,4,2
3/21/1984,12.45,10,4,2
3/22/1984,12.49,10,4,2
3/23/1984,12.48,10,4,2
3/26/1984,12.46,10,4,2
3/27/1984,12.46,10,4,2
3/28/1984,12.42,10,4,2
3/29/1984,12.41,10,4,2
3/30/1984,12.53,10,4,2
4/2/1984,12.56,10,4,2
4/3/1984,12.65,10,4,2
4/4/1984,12.67,10,4,2
4/5/1984,12.65,10,4,2
4/6/1984,12.51,10,4,2
4/9/1984,12.47,10,4,2
4/10/1984,12.52,10,4,2
4/11/1984,12.5,10,4,2
4/12/1984,12.4,10,4,2
4/13/1984,12.57,10,4,2
4/16/1984,12.61,10,4,2
4/17/1984,12.57,10,4,2
4/18/1984,12.7,10,4,2
4/19/1984,12.77,10,4,2
4/20/1984,,10,4,2
4/23/1984,12.8,10,4,2
4/24/1984,12.75,10,4,2
4/25/1984,12.69,10,4,2
4/26/1984,12.67,10,4,2
4/27/1984,12.79,10,4,2
4/30/1984,12.82,10,4,2
5/1/1984,12.82,10,4,2
5/2/1984,12.86,10,4,2
5/3/1984,12.89,10,4,2
5/4/1984,13.07,10,4,2
5/7/1984,13.13,10,4,2
5/8/1984,13.09,10,4,2
5/9/1984,13.21,10,4,2
5/10/1984,13.25,10,4,2
5/11/1984,13.46,10,4,2
5/14/1984,13.58,10,4,2
5/15/1984,13.48,10,4,2
5/16/1984,13.41,10,4,2
5/17/1984,13.54,10,4,2
5/18/1984,13.45,10,4,2
5/21/1984,13.43,10,4,2
5/22/1984,13.52,10,4,2
5/23/1984,13.54,10,4,2
5/24/1984,13.72,10,4,2
5/25/1984,13.75,10,4,2
5/28/1984,,10,4,2
5/29/1984,13.89,10,4,2
5/30/1984,13.99,10,4,2
5/31/1984,13.91,10,4,2
6/1/1984,13.63,10,4,2
6/4/1984,13.42,10,4,2
6/5/1984,13.37,10,4,2
6/6/1984,13.54,10,4,2
6/7/1984,13.54,10,4,2
6/8/1984,13.46,10,4,2
6/11/1984,13.58,10,4,2
6/12/1984,13.54,10,4,2
6/13/1984,13.44,10,4,2
6/14/1984,13.39,10,4,2
6/15/1984,13.21,10,4,2
6/18/1984,13.27,10,4,2
6/19/1984,13.38,10,4,2
6/20/1984,13.65,10,4,2
6/21/1984,13.72,10,4,2
6/22/1984,13.74,10,4,2
6/25/1984,13.75,10,4,2
6/26/1984,13.79,10,4,2
6/27/1984,13.76,10,4,2
6/28/1984,13.8,10,4,2
6/29/1984,13.84,10,4,2
7/2/1984,13.87,10,4,2
7/3/1984,13.8,10,4,2
7/4/1984,,10,4,2
7/5/1984,13.77,10,4,2
7/6/1984,13.75,10,4,2
7/9/1984,13.48,10,4,2
7/10/1984,13.53,10,4,2
7/11/1984,13.55,10,4,2
7/12/1984,13.42,10,4,2
7/13/1984,13.3,10,4,2
7/16/1984,13.32,10,4,2
7/17/1984,13.37,10,4,2
7/18/1984,13.32,10,4,2
7/19/1984,13.25,10,4,2
7/20/1984,13.36,10,4,2
7/23/1984,13.35,10,4,2
7/24/1984,13.31,10,4,2
7/25/1984,13.06,10,4,2
7/26/1984,12.89,10,4,2
7/27/1984,12.95,10,4,2
7/30/1984,13.05,10,4,2
7/31/1984,12.91,10,4,2
8/1/1984,12.81,10,4,2
8/2/1984,12.74,10,4,2
8/3/1984,12.61,10,4,2
8/6/1984,12.73,10,4,2
8/7/1984,12.69,10,4,2
8/8/1984,12.66,10,4,2
8/9/1984,12.61,10,4,2
8/10/1984,12.68,10,4,2
8/13/1984,12.74,10,4,2
8/14/1984,12.67,10,4,2
8/15/1984,12.74,10,4,2
8/16/1984,12.7,10,4,2
8/17/1984,12.7,10,4,2
8/20/1984,12.69,10,4,2
8/21/1984,12.62,10,4,2
8/22/1984,12.65,10,4,2
8/23/1984,12.69,10,4,2
8/24/1984,12.66,10,4,2
8/27/1984,12.81,10,4,2
8/28/1984,12.81,10,4,2
8/29/1984,12.83,10,4,2
8/30/1984,12.84,10,4,2
8/31/1984,12.79,10,4,2
9/3/1984,,10,4,2
9/4/1984,12.88,10,4,2
9/5/1984,12.92,10,4,2
9/6/1984,12.81,10,4,2
9/7/1984,12.7,10,4,2
9/10/1984,12.62,10,4,2
9/11/1984,12.54,10,4,2
9/12/1984,12.55,10,4,2
9/13/1984,12.44,10,4,2
9/14/1984,12.42,10,4,2
9/17/1984,12.4,10,4,2
9/18/1984,12.35,10,4,2
9/19/1984,12.25,10,4,2
9/20/1984,12.28,10,4,2
9/21/1984,12.45,10,4,2
9/24/1984,12.52,10,4,2
9/25/1984,12.56,10,4,2
9/26/1984,12.46,10,4,2
9/27/1984,12.31,10,4,2
9/28/1984,12.47,10,4,2
10/1/1984,12.54,10,4,2
10/2/1984,12.54,10,4,2
10/3/1984,12.54,10,4,2
10/4/1984,12.52,10,4,2
10/5/1984,12.39,10,4,2
10/8/1984,,10,4,2
10/9/1984,12.36,10,4,2
10/10/1984,12.36,10,4,2
10/11/1984,12.31,10,4,2
10/12/1984,12.28,10,4,2
10/15/1984,12.34,10,4,2
10/16/1984,12.32,10,4,2
10/17/1984,12.28,10,4,2
10/18/1984,12.09,10,4,2
10/19/1984,11.93,10,4,2
10/22/1984,11.9,10,4,2
10/23/1984,11.78,10,4,2
10/24/1984,11.74,10,4,2
10/25/1984,11.83,10,4,2
10/26/1984,11.99,10,4,2
10/29/1984,11.95,10,4,2
10/30/1984,11.75,10,4,2
10/31/1984,11.79,10,4,2
11/1/1984,11.66,10,4,2
11/2/1984,11.66,10,4,2
11/5/1984,11.6,10,4,2
11/6/1984,,10,4,2
11/7/1984,11.72,10,4,2
11/8/1984,11.81,10,4,2
11/9/1984,11.71,10,4,2
11/12/1984,,10,4,2
11/13/1984,11.78,10,4,2
11/14/1984,11.81,10,4,2
11/15/1984,11.73,10,4,2
11/16/1984,11.69,10,4,2
11/19/1984,11.61,10,4,2
11/20/1984,11.53,10,4,2
11/21/1984,11.39,10,4,2
11/22/1984,,10,4,2
11/23/1984,11.24,10,4,2
11/26/1984,11.28,10,4,2
11/27/1984,11.28,10,4,2
11/28/1984,11.38,10,4,2
11/29/1984,11.42,10,4,2
11/30/1984,11.58,10,4,2
12/3/1984,11.56,10,4,2
12/4/1984,11.52,10,4,2
12/5/1984,11.52,10,4,2
12/6/1984,11.61,10,4,2
12/7/1984,11.7,10,4,2
12/10/1984,11.66,10,4,2
12/11/1984,11.57,10,4,2
12/12/1984,11.54,10,4,2
12/13/1984,11.7,10,4,2
12/14/1984,11.56,10,4,2
12/17/1984,11.49,10,4,2
12/18/1984,11.29,10,4,2
12/19/1984,11.34,10,4,2
12/20/1984,11.37,10,4,2
12/21/1984,11.34,10,4,2
12/24/1984,11.31,10,4,2
12/25/1984,,10,4,2
12/26/1984,11.45,10,4,2
12/27/1984,11.45,10,4,2
12/28/1984,11.46,10,4,2
12/31/1984,11.55,10,4,2
1/1/1985,,10,4,2
1/2/1985,11.7,10,4,2
1/3/1985,11.62,10,4,2
1/4/1985,11.67,10,4,2
1/7/1985,11.5,10,4,2
1/8/1985,11.45,10,4,2
1/9/1985,11.47,10,4,2
1/10/1985,11.48,10,4,2
1/11/1985,11.59,10,4,2
1/14/1985,11.6,10,4,2
1/15/1985,11.49,10,4,2
1/16/1985,11.51,10,4,2
1/17/1985,11.48,10,4,2
1/18/1985,11.39,10,4,2
1/21/1985,,10,4,2
1/22/1985,11.27,10,4,2
1/23/1985,11.21,10,4,2
1/24/1985,11.06,10,4,2
1/25/1985,11.11,10,4,2
1/28/1985,11.11,10,4,2
1/29/1985,11.11,10,4,2
1/30/1985,11.08,10,4,2
1/31/1985,11.17,10,4,2
2/1/1985,11.29,10,4,2
2/4/1985,11.35,10,4,2
2/5/1985,11.3,10,4,2
2/6/1985,11.4,10,4,2
2/7/1985,11.41,10,4,2
2/8/1985,11.37,10,4,2
2/11/1985,11.42,10,4,2
2/12/1985,,10,4,2
2/13/1985,11.39,10,4,2
2/14/1985,11.29,10,4,2
2/15/1985,11.38,10,4,2
2/18/1985,,10,4,2
2/19/1985,11.37,10,4,2
2/20/1985,11.52,10,4,2
2/21/1985,11.64,10,4,2
2/22/1985,11.76,10,4,2
2/25/1985,11.75,10,4,2
2/26/1985,11.72,10,4,2
2/27/1985,11.89,10,4,2
2/28/1985,11.91,10,4,2
3/1/1985,11.86,10,4,2
3/4/1985,11.93,10,4,2
3/5/1985,11.86,10,4,2
3/6/1985,11.92,10,4,2
3/7/1985,11.94,10,4,2
3/8/1985,11.71,10,4,2
3/11/1985,11.72,10,4,2
3/12/1985,11.78,10,4,2
3/13/1985,11.9,10,4,2
3/14/1985,11.92,10,4,2
3/15/1985,11.93,10,4,2
3/18/1985,12.02,10,4,2
3/19/1985,11.99,10,4,2
3/20/1985,11.91,10,4,2
3/21/1985,11.82,10,4,2
3/22/1985,11.88,10,4,2
3/25/1985,11.86,10,4,2
3/26/1985,11.77,10,4,2
3/27/1985,11.84,10,4,2
3/28/1985,11.75,10,4,2
3/29/1985,11.65,10,4,2
4/1/1985,11.66,10,4,2
4/2/1985,11.7,10,4,2
4/3/1985,11.73,10,4,2
4/4/1985,11.75,10,4,2
4/5/1985,,10,4,2
4/8/1985,11.77,10,4,2
4/9/1985,11.66,10,4,2
4/10/1985,11.58,10,4,2
4/11/1985,11.42,10,4,2
4/12/1985,11.43,10,4,2
4/15/1985,11.37,10,4,2
4/16/1985,11.25,10,4,2
4/17/1985,11.29,10,4,2
4/18/1985,11.13,10,4,2
4/19/1985,11.16,10,4,2
4/22/1985,11.13,10,4,2
4/23/1985,11.25,10,4,2
4/24/1985,11.25,10,4,2
4/25/1985,11.37,10,4,2
4/26/1985,11.35,10,4,2
4/29/1985,11.47,10,4,2
4/30/1985,11.41,10,4,2
5/1/1985,11.27,10,4,2
5/2/1985,11.29,10,4,2
5/3/1985,11.21,10,4,2
5/6/1985,11.19,10,4,2
5/7/1985,11.17,10,4,2
5/8/1985,11.26,10,4,2
5/9/1985,11.2,10,4,2
5/10/1985,11.04,10,4,2
5/13/1985,11.04,10,4,2
5/14/1985,10.87,10,4,2
5/15/1985,10.89,10,4,2
5/16/1985,10.81,10,4,2
5/17/1985,10.84,10,4,2
5/20/1985,10.56,10,4,2
5/21/1985,10.6,10,4,2
5/22/1985,10.62,10,4,2
5/23/1985,10.64,10,4,2
5/24/1985,10.57,10,4,2
5/27/1985,,10,4,2
5/28/1985,10.43,10,4,2
5/29/1985,10.46,10,4,2
5/30/1985,10.39,10,4,2
5/31/1985,10.28,10,4,2
6/3/1985,10.05,10,4,2
6/4/1985,10.05,10,4,2
6/5/1985,9.83,10,4,2
6/6/1985,9.89,10,4,2
6/7/1985,10.19,10,4,2
6/10/1985,10.16,10,4,2
6/11/1985,10.08,10,4,2
6/12/1985,10.16,10,4,2
6/13/1985,10.21,10,4,2
6/14/1985,9.98,10,4,2
6/17/1985,9.97,10,4,2
6/18/1985,9.9,10,4,2
6/19/1985,10.04,10,4,2
6/20/1985,10.14,10,4,2
6/21/1985,10.34,10,4,2
6/24/1985,10.45,10,4,2
6/25/1985,10.5,10,4,2
6/26/1985,10.54,10,4,2
6/27/1985,10.39,10,4,2
6/28/1985,10.25,10,4,2
7/1/1985,10.19,10,4,2
7/2/1985,10.2,10,4,2
7/3/1985,10.23,10,4,2
7/4/1985,,10,4,2
7/5/1985,9.93,10,4,2
7/8/1985,10.05,10,4,2
7/9/1985,10.05,10,4,2
7/10/1985,10.07,10,4,2
7/11/1985,10.22,10,4,2
7/12/1985,10.23,10,4,2
7/15/1985,10.22,10,4,2
7/16/1985,10.15,10,4,2
7/17/1985,10.12,10,4,2
7/18/1985,10.3,10,4,2
7/19/1985,10.34,10,4,2
7/22/1985,10.46,10,4,2
7/23/1985,10.47,10,4,2
7/24/1985,10.51,10,4,2
7/25/1985,10.52,10,4,2
7/26/1985,10.59,10,4,2
7/29/1985,10.67,10,4,2
7/30/1985,10.66,10,4,2
7/31/1985,10.57,10,4,2
8/1/1985,10.51,10,4,2
8/2/1985,10.66,10,4,2
8/5/1985,10.64,10,4,2
8/6/1985,10.65,10,4,2
8/7/1985,10.55,10,4,2
8/8/1985,10.43,10,4,2
8/9/1985,10.37,10,4,2
8/12/1985,10.38,10,4,2
8/13/1985,10.46,10,4,2
8/14/1985,10.38,10,4,2
8/15/1985,10.36,10,4,2
8/16/1985,10.26,10,4,2
8/19/1985,10.23,10,4,2
8/20/1985,10.2,10,4,2
8/21/1985,10.12,10,4,2
8/22/1985,10.1,10,4,2
8/23/1985,10.14,10,4,2
8/26/1985,10.18,10,4,2
8/27/1985,10.12,10,4,2
8/28/1985,10.16,10,4,2
8/29/1985,10.12,10,4,2
8/30/1985,10.28,10,4,2
9/2/1985,,10,4,2
9/3/1985,10.24,10,4,2
9/4/1985,10.16,10,4,2
9/5/1985,10.27,10,4,2
9/6/1985,10.5,10,4,2
9/9/1985,10.49,10,4,2
9/10/1985,10.48,10,4,2
9/11/1985,10.51,10,4,2
9/12/1985,10.52,10,4,2
9/13/1985,10.4,10,4,2
9/16/1985,10.37,10,4,2
9/17/1985,10.41,10,4,2
9/18/1985,10.43,10,4,2
9/19/1985,10.43,10,4,2
9/20/1985,10.36,10,4,2
9/23/1985,10.39,10,4,2
9/24/1985,10.33,10,4,2
9/25/1985,10.27,10,4,2
9/26/1985,10.22,10,4,2
9/27/1985,,10,4,2
9/30/1985,10.31,10,4,2
10/1/1985,10.29,10,4,2
10/2/1985,10.3,10,4,2
10/3/1985,10.32,10,4,2
10/4/1985,10.36,10,4,2
10/7/1985,10.42,10,4,2
10/8/1985,10.36,10,4,2
10/9/1985,10.37,10,4,2
10/10/1985,10.35,10,4,2
10/11/1985,10.34,10,4,2
10/14/1985,,10,4,2
10/15/1985,10.3,10,4,2
10/16/1985,10.25,10,4,2
10/17/1985,10.21,10,4,2
10/18/1985,10.17,10,4,2
10/21/1985,10.18,10,4,2
10/22/1985,10.12,10,4,2
10/23/1985,10.14,10,4,2
10/24/1985,10.15,10,4,2
10/25/1985,10.21,10,4,2
10/28/1985,10.28,10,4,2
10/29/1985,10.11,10,4,2
10/30/1985,9.97,10,4,2
10/31/1985,10.01,10,4,2
11/1/1985,9.98,10,4,2
11/4/1985,9.98,10,4,2
11/5/1985,9.93,10,4,2
11/6/1985,9.93,10,4,2
11/7/1985,9.91,10,4,2
11/8/1985,9.84,10,4,2
11/11/1985,,10,4,2
11/12/1985,9.74,10,4,2
11/13/1985,9.78,10,4,2
11/14/1985,9.84,10,4,2
11/15/1985,9.92,10,4,2
11/18/1985,9.72,10,4,2
11/19/1985,9.73,10,4,2
11/20/1985,9.72,10,4,2
11/21/1985,9.58,10,4,2
11/22/1985,9.66,10,4,2
11/25/1985,9.68,10,4,2
11/26/1985,9.68,10,4,2
11/27/1985,9.64,10,4,2
11/28/1985,,10,4,2
11/29/1985,9.59,10,4,2
12/2/1985,9.69,10,4,2
12/3/1985,9.68,10,4,2
12/4/1985,9.63,10,4,2
12/5/1985,9.62,10,4,2
12/6/1985,9.65,10,4,2
12/9/1985,9.49,10,4,2
12/10/1985,9.36,10,4,2
12/11/1985,9.2,10,4,2
12/12/1985,9.27,10,4,2
12/13/1985,9.21,10,4,2
12/16/1985,9.16,10,4,2
12/17/1985,9.04,10,4,2
12/18/1985,9.11,10,4,2
12/19/1985,9.1,10,4,2
12/20/1985,9.04,10,4,2
12/23/1985,9.08,10,4,2
12/24/1985,9.07,10,4,2
12/25/1985,,10,4,2
12/26/1985,9.04,10,4,2
12/27/1985,8.99,10,4,2
12/30/1985,9.01,10,4,2
12/31/1985,9,10,4,2
1/1/1986,,10,4,2
1/2/1986,9.04,10,4,2
1/3/1986,9.05,10,4,2
1/6/1986,9.07,10,4,2
1/7/1986,8.94,10,4,2
1/8/1986,9.13,10,4,2
1/9/1986,9.27,10,4,2
1/10/1986,9.39,10,4,2
1/13/1986,9.49,10,4,2
1/14/1986,9.43,10,4,2
1/15/1986,9.31,10,4,2
1/16/1986,9.3,10,4,2
1/17/1986,9.24,10,4,2
1/20/1986,,10,4,2
1/21/1986,9.22,10,4,2
1/22/1986,9.28,10,4,2
1/23/1986,9.23,10,4,2
1/24/1986,9.23,10,4,2
1/27/1986,9.13,10,4,2
1/28/1986,9.05,10,4,2
1/29/1986,9.09,10,4,2
1/30/1986,9.1,10,4,2
1/31/1986,9.08,10,4,2
2/3/1986,9.02,10,4,2
2/4/1986,8.96,10,4,2
2/5/1986,8.97,10,4,2
2/6/1986,9.03,10,4,2
2/7/1986,9.11,10,4,2
2/10/1986,9,10,4,2
2/11/1986,8.93,10,4,2
2/12/1986,8.91,10,4,2
2/13/1986,8.85,10,4,2
2/14/1986,8.68,10,4,2
2/17/1986,,10,4,2
2/18/1986,8.64,10,4,2
2/19/1986,8.7,10,4,2
2/20/1986,8.67,10,4,2
2/21/1986,8.48,10,4,2
2/24/1986,8.39,10,4,2
2/25/1986,8.4,10,4,2
2/26/1986,8.36,10,4,2
2/27/1986,8.15,10,4,2
2/28/1986,8.13,10,4,2
3/3/1986,7.99,10,4,2
3/4/1986,7.93,10,4,2
3/5/1986,8.12,10,4,2
3/6/1986,8.04,10,4,2
3/7/1986,7.96,10,4,2
3/10/1986,7.76,10,4,2
3/11/1986,7.7,10,4,2
3/12/1986,7.68,10,4,2
3/13/1986,7.75,10,4,2
3/14/1986,7.72,10,4,2
3/17/1986,7.77,10,4,2
3/18/1986,7.83,10,4,2
3/19/1986,7.82,10,4,2
3/20/1986,7.78,10,4,2
3/21/1986,7.8,10,4,2
3/24/1986,7.7,10,4,2
3/25/1986,7.7,10,4,2
3/26/1986,7.64,10,4,2
3/27/1986,7.49,10,4,2
3/28/1986,,10,4,2
3/31/1986,7.39,10,4,2
4/1/1986,7.37,10,4,2
4/2/1986,7.33,10,4,2
4/3/1986,7.41,10,4,2
4/4/1986,7.45,10,4,2
4/7/1986,7.43,10,4,2
4/8/1986,7.31,10,4,2
4/9/1986,7.27,10,4,2
4/10/1986,7.23,10,4,2
4/11/1986,7.29,10,4,2
4/14/1986,7.19,10,4,2
4/15/1986,7.22,10,4,2
4/16/1986,6.98,10,4,2
4/17/1986,7.03,10,4,2
4/18/1986,7.09,10,4,2
4/21/1986,7.04,10,4,2
4/22/1986,7.25,10,4,2
4/23/1986,7.36,10,4,2
4/24/1986,7.51,10,4,2
4/25/1986,7.58,10,4,2
4/28/1986,7.48,10,4,2
4/29/1986,7.38,10,4,2
4/30/1986,7.38,10,4,2
5/1/1986,7.45,10,4,2
5/2/1986,7.51,10,4,2
5/5/1986,7.45,10,4,2
5/6/1986,7.46,10,4,2
5/7/1986,7.43,10,4,2
5/8/1986,7.4,10,4,2
5/9/1986,7.48,10,4,2
5/12/1986,7.67,10,4,2
5/13/1986,7.63,10,4,2
5/14/1986,7.66,10,4,2
5/15/1986,7.79,10,4,2
5/16/1986,7.99,10,4,2
5/19/1986,7.98,10,4,2
5/20/1986,7.88,10,4,2
5/21/1986,7.9,10,4,2
5/22/1986,7.88,10,4,2
5/23/1986,7.84,10,4,2
5/26/1986,,10,4,2
5/27/1986,7.73,10,4,2
5/28/1986,7.73,10,4,2
5/29/1986,7.99,10,4,2
5/30/1986,8.05,10,4,2
6/2/1986,8.32,10,4,2
6/3/1986,8.19,10,4,2
6/4/1986,8.39,10,4,2
6/5/1986,8.31,10,4,2
6/6/1986,7.95,10,4,2
6/9/1986,8.13,10,4,2
6/10/1986,8.07,10,4,2
6/11/1986,8.01,10,4,2
6/12/1986,7.98,10,4,2
6/13/1986,7.73,10,4,2
6/16/1986,7.63,10,4,2
6/17/1986,7.63,10,4,2
6/18/1986,7.57,10,4,2
6/19/1986,7.69,10,4,2
6/20/1986,7.6,10,4,2
6/23/1986,7.55,10,4,2
6/24/1986,7.47,10,4,2
6/25/1986,7.42,10,4,2
6/26/1986,7.42,10,4,2
6/27/1986,7.38,10,4,2
6/30/1986,7.35,10,4,2
7/1/1986,7.37,10,4,2
7/2/1986,7.37,10,4,2
7/3/1986,7.31,10,4,2
7/4/1986,,10,4,2
7/7/1986,7.31,10,4,2
7/8/1986,7.44,10,4,2
7/9/1986,7.31,10,4,2
7/10/1986,7.31,10,4,2
7/11/1986,7.3,10,4,2
7/14/1986,7.25,10,4,2
7/15/1986,7.16,10,4,2
7/16/1986,7.2,10,4,2
7/17/1986,7.18,10,4,2
7/18/1986,7.16,10,4,2
7/21/1986,7.14,10,4,2
7/22/1986,7.2,10,4,2
7/23/1986,7.29,10,4,2
7/24/1986,7.35,10,4,2
7/25/1986,7.33,10,4,2
7/28/1986,7.53,10,4,2
7/29/1986,7.41,10,4,2
7/30/1986,7.41,10,4,2
7/31/1986,7.34,10,4,2
8/1/1986,7.34,10,4,2
8/4/1986,7.33,10,4,2
8/5/1986,7.39,10,4,2
8/6/1986,7.47,10,4,2
8/7/1986,7.45,10,4,2
8/8/1986,7.3,10,4,2
8/11/1986,7.25,10,4,2
8/12/1986,7.23,10,4,2
8/13/1986,7.15,10,4,2
8/14/1986,7.16,10,4,2
8/15/1986,7.14,10,4,2
8/18/1986,7.14,10,4,2
8/19/1986,7.02,10,4,2
8/20/1986,7,10,4,2
8/21/1986,6.96,10,4,2
8/22/1986,7.07,10,4,2
8/25/1986,7.06,10,4,2
8/26/1986,6.97,10,4,2
8/27/1986,7.06,10,4,2
8/28/1986,7.04,10,4,2
8/29/1986,6.95,10,4,2
9/1/1986,,10,4,2
9/2/1986,7.03,10,4,2
9/3/1986,7.2,10,4,2
9/4/1986,7.15,10,4,2
9/5/1986,7.32,10,4,2
9/8/1986,7.38,10,4,2
9/9/1986,7.35,10,4,2
9/10/1986,7.35,10,4,2
9/11/1986,7.57,10,4,2
9/12/1986,7.63,10,4,2
9/15/1986,7.53,10,4,2
9/16/1986,7.53,10,4,2
9/17/1986,7.46,10,4,2
9/18/1986,7.62,10,4,2
9/19/1986,7.67,10,4,2
9/22/1986,7.62,10,4,2
9/23/1986,7.58,10,4,2
9/24/1986,7.48,10,4,2
9/25/1986,7.47,10,4,2
9/26/1986,7.47,10,4,2
9/29/1986,7.54,10,4,2
9/30/1986,7.45,10,4,2
10/1/1986,7.41,10,4,2
10/2/1986,7.45,10,4,2
10/3/1986,7.31,10,4,2
10/6/1986,7.28,10,4,2
10/7/1986,7.28,10,4,2
10/8/1986,7.31,10,4,2
10/9/1986,7.33,10,4,2
10/10/1986,7.36,10,4,2
10/13/1986,,10,4,2
10/14/1986,7.49,10,4,2
10/15/1986,7.51,10,4,2
10/16/1986,7.53,10,4,2
10/17/1986,7.57,10,4,2
10/20/1986,7.66,10,4,2
10/21/1986,7.57,10,4,2
10/22/1986,7.49,10,4,2
10/23/1986,7.43,10,4,2
10/24/1986,7.47,10,4,2
10/27/1986,7.42,10,4,2
10/28/1986,7.45,10,4,2
10/29/1986,7.41,10,4,2
10/30/1986,7.31,10,4,2
10/31/1986,7.34,10,4,2
11/3/1986,7.29,10,4,2
11/4/1986,7.31,10,4,2
11/5/1986,7.24,10,4,2
11/6/1986,7.32,10,4,2
11/7/1986,7.4,10,4,2
11/10/1986,7.38,10,4,2
11/11/1986,,10,4,2
11/12/1986,7.35,10,4,2
11/13/1986,7.33,10,4,2
11/14/1986,7.29,10,4,2
11/17/1986,7.22,10,4,2
11/18/1986,7.27,10,4,2
11/19/1986,7.19,10,4,2
11/20/1986,7.19,10,4,2
11/21/1986,7.17,10,4,2
11/24/1986,7.11,10,4,2
11/25/1986,7.15,10,4,2
11/26/1986,7.15,10,4,2
11/27/1986,,10,4,2
11/28/1986,7.15,10,4,2
12/1/1986,7.18,10,4,2
12/2/1986,7.08,10,4,2
12/3/1986,7.06,10,4,2
12/4/1986,7.01,10,4,2
12/5/1986,7.12,10,4,2
12/8/1986,7.1,10,4,2
12/9/1986,7.07,10,4,2
12/10/1986,7.05,10,4,2
12/11/1986,7.12,10,4,2
12/12/1986,7.13,10,4,2
12/15/1986,7.15,10,4,2
12/16/1986,7.12,10,4,2
12/17/1986,7.12,10,4,2
12/18/1986,7.11,10,4,2
12/19/1986,7.1,10,4,2
12/22/1986,7.1,10,4,2
12/23/1986,7.08,10,4,2
12/24/1986,7.07,10,4,2
12/25/1986,,10,4,2
12/26/1986,7.08,10,4,2
12/29/1986,7.17,10,4,2
12/30/1986,7.23,10,4,2
12/31/1986,7.23,10,4,2
1/1/1987,,10,4,2
1/2/1987,7.18,10,4,2
1/5/1987,7.08,10,4,2
1/6/1987,7.08,10,4,2
1/7/1987,7.05,10,4,2
1/8/1987,7.04,10,4,2
1/9/1987,7.01,10,4,2
1/12/1987,7.05,10,4,2
1/13/1987,7.1,10,4,2
1/14/1987,7.11,10,4,2
1/15/1987,7.08,10,4,2
1/16/1987,7.03,10,4,2
1/19/1987,,10,4,2
1/20/1987,7.01,10,4,2
1/21/1987,7.01,10,4,2
1/22/1987,7.03,10,4,2
1/23/1987,7.06,10,4,2
1/26/1987,7.17,10,4,2
1/27/1987,7.16,10,4,2
1/28/1987,7.13,10,4,2
1/29/1987,7.13,10,4,2
1/30/1987,7.18,10,4,2
2/2/1987,7.23,10,4,2
2/3/1987,7.25,10,4,2
2/4/1987,7.23,10,4,2
2/5/1987,7.2,10,4,2
2/6/1987,7.19,10,4,2
2/9/1987,7.25,10,4,2
2/10/1987,7.33,10,4,2
2/11/1987,7.37,10,4,2
2/12/1987,7.31,10,4,2
2/13/1987,7.28,10,4,2
2/16/1987,,10,4,2
2/17/1987,7.33,10,4,2
2/18/1987,7.3,10,4,2
2/19/1987,7.23,10,4,2
2/20/1987,7.24,10,4,2
2/23/1987,7.23,10,4,2
2/24/1987,7.18,10,4,2
2/25/1987,7.21,10,4,2
2/26/1987,7.21,10,4,2
2/27/1987,7.19,10,4,2
3/2/1987,7.17,10,4,2
3/3/1987,7.21,10,4,2
3/4/1987,7.14,10,4,2
3/5/1987,7.16,10,4,2
3/6/1987,7.23,10,4,2
3/9/1987,7.23,10,4,2
3/10/1987,7.23,10,4,2
3/11/1987,7.23,10,4,2
3/12/1987,7.22,10,4,2
3/13/1987,7.19,10,4,2
3/16/1987,7.22,10,4,2
3/17/1987,7.2,10,4,2
3/18/1987,7.21,10,4,2
3/19/1987,7.21,10,4,2
3/20/1987,7.22,10,4,2
3/23/1987,7.25,10,4,2
3/24/1987,7.27,10,4,2
3/25/1987,7.26,10,4,2
3/26/1987,7.24,10,4,2
3/27/1987,7.33,10,4,2
3/30/1987,7.54,10,4,2
3/31/1987,7.51,10,4,2
4/1/1987,7.59,10,4,2
4/2/1987,7.59,10,4,2
4/3/1987,7.59,10,4,2
4/6/1987,7.54,10,4,2
4/7/1987,7.62,10,4,2
4/8/1987,7.61,10,4,2
4/9/1987,7.78,10,4,2
4/10/1987,7.98,10,4,2
4/13/1987,8.07,10,4,2
4/14/1987,8.28,10,4,2
4/15/1987,8.1,10,4,2
4/16/1987,8.03,10,4,2
4/17/1987,,10,4,2
4/20/1987,8.2,10,4,2
4/21/1987,8.19,10,4,2
4/22/1987,8.24,10,4,2
4/23/1987,8.39,10,4,2
4/24/1987,8.47,10,4,2
4/27/1987,8.37,10,4,2
4/28/1987,8.28,10,4,2
4/29/1987,8.35,10,4,2
4/30/1987,8.21,10,4,2
5/1/1987,8.39,10,4,2
5/4/1987,8.52,10,4,2
5/5/1987,8.45,10,4,2
5/6/1987,8.54,10,4,2
5/7/1987,8.5,10,4,2
5/8/1987,8.43,10,4,2
5/11/1987,8.57,10,4,2
5/12/1987,8.55,10,4,2
5/13/1987,8.55,10,4,2
5/14/1987,8.57,10,4,2
5/15/1987,8.8,10,4,2
5/18/1987,8.73,10,4,2
5/19/1987,8.89,10,4,2
5/20/1987,8.92,10,4,2
5/21/1987,8.87,10,4,2
5/22/1987,8.78,10,4,2
5/25/1987,,10,4,2
5/26/1987,8.55,10,4,2
5/27/1987,8.6,10,4,2
5/28/1987,8.56,10,4,2
5/29/1987,8.49,10,4,2
6/1/1987,8.45,10,4,2
6/2/1987,8.72,10,4,2
6/3/1987,8.64,10,4,2
6/4/1987,8.58,10,4,2
6/5/1987,8.5,10,4,2
6/8/1987,8.53,10,4,2
6/9/1987,8.56,10,4,2
6/10/1987,8.56,10,4,2
6/11/1987,8.52,10,4,2
6/12/1987,8.32,10,4,2
6/15/1987,8.28,10,4,2
6/16/1987,8.28,10,4,2
6/17/1987,8.23,10,4,2
6/18/1987,8.27,10,4,2
6/19/1987,8.3,10,4,2
6/22/1987,8.23,10,4,2
6/23/1987,8.23,10,4,2
6/24/1987,8.31,10,4,2
6/25/1987,8.25,10,4,2
6/26/1987,8.37,10,4,2
6/29/1987,8.34,10,4,2
6/30/1987,8.38,10,4,2
7/1/1987,8.36,10,4,2
7/2/1987,8.3,10,4,2
7/3/1987,,10,4,2
7/6/1987,8.29,10,4,2
7/7/1987,8.28,10,4,2
7/8/1987,8.32,10,4,2
7/9/1987,8.37,10,4,2
7/10/1987,8.32,10,4,2
7/13/1987,8.38,10,4,2
7/14/1987,8.33,10,4,2
7/15/1987,8.43,10,4,2
7/16/1987,8.41,10,4,2
7/17/1987,8.36,10,4,2
7/20/1987,8.41,10,4,2
7/21/1987,8.49,10,4,2
7/22/1987,8.54,10,4,2
7/23/1987,8.56,10,4,2
7/24/1987,8.58,10,4,2
7/27/1987,8.6,10,4,2
7/28/1987,8.62,10,4,2
7/29/1987,8.61,10,4,2
7/30/1987,8.61,10,4,2
7/31/1987,8.66,10,4,2
8/3/1987,8.81,10,4,2
8/4/1987,8.81,10,4,2
8/5/1987,8.71,10,4,2
8/6/1987,8.73,10,4,2
8/7/1987,8.7,10,4,2
8/10/1987,8.74,10,4,2
8/11/1987,8.73,10,4,2
8/12/1987,8.72,10,4,2
8/13/1987,8.63,10,4,2
8/14/1987,8.58,10,4,2
8/17/1987,8.56,10,4,2
8/18/1987,8.73,10,4,2
8/19/1987,8.77,10,4,2
8/20/1987,8.74,10,4,2
8/21/1987,8.77,10,4,2
8/24/1987,8.78,10,4,2
8/25/1987,8.73,10,4,2
8/26/1987,8.79,10,4,2
8/27/1987,8.92,10,4,2
8/28/1987,9.02,10,4,2
8/31/1987,9,10,4,2
9/1/1987,9.05,10,4,2
9/2/1987,9.28,10,4,2
9/3/1987,9.29,10,4,2
9/4/1987,9.3,10,4,2
9/7/1987,,10,4,2
9/8/1987,9.5,10,4,2
9/9/1987,9.48,10,4,2
9/10/1987,9.42,10,4,2
9/11/1987,9.33,10,4,2
9/14/1987,9.34,10,4,2
9/15/1987,9.44,10,4,2
9/16/1987,9.52,10,4,2
9/17/1987,9.48,10,4,2
9/18/1987,9.38,10,4,2
9/21/1987,9.45,10,4,2
9/22/1987,9.37,10,4,2
9/23/1987,9.4,10,4,2
9/24/1987,9.51,10,4,2
9/25/1987,9.53,10,4,2
9/28/1987,9.52,10,4,2
9/29/1987,9.64,10,4,2
9/30/1987,9.63,10,4,2
10/1/1987,9.66,10,4,2
10/2/1987,9.6,10,4,2
10/5/1987,9.69,10,4,2
10/6/1987,9.72,10,4,2
10/7/1987,9.71,10,4,2
10/8/1987,9.86,10,4,2
10/9/1987,9.94,10,4,2
10/12/1987,,10,4,2
10/13/1987,9.9,10,4,2
10/14/1987,10.13,10,4,2
10/15/1987,10.18,10,4,2
10/16/1987,10.23,10,4,2
10/19/1987,10.15,10,4,2
10/20/1987,9.4,10,4,2
10/21/1987,9.3,10,4,2
10/22/1987,8.97,10,4,2
10/23/1987,8.98,10,4,2
10/26/1987,8.8,10,4,2
10/27/1987,8.92,10,4,2
10/28/1987,9.01,10,4,2
10/29/1987,8.89,10,4,2
10/30/1987,8.88,10,4,2
11/2/1987,8.98,10,4,2
11/3/1987,8.91,10,4,2
11/4/1987,8.85,10,4,2
11/5/1987,8.72,10,4,2
11/6/1987,8.76,10,4,2
11/9/1987,8.78,10,4,2
11/10/1987,8.79,10,4,2
11/11/1987,,10,4,2
11/12/1987,8.8,10,4,2
11/13/1987,8.84,10,4,2
11/16/1987,8.82,10,4,2
11/17/1987,8.86,10,4,2
11/18/1987,8.85,10,4,2
11/19/1987,8.83,10,4,2
11/20/1987,8.79,10,4,2
11/23/1987,8.8,10,4,2
11/24/1987,8.89,10,4,2
11/25/1987,8.98,10,4,2
11/26/1987,,10,4,2
11/27/1987,9.11,10,4,2
11/30/1987,8.99,10,4,2
12/1/1987,9.01,10,4,2
12/2/1987,9.01,10,4,2
12/3/1987,8.94,10,4,2
12/4/1987,8.94,10,4,2
12/7/1987,9.07,10,4,2
12/8/1987,9.09,10,4,2
12/9/1987,9.05,10,4,2
12/10/1987,9.23,10,4,2
12/11/1987,9.28,10,4,2
12/14/1987,9.23,10,4,2
12/15/1987,9.09,10,4,2
12/16/1987,9,10,4,2
12/17/1987,9.03,10,4,2
12/18/1987,8.89,10,4,2
12/21/1987,8.88,10,4,2
12/22/1987,8.95,10,4,2
12/23/1987,8.83,10,4,2
12/24/1987,8.82,10,4,2
12/25/1987,,10,4,2
12/28/1987,8.93,10,4,2
12/29/1987,8.85,10,4,2
12/30/1987,8.78,10,4,2
12/31/1987,8.83,10,4,2
1/1/1988,,10,4,2
1/4/1988,8.83,10,4,2
1/5/1988,8.76,10,4,2
1/6/1988,8.82,10,4,2
1/7/1988,8.83,10,4,2
1/8/1988,8.97,10,4,2
1/11/1988,8.94,10,4,2
1/12/1988,8.93,10,4,2
1/13/1988,8.87,10,4,2
1/14/1988,8.86,10,4,2
1/15/1988,8.6,10,4,2
1/18/1988,,10,4,2
1/19/1988,8.65,10,4,2
1/20/1988,8.61,10,4,2
1/21/1988,8.53,10,4,2
1/22/1988,8.49,10,4,2
1/25/1988,8.45,10,4,2
1/26/1988,8.54,10,4,2
1/27/1988,8.38,10,4,2
1/28/1988,8.33,10,4,2
1/29/1988,8.26,10,4,2
2/1/1988,8.26,10,4,2
2/2/1988,8.18,10,4,2
2/3/1988,8.21,10,4,2
2/4/1988,8.24,10,4,2
2/5/1988,8.12,10,4,2
2/8/1988,8.19,10,4,2
2/9/1988,8.16,10,4,2
2/10/1988,8.11,10,4,2
2/11/1988,8.16,10,4,2
2/12/1988,8.28,10,4,2
2/15/1988,,10,4,2
2/16/1988,8.31,10,4,2
2/17/1988,8.32,10,4,2
2/18/1988,8.28,10,4,2
2/19/1988,8.26,10,4,2
2/22/1988,8.24,10,4,2
2/23/1988,8.17,10,4,2
2/24/1988,8.18,10,4,2
2/25/1988,8.23,10,4,2
2/26/1988,8.18,10,4,2
2/29/1988,8.16,10,4,2
3/1/1988,8.15,10,4,2
3/2/1988,8.13,10,4,2
3/3/1988,8.12,10,4,2
3/4/1988,8.28,10,4,2
3/7/1988,8.3,10,4,2
3/8/1988,8.33,10,4,2
3/9/1988,8.32,10,4,2
3/10/1988,8.35,10,4,2
3/11/1988,8.29,10,4,2
3/14/1988,8.29,10,4,2
3/15/1988,8.3,10,4,2
3/16/1988,8.36,10,4,2
3/17/1988,8.3,10,4,2
3/18/1988,8.41,10,4,2
3/21/1988,8.47,10,4,2
3/22/1988,8.46,10,4,2
3/23/1988,8.47,10,4,2
3/24/1988,8.51,10,4,2
3/25/1988,8.47,10,4,2
3/28/1988,8.58,10,4,2
3/29/1988,8.56,10,4,2
3/30/1988,8.57,10,4,2
3/31/1988,8.57,10,4,2
4/1/1988,,10,4,2
4/4/1988,8.68,10,4,2
4/5/1988,8.67,10,4,2
4/6/1988,8.61,10,4,2
4/7/1988,8.6,10,4,2
4/8/1988,8.52,10,4,2
4/11/1988,8.59,10,4,2
4/12/1988,8.57,10,4,2
4/13/1988,8.56,10,4,2
4/14/1988,8.67,10,4,2
4/15/1988,8.74,10,4,2
4/18/1988,8.81,10,4,2
4/19/1988,8.81,10,4,2
4/20/1988,8.83,10,4,2
4/21/1988,8.82,10,4,2
4/22/1988,8.78,10,4,2
4/25/1988,8.78,10,4,2
4/26/1988,8.8,10,4,2
4/27/1988,8.8,10,4,2
4/28/1988,8.86,10,4,2
4/29/1988,8.87,10,4,2
5/2/1988,8.94,10,4,2
5/3/1988,8.89,10,4,2
5/4/1988,8.9,10,4,2
5/5/1988,8.92,10,4,2
5/6/1988,9.01,10,4,2
5/9/1988,9.03,10,4,2
5/10/1988,9.07,10,4,2
5/11/1988,9.05,10,4,2
5/12/1988,9.04,10,4,2
5/13/1988,9,10,4,2
5/16/1988,9.01,10,4,2
5/17/1988,9.12,10,4,2
5/18/1988,9.19,10,4,2
5/19/1988,9.18,10,4,2
5/20/1988,9.22,10,4,2
5/23/1988,9.23,10,4,2
5/24/1988,9.22,10,4,2
5/25/1988,9.2,10,4,2
5/26/1988,9.21,10,4,2
5/27/1988,9.24,10,4,2
5/30/1988,,10,4,2
5/31/1988,9.2,10,4,2
6/1/1988,9.03,10,4,2
6/2/1988,9.07,10,4,2
6/3/1988,8.97,10,4,2
6/6/1988,8.97,10,4,2
6/7/1988,9.02,10,4,2
6/8/1988,8.92,10,4,2
6/9/1988,8.96,10,4,2
6/10/1988,8.92,10,4,2
6/13/1988,8.91,10,4,2
6/14/1988,8.69,10,4,2
6/15/1988,8.71,10,4,2
6/16/1988,8.89,10,4,2
6/17/1988,9.02,10,4,2
6/20/1988,9.02,10,4,2
6/21/1988,9.03,10,4,2
6/22/1988,8.9,10,4,2
6/23/1988,8.88,10,4,2
6/24/1988,8.85,10,4,2
6/27/1988,8.94,10,4,2
6/28/1988,8.87,10,4,2
6/29/1988,8.88,10,4,2
6/30/1988,8.82,10,4,2
7/1/1988,8.77,10,4,2
7/4/1988,,10,4,2
7/5/1988,8.82,10,4,2
7/6/1988,8.91,10,4,2
7/7/1988,8.95,10,4,2
7/8/1988,9.04,10,4,2
7/11/1988,9.02,10,4,2
7/12/1988,9.08,10,4,2
7/13/1988,9.12,10,4,2
7/14/1988,9.12,10,4,2
7/15/1988,9.08,10,4,2
7/18/1988,9.15,10,4,2
7/19/1988,9.1,10,4,2
7/20/1988,9.11,10,4,2
7/21/1988,9.16,10,4,2
7/22/1988,9.11,10,4,2
7/25/1988,9.07,10,4,2
7/26/1988,9.09,10,4,2
7/27/1988,9.14,10,4,2
7/28/1988,9.16,10,4,2
7/29/1988,9.12,10,4,2
8/1/1988,9.07,10,4,2
8/2/1988,9,10,4,2
8/3/1988,9.04,10,4,2
8/4/1988,8.99,10,4,2
8/5/1988,9.12,10,4,2
8/8/1988,9.12,10,4,2
8/9/1988,9.2,10,4,2
8/10/1988,9.3,10,4,2
8/11/1988,9.35,10,4,2
8/12/1988,9.36,10,4,2
8/15/1988,9.37,10,4,2
8/16/1988,9.35,10,4,2
8/17/1988,9.38,10,4,2
8/18/1988,9.35,10,4,2
8/19/1988,9.35,10,4,2
8/22/1988,9.37,10,4,2
8/23/1988,9.32,10,4,2
8/24/1988,9.34,10,4,2
8/25/1988,9.41,10,4,2
8/26/1988,9.38,10,4,2
8/29/1988,9.3,10,4,2
8/30/1988,9.27,10,4,2
8/31/1988,9.25,10,4,2
9/1/1988,9.25,10,4,2
9/2/1988,9,10,4,2
9/5/1988,,10,4,2
9/6/1988,8.99,10,4,2
9/7/1988,8.99,10,4,2
9/8/1988,8.99,10,4,2
9/9/1988,8.93,10,4,2
9/12/1988,8.97,10,4,2
9/13/1988,8.94,10,4,2
9/14/1988,8.88,10,4,2
9/15/1988,8.91,10,4,2
9/16/1988,8.93,10,4,2
9/19/1988,8.97,10,4,2
9/20/1988,8.97,10,4,2
9/21/1988,8.93,10,4,2
9/22/1988,8.95,10,4,2
9/23/1988,8.97,10,4,2
9/26/1988,9,10,4,2
9/27/1988,9.04,10,4,2
9/28/1988,9.06,10,4,2
9/29/1988,8.98,10,4,2
9/30/1988,8.87,10,4,2
10/3/1988,8.84,10,4,2
10/4/1988,8.87,10,4,2
10/5/1988,8.87,10,4,2
10/6/1988,8.87,10,4,2
10/7/1988,8.7,10,4,2
10/10/1988,,10,4,2
10/11/1988,8.75,10,4,2
10/12/1988,8.84,10,4,2
10/13/1988,8.84,10,4,2
10/14/1988,8.81,10,4,2
10/17/1988,8.79,10,4,2
10/18/1988,8.78,10,4,2
10/19/1988,8.82,10,4,2
10/20/1988,8.79,10,4,2
10/21/1988,8.83,10,4,2
10/24/1988,8.83,10,4,2
10/25/1988,8.83,10,4,2
10/26/1988,8.79,10,4,2
10/27/1988,8.72,10,4,2
10/28/1988,8.69,10,4,2
10/31/1988,8.65,10,4,2
11/1/1988,8.68,10,4,2
11/2/1988,8.73,10,4,2
11/3/1988,8.69,10,4,2
11/4/1988,8.85,10,4,2
11/7/1988,8.91,10,4,2
11/8/1988,8.91,10,4,2
11/9/1988,8.91,10,4,2
11/10/1988,8.9,10,4,2
11/11/1988,,10,4,2
11/14/1988,8.91,10,4,2
11/15/1988,8.92,10,4,2
11/16/1988,9,10,4,2
11/17/1988,9.06,10,4,2
11/18/1988,9.05,10,4,2
11/21/1988,9.04,10,4,2
11/22/1988,9.09,10,4,2
11/23/1988,9.08,10,4,2
11/24/1988,,10,4,2
11/25/1988,9.17,10,4,2
11/28/1988,9.16,10,4,2
11/29/1988,9.13,10,4,2
11/30/1988,9.06,10,4,2
12/1/1988,9.01,10,4,2
12/2/1988,9.18,10,4,2
12/5/1988,9.13,10,4,2
12/6/1988,8.95,10,4,2
12/7/1988,9,10,4,2
12/8/1988,9.02,10,4,2
12/9/1988,9.07,10,4,2
12/12/1988,9.08,10,4,2
12/13/1988,9.15,10,4,2
12/14/1988,9.19,10,4,2
12/15/1988,9.19,10,4,2
12/16/1988,9.17,10,4,2
12/19/1988,9.15,10,4,2
12/20/1988,9.08,10,4,2
12/21/1988,9.07,10,4,2
12/22/1988,9.07,10,4,2
12/23/1988,9.05,10,4,2
12/26/1988,,10,4,2
12/27/1988,9.13,10,4,2
12/28/1988,9.21,10,4,2
12/29/1988,9.18,10,4,2
12/30/1988,9.14,10,4,2
1/2/1989,,10,4,2
1/3/1989,9.23,10,4,2
1/4/1989,9.22,10,4,2
1/5/1989,9.27,10,4,2
1/6/1989,9.25,10,4,2
1/9/1989,9.23,10,4,2
1/10/1989,9.24,10,4,2
1/11/1989,9.24,10,4,2
1/12/1989,9.14,10,4,2
1/13/1989,9.06,10,4,2
1/16/1989,,10,4,2
1/17/1989,9.06,10,4,2
1/18/1989,8.99,10,4,2
1/19/1989,9,10,4,2
1/20/1989,9.03,10,4,2
1/23/1989,9,10,4,2
1/24/1989,8.93,10,4,2
1/25/1989,8.99,10,4,2
1/26/1989,8.99,10,4,2
1/27/1989,8.95,10,4,2
1/30/1989,9,10,4,2
1/31/1989,9.01,10,4,2
2/1/1989,8.99,10,4,2
2/2/1989,8.98,10,4,2
2/3/1989,9.01,10,4,2
2/6/1989,9.01,10,4,2
2/7/1989,8.96,10,4,2
2/8/1989,8.95,10,4,2
2/9/1989,9.13,10,4,2
2/10/1989,9.19,10,4,2
2/13/1989,9.2,10,4,2
2/14/1989,9.23,10,4,2
2/15/1989,9.22,10,4,2
2/16/1989,9.21,10,4,2
2/17/1989,9.2,10,4,2
2/20/1989,,10,4,2
2/21/1989,9.22,10,4,2
2/22/1989,9.29,10,4,2
2/23/1989,9.36,10,4,2
2/24/1989,9.38,10,4,2
2/27/1989,9.36,10,4,2
2/28/1989,9.32,10,4,2
3/1/1989,9.36,10,4,2
3/2/1989,9.31,10,4,2
3/3/1989,9.31,10,4,2
3/6/1989,9.26,10,4,2
3/7/1989,9.26,10,4,2
3/8/1989,9.23,10,4,2
3/9/1989,9.24,10,4,2
3/10/1989,9.34,10,4,2
3/13/1989,9.35,10,4,2
3/14/1989,9.32,10,4,2
3/15/1989,9.31,10,4,2
3/16/1989,9.3,10,4,2
3/17/1989,9.49,10,4,2
3/20/1989,9.53,10,4,2
3/21/1989,9.53,10,4,2
3/22/1989,9.45,10,4,2
3/23/1989,9.43,10,4,2
3/24/1989,,10,4,2
3/27/1989,9.44,10,4,2
3/28/1989,9.41,10,4,2
3/29/1989,9.36,10,4,2
3/30/1989,9.34,10,4,2
3/31/1989,9.3,10,4,2
4/3/1989,9.21,10,4,2
4/4/1989,9.17,10,4,2
4/5/1989,9.17,10,4,2
4/6/1989,9.2,10,4,2
4/7/1989,9.27,10,4,2
4/10/1989,9.27,10,4,2
4/11/1989,9.27,10,4,2
4/12/1989,9.29,10,4,2
4/13/1989,9.34,10,4,2
4/14/1989,9.18,10,4,2
4/17/1989,9.2,10,4,2
4/18/1989,9.06,10,4,2
4/19/1989,9.08,10,4,2
4/20/1989,9.2,10,4,2
4/21/1989,9.15,10,4,2
4/24/1989,9.15,10,4,2
4/25/1989,9.12,10,4,2
4/26/1989,9.11,10,4,2
4/27/1989,9.05,10,4,2
4/28/1989,9.02,10,4,2
5/1/1989,9.14,10,4,2
5/2/1989,9.08,10,4,2
5/3/1989,9.06,10,4,2
5/4/1989,9.06,10,4,2
5/5/1989,8.99,10,4,2
5/8/1989,9.04,10,4,2
5/9/1989,9.15,10,4,2
5/10/1989,9.16,10,4,2
5/11/1989,9.1,10,4,2
5/12/1989,8.81,10,4,2
5/15/1989,8.82,10,4,2
5/16/1989,8.82,10,4,2
5/17/1989,8.8,10,4,2
5/18/1989,8.78,10,4,2
5/19/1989,8.71,10,4,2
5/22/1989,8.58,10,4,2
5/23/1989,8.6,10,4,2
5/24/1989,8.63,10,4,2
5/25/1989,8.67,10,4,2
5/26/1989,8.66,10,4,2
5/29/1989,,10,4,2
5/30/1989,8.64,10,4,2
5/31/1989,8.6,10,4,2
6/1/1989,8.61,10,4,2
6/2/1989,8.43,10,4,2
6/5/1989,8.36,10,4,2
6/6/1989,8.36,10,4,2
6/7/1989,8.27,10,4,2
6/8/1989,8.27,10,4,2
6/9/1989,8.15,10,4,2
6/12/1989,8.16,10,4,2
6/13/1989,8.25,10,4,2
6/14/1989,8.2,10,4,2
6/15/1989,8.33,10,4,2
6/16/1989,8.35,10,4,2
6/19/1989,8.37,10,4,2
6/20/1989,8.31,10,4,2
6/21/1989,8.37,10,4,2
6/22/1989,8.38,10,4,2
6/23/1989,8.25,10,4,2
6/26/1989,8.18,10,4,2
6/27/1989,8.11,10,4,2
6/28/1989,8.17,10,4,2
6/29/1989,8.12,10,4,2
6/30/1989,8.1,10,4,2
7/3/1989,8.09,10,4,2
7/4/1989,,10,4,2
7/5/1989,8.11,10,4,2
7/6/1989,8.08,10,4,2
7/7/1989,8.02,10,4,2
7/10/1989,7.99,10,4,2
7/11/1989,8,10,4,2
7/12/1989,8,10,4,2
7/13/1989,8,10,4,2
7/14/1989,8.04,10,4,2
7/17/1989,8.05,10,4,2
7/18/1989,8.13,10,4,2
7/19/1989,8.09,10,4,2
7/20/1989,8.01,10,4,2
7/21/1989,8.07,10,4,2
7/24/1989,8.05,10,4,2
7/25/1989,8.01,10,4,2
7/26/1989,8.02,10,4,2
7/27/1989,7.92,10,4,2
7/28/1989,7.87,10,4,2
7/31/1989,7.82,10,4,2
8/1/1989,7.74,10,4,2
8/2/1989,7.76,10,4,2
8/3/1989,7.8,10,4,2
8/4/1989,8,10,4,2
8/7/1989,8.03,10,4,2
8/8/1989,8,10,4,2
8/9/1989,8.05,10,4,2
8/10/1989,8.02,10,4,2
8/11/1989,8.09,10,4,2
8/14/1989,8.24,10,4,2
8/15/1989,8.21,10,4,2
8/16/1989,8.12,10,4,2
8/17/1989,8.18,10,4,2
8/18/1989,8.15,10,4,2
8/21/1989,8.2,10,4,2
8/22/1989,8.29,10,4,2
8/23/1989,8.25,10,4,2
8/24/1989,8.2,10,4,2
8/25/1989,8.21,10,4,2
8/28/1989,8.27,10,4,2
8/29/1989,8.27,10,4,2
8/30/1989,8.25,10,4,2
8/31/1989,8.26,10,4,2
9/1/1989,8.19,10,4,2
9/4/1989,,10,4,2
9/5/1989,8.19,10,4,2
9/6/1989,8.17,10,4,2
9/7/1989,8.17,10,4,2
9/8/1989,8.14,10,4,2
9/11/1989,8.13,10,4,2
9/12/1989,8.13,10,4,2
9/13/1989,8.18,10,4,2
9/14/1989,8.13,10,4,2
9/15/1989,8.09,10,4,2
9/18/1989,8.1,10,4,2
9/19/1989,8.09,10,4,2
9/20/1989,8.15,10,4,2
9/21/1989,8.2,10,4,2
9/22/1989,8.22,10,4,2
9/25/1989,8.32,10,4,2
9/26/1989,8.3,10,4,2
9/27/1989,8.3,10,4,2
9/28/1989,8.3,10,4,2
9/29/1989,8.31,10,4,2
10/2/1989,8.28,10,4,2
10/3/1989,8.23,10,4,2
10/4/1989,8.22,10,4,2
10/5/1989,8.15,10,4,2
10/6/1989,8.03,10,4,2
10/9/1989,,10,4,2
10/10/1989,8.03,10,4,2
10/11/1989,8.07,10,4,2
10/12/1989,8.04,10,4,2
10/13/1989,7.87,10,4,2
10/16/1989,7.98,10,4,2
10/17/1989,8,10,4,2
10/18/1989,8.01,10,4,2
10/19/1989,7.96,10,4,2
10/20/1989,7.98,10,4,2
10/23/1989,7.92,10,4,2
10/24/1989,7.87,10,4,2
10/25/1989,7.86,10,4,2
10/26/1989,7.88,10,4,2
10/27/1989,7.94,10,4,2
10/30/1989,7.92,10,4,2
10/31/1989,7.92,10,4,2
11/1/1989,7.91,10,4,2
11/2/1989,7.87,10,4,2
11/3/1989,7.96,10,4,2
11/6/1989,8,10,4,2
11/7/1989,7.9,10,4,2
11/8/1989,7.87,10,4,2
11/9/1989,7.9,10,4,2
11/10/1989,7.92,10,4,2
11/13/1989,7.89,10,4,2
11/14/1989,7.87,10,4,2
11/15/1989,7.82,10,4,2
11/16/1989,7.82,10,4,2
11/17/1989,7.88,10,4,2
11/20/1989,7.86,10,4,2
11/21/1989,7.85,10,4,2
11/22/1989,7.81,10,4,2
11/23/1989,,10,4,2
11/24/1989,7.8,10,4,2
11/27/1989,7.85,10,4,2
11/28/1989,7.86,10,4,2
11/29/1989,7.88,10,4,2
11/30/1989,7.84,10,4,2
12/1/1989,7.81,10,4,2
12/4/1989,7.82,10,4,2
12/5/1989,7.82,10,4,2
12/6/1989,7.85,10,4,2
12/7/1989,7.88,10,4,2
12/8/1989,7.82,10,4,2
12/11/1989,7.83,10,4,2
12/12/1989,7.84,10,4,2
12/13/1989,7.82,10,4,2
12/14/1989,7.79,10,4,2
12/15/1989,7.8,10,4,2
12/18/1989,7.77,10,4,2
12/19/1989,7.78,10,4,2
12/20/1989,7.77,10,4,2
12/21/1989,7.77,10,4,2
12/22/1989,7.82,10,4,2
12/25/1989,,10,4,2
12/26/1989,7.95,10,4,2
12/27/1989,7.94,10,4,2
12/28/1989,7.91,10,4,2
12/29/1989,7.93,10,4,2
1/1/1990,,10,4,2
1/2/1990,7.94,10,4,2
1/3/1990,7.99,10,4,2
1/4/1990,7.98,10,4,2
1/5/1990,7.99,10,4,2
1/8/1990,8.02,10,4,2
1/9/1990,8.02,10,4,2
1/10/1990,8.03,10,4,2
1/11/1990,8.04,10,4,2
1/12/1990,8.1,10,4,2
1/15/1990,,10,4,2
1/16/1990,8.2,10,4,2
1/17/1990,8.19,10,4,2
1/18/1990,8.32,10,4,2
1/19/1990,8.26,10,4,2
1/22/1990,8.27,10,4,2
1/23/1990,8.26,10,4,2
1/24/1990,8.38,10,4,2
1/25/1990,8.42,10,4,2
1/26/1990,8.49,10,4,2
1/29/1990,8.5,10,4,2
1/30/1990,8.51,10,4,2
1/31/1990,8.43,10,4,2
2/1/1990,8.42,10,4,2
2/2/1990,8.5,10,4,2
2/5/1990,8.53,10,4,2
2/6/1990,8.57,10,4,2
2/7/1990,8.52,10,4,2
2/8/1990,8.49,10,4,2
2/9/1990,8.31,10,4,2
2/12/1990,8.4,10,4,2
2/13/1990,8.35,10,4,2
2/14/1990,8.36,10,4,2
2/15/1990,8.43,10,4,2
2/16/1990,8.42,10,4,2
2/19/1990,,10,4,2
2/20/1990,8.62,10,4,2
2/21/1990,8.62,10,4,2
2/22/1990,8.54,10,4,2
2/23/1990,8.53,10,4,2
2/26/1990,8.46,10,4,2
2/27/1990,8.41,10,4,2
2/28/1990,8.51,10,4,2
3/1/1990,8.59,10,4,2
3/2/1990,8.54,10,4,2
3/5/1990,8.65,10,4,2
3/6/1990,8.59,10,4,2
3/7/1990,8.58,10,4,2
3/8/1990,8.57,10,4,2
3/9/1990,8.65,10,4,2
3/12/1990,8.63,10,4,2
3/13/1990,8.73,10,4,2
3/14/1990,8.65,10,4,2
3/15/1990,8.66,10,4,2
3/16/1990,8.59,10,4,2
3/19/1990,8.59,10,4,2
3/20/1990,8.54,10,4,2
3/21/1990,8.55,10,4,2
3/22/1990,8.53,10,4,2
3/23/1990,8.52,10,4,2
3/26/1990,8.51,10,4,2
3/27/1990,8.52,10,4,2
3/28/1990,8.51,10,4,2
3/29/1990,8.6,10,4,2
3/30/1990,8.65,10,4,2
4/2/1990,8.65,10,4,2
4/3/1990,8.63,10,4,2
4/4/1990,8.55,10,4,2
4/5/1990,8.57,10,4,2
4/6/1990,8.56,10,4,2
4/9/1990,8.59,10,4,2
4/10/1990,8.6,10,4,2
4/11/1990,8.63,10,4,2
4/12/1990,8.64,10,4,2
4/13/1990,,10,4,2
4/16/1990,8.68,10,4,2
4/17/1990,8.77,10,4,2
4/18/1990,8.86,10,4,2
4/19/1990,8.87,10,4,2
4/20/1990,8.95,10,4,2
4/23/1990,8.98,10,4,2
4/24/1990,9,10,4,2
4/25/1990,9.01,10,4,2
4/26/1990,9.07,10,4,2
4/27/1990,9.06,10,4,2
4/30/1990,9.04,10,4,2
5/1/1990,9.08,10,4,2
5/2/1990,9.09,10,4,2
5/3/1990,9.04,10,4,2
5/4/1990,8.84,10,4,2
5/7/1990,8.87,10,4,2
5/8/1990,8.84,10,4,2
5/9/1990,8.88,10,4,2
5/10/1990,8.82,10,4,2
5/11/1990,8.64,10,4,2
5/14/1990,8.61,10,4,2
5/15/1990,8.65,10,4,2
5/16/1990,8.68,10,4,2
5/17/1990,8.69,10,4,2
5/18/1990,8.75,10,4,2
5/21/1990,8.74,10,4,2
5/22/1990,8.65,10,4,2
5/23/1990,8.61,10,4,2
5/24/1990,8.63,10,4,2
5/25/1990,8.69,10,4,2
5/28/1990,,10,4,2
5/29/1990,8.66,10,4,2
5/30/1990,8.62,10,4,2
5/31/1990,8.6,10,4,2
6/1/1990,8.44,10,4,2
6/4/1990,8.44,10,4,2
6/5/1990,8.47,10,4,2
6/6/1990,8.46,10,4,2
6/7/1990,8.46,10,4,2
6/8/1990,8.46,10,4,2
6/11/1990,8.48,10,4,2
6/12/1990,8.48,10,4,2
6/13/1990,8.4,10,4,2
6/14/1990,8.38,10,4,2
6/15/1990,8.46,10,4,2
6/18/1990,8.5,10,4,2
6/19/1990,8.51,10,4,2
6/20/1990,8.55,10,4,2
6/21/1990,8.52,10,4,2
6/22/1990,8.51,10,4,2
6/25/1990,8.58,10,4,2
6/26/1990,8.56,10,4,2
6/27/1990,8.52,10,4,2
6/28/1990,8.47,10,4,2
6/29/1990,8.43,10,4,2
7/2/1990,8.43,10,4,2
7/3/1990,8.4,10,4,2
7/4/1990,,10,4,2
7/5/1990,8.42,10,4,2
7/6/1990,8.51,10,4,2
7/9/1990,8.57,10,4,2
7/10/1990,8.57,10,4,2
7/11/1990,8.57,10,4,2
7/12/1990,8.5,10,4,2
7/13/1990,8.45,10,4,2
7/16/1990,8.44,10,4,2
7/17/1990,8.44,10,4,2
7/18/1990,8.5,10,4,2
7/19/1990,8.51,10,4,2
7/20/1990,8.48,10,4,2
7/23/1990,8.48,10,4,2
7/24/1990,8.53,10,4,2
7/25/1990,8.49,10,4,2
7/26/1990,8.49,10,4,2
7/27/1990,8.42,10,4,2
7/30/1990,8.34,10,4,2
7/31/1990,8.36,10,4,2
8/1/1990,8.29,10,4,2
8/2/1990,8.41,10,4,2
8/3/1990,8.43,10,4,2
8/6/1990,8.71,10,4,2
8/7/1990,8.78,10,4,2
8/8/1990,8.77,10,4,2
8/9/1990,8.66,10,4,2
8/10/1990,8.68,10,4,2
8/13/1990,8.71,10,4,2
8/14/1990,8.66,10,4,2
8/15/1990,8.64,10,4,2
8/16/1990,8.76,10,4,2
8/17/1990,8.8,10,4,2
8/20/1990,8.81,10,4,2
8/21/1990,8.84,10,4,2
8/22/1990,8.91,10,4,2
8/23/1990,9,10,4,2
8/24/1990,9.05,10,4,2
8/27/1990,8.9,10,4,2
8/28/1990,8.94,10,4,2
8/29/1990,8.84,10,4,2
8/30/1990,8.86,10,4,2
8/31/1990,8.86,10,4,2
9/3/1990,,10,4,2
9/4/1990,8.9,10,4,2
9/5/1990,8.86,10,4,2
9/6/1990,8.84,10,4,2
9/7/1990,8.81,10,4,2
9/10/1990,8.85,10,4,2
9/11/1990,8.83,10,4,2
9/12/1990,8.82,10,4,2
9/13/1990,8.82,10,4,2
9/14/1990,8.87,10,4,2
9/17/1990,8.9,10,4,2
9/18/1990,8.9,10,4,2
9/19/1990,8.88,10,4,2
9/20/1990,8.91,10,4,2
9/21/1990,8.99,10,4,2
9/24/1990,9.04,10,4,2
9/25/1990,9.02,10,4,2
9/26/1990,9,10,4,2
9/27/1990,8.91,10,4,2
9/28/1990,8.82,10,4,2
10/1/1990,8.71,10,4,2
10/2/1990,8.69,10,4,2
10/3/1990,8.71,10,4,2
10/4/1990,8.67,10,4,2
10/5/1990,8.65,10,4,2
10/8/1990,,10,4,2
10/9/1990,8.83,10,4,2
10/10/1990,8.89,10,4,2
10/11/1990,8.92,10,4,2
10/12/1990,8.84,10,4,2
10/15/1990,8.8,10,4,2
10/16/1990,8.79,10,4,2
10/17/1990,8.76,10,4,2
10/18/1990,8.71,10,4,2
10/19/1990,8.62,10,4,2
10/22/1990,8.63,10,4,2
10/23/1990,8.65,10,4,2
10/24/1990,8.66,10,4,2
10/25/1990,8.62,10,4,2
10/26/1990,8.63,10,4,2
10/29/1990,8.7,10,4,2
10/30/1990,8.7,10,4,2
10/31/1990,8.65,10,4,2
11/1/1990,8.57,10,4,2
11/2/1990,8.57,10,4,2
11/5/1990,8.5,10,4,2
11/6/1990,8.52,10,4,2
11/7/1990,8.57,10,4,2
11/8/1990,8.58,10,4,2
11/9/1990,8.49,10,4,2
11/12/1990,,10,4,2
11/13/1990,8.37,10,4,2
11/14/1990,8.36,10,4,2
11/15/1990,8.37,10,4,2
11/16/1990,8.3,10,4,2
11/19/1990,8.35,10,4,2
11/20/1990,8.31,10,4,2
11/21/1990,8.27,10,4,2
11/22/1990,,10,4,2
11/23/1990,8.28,10,4,2
11/26/1990,8.27,10,4,2
11/27/1990,8.28,10,4,2
11/28/1990,8.3,10,4,2
11/29/1990,8.32,10,4,2
11/30/1990,8.26,10,4,2
12/3/1990,8.22,10,4,2
12/4/1990,8.2,10,4,2
12/5/1990,8.16,10,4,2
12/6/1990,8.18,10,4,2
12/7/1990,8.03,10,4,2
12/10/1990,7.98,10,4,2
12/11/1990,7.94,10,4,2
12/12/1990,7.91,10,4,2
12/13/1990,7.98,10,4,2
12/14/1990,8.05,10,4,2
12/17/1990,8.02,10,4,2
12/18/1990,7.99,10,4,2
12/19/1990,8,10,4,2
12/20/1990,8.05,10,4,2
12/21/1990,8.11,10,4,2
12/24/1990,8.2,10,4,2
12/25/1990,,10,4,2
12/26/1990,8.15,10,4,2
12/27/1990,8.11,10,4,2
12/28/1990,8.14,10,4,2
12/31/1990,8.08,10,4,2
1/1/1991,,10,4,2
1/2/1991,7.97,10,4,2
1/3/1991,7.93,10,4,2
1/4/1991,8.02,10,4,2
1/7/1991,8.13,10,4,2
1/8/1991,8.16,10,4,2
1/9/1991,8.25,10,4,2
1/10/1991,8.16,10,4,2
1/11/1991,8.2,10,4,2
1/14/1991,8.23,10,4,2
1/15/1991,8.22,10,4,2
1/16/1991,8.24,10,4,2
1/17/1991,8.05,10,4,2
1/18/1991,8.03,10,4,2
1/21/1991,,10,4,2
1/22/1991,8.07,10,4,2
1/23/1991,8.04,10,4,2
1/24/1991,8,10,4,2
1/25/1991,8.06,10,4,2
1/28/1991,8.06,10,4,2
1/29/1991,8.03,10,4,2
1/30/1991,8.05,10,4,2
1/31/1991,8.03,10,4,2
2/1/1991,7.91,10,4,2
2/4/1991,7.88,10,4,2
2/5/1991,7.85,10,4,2
2/6/1991,7.79,10,4,2
2/7/1991,7.82,10,4,2
2/8/1991,7.77,10,4,2
2/11/1991,7.78,10,4,2
2/12/1991,7.78,10,4,2
2/13/1991,7.78,10,4,2
2/14/1991,7.8,10,4,2
2/15/1991,7.78,10,4,2
2/18/1991,,10,4,2
2/19/1991,7.8,10,4,2
2/20/1991,7.84,10,4,2
2/21/1991,7.88,10,4,2
2/22/1991,7.91,10,4,2
2/25/1991,7.91,10,4,2
2/26/1991,7.96,10,4,2
2/27/1991,7.98,10,4,2
2/28/1991,8.02,10,4,2
3/1/1991,8.12,10,4,2
3/4/1991,8.12,10,4,2
3/5/1991,8.08,10,4,2
3/6/1991,8.11,10,4,2
3/7/1991,8.07,10,4,2
3/8/1991,8.13,10,4,2
3/11/1991,8.06,10,4,2
3/12/1991,8.09,10,4,2
3/13/1991,8.02,10,4,2
3/14/1991,8.02,10,4,2
3/15/1991,8.1,10,4,2
3/18/1991,8.15,10,4,2
3/19/1991,8.25,10,4,2
3/20/1991,8.2,10,4,2
3/21/1991,8.16,10,4,2
3/22/1991,8.13,10,4,2
3/25/1991,8.13,10,4,2
3/26/1991,8.13,10,4,2
3/27/1991,8.08,10,4,2
3/28/1991,8.05,10,4,2
3/29/1991,,10,4,2
4/1/1991,8.07,10,4,2
4/2/1991,8.03,10,4,2
4/3/1991,8.05,10,4,2
4/4/1991,8,10,4,2
4/5/1991,7.99,10,4,2
4/8/1991,7.98,10,4,2
4/9/1991,8.03,10,4,2
4/10/1991,8.1,10,4,2
4/11/1991,8.09,10,4,2
4/12/1991,7.98,10,4,2
4/15/1991,7.95,10,4,2
4/16/1991,7.97,10,4,2
4/17/1991,7.95,10,4,2
4/18/1991,8.02,10,4,2
4/19/1991,8.1,10,4,2
4/22/1991,8.15,10,4,2
4/23/1991,8.12,10,4,2
4/24/1991,8.06,10,4,2
4/25/1991,8.07,10,4,2
4/26/1991,8.06,10,4,2
4/29/1991,8.07,10,4,2
4/30/1991,8.02,10,4,2
5/1/1991,8.01,10,4,2
5/2/1991,7.97,10,4,2
5/3/1991,8.04,10,4,2
5/6/1991,8.05,10,4,2
5/7/1991,8.06,10,4,2
5/8/1991,8.04,10,4,2
5/9/1991,8.02,10,4,2
5/10/1991,8.12,10,4,2
5/13/1991,8.07,10,4,2
5/14/1991,8.14,10,4,2
5/15/1991,8.13,10,4,2
5/16/1991,8.12,10,4,2
5/17/1991,8.08,10,4,2
5/20/1991,8.1,10,4,2
5/21/1991,8.06,10,4,2
5/22/1991,8.06,10,4,2
5/23/1991,8.1,10,4,2
5/24/1991,8.1,10,4,2
5/27/1991,,10,4,2
5/28/1991,8.07,10,4,2
5/29/1991,8.07,10,4,2
5/30/1991,8.02,10,4,2
5/31/1991,8.06,10,4,2
6/3/1991,8.14,10,4,2
6/4/1991,8.14,10,4,2
6/5/1991,8.19,10,4,2
6/6/1991,8.23,10,4,2
6/7/1991,8.29,10,4,2
6/10/1991,8.29,10,4,2
6/11/1991,8.29,10,4,2
6/12/1991,8.36,10,4,2
6/13/1991,8.34,10,4,2
6/14/1991,8.29,10,4,2
6/17/1991,8.3,10,4,2
6/18/1991,8.32,10,4,2
6/19/1991,8.33,10,4,2
6/20/1991,8.3,10,4,2
6/21/1991,8.32,10,4,2
6/24/1991,8.33,10,4,2
6/25/1991,8.33,10,4,2
6/26/1991,8.33,10,4,2
6/27/1991,8.32,10,4,2
6/28/1991,8.24,10,4,2
7/1/1991,8.26,10,4,2
7/2/1991,8.27,10,4,2
7/3/1991,8.26,10,4,2
7/4/1991,,10,4,2
7/5/1991,8.34,10,4,2
7/8/1991,8.34,10,4,2
7/9/1991,8.36,10,4,2
7/10/1991,8.35,10,4,2
7/11/1991,8.3,10,4,2
7/12/1991,8.26,10,4,2
7/15/1991,8.26,10,4,2
7/16/1991,8.27,10,4,2
7/17/1991,8.3,10,4,2
7/18/1991,8.31,10,4,2
7/19/1991,8.28,10,4,2
7/22/1991,8.28,10,4,2
7/23/1991,8.31,10,4,2
7/24/1991,8.24,10,4,2
7/25/1991,8.2,10,4,2
7/26/1991,8.2,10,4,2
7/29/1991,8.2,10,4,2
7/30/1991,8.21,10,4,2
7/31/1991,8.2,10,4,2
8/1/1991,8.2,10,4,2
8/2/1991,8.06,10,4,2
8/5/1991,8.04,10,4,2
8/6/1991,7.97,10,4,2
8/7/1991,7.93,10,4,2
8/8/1991,7.98,10,4,2
8/9/1991,7.98,10,4,2
8/12/1991,7.95,10,4,2
8/13/1991,7.91,10,4,2
8/14/1991,7.82,10,4,2
8/15/1991,7.84,10,4,2
8/16/1991,7.84,10,4,2
8/19/1991,7.83,10,4,2
8/20/1991,7.81,10,4,2
8/21/1991,7.8,10,4,2
8/22/1991,7.78,10,4,2
8/23/1991,7.88,10,4,2
8/26/1991,7.91,10,4,2
8/27/1991,7.89,10,4,2
8/28/1991,7.82,10,4,2
8/29/1991,7.74,10,4,2
8/30/1991,7.82,10,4,2
9/2/1991,,10,4,2
9/3/1991,7.81,10,4,2
9/4/1991,7.81,10,4,2
9/5/1991,7.83,10,4,2
9/6/1991,7.76,10,4,2
9/9/1991,7.73,10,4,2
9/10/1991,7.73,10,4,2
9/11/1991,7.74,10,4,2
9/12/1991,7.67,10,4,2
9/13/1991,7.66,10,4,2
9/16/1991,7.63,10,4,2
9/17/1991,7.62,10,4,2
9/18/1991,7.62,10,4,2
9/19/1991,7.61,10,4,2
9/20/1991,7.57,10,4,2
9/23/1991,7.55,10,4,2
9/24/1991,7.56,10,4,2
9/25/1991,7.58,10,4,2
9/26/1991,7.56,10,4,2
9/27/1991,7.49,10,4,2
9/30/1991,7.47,10,4,2
10/1/1991,7.45,10,4,2
10/2/1991,7.47,10,4,2
10/3/1991,7.47,10,4,2
10/4/1991,7.39,10,4,2
10/7/1991,7.4,10,4,2
10/8/1991,7.43,10,4,2
10/9/1991,7.51,10,4,2
10/10/1991,7.58,10,4,2
10/11/1991,7.49,10,4,2
10/14/1991,,10,4,2
10/15/1991,7.46,10,4,2
10/16/1991,7.45,10,4,2
10/17/1991,7.55,10,4,2
10/18/1991,7.53,10,4,2
10/21/1991,7.62,10,4,2
10/22/1991,7.67,10,4,2
10/23/1991,7.69,10,4,2
10/24/1991,7.65,10,4,2
10/25/1991,7.68,10,4,2
10/28/1991,7.65,10,4,2
10/29/1991,7.51,10,4,2
10/30/1991,7.48,10,4,2
10/31/1991,7.47,10,4,2
11/1/1991,7.48,10,4,2
11/4/1991,7.5,10,4,2
11/5/1991,7.56,10,4,2
11/6/1991,7.51,10,4,2
11/7/1991,7.43,10,4,2
11/8/1991,7.41,10,4,2
11/11/1991,,10,4,2
11/12/1991,7.37,10,4,2
11/13/1991,7.41,10,4,2
11/14/1991,7.35,10,4,2
11/15/1991,7.33,10,4,2
11/18/1991,7.33,10,4,2
11/19/1991,7.37,10,4,2
11/20/1991,7.38,10,4,2
11/21/1991,7.39,10,4,2
11/22/1991,7.44,10,4,2
11/25/1991,7.45,10,4,2
11/26/1991,7.42,10,4,2
11/27/1991,7.42,10,4,2
11/28/1991,,10,4,2
11/29/1991,7.38,10,4,2
12/2/1991,7.32,10,4,2
12/3/1991,7.28,10,4,2
12/4/1991,7.17,10,4,2
12/5/1991,7.21,10,4,2
12/6/1991,7.26,10,4,2
12/9/1991,7.22,10,4,2
12/10/1991,7.21,10,4,2
12/11/1991,7.22,10,4,2
12/12/1991,7.19,10,4,2
12/13/1991,7.22,10,4,2
12/16/1991,7.21,10,4,2
12/17/1991,7.18,10,4,2
12/18/1991,7.19,10,4,2
12/19/1991,7.11,10,4,2
12/20/1991,6.97,10,4,2
12/23/1991,6.88,10,4,2
12/24/1991,6.88,10,4,2
12/25/1991,,10,4,2
12/26/1991,6.85,10,4,2
12/27/1991,6.82,10,4,2
12/30/1991,6.76,10,4,2
12/31/1991,6.71,10,4,2
1/1/1992,,10,4,2
1/2/1992,6.78,10,4,2
1/3/1992,6.85,10,4,2
1/6/1992,6.82,10,4,2
1/7/1992,6.76,10,4,2
1/8/1992,6.77,10,4,2
1/9/1992,6.79,10,4,2
1/10/1992,6.85,10,4,2
1/13/1992,6.92,10,4,2
1/14/1992,7.03,10,4,2
1/15/1992,7.05,10,4,2
1/16/1992,7.13,10,4,2
1/17/1992,7.09,10,4,2
1/20/1992,,10,4,2
1/21/1992,7.03,10,4,2
1/22/1992,7.09,10,4,2
1/23/1992,7.2,10,4,2
1/24/1992,7.25,10,4,2
1/27/1992,7.24,10,4,2
1/28/1992,7.16,10,4,2
1/29/1992,7.25,10,4,2
1/30/1992,7.31,10,4,2
1/31/1992,7.31,10,4,2
2/3/1992,7.36,10,4,2
2/4/1992,7.29,10,4,2
2/5/1992,7.21,10,4,2
2/6/1992,7.2,10,4,2
2/7/1992,7.2,10,4,2
2/10/1992,7.21,10,4,2
2/11/1992,7.23,10,4,2
2/12/1992,7.3,10,4,2
2/13/1992,7.4,10,4,2
2/14/1992,7.41,10,4,2
2/17/1992,,10,4,2
2/18/1992,7.47,10,4,2
2/19/1992,7.42,10,4,2
2/20/1992,7.41,10,4,2
2/21/1992,7.45,10,4,2
2/24/1992,7.47,10,4,2
2/25/1992,7.44,10,4,2
2/26/1992,7.33,10,4,2
2/27/1992,7.35,10,4,2
2/28/1992,7.27,10,4,2
3/2/1992,7.38,10,4,2
3/3/1992,7.43,10,4,2
3/4/1992,7.43,10,4,2
3/5/1992,7.51,10,4,2
3/6/1992,7.48,10,4,2
3/9/1992,7.42,10,4,2
3/10/1992,7.43,10,4,2
3/11/1992,7.51,10,4,2
3/12/1992,7.62,10,4,2
3/13/1992,7.71,10,4,2
3/16/1992,7.69,10,4,2
3/17/1992,7.62,10,4,2
3/18/1992,7.62,10,4,2
3/19/1992,7.57,10,4,2
3/20/1992,7.64,10,4,2
3/23/1992,7.62,10,4,2
3/24/1992,7.53,10,4,2
3/25/1992,7.53,10,4,2
3/26/1992,7.57,10,4,2
3/27/1992,7.54,10,4,2
3/30/1992,7.54,10,4,2
3/31/1992,7.54,10,4,2
4/1/1992,7.46,10,4,2
4/2/1992,7.47,10,4,2
4/3/1992,7.42,10,4,2
4/6/1992,7.41,10,4,2
4/7/1992,7.41,10,4,2
4/8/1992,7.44,10,4,2
4/9/1992,7.35,10,4,2
4/10/1992,7.37,10,4,2
4/13/1992,7.33,10,4,2
4/14/1992,7.35,10,4,2
4/15/1992,7.37,10,4,2
4/16/1992,7.45,10,4,2
4/17/1992,,10,4,2
4/20/1992,7.59,10,4,2
4/21/1992,7.58,10,4,2
4/22/1992,7.57,10,4,2
4/23/1992,7.59,10,4,2
4/24/1992,7.55,10,4,2
4/27/1992,7.6,10,4,2
4/28/1992,7.57,10,4,2
4/29/1992,7.6,10,4,2
4/30/1992,7.61,10,4,2
5/1/1992,7.56,10,4,2
5/4/1992,7.58,10,4,2
5/5/1992,7.56,10,4,2
5/6/1992,7.46,10,4,2
5/7/1992,7.49,10,4,2
5/8/1992,7.41,10,4,2
5/11/1992,7.4,10,4,2
5/12/1992,7.36,10,4,2
5/13/1992,7.34,10,4,2
5/14/1992,7.34,10,4,2
5/15/1992,7.28,10,4,2
5/18/1992,7.28,10,4,2
5/19/1992,7.2,10,4,2
5/20/1992,7.25,10,4,2
5/21/1992,7.39,10,4,2
5/22/1992,7.35,10,4,2
5/25/1992,,10,4,2
5/26/1992,7.46,10,4,2
5/27/1992,7.44,10,4,2
5/28/1992,7.36,10,4,2
5/29/1992,7.33,10,4,2
6/1/1992,7.39,10,4,2
6/2/1992,7.35,10,4,2
6/3/1992,7.34,10,4,2
6/4/1992,7.34,10,4,2
6/5/1992,7.31,10,4,2
6/8/1992,7.31,10,4,2
6/9/1992,7.33,10,4,2
6/10/1992,7.35,10,4,2
6/11/1992,7.33,10,4,2
6/12/1992,7.29,10,4,2
6/15/1992,7.28,10,4,2
6/16/1992,7.24,10,4,2
6/17/1992,7.23,10,4,2
6/18/1992,7.19,10,4,2
6/19/1992,7.24,10,4,2
6/22/1992,7.24,10,4,2
6/23/1992,7.25,10,4,2
6/24/1992,7.2,10,4,2
6/25/1992,7.14,10,4,2
6/26/1992,7.15,10,4,2
6/29/1992,7.12,10,4,2
6/30/1992,7.14,10,4,2
7/1/1992,7.1,10,4,2
7/2/1992,6.93,10,4,2
7/3/1992,,10,4,2
7/6/1992,6.9,10,4,2
7/7/1992,6.87,10,4,2
7/8/1992,6.91,10,4,2
7/9/1992,6.91,10,4,2
7/10/1992,6.93,10,4,2
7/13/1992,6.97,10,4,2
7/14/1992,6.97,10,4,2
7/15/1992,6.9,10,4,2
7/16/1992,6.87,10,4,2
7/17/1992,6.9,10,4,2
7/20/1992,6.9,10,4,2
7/21/1992,6.89,10,4,2
7/22/1992,6.85,10,4,2
7/23/1992,6.72,10,4,2
7/24/1992,6.73,10,4,2
7/27/1992,6.69,10,4,2
7/28/1992,6.63,10,4,2
7/29/1992,6.6,10,4,2
7/30/1992,6.69,10,4,2
7/31/1992,6.72,10,4,2
8/3/1992,6.72,10,4,2
8/4/1992,6.66,10,4,2
8/5/1992,6.64,10,4,2
8/6/1992,6.65,10,4,2
8/7/1992,6.57,10,4,2
8/10/1992,6.52,10,4,2
8/11/1992,6.5,10,4,2
8/12/1992,6.48,10,4,2
8/13/1992,6.55,10,4,2
8/14/1992,6.53,10,4,2
8/17/1992,6.56,10,4,2
8/18/1992,6.48,10,4,2
8/19/1992,6.47,10,4,2
8/20/1992,6.46,10,4,2
8/21/1992,6.53,10,4,2
8/24/1992,6.68,10,4,2
8/25/1992,6.73,10,4,2
8/26/1992,6.68,10,4,2
8/27/1992,6.64,10,4,2
8/28/1992,6.63,10,4,2
8/31/1992,6.62,10,4,2
9/1/1992,6.56,10,4,2
9/2/1992,6.54,10,4,2
9/3/1992,6.54,10,4,2
9/4/1992,6.4,10,4,2
9/7/1992,,10,4,2
9/8/1992,6.29,10,4,2
9/9/1992,6.31,10,4,2
9/10/1992,6.31,10,4,2
9/11/1992,6.37,10,4,2
9/14/1992,6.32,10,4,2
9/15/1992,6.4,10,4,2
9/16/1992,6.41,10,4,2
9/17/1992,6.4,10,4,2
9/18/1992,6.41,10,4,2
9/21/1992,6.42,10,4,2
9/22/1992,6.5,10,4,2
9/23/1992,6.54,10,4,2
9/24/1992,6.48,10,4,2
9/25/1992,6.41,10,4,2
9/28/1992,6.37,10,4,2
9/29/1992,6.37,10,4,2
9/30/1992,6.37,10,4,2
10/1/1992,6.23,10,4,2
10/2/1992,6.26,10,4,2
10/5/1992,6.24,10,4,2
10/6/1992,6.3,10,4,2
10/7/1992,6.46,10,4,2
10/8/1992,6.41,10,4,2
10/9/1992,6.52,10,4,2
10/12/1992,,10,4,2
10/13/1992,6.51,10,4,2
10/14/1992,6.51,10,4,2
10/15/1992,6.53,10,4,2
10/16/1992,6.6,10,4,2
10/19/1992,6.69,10,4,2
10/20/1992,6.86,10,4,2
10/21/1992,6.8,10,4,2
10/22/1992,6.74,10,4,2
10/23/1992,6.83,10,4,2
10/26/1992,6.83,10,4,2
10/27/1992,6.78,10,4,2
10/28/1992,6.76,10,4,2
10/29/1992,6.71,10,4,2
10/30/1992,6.8,10,4,2
11/2/1992,6.88,10,4,2
11/3/1992,6.87,10,4,2
11/4/1992,6.89,10,4,2
11/5/1992,6.87,10,4,2
11/6/1992,6.97,10,4,2
11/9/1992,7,10,4,2
11/10/1992,6.91,10,4,2
11/11/1992,,10,4,2
11/12/1992,6.79,10,4,2
11/13/1992,6.82,10,4,2
11/16/1992,6.9,10,4,2
11/17/1992,6.86,10,4,2
11/18/1992,6.78,10,4,2
11/19/1992,6.81,10,4,2
11/20/1992,6.84,10,4,2
11/23/1992,6.86,10,4,2
11/24/1992,6.82,10,4,2
11/25/1992,6.84,10,4,2
11/26/1992,,10,4,2
11/27/1992,6.93,10,4,2
11/30/1992,6.95,10,4,2
12/1/1992,6.94,10,4,2
12/2/1992,6.93,10,4,2
12/3/1992,6.91,10,4,2
12/4/1992,6.84,10,4,2
12/7/1992,6.78,10,4,2
12/8/1992,6.73,10,4,2
12/9/1992,6.76,10,4,2
12/10/1992,6.77,10,4,2
12/11/1992,6.8,10,4,2
12/14/1992,6.83,10,4,2
12/15/1992,6.83,10,4,2
12/16/1992,6.77,10,4,2
12/17/1992,6.77,10,4,2
12/18/1992,6.76,10,4,2
12/21/1992,6.71,10,4,2
12/22/1992,6.65,10,4,2
12/23/1992,6.68,10,4,2
12/24/1992,6.69,10,4,2
12/25/1992,,10,4,2
12/28/1992,6.72,10,4,2
12/29/1992,6.69,10,4,2
12/30/1992,6.68,10,4,2
12/31/1992,6.7,10,4,2
1/1/1993,,10,4,2
1/4/1993,6.6,10,4,2
1/5/1993,6.61,10,4,2
1/6/1993,6.63,10,4,2
1/7/1993,6.76,10,4,2
1/8/1993,6.75,10,4,2
1/11/1993,6.71,10,4,2
1/12/1993,6.72,10,4,2
1/13/1993,6.71,10,4,2
1/14/1993,6.65,10,4,2
1/15/1993,6.6,10,4,2
1/18/1993,,10,4,2
1/19/1993,6.59,10,4,2
1/20/1993,6.61,10,4,2
1/21/1993,6.6,10,4,2
1/22/1993,6.57,10,4,2
1/25/1993,6.48,10,4,2
1/26/1993,6.5,10,4,2
1/27/1993,6.48,10,4,2
1/28/1993,6.44,10,4,2
1/29/1993,6.39,10,4,2
2/1/1993,6.38,10,4,2
2/2/1993,6.46,10,4,2
2/3/1993,6.45,10,4,2
2/4/1993,6.39,10,4,2
2/5/1993,6.32,10,4,2
2/8/1993,6.37,10,4,2
2/9/1993,6.41,10,4,2
2/10/1993,6.4,10,4,2
2/11/1993,6.37,10,4,2
2/12/1993,6.35,10,4,2
2/15/1993,,10,4,2
2/16/1993,6.34,10,4,2
2/17/1993,6.28,10,4,2
2/18/1993,6.17,10,4,2
2/19/1993,6.15,10,4,2
2/22/1993,6.09,10,4,2
2/23/1993,5.92,10,4,2
2/24/1993,6.01,10,4,2
2/25/1993,6.03,10,4,2
2/26/1993,6.03,10,4,2
3/1/1993,5.94,10,4,2
3/2/1993,5.95,10,4,2
3/3/1993,5.88,10,4,2
3/4/1993,5.83,10,4,2
3/5/1993,5.9,10,4,2
3/8/1993,5.85,10,4,2
3/9/1993,5.91,10,4,2
3/10/1993,5.97,10,4,2
3/11/1993,5.96,10,4,2
3/12/1993,6.11,10,4,2
3/15/1993,6.17,10,4,2
3/16/1993,6.06,10,4,2
3/17/1993,6.02,10,4,2
3/18/1993,5.93,10,4,2
3/19/1993,5.95,10,4,2
3/22/1993,5.96,10,4,2
3/23/1993,5.91,10,4,2
3/24/1993,5.95,10,4,2
3/25/1993,5.98,10,4,2
3/26/1993,6.09,10,4,2
3/29/1993,6.06,10,4,2
3/30/1993,6.02,10,4,2
3/31/1993,6.03,10,4,2
4/1/1993,6.06,10,4,2
4/2/1993,6.16,10,4,2
4/5/1993,6.13,10,4,2
4/6/1993,6.08,10,4,2
4/7/1993,6.07,10,4,2
4/8/1993,5.97,10,4,2
4/9/1993,,10,4,2
4/12/1993,5.92,10,4,2
4/13/1993,5.93,10,4,2
4/14/1993,5.9,10,4,2
4/15/1993,5.88,10,4,2
4/16/1993,5.89,10,4,2
4/19/1993,5.87,10,4,2
4/20/1993,5.87,10,4,2
4/21/1993,5.86,10,4,2
4/22/1993,5.85,10,4,2
4/23/1993,5.89,10,4,2
4/26/1993,5.94,10,4,2
4/27/1993,6.02,10,4,2
4/28/1993,6.03,10,4,2
4/29/1993,5.99,10,4,2
4/30/1993,6.05,10,4,2
5/3/1993,5.96,10,4,2
5/4/1993,5.92,10,4,2
5/5/1993,5.93,10,4,2
5/6/1993,5.89,10,4,2
5/7/1993,5.92,10,4,2
5/10/1993,5.89,10,4,2
5/11/1993,5.89,10,4,2
5/12/1993,5.96,10,4,2
5/13/1993,6.02,10,4,2
5/14/1993,6.03,10,4,2
5/17/1993,6.07,10,4,2
5/18/1993,6.15,10,4,2
5/19/1993,6.11,10,4,2
5/20/1993,6.09,10,4,2
5/21/1993,6.16,10,4,2
5/24/1993,6.16,10,4,2
5/25/1993,6.17,10,4,2
5/26/1993,6.12,10,4,2
5/27/1993,6.11,10,4,2
5/28/1993,6.16,10,4,2
5/31/1993,,10,4,2
6/1/1993,6.07,10,4,2
6/2/1993,6.06,10,4,2
6/3/1993,6.02,10,4,2
6/4/1993,6.11,10,4,2
6/7/1993,6.08,10,4,2
6/8/1993,6.09,10,4,2
6/9/1993,6.07,10,4,2
6/10/1993,6.07,10,4,2
6/11/1993,5.97,10,4,2
6/14/1993,5.97,10,4,2
6/15/1993,5.96,10,4,2
6/16/1993,5.96,10,4,2
6/17/1993,5.93,10,4,2
6/18/1993,5.97,10,4,2
6/21/1993,5.92,10,4,2
6/22/1993,5.91,10,4,2
6/23/1993,5.91,10,4,2
6/24/1993,5.88,10,4,2
6/25/1993,5.84,10,4,2
6/28/1993,5.8,10,4,2
6/29/1993,5.79,10,4,2
6/30/1993,5.8,10,4,2
7/1/1993,5.8,10,4,2
7/2/1993,5.76,10,4,2
7/5/1993,,10,4,2
7/6/1993,5.8,10,4,2
7/7/1993,5.8,10,4,2
7/8/1993,5.78,10,4,2
7/9/1993,5.76,10,4,2
7/12/1993,5.75,10,4,2
7/13/1993,5.78,10,4,2
7/14/1993,5.72,10,4,2
7/15/1993,5.72,10,4,2
7/16/1993,5.71,10,4,2
7/19/1993,5.71,10,4,2
7/20/1993,5.75,10,4,2
7/21/1993,5.83,10,4,2
7/22/1993,5.9,10,4,2
7/23/1993,5.95,10,4,2
7/26/1993,5.93,10,4,2
7/27/1993,5.92,10,4,2
7/28/1993,5.9,10,4,2
7/29/1993,5.81,10,4,2
7/30/1993,5.83,10,4,2
8/2/1993,5.85,10,4,2
8/3/1993,5.83,10,4,2
8/4/1993,5.87,10,4,2
8/5/1993,5.86,10,4,2
8/6/1993,5.86,10,4,2
8/9/1993,5.82,10,4,2
8/10/1993,5.82,10,4,2
8/11/1993,5.75,10,4,2
8/12/1993,5.77,10,4,2
8/13/1993,5.72,10,4,2
8/16/1993,5.68,10,4,2
8/17/1993,5.7,10,4,2
8/18/1993,5.69,10,4,2
8/19/1993,5.64,10,4,2
8/20/1993,5.61,10,4,2
8/23/1993,5.6,10,4,2
8/24/1993,5.54,10,4,2
8/25/1993,5.51,10,4,2
8/26/1993,5.42,10,4,2
8/27/1993,5.48,10,4,2
8/30/1993,5.44,10,4,2
8/31/1993,5.45,10,4,2
9/1/1993,5.46,10,4,2
9/2/1993,5.41,10,4,2
9/3/1993,5.31,10,4,2
9/6/1993,,10,4,2
9/7/1993,5.23,10,4,2
9/8/1993,5.23,10,4,2
9/9/1993,5.35,10,4,2
9/10/1993,5.29,10,4,2
9/13/1993,5.26,10,4,2
9/14/1993,5.37,10,4,2
9/15/1993,5.39,10,4,2
9/16/1993,5.37,10,4,2
9/17/1993,5.38,10,4,2
9/20/1993,5.42,10,4,2
9/21/1993,5.47,10,4,2
9/22/1993,5.45,10,4,2
9/23/1993,5.42,10,4,2
9/24/1993,5.42,10,4,2
9/27/1993,5.3,10,4,2
9/28/1993,5.28,10,4,2
9/29/1993,5.35,10,4,2
9/30/1993,5.4,10,4,2
10/1/1993,5.34,10,4,2
10/4/1993,5.34,10,4,2
10/5/1993,5.35,10,4,2
10/6/1993,5.35,10,4,2
10/7/1993,5.33,10,4,2
10/8/1993,5.26,10,4,2
10/11/1993,,10,4,2
10/12/1993,5.27,10,4,2
10/13/1993,5.27,10,4,2
10/14/1993,5.23,10,4,2
10/15/1993,5.19,10,4,2
10/18/1993,5.27,10,4,2
10/19/1993,5.27,10,4,2
10/20/1993,5.26,10,4,2
10/21/1993,5.35,10,4,2
10/22/1993,5.42,10,4,2
10/25/1993,5.47,10,4,2
10/26/1993,5.43,10,4,2
10/27/1993,5.44,10,4,2
10/28/1993,5.41,10,4,2
10/29/1993,5.43,10,4,2
11/1/1993,5.56,10,4,2
11/2/1993,5.63,10,4,2
11/3/1993,5.67,10,4,2
11/4/1993,5.67,10,4,2
11/5/1993,5.75,10,4,2
11/8/1993,5.7,10,4,2
11/9/1993,5.64,10,4,2
11/10/1993,5.72,10,4,2
11/11/1993,,10,4,2
11/12/1993,5.66,10,4,2
11/15/1993,5.69,10,4,2
11/16/1993,5.66,10,4,2
11/17/1993,5.65,10,4,2
11/18/1993,5.72,10,4,2
11/19/1993,5.84,10,4,2
11/22/1993,5.89,10,4,2
11/23/1993,5.82,10,4,2
11/24/1993,5.84,10,4,2
11/25/1993,,10,4,2
11/26/1993,5.78,10,4,2
11/29/1993,5.76,10,4,2
11/30/1993,5.83,10,4,2
12/1/1993,5.82,10,4,2
12/2/1993,5.81,10,4,2
12/3/1993,5.8,10,4,2
12/6/1993,5.72,10,4,2
12/7/1993,5.71,10,4,2
12/8/1993,5.71,10,4,2
12/9/1993,5.68,10,4,2
12/10/1993,5.73,10,4,2
12/13/1993,5.78,10,4,2
12/14/1993,5.82,10,4,2
12/15/1993,5.83,10,4,2
12/16/1993,5.84,10,4,2
12/17/1993,5.81,10,4,2
12/20/1993,5.83,10,4,2
12/21/1993,5.85,10,4,2
12/22/1993,5.74,10,4,2
12/23/1993,5.72,10,4,2
12/24/1993,,10,4,2
12/27/1993,5.72,10,4,2
12/28/1993,5.72,10,4,2
12/29/1993,5.74,10,4,2
12/30/1993,5.82,10,4,2
12/31/1993,5.83,10,4,2
1/3/1994,5.92,10,4,2
1/4/1994,5.88,10,4,2
1/5/1994,5.9,10,4,2
1/6/1994,5.84,10,4,2
1/7/1994,5.7,10,4,2
1/10/1994,5.67,10,4,2
1/11/1994,5.67,10,4,2
1/12/1994,5.6,10,4,2
1/13/1994,5.71,10,4,2
1/14/1994,5.78,10,4,2
1/17/1994,,10,4,2
1/18/1994,5.74,10,4,2
1/19/1994,5.76,10,4,2
1/20/1994,5.71,10,4,2
1/21/1994,5.73,10,4,2
1/24/1994,5.74,10,4,2
1/25/1994,5.78,10,4,2
1/26/1994,5.77,10,4,2
1/27/1994,5.73,10,4,2
1/28/1994,5.68,10,4,2
1/31/1994,5.7,10,4,2
2/1/1994,5.77,10,4,2
2/2/1994,5.77,10,4,2
2/3/1994,5.81,10,4,2
2/4/1994,5.94,10,4,2
2/7/1994,5.96,10,4,2
2/8/1994,6.01,10,4,2
2/9/1994,5.92,10,4,2
2/10/1994,5.91,10,4,2
2/11/1994,5.88,10,4,2
2/14/1994,5.9,10,4,2
2/15/1994,5.88,10,4,2
2/16/1994,5.89,10,4,2
2/17/1994,6,10,4,2
2/18/1994,6.09,10,4,2
2/21/1994,,10,4,2
2/22/1994,6.05,10,4,2
2/23/1994,6.13,10,4,2
2/24/1994,6.22,10,4,2
2/25/1994,6.21,10,4,2
2/28/1994,6.15,10,4,2
3/1/1994,6.28,10,4,2
3/2/1994,6.3,10,4,2
3/3/1994,6.35,10,4,2
3/4/1994,6.38,10,4,2
3/7/1994,6.32,10,4,2
3/8/1994,6.38,10,4,2
3/9/1994,6.38,10,4,2
3/10/1994,6.48,10,4,2
3/11/1994,6.46,10,4,2
3/14/1994,6.5,10,4,2
3/15/1994,6.47,10,4,2
3/16/1994,6.4,10,4,2
3/17/1994,6.4,10,4,2
3/18/1994,6.49,10,4,2
3/21/1994,6.55,10,4,2
3/22/1994,6.44,10,4,2
3/23/1994,6.44,10,4,2
3/24/1994,6.58,10,4,2
3/25/1994,6.61,10,4,2
3/28/1994,6.63,10,4,2
3/29/1994,6.71,10,4,2
3/30/1994,6.78,10,4,2
3/31/1994,6.77,10,4,2
4/1/1994,,10,4,2
4/4/1994,7.16,10,4,2
4/5/1994,6.97,10,4,2
4/6/1994,6.93,10,4,2
4/7/1994,6.86,10,4,2
4/8/1994,6.94,10,4,2
4/11/1994,6.92,10,4,2
4/12/1994,6.87,10,4,2
4/13/1994,6.93,10,4,2
4/14/1994,6.97,10,4,2
4/15/1994,6.97,10,4,2
4/18/1994,7.14,10,4,2
4/19/1994,7.1,10,4,2
4/20/1994,7.05,10,4,2
4/21/1994,6.91,10,4,2
4/22/1994,6.93,10,4,2
4/25/1994,6.86,10,4,2
4/26/1994,6.86,10,4,2
4/27/1994,,10,4,2
4/28/1994,7.04,10,4,2
4/29/1994,7.06,10,4,2
5/2/1994,7.09,10,4,2
5/3/1994,7.13,10,4,2
5/4/1994,7.14,10,4,2
5/5/1994,7.11,10,4,2
5/6/1994,7.35,10,4,2
5/9/1994,7.49,10,4,2
5/10/1994,7.33,10,4,2
5/11/1994,7.4,10,4,2
5/12/1994,7.36,10,4,2
5/13/1994,7.29,10,4,2
5/16/1994,7.24,10,4,2
5/17/1994,7.03,10,4,2
5/18/1994,7.03,10,4,2
5/19/1994,6.96,10,4,2
5/20/1994,7.02,10,4,2
5/23/1994,7.19,10,4,2
5/24/1994,7.17,10,4,2
5/25/1994,7.14,10,4,2
5/26/1994,7.09,10,4,2
5/27/1994,7.12,10,4,2
5/30/1994,,10,4,2
5/31/1994,7.17,10,4,2
6/1/1994,7.12,10,4,2
6/2/1994,7.07,10,4,2
6/3/1994,6.98,10,4,2
6/6/1994,6.91,10,4,2
6/7/1994,6.95,10,4,2
6/8/1994,6.96,10,4,2
6/9/1994,6.98,10,4,2
6/10/1994,7.03,10,4,2
6/13/1994,7.07,10,4,2
6/14/1994,7,10,4,2
6/15/1994,7.1,10,4,2
6/16/1994,7.07,10,4,2
6/17/1994,7.14,10,4,2
6/20/1994,7.16,10,4,2
6/21/1994,7.22,10,4,2
6/22/1994,7.13,10,4,2
6/23/1994,7.1,10,4,2
6/24/1994,7.22,10,4,2
6/27/1994,7.18,10,4,2
6/28/1994,7.26,10,4,2
6/29/1994,7.24,10,4,2
6/30/1994,7.34,10,4,2
7/1/1994,7.34,10,4,2
7/4/1994,,10,4,2
7/5/1994,7.31,10,4,2
7/6/1994,7.32,10,4,2
7/7/1994,7.3,10,4,2
7/8/1994,7.42,10,4,2
7/11/1994,7.47,10,4,2
7/12/1994,7.43,10,4,2
7/13/1994,7.41,10,4,2
7/14/1994,7.25,10,4,2
7/15/1994,7.25,10,4,2
7/18/1994,7.2,10,4,2
7/19/1994,7.15,10,4,2
7/20/1994,7.25,10,4,2
7/21/1994,7.27,10,4,2
7/22/1994,7.29,10,4,2
7/25/1994,7.27,10,4,2
7/26/1994,7.28,10,4,2
7/27/1994,7.34,10,4,2
7/28/1994,7.29,10,4,2
7/29/1994,7.12,10,4,2
8/1/1994,7.13,10,4,2
8/2/1994,7.11,10,4,2
8/3/1994,7.09,10,4,2
8/4/1994,7.12,10,4,2
8/5/1994,7.28,10,4,2
8/8/1994,7.28,10,4,2
8/9/1994,7.33,10,4,2
8/10/1994,7.3,10,4,2
8/11/1994,7.36,10,4,2
8/12/1994,7.27,10,4,2
8/15/1994,7.3,10,4,2
8/16/1994,7.19,10,4,2
8/17/1994,7.15,10,4,2
8/18/1994,7.28,10,4,2
8/19/1994,7.27,10,4,2
8/22/1994,7.31,10,4,2
8/23/1994,7.28,10,4,2
8/24/1994,7.22,10,4,2
8/25/1994,7.29,10,4,2
8/26/1994,7.24,10,4,2
8/29/1994,7.24,10,4,2
8/30/1994,7.2,10,4,2
8/31/1994,7.19,10,4,2
9/1/1994,7.19,10,4,2
9/2/1994,7.21,10,4,2
9/5/1994,,10,4,2
9/6/1994,7.27,10,4,2
9/7/1994,7.29,10,4,2
9/8/1994,7.3,10,4,2
9/9/1994,7.44,10,4,2
9/12/1994,7.46,10,4,2
9/13/1994,7.44,10,4,2
9/14/1994,7.41,10,4,2
9/15/1994,7.35,10,4,2
9/16/1994,7.52,10,4,2
9/19/1994,7.49,10,4,2
9/20/1994,7.53,10,4,2
9/21/1994,7.56,10,4,2
9/22/1994,7.56,10,4,2
9/23/1994,7.57,10,4,2
9/26/1994,7.57,10,4,2
9/27/1994,7.61,10,4,2
9/28/1994,7.57,10,4,2
9/29/1994,7.64,10,4,2
9/30/1994,7.62,10,4,2
10/3/1994,7.66,10,4,2
10/4/1994,7.7,10,4,2
10/5/1994,7.77,10,4,2
10/6/1994,7.78,10,4,2
10/7/1994,7.7,10,4,2
10/10/1994,,10,4,2
10/11/1994,7.65,10,4,2
10/12/1994,7.69,10,4,2
10/13/1994,7.64,10,4,2
10/14/1994,7.61,10,4,2
10/17/1994,7.62,10,4,2
10/18/1994,7.64,10,4,2
10/19/1994,7.68,10,4,2
10/20/1994,7.8,10,4,2
10/21/1994,7.81,10,4,2
10/24/1994,7.86,10,4,2
10/25/1994,7.88,10,4,2
10/26/1994,7.88,10,4,2
10/27/1994,7.88,10,4,2
10/28/1994,7.82,10,4,2
10/31/1994,7.81,10,4,2
11/1/1994,7.91,10,4,2
11/2/1994,7.96,10,4,2
11/3/1994,7.96,10,4,2
11/4/1994,8.04,10,4,2
11/7/1994,8.05,10,4,2
11/8/1994,8.01,10,4,2
11/9/1994,7.94,10,4,2
11/10/1994,7.98,10,4,2
11/11/1994,,10,4,2
11/14/1994,7.94,10,4,2
11/15/1994,7.92,10,4,2
11/16/1994,7.97,10,4,2
11/17/1994,8.03,10,4,2
11/18/1994,8.01,10,4,2
11/21/1994,8.03,10,4,2
11/22/1994,8,10,4,2
11/23/1994,7.81,10,4,2
11/24/1994,,10,4,2
11/25/1994,7.8,10,4,2
11/28/1994,7.88,10,4,2
11/29/1994,7.95,10,4,2
11/30/1994,7.91,10,4,2
12/1/1994,7.92,10,4,2
12/2/1994,7.81,10,4,2
12/5/1994,7.83,10,4,2
12/6/1994,7.73,10,4,2
12/7/1994,7.81,10,4,2
12/8/1994,7.79,10,4,2
12/9/1994,7.79,10,4,2
12/12/1994,7.85,10,4,2
12/13/1994,7.83,10,4,2
12/14/1994,7.8,10,4,2
12/15/1994,7.79,10,4,2
12/16/1994,7.81,10,4,2
12/19/1994,7.81,10,4,2
12/20/1994,7.81,10,4,2
12/21/1994,7.8,10,4,2
12/22/1994,7.84,10,4,2
12/23/1994,7.85,10,4,2
12/26/1994,,10,4,2
12/27/1994,7.76,10,4,2
12/28/1994,7.8,10,4,2
12/29/1994,7.82,10,4,2
12/30/1994,7.84,10,4,2
1/2/1995,,10,4,2
1/3/1995,7.88,10,4,2
1/4/1995,7.82,10,4,2
1/5/1995,7.88,10,4,2
1/6/1995,7.87,10,4,2
1/9/1995,7.89,10,4,2
1/10/1995,7.84,10,4,2
1/11/1995,7.79,10,4,2
1/12/1995,7.8,10,4,2
1/13/1995,7.69,10,4,2
1/16/1995,,10,4,2
1/17/1995,7.7,10,4,2
1/18/1995,7.71,10,4,2
1/19/1995,7.74,10,4,2
1/20/1995,7.82,10,4,2
1/23/1995,7.83,10,4,2
1/24/1995,7.86,10,4,2
1/25/1995,7.8,10,4,2
1/26/1995,7.76,10,4,2
1/27/1995,7.66,10,4,2
1/30/1995,7.65,10,4,2
1/31/1995,7.6,10,4,2
2/1/1995,7.66,10,4,2
2/2/1995,7.68,10,4,2
2/3/1995,7.49,10,4,2
2/6/1995,7.53,10,4,2
2/7/1995,7.52,10,4,2
2/8/1995,7.53,10,4,2
2/9/1995,7.58,10,4,2
2/10/1995,7.62,10,4,2
2/13/1995,7.61,10,4,2
2/14/1995,7.51,10,4,2
2/15/1995,7.45,10,4,2
2/16/1995,7.4,10,4,2
2/17/1995,7.43,10,4,2
2/20/1995,,10,4,2
2/21/1995,7.44,10,4,2
2/22/1995,7.34,10,4,2
2/23/1995,7.34,10,4,2
2/24/1995,7.33,10,4,2
2/27/1995,7.24,10,4,2
2/28/1995,7.22,10,4,2
3/1/1995,7.23,10,4,2
3/2/1995,7.3,10,4,2
3/3/1995,7.36,10,4,2
3/6/1995,7.41,10,4,2
3/7/1995,7.44,10,4,2
3/8/1995,7.36,10,4,2
3/9/1995,7.3,10,4,2
3/10/1995,7.23,10,4,2
3/13/1995,7.19,10,4,2
3/14/1995,7.09,10,4,2
3/15/1995,7.09,10,4,2
3/16/1995,7.05,10,4,2
3/17/1995,7.12,10,4,2
3/20/1995,7.12,10,4,2
3/21/1995,7.16,10,4,2
3/22/1995,7.21,10,4,2
3/23/1995,7.21,10,4,2
3/24/1995,7.09,10,4,2
3/27/1995,7.05,10,4,2
3/28/1995,7.16,10,4,2
3/29/1995,7.16,10,4,2
3/30/1995,7.18,10,4,2
3/31/1995,7.2,10,4,2
4/3/1995,7.14,10,4,2
4/4/1995,7.12,10,4,2
4/5/1995,7.12,10,4,2
4/6/1995,7.09,10,4,2
4/7/1995,7.11,10,4,2
4/10/1995,7.12,10,4,2
4/11/1995,7.09,10,4,2
4/12/1995,7.06,10,4,2
4/13/1995,7.03,10,4,2
4/14/1995,,10,4,2
4/17/1995,7.04,10,4,2
4/18/1995,7.04,10,4,2
4/19/1995,7.06,10,4,2
4/20/1995,7.02,10,4,2
4/21/1995,7.01,10,4,2
4/24/1995,7.01,10,4,2
4/25/1995,7.01,10,4,2
4/26/1995,7.01,10,4,2
4/27/1995,7.04,10,4,2
4/28/1995,7.07,10,4,2
5/1/1995,7.09,10,4,2
5/2/1995,7.04,10,4,2
5/3/1995,6.96,10,4,2
5/4/1995,6.85,10,4,2
5/5/1995,6.69,10,4,2
5/8/1995,6.7,10,4,2
5/9/1995,6.61,10,4,2
5/10/1995,6.66,10,4,2
5/11/1995,6.68,10,4,2
5/12/1995,6.67,10,4,2
5/15/1995,6.62,10,4,2
5/16/1995,6.57,10,4,2
5/17/1995,6.53,10,4,2
5/18/1995,6.61,10,4,2
5/19/1995,6.61,10,4,2
5/22/1995,6.63,10,4,2
5/23/1995,6.57,10,4,2
5/24/1995,6.44,10,4,2
5/25/1995,6.39,10,4,2
5/26/1995,6.4,10,4,2
5/29/1995,,10,4,2
5/30/1995,6.3,10,4,2
5/31/1995,6.3,10,4,2
6/1/1995,6.2,10,4,2
6/2/1995,6.1,10,4,2
6/5/1995,6.08,10,4,2
6/6/1995,6.08,10,4,2
6/7/1995,6.2,10,4,2
6/8/1995,6.22,10,4,2
6/9/1995,6.4,10,4,2
6/12/1995,6.37,10,4,2
6/13/1995,6.14,10,4,2
6/14/1995,6.15,10,4,2
6/15/1995,6.18,10,4,2
6/16/1995,6.21,10,4,2
6/19/1995,6.13,10,4,2
6/20/1995,6.16,10,4,2
6/21/1995,6.13,10,4,2
6/22/1995,6.04,10,4,2
6/23/1995,6.06,10,4,2
6/26/1995,6.11,10,4,2
6/27/1995,6.15,10,4,2
6/28/1995,6.1,10,4,2
6/29/1995,6.28,10,4,2
6/30/1995,6.21,10,4,2
7/3/1995,6.21,10,4,2
7/4/1995,,10,4,2
7/5/1995,6.19,10,4,2
7/6/1995,6.05,10,4,2
7/7/1995,6.04,10,4,2
7/10/1995,6.04,10,4,2
7/11/1995,6.09,10,4,2
7/12/1995,6.1,10,4,2
7/13/1995,6.09,10,4,2
7/14/1995,6.15,10,4,2
7/17/1995,6.22,10,4,2
7/18/1995,6.25,10,4,2
7/19/1995,6.43,10,4,2
7/20/1995,6.43,10,4,2
7/21/1995,6.53,10,4,2
7/24/1995,6.46,10,4,2
7/25/1995,6.43,10,4,2
7/26/1995,6.48,10,4,2
7/27/1995,6.43,10,4,2
7/28/1995,6.49,10,4,2
7/31/1995,6.45,10,4,2
8/1/1995,6.5,10,4,2
8/2/1995,6.44,10,4,2
8/3/1995,6.53,10,4,2
8/4/1995,6.5,10,4,2
8/7/1995,6.48,10,4,2
8/8/1995,6.47,10,4,2
8/9/1995,6.47,10,4,2
8/10/1995,6.51,10,4,2
8/11/1995,6.59,10,4,2
8/14/1995,6.59,10,4,2
8/15/1995,6.57,10,4,2
8/16/1995,6.54,10,4,2
8/17/1995,6.57,10,4,2
8/18/1995,6.57,10,4,2
8/21/1995,6.54,10,4,2
8/22/1995,6.57,10,4,2
8/23/1995,6.6,10,4,2
8/24/1995,6.5,10,4,2
8/25/1995,6.38,10,4,2
8/28/1995,6.34,10,4,2
8/29/1995,6.36,10,4,2
8/30/1995,6.33,10,4,2
8/31/1995,6.28,10,4,2
9/1/1995,6.22,10,4,2
9/4/1995,,10,4,2
9/5/1995,6.18,10,4,2
9/6/1995,6.17,10,4,2
9/7/1995,6.21,10,4,2
9/8/1995,6.24,10,4,2
9/11/1995,6.24,10,4,2
9/12/1995,6.16,10,4,2
9/13/1995,6.18,10,4,2
9/14/1995,6.08,10,4,2
9/15/1995,6.11,10,4,2
9/18/1995,6.17,10,4,2
9/19/1995,6.14,10,4,2
9/20/1995,6.1,10,4,2
9/21/1995,6.21,10,4,2
9/22/1995,6.25,10,4,2
9/25/1995,6.26,10,4,2
9/26/1995,6.28,10,4,2
9/27/1995,6.3,10,4,2
9/28/1995,6.28,10,4,2
9/29/1995,6.17,10,4,2
10/2/1995,6.15,10,4,2
10/3/1995,6.13,10,4,2
10/4/1995,6.12,10,4,2
10/5/1995,6.06,10,4,2
10/6/1995,6.06,10,4,2
10/9/1995,,10,4,2
10/10/1995,6.07,10,4,2
10/11/1995,6.09,10,4,2
10/12/1995,6.07,10,4,2
10/13/1995,5.97,10,4,2
10/16/1995,5.97,10,4,2
10/17/1995,5.97,10,4,2
10/18/1995,5.99,10,4,2
10/19/1995,5.98,10,4,2
10/20/1995,6.04,10,4,2
10/23/1995,6.07,10,4,2
10/24/1995,6.02,10,4,2
10/25/1995,6,10,4,2
10/26/1995,6.06,10,4,2
10/27/1995,6.05,10,4,2
10/30/1995,6.04,10,4,2
10/31/1995,6.03,10,4,2
11/1/1995,5.98,10,4,2
11/2/1995,5.92,10,4,2
11/3/1995,5.94,10,4,2
11/6/1995,5.96,10,4,2
11/7/1995,5.99,10,4,2
11/8/1995,5.92,10,4,2
11/9/1995,5.97,10,4,2
11/10/1995,6,10,4,2
11/13/1995,5.98,10,4,2
11/14/1995,5.97,10,4,2
11/15/1995,6,10,4,2
11/16/1995,5.93,10,4,2
11/17/1995,5.92,10,4,2
11/20/1995,5.93,10,4,2
11/21/1995,5.92,10,4,2
11/22/1995,5.93,10,4,2
11/23/1995,,10,4,2
11/24/1995,5.91,10,4,2
11/27/1995,5.88,10,4,2
11/28/1995,5.88,10,4,2
11/29/1995,5.85,10,4,2
11/30/1995,5.76,10,4,2
12/1/1995,5.71,10,4,2
12/4/1995,5.63,10,4,2
12/5/1995,5.65,10,4,2
12/6/1995,5.67,10,4,2
12/7/1995,5.72,10,4,2
12/8/1995,5.73,10,4,2
12/11/1995,5.71,10,4,2
12/12/1995,5.72,10,4,2
12/13/1995,5.74,10,4,2
12/14/1995,5.74,10,4,2
12/15/1995,5.75,10,4,2
12/18/1995,5.85,10,4,2
12/19/1995,5.81,10,4,2
12/20/1995,5.76,10,4,2
12/21/1995,5.77,10,4,2
12/22/1995,5.71,10,4,2
12/25/1995,,10,4,2
12/26/1995,5.69,10,4,2
12/27/1995,5.66,10,4,2
12/28/1995,5.63,10,4,2
12/29/1995,5.58,10,4,2
1/1/1996,,10,4,2
1/2/1996,5.6,10,4,2
1/3/1996,5.58,10,4,2
1/4/1996,5.65,10,4,2
1/5/1996,5.69,10,4,2
1/8/1996,5.68,10,4,2
1/9/1996,5.7,10,4,2
1/10/1996,5.8,10,4,2
1/11/1996,5.78,10,4,2
1/12/1996,5.75,10,4,2
1/15/1996,,10,4,2
1/16/1996,5.66,10,4,2
1/17/1996,5.58,10,4,2
1/18/1996,5.53,10,4,2
1/19/1996,5.54,10,4,2
1/22/1996,5.61,10,4,2
1/23/1996,5.66,10,4,2
1/24/1996,5.62,10,4,2
1/25/1996,5.7,10,4,2
1/26/1996,5.65,10,4,2
1/29/1996,5.69,10,4,2
1/30/1996,5.63,10,4,2
1/31/1996,5.6,10,4,2
2/1/1996,5.63,10,4,2
2/2/1996,5.66,10,4,2
2/5/1996,5.7,10,4,2
2/6/1996,5.68,10,4,2
2/7/1996,5.66,10,4,2
2/8/1996,5.66,10,4,2
2/9/1996,5.66,10,4,2
2/12/1996,5.61,10,4,2
2/13/1996,5.58,10,4,2
2/14/1996,5.62,10,4,2
2/15/1996,5.7,10,4,2
2/16/1996,5.76,10,4,2
2/19/1996,,10,4,2
2/20/1996,6.01,10,4,2
2/21/1996,5.98,10,4,2
2/22/1996,5.92,10,4,2
2/23/1996,5.97,10,4,2
2/26/1996,6.01,10,4,2
2/27/1996,6.06,10,4,2
2/28/1996,6.11,10,4,2
2/29/1996,6.13,10,4,2
3/1/1996,5.99,10,4,2
3/4/1996,5.92,10,4,2
3/5/1996,5.96,10,4,2
3/6/1996,6.05,10,4,2
3/7/1996,6.07,10,4,2
3/8/1996,6.41,10,4,2
3/11/1996,6.33,10,4,2
3/12/1996,6.36,10,4,2
3/13/1996,6.35,10,4,2
3/14/1996,6.36,10,4,2
3/15/1996,6.46,10,4,2
3/18/1996,6.43,10,4,2
3/19/1996,6.41,10,4,2
3/20/1996,6.34,10,4,2
3/21/1996,6.28,10,4,2
3/22/1996,6.32,10,4,2
3/25/1996,6.26,10,4,2
3/26/1996,6.25,10,4,2
3/27/1996,6.34,10,4,2
3/28/1996,6.41,10,4,2
3/29/1996,6.34,10,4,2
4/1/1996,6.31,10,4,2
4/2/1996,6.25,10,4,2
4/3/1996,6.27,10,4,2
4/4/1996,6.33,10,4,2
4/5/1996,6.57,10,4,2
4/8/1996,6.63,10,4,2
4/9/1996,6.56,10,4,2
4/10/1996,6.63,10,4,2
4/11/1996,6.68,10,4,2
4/12/1996,6.52,10,4,2
4/15/1996,6.47,10,4,2
4/16/1996,6.48,10,4,2
4/17/1996,6.52,10,4,2
4/18/1996,6.58,10,4,2
4/19/1996,6.53,10,4,2
4/22/1996,6.48,10,4,2
4/23/1996,6.52,10,4,2
4/24/1996,6.57,10,4,2
4/25/1996,6.56,10,4,2
4/26/1996,6.54,10,4,2
4/29/1996,6.59,10,4,2
4/30/1996,6.66,10,4,2
5/1/1996,6.68,10,4,2
5/2/1996,6.85,10,4,2
5/3/1996,6.9,10,4,2
5/6/1996,6.86,10,4,2
5/7/1996,6.87,10,4,2
5/8/1996,6.78,10,4,2
5/9/1996,6.84,10,4,2
5/10/1996,6.75,10,4,2
5/13/1996,6.72,10,4,2
5/14/1996,6.66,10,4,2
5/15/1996,6.65,10,4,2
5/16/1996,6.7,10,4,2
5/17/1996,6.65,10,4,2
5/20/1996,6.62,10,4,2
5/21/1996,6.65,10,4,2
5/22/1996,6.63,10,4,2
5/23/1996,6.68,10,4,2
5/24/1996,6.65,10,4,2
5/27/1996,,10,4,2
5/28/1996,6.67,10,4,2
5/29/1996,6.77,10,4,2
5/30/1996,6.78,10,4,2
5/31/1996,6.85,10,4,2
6/3/1996,6.87,10,4,2
6/4/1996,6.86,10,4,2
6/5/1996,6.82,10,4,2
6/6/1996,6.76,10,4,2
6/7/1996,6.93,10,4,2
6/10/1996,6.97,10,4,2
6/11/1996,6.99,10,4,2
6/12/1996,7.03,10,4,2
6/13/1996,7.01,10,4,2
6/14/1996,6.95,10,4,2
6/17/1996,6.9,10,4,2
6/18/1996,6.93,10,4,2
6/19/1996,6.96,10,4,2
6/20/1996,6.98,10,4,2
6/21/1996,6.96,10,4,2
6/24/1996,6.94,10,4,2
6/25/1996,6.91,10,4,2
6/26/1996,6.91,10,4,2
6/27/1996,6.83,10,4,2
6/28/1996,6.73,10,4,2
7/1/1996,6.74,10,4,2
7/2/1996,6.8,10,4,2
7/3/1996,6.78,10,4,2
7/4/1996,,10,4,2
7/5/1996,7.06,10,4,2
7/8/1996,7.05,10,4,2
7/9/1996,7,10,4,2
7/10/1996,6.95,10,4,2
7/11/1996,6.9,10,4,2
7/12/1996,6.85,10,4,2
7/15/1996,6.89,10,4,2
7/16/1996,6.84,10,4,2
7/17/1996,6.83,10,4,2
7/18/1996,6.72,10,4,2
7/19/1996,6.78,10,4,2
7/22/1996,6.84,10,4,2
7/23/1996,6.8,10,4,2
7/24/1996,6.87,10,4,2
7/25/1996,6.87,10,4,2
7/26/1996,6.85,10,4,2
7/29/1996,6.93,10,4,2
7/30/1996,6.89,10,4,2
7/31/1996,6.8,10,4,2
8/1/1996,6.65,10,4,2
8/2/1996,6.51,10,4,2
8/5/1996,6.53,10,4,2
8/6/1996,6.54,10,4,2
8/7/1996,6.55,10,4,2
8/8/1996,6.56,10,4,2
8/9/1996,6.5,10,4,2
8/12/1996,6.49,10,4,2
8/13/1996,6.57,10,4,2
8/14/1996,6.58,10,4,2
8/15/1996,6.62,10,4,2
8/16/1996,6.56,10,4,2
8/19/1996,6.59,10,4,2
8/20/1996,6.59,10,4,2
8/21/1996,6.61,10,4,2
8/22/1996,6.62,10,4,2
8/23/1996,6.72,10,4,2
8/26/1996,6.8,10,4,2
8/27/1996,6.78,10,4,2
8/28/1996,6.79,10,4,2
8/29/1996,6.86,10,4,2
8/30/1996,6.96,10,4,2
9/2/1996,,10,4,2
9/3/1996,6.92,10,4,2
9/4/1996,6.94,10,4,2
9/5/1996,6.98,10,4,2
9/6/1996,6.94,10,4,2
9/9/1996,6.9,10,4,2
9/10/1996,6.94,10,4,2
9/11/1996,6.94,10,4,2
9/12/1996,6.88,10,4,2
9/13/1996,6.74,10,4,2
9/16/1996,6.73,10,4,2
9/17/1996,6.81,10,4,2
9/18/1996,6.83,10,4,2
9/19/1996,6.87,10,4,2
9/20/1996,6.85,10,4,2
9/23/1996,6.83,10,4,2
9/24/1996,6.77,10,4,2
9/25/1996,6.71,10,4,2
9/26/1996,6.66,10,4,2
9/27/1996,6.68,10,4,2
9/30/1996,6.72,10,4,2
10/1/1996,6.65,10,4,2
10/2/1996,6.61,10,4,2
10/3/1996,6.61,10,4,2
10/4/1996,6.48,10,4,2
10/7/1996,6.53,10,4,2
10/8/1996,6.53,10,4,2
10/9/1996,6.55,10,4,2
10/10/1996,6.61,10,4,2
10/11/1996,6.55,10,4,2
10/14/1996,,10,4,2
10/15/1996,6.56,10,4,2
10/16/1996,6.57,10,4,2
10/17/1996,6.51,10,4,2
10/18/1996,6.5,10,4,2
10/21/1996,6.52,10,4,2
10/22/1996,6.56,10,4,2
10/23/1996,6.56,10,4,2
10/24/1996,6.57,10,4,2
10/25/1996,6.54,10,4,2
10/28/1996,6.56,10,4,2
10/29/1996,6.4,10,4,2
10/30/1996,6.4,10,4,2
10/31/1996,6.37,10,4,2
11/1/1996,6.38,10,4,2
11/4/1996,6.36,10,4,2
11/5/1996,6.28,10,4,2
11/6/1996,6.3,10,4,2
11/7/1996,6.26,10,4,2
11/8/1996,6.29,10,4,2
11/11/1996,,10,4,2
11/12/1996,6.19,10,4,2
11/13/1996,6.2,10,4,2
11/14/1996,6.15,10,4,2
11/15/1996,6.19,10,4,2
11/18/1996,6.2,10,4,2
11/19/1996,6.17,10,4,2
11/20/1996,6.14,10,4,2
11/21/1996,6.15,10,4,2
11/22/1996,6.15,10,4,2
11/25/1996,6.13,10,4,2
11/26/1996,6.13,10,4,2
11/27/1996,6.14,10,4,2
11/28/1996,,10,4,2
11/29/1996,6.06,10,4,2
12/2/1996,6.08,10,4,2
12/3/1996,6.06,10,4,2
12/4/1996,6.11,10,4,2
12/5/1996,6.22,10,4,2
12/6/1996,6.26,10,4,2
12/9/1996,6.21,10,4,2
12/10/1996,6.23,10,4,2
12/11/1996,6.38,10,4,2
12/12/1996,6.4,10,4,2
12/13/1996,6.33,10,4,2
12/16/1996,6.39,10,4,2
12/17/1996,6.42,10,4,2
12/18/1996,6.46,10,4,2
12/19/1996,6.36,10,4,2
12/20/1996,6.35,10,4,2
12/23/1996,6.34,10,4,2
12/24/1996,6.36,10,4,2
12/25/1996,,10,4,2
12/26/1996,6.35,10,4,2
12/27/1996,6.3,10,4,2
12/30/1996,6.31,10,4,2
12/31/1996,6.43,10,4,2
1/1/1997,,10,4,2
1/2/1997,6.54,10,4,2
1/3/1997,6.52,10,4,2
1/6/1997,6.54,10,4,2
1/7/1997,6.57,10,4,2
1/8/1997,6.6,10,4,2
1/9/1997,6.52,10,4,2
1/10/1997,6.63,10,4,2
1/13/1997,6.63,10,4,2
1/14/1997,6.53,10,4,2
1/15/1997,6.53,10,4,2
1/16/1997,6.57,10,4,2
1/17/1997,6.56,10,4,2
1/20/1997,,10,4,2
1/21/1997,6.52,10,4,2
1/22/1997,6.56,10,4,2
1/23/1997,6.6,10,4,2
1/24/1997,6.64,10,4,2
1/27/1997,6.69,10,4,2
1/28/1997,6.64,10,4,2
1/29/1997,6.63,10,4,2
1/30/1997,6.61,10,4,2
1/31/1997,6.53,10,4,2
2/3/1997,6.47,10,4,2
2/4/1997,6.45,10,4,2
2/5/1997,6.47,10,4,2
2/6/1997,6.49,10,4,2
2/7/1997,6.43,10,4,2
2/10/1997,6.43,10,4,2
2/11/1997,6.43,10,4,2
2/12/1997,6.39,10,4,2
2/13/1997,6.32,10,4,2
2/14/1997,6.28,10,4,2
2/17/1997,,10,4,2
2/18/1997,6.28,10,4,2
2/19/1997,6.3,10,4,2
2/20/1997,6.38,10,4,2
2/21/1997,6.36,10,4,2
2/24/1997,6.39,10,4,2
2/25/1997,6.4,10,4,2
2/26/1997,6.56,10,4,2
2/27/1997,6.58,10,4,2
2/28/1997,6.56,10,4,2
3/3/1997,6.58,10,4,2
3/4/1997,6.6,10,4,2
3/5/1997,6.6,10,4,2
3/6/1997,6.62,10,4,2
3/7/1997,6.57,10,4,2
3/10/1997,6.56,10,4,2
3/11/1997,6.57,10,4,2
3/12/1997,6.6,10,4,2
3/13/1997,6.72,10,4,2
3/14/1997,6.71,10,4,2
3/17/1997,6.72,10,4,2
3/18/1997,6.72,10,4,2
3/19/1997,6.74,10,4,2
3/20/1997,6.75,10,4,2
3/21/1997,6.74,10,4,2
3/24/1997,6.72,10,4,2
3/25/1997,6.75,10,4,2
3/26/1997,6.8,10,4,2
3/27/1997,6.9,10,4,2
3/28/1997,,10,4,2
3/31/1997,6.92,10,4,2
4/1/1997,6.9,10,4,2
4/2/1997,6.88,10,4,2
4/3/1997,6.86,10,4,2
4/4/1997,6.92,10,4,2
4/7/1997,6.87,10,4,2
4/8/1997,6.91,10,4,2
4/9/1997,6.91,10,4,2
4/10/1997,6.91,10,4,2
4/11/1997,6.98,10,4,2
4/14/1997,6.98,10,4,2
4/15/1997,6.88,10,4,2
4/16/1997,6.9,10,4,2
4/17/1997,6.86,10,4,2
4/18/1997,6.84,10,4,2
4/21/1997,6.87,10,4,2
4/22/1997,6.84,10,4,2
4/23/1997,6.89,10,4,2
4/24/1997,6.93,10,4,2
4/25/1997,6.94,10,4,2
4/28/1997,6.92,10,4,2
4/29/1997,6.77,10,4,2
4/30/1997,6.72,10,4,2
5/1/1997,6.69,10,4,2
5/2/1997,6.68,10,4,2
5/5/1997,6.67,10,4,2
5/6/1997,6.67,10,4,2
5/7/1997,6.76,10,4,2
5/8/1997,6.72,10,4,2
5/9/1997,6.67,10,4,2
5/12/1997,6.65,10,4,2
5/13/1997,6.71,10,4,2
5/14/1997,6.68,10,4,2
5/15/1997,6.67,10,4,2
5/16/1997,6.7,10,4,2
5/19/1997,6.71,10,4,2
5/20/1997,6.7,10,4,2
5/21/1997,6.74,10,4,2
5/22/1997,6.76,10,4,2
5/23/1997,6.74,10,4,2
5/26/1997,,10,4,2
5/27/1997,6.79,10,4,2
5/28/1997,6.8,10,4,2
5/29/1997,6.75,10,4,2
5/30/1997,6.67,10,4,2
6/2/1997,6.66,10,4,2
6/3/1997,6.63,10,4,2
6/4/1997,6.62,10,4,2
6/5/1997,6.62,10,4,2
6/6/1997,6.51,10,4,2
6/9/1997,6.55,10,4,2
6/10/1997,6.57,10,4,2
6/11/1997,6.56,10,4,2
6/12/1997,6.48,10,4,2
6/13/1997,6.43,10,4,2
6/16/1997,6.4,10,4,2
6/17/1997,6.43,10,4,2
6/18/1997,6.4,10,4,2
6/19/1997,6.4,10,4,2
6/20/1997,6.37,10,4,2
6/23/1997,6.4,10,4,2
6/24/1997,6.42,10,4,2
6/25/1997,6.45,10,4,2
6/26/1997,6.5,10,4,2
6/27/1997,6.46,10,4,2
6/30/1997,6.51,10,4,2
7/1/1997,6.45,10,4,2
7/2/1997,6.42,10,4,2
7/3/1997,6.31,10,4,2
7/4/1997,,10,4,2
7/7/1997,6.27,10,4,2
7/8/1997,6.27,10,4,2
7/9/1997,6.25,10,4,2
7/10/1997,6.26,10,4,2
7/11/1997,6.23,10,4,2
7/14/1997,6.26,10,4,2
7/15/1997,6.26,10,4,2
7/16/1997,6.2,10,4,2
7/17/1997,6.19,10,4,2
7/18/1997,6.24,10,4,2
7/21/1997,6.27,10,4,2
7/22/1997,6.15,10,4,2
7/23/1997,6.14,10,4,2
7/24/1997,6.16,10,4,2
7/25/1997,6.18,10,4,2
7/28/1997,6.16,10,4,2
7/29/1997,6.11,10,4,2
7/30/1997,6.05,10,4,2
7/31/1997,6.02,10,4,2
8/1/1997,6.2,10,4,2
8/4/1997,6.23,10,4,2
8/5/1997,6.23,10,4,2
8/6/1997,6.21,10,4,2
8/7/1997,6.24,10,4,2
8/8/1997,6.38,10,4,2
8/11/1997,6.36,10,4,2
8/12/1997,6.39,10,4,2
8/13/1997,6.36,10,4,2
8/14/1997,6.27,10,4,2
8/15/1997,6.27,10,4,2
8/18/1997,6.21,10,4,2
8/19/1997,6.21,10,4,2
8/20/1997,6.24,10,4,2
8/21/1997,6.3,10,4,2
8/22/1997,6.38,10,4,2
8/25/1997,6.39,10,4,2
8/26/1997,6.38,10,4,2
8/27/1997,6.38,10,4,2
8/28/1997,6.3,10,4,2
8/29/1997,6.34,10,4,2
9/1/1997,,10,4,2
9/2/1997,6.31,10,4,2
9/3/1997,6.33,10,4,2
9/4/1997,6.33,10,4,2
9/5/1997,6.37,10,4,2
9/8/1997,6.33,10,4,2
9/9/1997,6.34,10,4,2
9/10/1997,6.37,10,4,2
9/11/1997,6.39,10,4,2
9/12/1997,6.29,10,4,2
9/15/1997,6.28,10,4,2
9/16/1997,6.11,10,4,2
9/17/1997,6.1,10,4,2
9/18/1997,6.11,10,4,2
9/19/1997,6.09,10,4,2
9/22/1997,6.06,10,4,2
9/23/1997,6.1,10,4,2
9/24/1997,6.04,10,4,2
9/25/1997,6.13,10,4,2
9/26/1997,6.08,10,4,2
9/29/1997,6.1,10,4,2
9/30/1997,6.12,10,4,2
10/1/1997,6.04,10,4,2
10/2/1997,6.01,10,4,2
10/3/1997,6.01,10,4,2
10/6/1997,5.96,10,4,2
10/7/1997,5.94,10,4,2
10/8/1997,6.08,10,4,2
10/9/1997,6.09,10,4,2
10/10/1997,6.15,10,4,2
10/13/1997,,10,4,2
10/14/1997,6.07,10,4,2
10/15/1997,6.1,10,4,2
10/16/1997,6.09,10,4,2
10/17/1997,6.17,10,4,2
10/20/1997,6.15,10,4,2
10/21/1997,6.14,10,4,2
10/22/1997,6.12,10,4,2
10/23/1997,6.04,10,4,2
10/24/1997,6.01,10,4,2
10/27/1997,5.91,10,4,2
10/28/1997,5.98,10,4,2
10/29/1997,5.91,10,4,2
10/30/1997,5.84,10,4,2
10/31/1997,5.84,10,4,2
11/3/1997,5.91,10,4,2
11/4/1997,5.95,10,4,2
11/5/1997,5.95,10,4,2
11/6/1997,5.9,10,4,2
11/7/1997,5.9,10,4,2
11/10/1997,5.91,10,4,2
11/11/1997,,10,4,2
11/12/1997,5.89,10,4,2
11/13/1997,5.87,10,4,2
11/14/1997,5.86,10,4,2
11/17/1997,5.85,10,4,2
11/18/1997,5.85,10,4,2
11/19/1997,5.82,10,4,2
11/20/1997,5.84,10,4,2
11/21/1997,5.82,10,4,2
11/24/1997,5.86,10,4,2
11/25/1997,5.85,10,4,2
11/26/1997,5.86,10,4,2
11/27/1997,,10,4,2
11/28/1997,5.86,10,4,2
12/1/1997,5.86,10,4,2
12/2/1997,5.86,10,4,2
12/3/1997,5.83,10,4,2
12/4/1997,5.84,10,4,2
12/5/1997,5.92,10,4,2
12/8/1997,5.96,10,4,2
12/9/1997,5.95,10,4,2
12/10/1997,5.9,10,4,2
12/11/1997,5.82,10,4,2
12/12/1997,5.74,10,4,2
12/15/1997,5.78,10,4,2
12/16/1997,5.77,10,4,2
12/17/1997,5.81,10,4,2
12/18/1997,5.76,10,4,2
12/19/1997,5.72,10,4,2
12/22/1997,5.72,10,4,2
12/23/1997,5.73,10,4,2
12/24/1997,5.76,10,4,2
12/25/1997,,10,4,2
12/26/1997,5.75,10,4,2
12/29/1997,5.76,10,4,2
12/30/1997,5.8,10,4,2
12/31/1997,5.75,10,4,2
1/1/1998,,10,4,2
1/2/1998,5.67,10,4,2
1/5/1998,5.52,10,4,2
1/6/1998,5.49,10,4,2
1/7/1998,5.55,10,4,2
1/8/1998,5.49,10,4,2
1/9/1998,5.4,10,4,2
1/12/1998,5.39,10,4,2
1/13/1998,5.41,10,4,2
1/14/1998,5.45,10,4,2
1/15/1998,5.48,10,4,2
1/16/1998,5.54,10,4,2
1/19/1998,,10,4,2
1/20/1998,5.57,10,4,2
1/21/1998,5.54,10,4,2
1/22/1998,5.56,10,4,2
1/23/1998,5.7,10,4,2
1/26/1998,5.63,10,4,2
1/27/1998,5.7,10,4,2
1/28/1998,5.69,10,4,2
1/29/1998,5.58,10,4,2
1/30/1998,5.53,10,4,2
2/2/1998,5.57,10,4,2
2/3/1998,5.56,10,4,2
2/4/1998,5.57,10,4,2
2/5/1998,5.62,10,4,2
2/6/1998,5.62,10,4,2
2/9/1998,5.65,10,4,2
2/10/1998,5.64,10,4,2
2/11/1998,5.53,10,4,2
2/12/1998,5.52,10,4,2
2/13/1998,5.49,10,4,2
2/16/1998,,10,4,2
2/17/1998,5.44,10,4,2
2/18/1998,5.49,10,4,2
2/19/1998,5.51,10,4,2
2/20/1998,5.54,10,4,2
2/23/1998,5.58,10,4,2
2/24/1998,5.69,10,4,2
2/25/1998,5.63,10,4,2
2/26/1998,5.65,10,4,2
2/27/1998,5.62,10,4,2
3/2/1998,5.72,10,4,2
3/3/1998,5.77,10,4,2
3/4/1998,5.76,10,4,2
3/5/1998,5.78,10,4,2
3/6/1998,5.73,10,4,2
3/9/1998,5.67,10,4,2
3/10/1998,5.67,10,4,2
3/11/1998,5.63,10,4,2
3/12/1998,5.56,10,4,2
3/13/1998,5.58,10,4,2
3/16/1998,5.54,10,4,2
3/17/1998,5.56,10,4,2
3/18/1998,5.58,10,4,2
3/19/1998,5.58,10,4,2
3/20/1998,5.57,10,4,2
3/23/1998,5.57,10,4,2
3/24/1998,5.58,10,4,2
3/25/1998,5.64,10,4,2
3/26/1998,5.68,10,4,2
3/27/1998,5.68,10,4,2
3/30/1998,5.72,10,4,2
3/31/1998,5.67,10,4,2
4/1/1998,5.62,10,4,2
4/2/1998,5.56,10,4,2
4/3/1998,5.47,10,4,2
4/6/1998,5.51,10,4,2
4/7/1998,5.53,10,4,2
4/8/1998,5.58,10,4,2
4/9/1998,5.59,10,4,2
4/10/1998,,10,4,2
4/13/1998,5.66,10,4,2
4/14/1998,5.63,10,4,2
4/15/1998,5.6,10,4,2
4/16/1998,5.59,10,4,2
4/17/1998,5.59,10,4,2
4/20/1998,5.65,10,4,2
4/21/1998,5.68,10,4,2
4/22/1998,5.68,10,4,2
4/23/1998,5.69,10,4,2
4/24/1998,5.67,10,4,2
4/27/1998,5.8,10,4,2
4/28/1998,5.8,10,4,2
4/29/1998,5.81,10,4,2
4/30/1998,5.68,10,4,2
5/1/1998,5.67,10,4,2
5/4/1998,5.67,10,4,2
5/5/1998,5.7,10,4,2
5/6/1998,5.67,10,4,2
5/7/1998,5.67,10,4,2
5/8/1998,5.71,10,4,2
5/11/1998,5.79,10,4,2
5/12/1998,5.7,10,4,2
5/13/1998,5.64,10,4,2
5/14/1998,5.67,10,4,2
5/15/1998,5.68,10,4,2
5/18/1998,5.64,10,4,2
5/19/1998,5.65,10,4,2
5/20/1998,5.61,10,4,2
5/21/1998,5.65,10,4,2
5/22/1998,5.64,10,4,2
5/25/1998,,10,4,2
5/26/1998,5.59,10,4,2
5/27/1998,5.56,10,4,2
5/28/1998,5.58,10,4,2
5/29/1998,5.56,10,4,2
6/1/1998,5.53,10,4,2
6/2/1998,5.56,10,4,2
6/3/1998,5.57,10,4,2
6/4/1998,5.59,10,4,2
6/5/1998,5.58,10,4,2
6/8/1998,5.58,10,4,2
6/9/1998,5.59,10,4,2
6/10/1998,5.51,10,4,2
6/11/1998,5.44,10,4,2
6/12/1998,5.43,10,4,2
6/15/1998,5.38,10,4,2
6/16/1998,5.45,10,4,2
6/17/1998,5.54,10,4,2
6/18/1998,5.5,10,4,2
6/19/1998,5.47,10,4,2
6/22/1998,5.46,10,4,2
6/23/1998,5.45,10,4,2
6/24/1998,5.46,10,4,2
6/25/1998,5.46,10,4,2
6/26/1998,5.46,10,4,2
6/29/1998,5.47,10,4,2
6/30/1998,5.44,10,4,2
7/1/1998,5.44,10,4,2
7/2/1998,5.42,10,4,2
7/3/1998,,10,4,2
7/6/1998,5.39,10,4,2
7/7/1998,5.42,10,4,2
7/8/1998,5.43,10,4,2
7/9/1998,5.41,10,4,2
7/10/1998,5.42,10,4,2
7/13/1998,5.46,10,4,2
7/14/1998,5.49,10,4,2
7/15/1998,5.48,10,4,2
7/16/1998,5.5,10,4,2
7/17/1998,5.51,10,4,2
7/20/1998,5.48,10,4,2
7/21/1998,5.45,10,4,2
7/22/1998,5.46,10,4,2
7/23/1998,5.45,10,4,2
7/24/1998,5.45,10,4,2
7/27/1998,5.47,10,4,2
7/28/1998,5.5,10,4,2
7/29/1998,5.52,10,4,2
7/30/1998,5.5,10,4,2
7/31/1998,5.5,10,4,2
8/3/1998,5.46,10,4,2
8/4/1998,5.43,10,4,2
8/5/1998,5.43,10,4,2
8/6/1998,5.44,10,4,2
8/7/1998,5.4,10,4,2
8/10/1998,5.41,10,4,2
8/11/1998,5.37,10,4,2
8/12/1998,5.4,10,4,2
8/13/1998,5.44,10,4,2
8/14/1998,5.4,10,4,2
8/17/1998,5.4,10,4,2
8/18/1998,5.41,10,4,2
8/19/1998,5.42,10,4,2
8/20/1998,5.38,10,4,2
8/21/1998,5.32,10,4,2
8/24/1998,5.3,10,4,2
8/25/1998,5.25,10,4,2
8/26/1998,5.26,10,4,2
8/27/1998,5.12,10,4,2
8/28/1998,5.09,10,4,2
8/31/1998,5.05,10,4,2
9/1/1998,5.05,10,4,2
9/2/1998,5.1,10,4,2
9/3/1998,5.03,10,4,2
9/4/1998,5.02,10,4,2
9/7/1998,,10,4,2
9/8/1998,5.04,10,4,2
9/9/1998,4.95,10,4,2
9/10/1998,4.76,10,4,2
9/11/1998,4.85,10,4,2
9/14/1998,4.87,10,4,2
9/15/1998,4.9,10,4,2
9/16/1998,4.88,10,4,2
9/17/1998,4.8,10,4,2
9/18/1998,4.7,10,4,2
9/21/1998,4.69,10,4,2
9/22/1998,4.73,10,4,2
9/23/1998,4.69,10,4,2
9/24/1998,4.64,10,4,2
9/25/1998,4.6,10,4,2
9/28/1998,4.61,10,4,2
9/29/1998,4.59,10,4,2
9/30/1998,4.44,10,4,2
10/1/1998,4.33,10,4,2
10/2/1998,4.31,10,4,2
10/5/1998,4.16,10,4,2
10/6/1998,4.24,10,4,2
10/7/1998,4.34,10,4,2
10/8/1998,4.56,10,4,2
10/9/1998,4.77,10,4,2
10/12/1998,,10,4,2
10/13/1998,4.73,10,4,2
10/14/1998,4.58,10,4,2
10/15/1998,4.58,10,4,2
10/16/1998,4.44,10,4,2
10/19/1998,4.47,10,4,2
10/20/1998,4.57,10,4,2
10/21/1998,4.59,10,4,2
10/22/1998,4.62,10,4,2
10/23/1998,4.7,10,4,2
10/26/1998,4.73,10,4,2
10/27/1998,4.63,10,4,2
10/28/1998,4.6,10,4,2
10/29/1998,4.54,10,4,2
10/30/1998,4.64,10,4,2
11/2/1998,4.77,10,4,2
11/3/1998,4.78,10,4,2
11/4/1998,4.83,10,4,2
11/5/1998,4.82,10,4,2
11/6/1998,4.93,10,4,2
11/9/1998,4.88,10,4,2
11/10/1998,4.81,10,4,2
11/11/1998,,10,4,2
11/12/1998,4.77,10,4,2
11/13/1998,4.82,10,4,2
11/16/1998,4.85,10,4,2
11/17/1998,4.87,10,4,2
11/18/1998,4.85,10,4,2
11/19/1998,4.85,10,4,2
11/20/1998,4.82,10,4,2
11/23/1998,4.84,10,4,2
11/24/1998,4.85,10,4,2
11/25/1998,4.83,10,4,2
11/26/1998,,10,4,2
11/27/1998,4.81,10,4,2
11/30/1998,4.74,10,4,2
12/1/1998,4.67,10,4,2
12/2/1998,4.59,10,4,2
12/3/1998,4.58,10,4,2
12/4/1998,4.62,10,4,2
12/7/1998,4.69,10,4,2
12/8/1998,4.6,10,4,2
12/9/1998,4.56,10,4,2
12/10/1998,4.53,10,4,2
12/11/1998,4.61,10,4,2
12/14/1998,4.58,10,4,2
12/15/1998,4.62,10,4,2
12/16/1998,4.58,10,4,2
12/17/1998,4.58,10,4,2
12/18/1998,4.58,10,4,2
12/21/1998,4.64,10,4,2
12/22/1998,4.7,10,4,2
12/23/1998,4.81,10,4,2
12/24/1998,4.86,10,4,2
12/25/1998,,10,4,2
12/28/1998,4.78,10,4,2
12/29/1998,4.71,10,4,2
12/30/1998,4.65,10,4,2
12/31/1998,4.65,10,4,2
1/1/1999,,10,4,2
1/4/1999,4.69,10,4,2
1/5/1999,4.74,10,4,2
1/6/1999,4.73,10,4,2
1/7/1999,4.77,10,4,2
1/8/1999,4.86,10,4,2
1/11/1999,4.9,10,4,2
1/12/1999,4.82,10,4,2
1/13/1999,4.74,10,4,2
1/14/1999,4.63,10,4,2
1/15/1999,4.66,10,4,2
1/18/1999,,10,4,2
1/19/1999,4.71,10,4,2
1/20/1999,4.76,10,4,2
1/21/1999,4.7,10,4,2
1/22/1999,4.64,10,4,2
1/25/1999,4.67,10,4,2
1/26/1999,4.69,10,4,2
1/27/1999,4.68,10,4,2
1/28/1999,4.67,10,4,2
1/29/1999,4.66,10,4,2
2/1/1999,4.75,10,4,2
2/2/1999,4.79,10,4,2
2/3/1999,4.83,10,4,2
2/4/1999,4.89,10,4,2
2/5/1999,4.94,10,4,2
2/8/1999,4.94,10,4,2
2/9/1999,4.91,10,4,2
2/10/1999,4.9,10,4,2
2/11/1999,4.93,10,4,2
2/12/1999,5.06,10,4,2
2/15/1999,,10,4,2
2/16/1999,5.03,10,4,2
2/17/1999,4.98,10,4,2
2/18/1999,5.04,10,4,2
2/19/1999,5.07,10,4,2
2/22/1999,5.03,10,4,2
2/23/1999,5.1,10,4,2
2/24/1999,5.18,10,4,2
2/25/1999,5.32,10,4,2
2/26/1999,5.29,10,4,2
3/1/1999,5.4,10,4,2
3/2/1999,5.35,10,4,2
3/3/1999,5.39,10,4,2
3/4/1999,5.41,10,4,2
3/5/1999,5.34,10,4,2
3/8/1999,5.29,10,4,2
3/9/1999,5.18,10,4,2
3/10/1999,5.2,10,4,2
3/11/1999,5.21,10,4,2
3/12/1999,5.16,10,4,2
3/15/1999,5.15,10,4,2
3/16/1999,5.11,10,4,2
3/17/1999,5.14,10,4,2
3/18/1999,5.11,10,4,2
3/19/1999,5.17,10,4,2
3/22/1999,5.21,10,4,2
3/23/1999,5.2,10,4,2
3/24/1999,5.17,10,4,2
3/25/1999,5.21,10,4,2
3/26/1999,5.21,10,4,2
3/29/1999,5.28,10,4,2
3/30/1999,5.21,10,4,2
3/31/1999,5.25,10,4,2
4/1/1999,5.27,10,4,2
4/2/1999,5.2,10,4,2
4/5/1999,5.2,10,4,2
4/6/1999,5.13,10,4,2
4/7/1999,5.14,10,4,2
4/8/1999,5.03,10,4,2
4/9/1999,5.05,10,4,2
4/12/1999,5.06,10,4,2
4/13/1999,5.12,10,4,2
4/14/1999,5.13,10,4,2
4/15/1999,5.18,10,4,2
4/16/1999,5.23,10,4,2
4/19/1999,5.18,10,4,2
4/20/1999,5.16,10,4,2
4/21/1999,5.17,10,4,2
4/22/1999,5.25,10,4,2
4/23/1999,5.26,10,4,2
4/26/1999,5.23,10,4,2
4/27/1999,5.22,10,4,2
4/28/1999,5.27,10,4,2
4/29/1999,5.22,10,4,2
4/30/1999,5.36,10,4,2
5/3/1999,5.38,10,4,2
5/4/1999,5.42,10,4,2
5/5/1999,5.4,10,4,2
5/6/1999,5.52,10,4,2
5/7/1999,5.54,10,4,2
5/10/1999,5.54,10,4,2
5/11/1999,5.59,10,4,2
5/12/1999,5.51,10,4,2
5/13/1999,5.41,10,4,2
5/14/1999,5.62,10,4,2
5/17/1999,5.66,10,4,2
5/18/1999,5.68,10,4,2
5/19/1999,5.6,10,4,2
5/20/1999,5.6,10,4,2
5/21/1999,5.52,10,4,2
5/24/1999,5.5,10,4,2
5/25/1999,5.49,10,4,2
5/26/1999,5.55,10,4,2
5/27/1999,5.62,10,4,2
5/28/1999,5.64,10,4,2
5/31/1999,,10,4,2
6/1/1999,5.78,10,4,2
6/2/1999,5.8,10,4,2
6/3/1999,5.8,10,4,2
6/4/1999,5.82,10,4,2
6/7/1999,5.81,10,4,2
6/8/1999,5.83,10,4,2
6/9/1999,5.87,10,4,2
6/10/1999,5.92,10,4,2
6/11/1999,6.02,10,4,2
6/14/1999,5.98,10,4,2
6/15/1999,5.98,10,4,2
6/16/1999,5.94,10,4,2
6/17/1999,5.79,10,4,2
6/18/1999,5.84,10,4,2
6/21/1999,5.9,10,4,2
6/22/1999,5.94,10,4,2
6/23/1999,6,10,4,2
6/24/1999,6.05,10,4,2
6/25/1999,6.02,10,4,2
6/28/1999,5.96,10,4,2
6/29/1999,5.93,10,4,2
6/30/1999,5.81,10,4,2
7/1/1999,5.85,10,4,2
7/2/1999,5.82,10,4,2
7/5/1999,,10,4,2
7/6/1999,5.88,10,4,2
7/7/1999,5.92,10,4,2
7/8/1999,5.85,10,4,2
7/9/1999,5.84,10,4,2
7/12/1999,5.74,10,4,2
7/13/1999,5.71,10,4,2
7/14/1999,5.74,10,4,2
7/15/1999,5.72,10,4,2
7/16/1999,5.68,10,4,2
7/19/1999,5.66,10,4,2
7/20/1999,5.65,10,4,2
7/21/1999,5.66,10,4,2
7/22/1999,5.78,10,4,2
7/23/1999,5.84,10,4,2
7/26/1999,5.86,10,4,2
7/27/1999,5.82,10,4,2
7/28/1999,5.81,10,4,2
7/29/1999,5.88,10,4,2
7/30/1999,5.92,10,4,2
8/2/1999,5.92,10,4,2
8/3/1999,5.95,10,4,2
8/4/1999,5.96,10,4,2
8/5/1999,5.88,10,4,2
8/6/1999,6.02,10,4,2
8/9/1999,6.13,10,4,2
8/10/1999,6.16,10,4,2
8/11/1999,6.05,10,4,2
8/12/1999,6.08,10,4,2
8/13/1999,5.98,10,4,2
8/16/1999,5.98,10,4,2
8/17/1999,5.89,10,4,2
8/18/1999,5.88,10,4,2
8/19/1999,5.9,10,4,2
8/20/1999,5.88,10,4,2
8/23/1999,5.89,10,4,2
8/24/1999,5.85,10,4,2
8/25/1999,5.73,10,4,2
8/26/1999,5.75,10,4,2
8/27/1999,5.85,10,4,2
8/30/1999,5.95,10,4,2
8/31/1999,5.98,10,4,2
9/1/1999,5.99,10,4,2
9/2/1999,6.03,10,4,2
9/3/1999,5.89,10,4,2
9/6/1999,,10,4,2
9/7/1999,5.95,10,4,2
9/8/1999,5.93,10,4,2
9/9/1999,5.97,10,4,2
9/10/1999,5.89,10,4,2
9/13/1999,5.92,10,4,2
9/14/1999,5.96,10,4,2
9/15/1999,5.94,10,4,2
9/16/1999,5.9,10,4,2
9/17/1999,5.87,10,4,2
9/20/1999,5.91,10,4,2
9/21/1999,5.94,10,4,2
9/22/1999,5.92,10,4,2
9/23/1999,5.87,10,4,2
9/24/1999,5.75,10,4,2
9/27/1999,5.83,10,4,2
9/28/1999,5.89,10,4,2
9/29/1999,5.97,10,4,2
9/30/1999,5.9,10,4,2
10/1/1999,6,10,4,2
10/4/1999,5.95,10,4,2
10/5/1999,6.02,10,4,2
10/6/1999,6.04,10,4,2
10/7/1999,6.05,10,4,2
10/8/1999,6.04,10,4,2
10/11/1999,,10,4,2
10/12/1999,6.07,10,4,2
10/13/1999,6.12,10,4,2
10/14/1999,6.17,10,4,2
10/15/1999,6.09,10,4,2
10/18/1999,6.12,10,4,2
10/19/1999,6.18,10,4,2
10/20/1999,6.19,10,4,2
10/21/1999,6.2,10,4,2
10/22/1999,6.21,10,4,2
10/25/1999,6.22,10,4,2
10/26/1999,6.24,10,4,2
10/27/1999,6.19,10,4,2
10/28/1999,6.12,10,4,2
10/29/1999,6.02,10,4,2
11/1/1999,6.06,10,4,2
11/2/1999,6.04,10,4,2
11/3/1999,6.01,10,4,2
11/4/1999,5.95,10,4,2
11/5/1999,5.92,10,4,2
11/8/1999,5.95,10,4,2
11/9/1999,5.97,10,4,2
11/10/1999,6,10,4,2
11/11/1999,,10,4,2
11/12/1999,5.93,10,4,2
11/15/1999,5.94,10,4,2
11/16/1999,5.97,10,4,2
11/17/1999,6.04,10,4,2
11/18/1999,6.06,10,4,2
11/19/1999,6.07,10,4,2
11/22/1999,6.09,10,4,2
11/23/1999,6.08,10,4,2
11/24/1999,6.09,10,4,2
11/25/1999,,10,4,2
11/26/1999,6.12,10,4,2
11/29/1999,6.21,10,4,2
11/30/1999,6.18,10,4,2
12/1/1999,6.21,10,4,2
12/2/1999,6.24,10,4,2
12/3/1999,6.17,10,4,2
12/6/1999,6.16,10,4,2
12/7/1999,6.11,10,4,2
12/8/1999,6.15,10,4,2
12/9/1999,6.14,10,4,2
12/10/1999,6.08,10,4,2
12/13/1999,6.11,10,4,2
12/14/1999,6.22,10,4,2
12/15/1999,6.25,10,4,2
12/16/1999,6.31,10,4,2
12/17/1999,6.3,10,4,2
12/20/1999,6.36,10,4,2
12/21/1999,6.38,10,4,2
12/22/1999,6.39,10,4,2
12/23/1999,6.41,10,4,2
12/24/1999,,10,4,2
12/27/1999,6.4,10,4,2
12/28/1999,6.43,10,4,2
12/29/1999,6.4,10,4,2
12/30/1999,6.39,10,4,2
12/31/1999,6.45,10,4,2
1/3/2000,6.58,10,4,2
1/4/2000,6.49,10,4,2
1/5/2000,6.62,10,4,2
1/6/2000,6.57,10,4,2
1/7/2000,6.52,10,4,2
1/10/2000,6.57,10,4,2
1/11/2000,6.67,10,4,2
1/12/2000,6.72,10,4,2
1/13/2000,6.63,10,4,2
1/14/2000,6.69,10,4,2
1/17/2000,,10,4,2
1/18/2000,6.75,10,4,2
1/19/2000,6.73,10,4,2
1/20/2000,6.79,10,4,2
1/21/2000,6.79,10,4,2
1/24/2000,6.69,10,4,2
1/25/2000,6.7,10,4,2
1/26/2000,6.69,10,4,2
1/27/2000,6.68,10,4,2
1/28/2000,6.66,10,4,2
1/31/2000,6.68,10,4,2
2/1/2000,6.62,10,4,2
2/2/2000,6.6,10,4,2
2/3/2000,6.49,10,4,2
2/4/2000,6.53,10,4,2
2/7/2000,6.64,10,4,2
2/8/2000,6.59,10,4,2
2/9/2000,6.56,10,4,2
2/10/2000,6.67,10,4,2
2/11/2000,6.63,10,4,2
2/14/2000,6.56,10,4,2
2/15/2000,6.56,10,4,2
2/16/2000,6.56,10,4,2
2/17/2000,6.58,10,4,2
2/18/2000,6.49,10,4,2
2/21/2000,,10,4,2
2/22/2000,6.36,10,4,2
2/23/2000,6.44,10,4,2
2/24/2000,6.36,10,4,2
2/25/2000,6.36,10,4,2
2/28/2000,6.37,10,4,2
2/29/2000,6.42,10,4,2
3/1/2000,6.39,10,4,2
3/2/2000,6.4,10,4,2
3/3/2000,6.39,10,4,2
3/6/2000,6.42,10,4,2
3/7/2000,6.39,10,4,2
3/8/2000,6.38,10,4,2
3/9/2000,6.35,10,4,2
3/10/2000,6.39,10,4,2
3/13/2000,6.36,10,4,2
3/14/2000,6.31,10,4,2
3/15/2000,6.29,10,4,2
3/16/2000,6.26,10,4,2
3/17/2000,6.2,10,4,2
3/20/2000,6.18,10,4,2
3/21/2000,6.13,10,4,2
3/22/2000,6.13,10,4,2
3/23/2000,6.08,10,4,2
3/24/2000,6.2,10,4,2
3/27/2000,6.21,10,4,2
3/28/2000,6.17,10,4,2
3/29/2000,6.18,10,4,2
3/30/2000,6.06,10,4,2
3/31/2000,6.03,10,4,2
4/3/2000,6,10,4,2
4/4/2000,5.9,10,4,2
4/5/2000,5.9,10,4,2
4/6/2000,5.93,10,4,2
4/7/2000,5.86,10,4,2
4/10/2000,5.8,10,4,2
4/11/2000,5.89,10,4,2
4/12/2000,5.97,10,4,2
4/13/2000,5.94,10,4,2
4/14/2000,5.85,10,4,2
4/17/2000,6.01,10,4,2
4/18/2000,6.05,10,4,2
4/19/2000,5.99,10,4,2
4/20/2000,5.99,10,4,2
4/21/2000,,10,4,2
4/24/2000,6,10,4,2
4/25/2000,6.14,10,4,2
4/26/2000,6.14,10,4,2
4/27/2000,6.23,10,4,2
4/28/2000,6.23,10,4,2
5/1/2000,6.29,10,4,2
5/2/2000,6.32,10,4,2
5/3/2000,6.4,10,4,2
5/4/2000,6.46,10,4,2
5/5/2000,6.51,10,4,2
5/8/2000,6.57,10,4,2
5/9/2000,6.53,10,4,2
5/10/2000,6.47,10,4,2
5/11/2000,6.43,10,4,2
5/12/2000,6.51,10,4,2
5/15/2000,6.47,10,4,2
5/16/2000,6.43,10,4,2
5/17/2000,6.48,10,4,2
5/18/2000,6.56,10,4,2
5/19/2000,6.51,10,4,2
5/22/2000,6.44,10,4,2
5/23/2000,6.45,10,4,2
5/24/2000,6.47,10,4,2
5/25/2000,6.39,10,4,2
5/26/2000,6.33,10,4,2
5/29/2000,,10,4,2
5/30/2000,6.38,10,4,2
5/31/2000,6.29,10,4,2
6/1/2000,6.2,10,4,2
6/2/2000,6.15,10,4,2
6/5/2000,6.12,10,4,2
6/6/2000,6.14,10,4,2
6/7/2000,6.13,10,4,2
6/8/2000,6.13,10,4,2
6/9/2000,6.13,10,4,2
6/12/2000,6.09,10,4,2
6/13/2000,6.11,10,4,2
6/14/2000,6.06,10,4,2
6/15/2000,6.05,10,4,2
6/16/2000,5.99,10,4,2
6/19/2000,6,10,4,2
6/20/2000,6.03,10,4,2
6/21/2000,6.11,10,4,2
6/22/2000,6.12,10,4,2
6/23/2000,6.19,10,4,2
6/26/2000,6.11,10,4,2
6/27/2000,6.1,10,4,2
6/28/2000,6.11,10,4,2
6/29/2000,6.04,10,4,2
6/30/2000,6.03,10,4,2
7/3/2000,6,10,4,2
7/4/2000,,10,4,2
7/5/2000,5.99,10,4,2
7/6/2000,6.05,10,4,2
7/7/2000,6.01,10,4,2
7/10/2000,6.04,10,4,2
7/11/2000,6.06,10,4,2
7/12/2000,6.09,10,4,2
7/13/2000,6.01,10,4,2
7/14/2000,6.1,10,4,2
7/17/2000,6.17,10,4,2
7/18/2000,6.16,10,4,2
7/19/2000,6.16,10,4,2
7/20/2000,6.01,10,4,2
7/21/2000,6.01,10,4,2
7/24/2000,6.04,10,4,2
7/25/2000,6.04,10,4,2
7/26/2000,6.04,10,4,2
7/27/2000,6.02,10,4,2
7/28/2000,6.04,10,4,2
7/31/2000,6.04,10,4,2
8/1/2000,6,10,4,2
8/2/2000,5.98,10,4,2
8/3/2000,5.95,10,4,2
8/4/2000,5.91,10,4,2
8/7/2000,5.97,10,4,2
8/8/2000,5.93,10,4,2
8/9/2000,5.81,10,4,2
8/10/2000,5.76,10,4,2
8/11/2000,5.79,10,4,2
8/14/2000,5.78,10,4,2
8/15/2000,5.81,10,4,2
8/16/2000,5.83,10,4,2
8/17/2000,5.81,10,4,2
8/18/2000,5.78,10,4,2
8/21/2000,5.79,10,4,2
8/22/2000,5.78,10,4,2
8/23/2000,5.73,10,4,2
8/24/2000,5.73,10,4,2
8/25/2000,5.73,10,4,2
8/28/2000,5.78,10,4,2
8/29/2000,5.81,10,4,2
8/30/2000,5.81,10,4,2
8/31/2000,5.73,10,4,2
9/1/2000,5.68,10,4,2
9/4/2000,,10,4,2
9/5/2000,5.69,10,4,2
9/6/2000,5.72,10,4,2
9/7/2000,5.76,10,4,2
9/8/2000,5.73,10,4,2
9/11/2000,5.77,10,4,2
9/12/2000,5.78,10,4,2
9/13/2000,5.74,10,4,2
9/14/2000,5.79,10,4,2
9/15/2000,5.84,10,4,2
9/18/2000,5.88,10,4,2
9/19/2000,5.86,10,4,2
9/20/2000,5.91,10,4,2
9/21/2000,5.88,10,4,2
9/22/2000,5.85,10,4,2
9/25/2000,5.84,10,4,2
9/26/2000,5.81,10,4,2
9/27/2000,5.83,10,4,2
9/28/2000,5.82,10,4,2
9/29/2000,5.8,10,4,2
10/2/2000,5.83,10,4,2
10/3/2000,5.87,10,4,2
10/4/2000,5.9,10,4,2
10/5/2000,5.87,10,4,2
10/6/2000,5.82,10,4,2
10/9/2000,,10,4,2
10/10/2000,5.8,10,4,2
10/11/2000,5.77,10,4,2
10/12/2000,5.73,10,4,2
10/13/2000,5.73,10,4,2
10/16/2000,5.74,10,4,2
10/17/2000,5.68,10,4,2
10/18/2000,5.66,10,4,2
10/19/2000,5.66,10,4,2
10/20/2000,5.64,10,4,2
10/23/2000,5.59,10,4,2
10/24/2000,5.63,10,4,2
10/25/2000,5.67,10,4,2
10/26/2000,5.69,10,4,2
10/27/2000,5.72,10,4,2
10/30/2000,5.74,10,4,2
10/31/2000,5.77,10,4,2
11/1/2000,5.74,10,4,2
11/2/2000,5.74,10,4,2
11/3/2000,5.83,10,4,2
11/6/2000,5.87,10,4,2
11/7/2000,5.87,10,4,2
11/8/2000,5.87,10,4,2
11/9/2000,5.82,10,4,2
11/10/2000,5.82,10,4,2
11/13/2000,5.77,10,4,2
11/14/2000,5.76,10,4,2
11/15/2000,5.72,10,4,2
11/16/2000,5.68,10,4,2
11/17/2000,5.71,10,4,2
11/20/2000,5.68,10,4,2
11/21/2000,5.67,10,4,2
11/22/2000,5.62,10,4,2
11/23/2000,,10,4,2
11/24/2000,5.63,10,4,2
11/27/2000,5.64,10,4,2
11/28/2000,5.59,10,4,2
11/29/2000,5.55,10,4,2
11/30/2000,5.48,10,4,2
12/1/2000,5.52,10,4,2
12/4/2000,5.53,10,4,2
12/5/2000,5.43,10,4,2
12/6/2000,5.32,10,4,2
12/7/2000,5.32,10,4,2
12/8/2000,5.35,10,4,2
12/11/2000,5.37,10,4,2
12/12/2000,5.36,10,4,2
12/13/2000,5.29,10,4,2
12/14/2000,5.23,10,4,2
12/15/2000,5.2,10,4,2
12/18/2000,5.17,10,4,2
12/19/2000,5.19,10,4,2
12/20/2000,5.08,10,4,2
12/21/2000,5.03,10,4,2
12/22/2000,5.02,10,4,2
12/25/2000,,10,4,2
12/26/2000,5.04,10,4,2
12/27/2000,5.11,10,4,2
12/28/2000,5.13,10,4,2
12/29/2000,5.12,10,4,2
1/1/2001,,10,4,2
1/2/2001,4.92,10,4,2
1/3/2001,5.14,10,4,2
1/4/2001,5.03,10,4,2
1/5/2001,4.93,10,4,2
1/8/2001,4.94,10,4,2
1/9/2001,4.98,10,4,2
1/10/2001,5.1,10,4,2
1/11/2001,5.14,10,4,2
1/12/2001,5.25,10,4,2
1/15/2001,,10,4,2
1/16/2001,5.24,10,4,2
1/17/2001,5.19,10,4,2
1/18/2001,5.12,10,4,2
1/19/2001,5.19,10,4,2
1/22/2001,5.25,10,4,2
1/23/2001,5.3,10,4,2
1/24/2001,5.33,10,4,2
1/25/2001,5.29,10,4,2
1/26/2001,5.29,10,4,2
1/29/2001,5.32,10,4,2
1/30/2001,5.24,10,4,2
1/31/2001,5.19,10,4,2
2/1/2001,5.1,10,4,2
2/2/2001,5.17,10,4,2
2/5/2001,5.18,10,4,2
2/6/2001,5.22,10,4,2
2/7/2001,5.1,10,4,2
2/8/2001,5.1,10,4,2
2/9/2001,5.03,10,4,2
2/12/2001,5.05,10,4,2
2/13/2001,5.07,10,4,2
2/14/2001,5.13,10,4,2
2/15/2001,5.19,10,4,2
2/16/2001,5.11,10,4,2
2/19/2001,,10,4,2
2/20/2001,5.11,10,4,2
2/21/2001,5.14,10,4,2
2/22/2001,5.15,10,4,2
2/23/2001,5.1,10,4,2
2/26/2001,5.05,10,4,2
2/27/2001,4.96,10,4,2
2/28/2001,4.92,10,4,2
3/1/2001,4.87,10,4,2
3/2/2001,4.95,10,4,2
3/5/2001,4.98,10,4,2
3/6/2001,4.99,10,4,2
3/7/2001,4.92,10,4,2
3/8/2001,4.89,10,4,2
3/9/2001,4.95,10,4,2
3/12/2001,4.92,10,4,2
3/13/2001,4.95,10,4,2
3/14/2001,4.84,10,4,2
3/15/2001,4.81,10,4,2
3/16/2001,4.78,10,4,2
3/19/2001,4.82,10,4,2
3/20/2001,4.78,10,4,2
3/21/2001,4.77,10,4,2
3/22/2001,4.73,10,4,2
3/23/2001,4.8,10,4,2
3/26/2001,4.85,10,4,2
3/27/2001,5,10,4,2
3/28/2001,4.97,10,4,2
3/29/2001,4.98,10,4,2
3/30/2001,4.93,10,4,2
4/2/2001,4.98,10,4,2
4/3/2001,4.94,10,4,2
4/4/2001,4.94,10,4,2
4/5/2001,4.98,10,4,2
4/6/2001,4.89,10,4,2
4/9/2001,4.93,10,4,2
4/10/2001,5.09,10,4,2
4/11/2001,5.12,10,4,2
4/12/2001,5.17,10,4,2
4/13/2001,,10,4,2
4/16/2001,5.28,10,4,2
4/17/2001,5.21,10,4,2
4/18/2001,5.14,10,4,2
4/19/2001,5.27,10,4,2
4/20/2001,5.29,10,4,2
4/23/2001,5.2,10,4,2
4/24/2001,5.22,10,4,2
4/25/2001,5.28,10,4,2
4/26/2001,5.2,10,4,2
4/27/2001,5.34,10,4,2
4/30/2001,5.35,10,4,2
5/1/2001,5.3,10,4,2
5/2/2001,5.31,10,4,2
5/3/2001,5.22,10,4,2
5/4/2001,5.21,10,4,2
5/7/2001,5.21,10,4,2
5/8/2001,5.24,10,4,2
5/9/2001,5.2,10,4,2
5/10/2001,5.31,10,4,2
5/11/2001,5.51,10,4,2
5/14/2001,5.46,10,4,2
5/15/2001,5.5,10,4,2
5/16/2001,5.48,10,4,2
5/17/2001,5.46,10,4,2
5/18/2001,5.41,10,4,2
5/21/2001,5.41,10,4,2
5/22/2001,5.42,10,4,2
5/23/2001,5.41,10,4,2
5/24/2001,5.52,10,4,2
5/25/2001,5.52,10,4,2
5/28/2001,,10,4,2
5/29/2001,5.54,10,4,2
5/30/2001,5.54,10,4,2
5/31/2001,5.43,10,4,2
6/1/2001,5.39,10,4,2
6/4/2001,5.35,10,4,2
6/5/2001,5.29,10,4,2
6/6/2001,5.27,10,4,2
6/7/2001,5.33,10,4,2
6/8/2001,5.38,10,4,2
6/11/2001,5.32,10,4,2
6/12/2001,5.27,10,4,2
6/13/2001,5.28,10,4,2
6/14/2001,5.26,10,4,2
6/15/2001,5.27,10,4,2
6/18/2001,5.27,10,4,2
6/19/2001,5.26,10,4,2
6/20/2001,5.24,10,4,2
6/21/2001,5.22,10,4,2
6/22/2001,5.14,10,4,2
6/25/2001,5.16,10,4,2
6/26/2001,5.24,10,4,2
6/27/2001,5.26,10,4,2
6/28/2001,5.35,10,4,2
6/29/2001,5.42,10,4,2
7/2/2001,5.37,10,4,2
7/3/2001,5.41,10,4,2
7/4/2001,,10,4,2
7/5/2001,5.44,10,4,2
7/6/2001,5.41,10,4,2
7/9/2001,5.37,10,4,2
7/10/2001,5.32,10,4,2
7/11/2001,5.31,10,4,2
7/12/2001,5.27,10,4,2
7/13/2001,5.27,10,4,2
7/16/2001,5.21,10,4,2
7/17/2001,5.22,10,4,2
7/18/2001,5.12,10,4,2
7/19/2001,5.13,10,4,2
7/20/2001,5.15,10,4,2
7/23/2001,5.13,10,4,2
7/24/2001,5.13,10,4,2
7/25/2001,5.2,10,4,2
7/26/2001,5.19,10,4,2
7/27/2001,5.13,10,4,2
7/30/2001,5.11,10,4,2
7/31/2001,5.07,10,4,2
8/1/2001,5.11,10,4,2
8/2/2001,5.17,10,4,2
8/3/2001,5.2,10,4,2
8/6/2001,5.19,10,4,2
8/7/2001,5.2,10,4,2
8/8/2001,4.99,10,4,2
8/9/2001,5.04,10,4,2
8/10/2001,4.99,10,4,2
8/13/2001,4.97,10,4,2
8/14/2001,4.97,10,4,2
8/15/2001,5,10,4,2
8/16/2001,4.95,10,4,2
8/17/2001,4.84,10,4,2
8/20/2001,4.91,10,4,2
8/21/2001,4.87,10,4,2
8/22/2001,4.91,10,4,2
8/23/2001,4.89,10,4,2
8/24/2001,4.93,10,4,2
8/27/2001,4.94,10,4,2
8/28/2001,4.85,10,4,2
8/29/2001,4.78,10,4,2
8/30/2001,4.79,10,4,2
8/31/2001,4.85,10,4,2
9/3/2001,,10,4,2
9/4/2001,4.99,10,4,2
9/5/2001,4.97,10,4,2
9/6/2001,4.86,10,4,2
9/7/2001,4.8,10,4,2
9/10/2001,4.84,10,4,2
9/11/2001,,10,4,2
9/12/2001,,10,4,2
9/13/2001,4.64,10,4,2
9/14/2001,4.57,10,4,2
9/17/2001,4.63,10,4,2
9/18/2001,4.72,10,4,2
9/19/2001,4.69,10,4,2
9/20/2001,4.75,10,4,2
9/21/2001,4.7,10,4,2
9/24/2001,4.73,10,4,2
9/25/2001,4.72,10,4,2
9/26/2001,4.65,10,4,2
9/27/2001,4.58,10,4,2
9/28/2001,4.6,10,4,2
10/1/2001,4.55,10,4,2
10/2/2001,4.53,10,4,2
10/3/2001,4.5,10,4,2
10/4/2001,4.53,10,4,2
10/5/2001,4.52,10,4,2
10/8/2001,,10,4,2
10/9/2001,4.62,10,4,2
10/10/2001,4.61,10,4,2
10/11/2001,4.69,10,4,2
10/12/2001,4.68,10,4,2
10/15/2001,4.62,10,4,2
10/16/2001,4.59,10,4,2
10/17/2001,4.59,10,4,2
10/18/2001,4.58,10,4,2
10/19/2001,4.63,10,4,2
10/22/2001,4.63,10,4,2
10/23/2001,4.66,10,4,2
10/24/2001,4.61,10,4,2
10/25/2001,4.56,10,4,2
10/26/2001,4.53,10,4,2
10/29/2001,4.5,10,4,2
10/30/2001,4.44,10,4,2
10/31/2001,4.3,10,4,2
11/1/2001,4.24,10,4,2
11/2/2001,4.37,10,4,2
11/5/2001,4.31,10,4,2
11/6/2001,4.3,10,4,2
11/7/2001,4.22,10,4,2
11/8/2001,4.32,10,4,2
11/9/2001,4.34,10,4,2
11/12/2001,,10,4,2
11/13/2001,4.41,10,4,2
11/14/2001,4.54,10,4,2
11/15/2001,4.79,10,4,2
11/16/2001,4.91,10,4,2
11/19/2001,4.8,10,4,2
11/20/2001,4.88,10,4,2
11/21/2001,4.98,10,4,2
11/22/2001,,10,4,2
11/23/2001,5.04,10,4,2
11/26/2001,5.05,10,4,2
11/27/2001,4.98,10,4,2
11/28/2001,4.98,10,4,2
11/29/2001,4.79,10,4,2
11/30/2001,4.78,10,4,2
12/3/2001,4.75,10,4,2
12/4/2001,4.7,10,4,2
12/5/2001,4.92,10,4,2
12/6/2001,5.04,10,4,2
12/7/2001,5.2,10,4,2
12/10/2001,5.17,10,4,2
12/11/2001,5.13,10,4,2
12/12/2001,5.02,10,4,2
12/13/2001,5.13,10,4,2
12/14/2001,5.24,10,4,2
12/17/2001,5.26,10,4,2
12/18/2001,5.16,10,4,2
12/19/2001,5.08,10,4,2
12/20/2001,5.08,10,4,2
12/21/2001,5.12,10,4,2
12/24/2001,5.18,10,4,2
12/25/2001,,10,4,2
12/26/2001,5.22,10,4,2
12/27/2001,5.13,10,4,2
12/28/2001,5.15,10,4,2
12/31/2001,5.07,10,4,2
1/1/2002,,10,4,2
1/2/2002,5.2,10,4,2
1/3/2002,5.16,10,4,2
1/4/2002,5.18,10,4,2
1/7/2002,5.09,10,4,2
1/8/2002,5.1,10,4,2
1/9/2002,5.1,10,4,2
1/10/2002,5,10,4,2
1/11/2002,4.92,10,4,2
1/14/2002,4.91,10,4,2
1/15/2002,4.88,10,4,2
1/16/2002,4.88,10,4,2
1/17/2002,4.98,10,4,2
1/18/2002,4.94,10,4,2
1/21/2002,,10,4,2
1/22/2002,4.96,10,4,2
1/23/2002,5.05,10,4,2
1/24/2002,5.07,10,4,2
1/25/2002,5.1,10,4,2
1/28/2002,5.12,10,4,2
1/29/2002,5.02,10,4,2
1/30/2002,5.02,10,4,2
1/31/2002,5.07,10,4,2
2/1/2002,5.02,10,4,2
2/4/2002,4.94,10,4,2
2/5/2002,4.92,10,4,2
2/6/2002,4.92,10,4,2
2/7/2002,4.93,10,4,2
2/8/2002,4.9,10,4,2
2/11/2002,4.91,10,4,2
2/12/2002,4.97,10,4,2
2/13/2002,5.01,10,4,2
2/14/2002,4.95,10,4,2
2/15/2002,4.86,10,4,2
2/18/2002,,10,4,2
2/19/2002,4.88,10,4,2
2/20/2002,4.88,10,4,2
2/21/2002,4.88,10,4,2
2/22/2002,4.84,10,4,2
2/25/2002,4.86,10,4,2
2/26/2002,4.93,10,4,2
2/27/2002,4.84,10,4,2
2/28/2002,4.88,10,4,2
3/1/2002,4.98,10,4,2
3/4/2002,5.02,10,4,2
3/5/2002,5.02,10,4,2
3/6/2002,5.06,10,4,2
3/7/2002,5.22,10,4,2
3/8/2002,5.33,10,4,2
3/11/2002,5.33,10,4,2
3/12/2002,5.32,10,4,2
3/13/2002,5.28,10,4,2
3/14/2002,5.4,10,4,2
3/15/2002,5.35,10,4,2
3/18/2002,5.32,10,4,2
3/19/2002,5.33,10,4,2
3/20/2002,5.4,10,4,2
3/21/2002,5.39,10,4,2
3/22/2002,5.4,10,4,2
3/25/2002,5.41,10,4,2
3/26/2002,5.35,10,4,2
3/27/2002,5.35,10,4,2
3/28/2002,5.42,10,4,2
3/29/2002,,10,4,2
4/1/2002,5.44,10,4,2
4/2/2002,5.36,10,4,2
4/3/2002,5.3,10,4,2
4/4/2002,5.28,10,4,2
4/5/2002,5.22,10,4,2
4/8/2002,5.25,10,4,2
4/9/2002,5.22,10,4,2
4/10/2002,5.24,10,4,2
4/11/2002,5.22,10,4,2
4/12/2002,5.18,10,4,2
4/15/2002,5.15,10,4,2
4/16/2002,5.2,10,4,2
4/17/2002,5.24,10,4,2
4/18/2002,5.23,10,4,2
4/19/2002,5.21,10,4,2
4/22/2002,5.19,10,4,2
4/23/2002,5.18,10,4,2
4/24/2002,5.11,10,4,2
4/25/2002,5.1,10,4,2
4/26/2002,5.08,10,4,2
4/29/2002,5.13,10,4,2
4/30/2002,5.11,10,4,2
5/1/2002,5.08,10,4,2
5/2/2002,5.13,10,4,2
5/3/2002,5.08,10,4,2
5/6/2002,5.1,10,4,2
5/7/2002,5.09,10,4,2
5/8/2002,5.24,10,4,2
5/9/2002,5.2,10,4,2
5/10/2002,5.15,10,4,2
5/13/2002,5.23,10,4,2
5/14/2002,5.32,10,4,2
5/15/2002,5.28,10,4,2
5/16/2002,5.2,10,4,2
5/17/2002,5.27,10,4,2
5/20/2002,5.21,10,4,2
5/21/2002,5.18,10,4,2
5/22/2002,5.13,10,4,2
5/23/2002,5.16,10,4,2
5/24/2002,5.16,10,4,2
5/27/2002,,10,4,2
5/28/2002,5.16,10,4,2
5/29/2002,5.11,10,4,2
5/30/2002,5.06,10,4,2
5/31/2002,5.08,10,4,2
6/3/2002,5.06,10,4,2
6/4/2002,5.04,10,4,2
6/5/2002,5.08,10,4,2
6/6/2002,5.04,10,4,2
6/7/2002,5.1,10,4,2
6/10/2002,5.07,10,4,2
6/11/2002,5.02,10,4,2
6/12/2002,4.98,10,4,2
6/13/2002,4.94,10,4,2
6/14/2002,4.83,10,4,2
6/17/2002,4.89,10,4,2
6/18/2002,4.88,10,4,2
6/19/2002,4.76,10,4,2
6/20/2002,4.85,10,4,2
6/21/2002,4.79,10,4,2
6/24/2002,4.87,10,4,2
6/25/2002,4.88,10,4,2
6/26/2002,4.75,10,4,2
6/27/2002,4.84,10,4,2
6/28/2002,4.86,10,4,2
7/1/2002,4.85,10,4,2
7/2/2002,4.77,10,4,2
7/3/2002,4.78,10,4,2
7/4/2002,,10,4,2
7/5/2002,4.9,10,4,2
7/8/2002,4.84,10,4,2
7/9/2002,4.78,10,4,2
7/10/2002,4.66,10,4,2
7/11/2002,4.66,10,4,2
7/12/2002,4.63,10,4,2
7/15/2002,4.66,10,4,2
7/16/2002,4.75,10,4,2
7/17/2002,4.71,10,4,2
7/18/2002,4.66,10,4,2
7/19/2002,4.61,10,4,2
7/22/2002,4.51,10,4,2
7/23/2002,4.47,10,4,2
7/24/2002,4.49,10,4,2
7/25/2002,4.43,10,4,2
7/26/2002,4.43,10,4,2
7/29/2002,4.62,10,4,2
7/30/2002,4.65,10,4,2
7/31/2002,4.51,10,4,2
8/1/2002,4.47,10,4,2
8/2/2002,4.33,10,4,2
8/5/2002,4.29,10,4,2
8/6/2002,4.42,10,4,2
8/7/2002,4.35,10,4,2
8/8/2002,4.4,10,4,2
8/9/2002,4.27,10,4,2
8/12/2002,4.22,10,4,2
8/13/2002,4.12,10,4,2
8/14/2002,4.06,10,4,2
8/15/2002,4.17,10,4,2
8/16/2002,4.32,10,4,2
8/19/2002,4.29,10,4,2
8/20/2002,4.17,10,4,2
8/21/2002,4.2,10,4,2
8/22/2002,4.3,10,4,2
8/23/2002,4.25,10,4,2
8/26/2002,4.22,10,4,2
8/27/2002,4.29,10,4,2
8/28/2002,4.22,10,4,2
8/29/2002,4.16,10,4,2
8/30/2002,4.14,10,4,2
9/2/2002,,10,4,2
9/3/2002,3.98,10,4,2
9/4/2002,3.96,10,4,2
9/5/2002,3.91,10,4,2
9/6/2002,4.05,10,4,2
9/9/2002,4.05,10,4,2
9/10/2002,4,10,4,2
9/11/2002,4.07,10,4,2
9/12/2002,3.98,10,4,2
9/13/2002,3.92,10,4,2
9/16/2002,3.9,10,4,2
9/17/2002,3.87,10,4,2
9/18/2002,3.86,10,4,2
9/19/2002,3.79,10,4,2
9/20/2002,3.79,10,4,2
9/23/2002,3.7,10,4,2
9/24/2002,3.69,10,4,2
9/25/2002,3.77,10,4,2
9/26/2002,3.79,10,4,2
9/27/2002,3.69,10,4,2
9/30/2002,3.63,10,4,2
10/1/2002,3.72,10,4,2
10/2/2002,3.71,10,4,2
10/3/2002,3.7,10,4,2
10/4/2002,3.69,10,4,2
10/7/2002,3.64,10,4,2
10/8/2002,3.65,10,4,2
10/9/2002,3.61,10,4,2
10/10/2002,3.68,10,4,2
10/11/2002,3.83,10,4,2
10/14/2002,,10,4,2
10/15/2002,4.07,10,4,2
10/16/2002,4.06,10,4,2
10/17/2002,4.16,10,4,2
10/18/2002,4.14,10,4,2
10/21/2002,4.24,10,4,2
10/22/2002,4.27,10,4,2
10/23/2002,4.26,10,4,2
10/24/2002,4.16,10,4,2
10/25/2002,4.12,10,4,2
10/28/2002,4.1,10,4,2
10/29/2002,3.97,10,4,2
10/30/2002,3.99,10,4,2
10/31/2002,3.93,10,4,2
11/1/2002,4.01,10,4,2
11/4/2002,4.07,10,4,2
11/5/2002,4.1,10,4,2
11/6/2002,4.09,10,4,2
11/7/2002,3.88,10,4,2
11/8/2002,3.85,10,4,2
11/11/2002,,10,4,2
11/12/2002,3.84,10,4,2
11/13/2002,3.84,10,4,2
11/14/2002,4.03,10,4,2
11/15/2002,4.05,10,4,2
11/18/2002,4.02,10,4,2
11/19/2002,3.99,10,4,2
11/20/2002,4.08,10,4,2
11/21/2002,4.14,10,4,2
11/22/2002,4.18,10,4,2
11/25/2002,4.19,10,4,2
11/26/2002,4.08,10,4,2
11/27/2002,4.26,10,4,2
11/28/2002,,10,4,2
11/29/2002,4.22,10,4,2
12/2/2002,4.22,10,4,2
12/3/2002,4.24,10,4,2
12/4/2002,4.18,10,4,2
12/5/2002,4.13,10,4,2
12/6/2002,4.09,10,4,2
12/9/2002,4.06,10,4,2
12/10/2002,4.06,10,4,2
12/11/2002,4.01,10,4,2
12/12/2002,4.01,10,4,2
12/13/2002,4.07,10,4,2
12/16/2002,4.15,10,4,2
12/17/2002,4.13,10,4,2
12/18/2002,4.06,10,4,2
12/19/2002,3.96,10,4,2
12/20/2002,3.97,10,4,2
12/23/2002,3.98,10,4,2
12/24/2002,3.95,10,4,2
12/25/2002,,10,4,2
12/26/2002,3.93,10,4,2
12/27/2002,3.83,10,4,2
12/30/2002,3.82,10,4,2
12/31/2002,3.83,10,4,2
1/1/2003,,10,4,2
1/2/2003,4.07,10,4,2
1/3/2003,4.05,10,4,2
1/6/2003,4.09,10,4,2
1/7/2003,4.04,10,4,2
1/8/2003,4,10,4,2
1/9/2003,4.19,10,4,2
1/10/2003,4.16,10,4,2
1/13/2003,4.15,10,4,2
1/14/2003,4.1,10,4,2
1/15/2003,4.1,10,4,2
1/16/2003,4.1,10,4,2
1/17/2003,4.05,10,4,2
1/20/2003,,10,4,2
1/21/2003,4.01,10,4,2
1/22/2003,3.95,10,4,2
1/23/2003,3.98,10,4,2
1/24/2003,3.94,10,4,2
1/27/2003,3.98,10,4,2
1/28/2003,4,10,4,2
1/29/2003,4.06,10,4,2
1/30/2003,4,10,4,2
1/31/2003,4,10,4,2
2/3/2003,4.01,10,4,2
2/4/2003,3.96,10,4,2
2/5/2003,4.02,10,4,2
2/6/2003,3.97,10,4,2
2/7/2003,3.96,10,4,2
2/10/2003,3.99,10,4,2
2/11/2003,3.98,10,4,2
2/12/2003,3.93,10,4,2
2/13/2003,3.89,10,4,2
2/14/2003,3.95,10,4,2
2/17/2003,,10,4,2
2/18/2003,3.94,10,4,2
2/19/2003,3.88,10,4,2
2/20/2003,3.85,10,4,2
2/21/2003,3.9,10,4,2
2/24/2003,3.86,10,4,2
2/25/2003,3.81,10,4,2
2/26/2003,3.78,10,4,2
2/27/2003,3.76,10,4,2
2/28/2003,3.71,10,4,2
3/3/2003,3.68,10,4,2
3/4/2003,3.65,10,4,2
3/5/2003,3.63,10,4,2
3/6/2003,3.67,10,4,2
3/7/2003,3.63,10,4,2
3/10/2003,3.59,10,4,2
3/11/2003,3.6,10,4,2
3/12/2003,3.6,10,4,2
3/13/2003,3.74,10,4,2
3/14/2003,3.72,10,4,2
3/17/2003,3.82,10,4,2
3/18/2003,3.91,10,4,2
3/19/2003,3.98,10,4,2
3/20/2003,4.01,10,4,2
3/21/2003,4.11,10,4,2
3/24/2003,3.98,10,4,2
3/25/2003,3.97,10,4,2
3/26/2003,3.96,10,4,2
3/27/2003,3.95,10,4,2
3/28/2003,3.92,10,4,2
3/31/2003,3.83,10,4,2
4/1/2003,3.84,10,4,2
4/2/2003,3.94,10,4,2
4/3/2003,3.93,10,4,2
4/4/2003,3.96,10,4,2
4/7/2003,4.03,10,4,2
4/8/2003,3.95,10,4,2
4/9/2003,3.93,10,4,2
4/10/2003,3.95,10,4,2
4/11/2003,4,10,4,2
4/14/2003,4.04,10,4,2
4/15/2003,3.98,10,4,2
4/16/2003,3.96,10,4,2
4/17/2003,3.98,10,4,2
4/18/2003,,10,4,2
4/21/2003,4,10,4,2
4/22/2003,4.01,10,4,2
4/23/2003,4.02,10,4,2
4/24/2003,3.93,10,4,2
4/25/2003,3.91,10,4,2
4/28/2003,3.92,10,4,2
4/29/2003,3.96,10,4,2
4/30/2003,3.89,10,4,2
5/1/2003,3.88,10,4,2
5/2/2003,3.94,10,4,2
5/5/2003,3.92,10,4,2
5/6/2003,3.84,10,4,2
5/7/2003,3.72,10,4,2
5/8/2003,3.7,10,4,2
5/9/2003,3.69,10,4,2
5/12/2003,3.64,10,4,2
5/13/2003,3.63,10,4,2
5/14/2003,3.53,10,4,2
5/15/2003,3.53,10,4,2
5/16/2003,3.46,10,4,2
5/19/2003,3.46,10,4,2
5/20/2003,3.38,10,4,2
5/21/2003,3.39,10,4,2
5/22/2003,3.34,10,4,2
5/23/2003,3.34,10,4,2
5/26/2003,,10,4,2
5/27/2003,3.41,10,4,2
5/28/2003,3.44,10,4,2
5/29/2003,3.34,10,4,2
5/30/2003,3.37,10,4,2
6/2/2003,3.43,10,4,2
6/3/2003,3.34,10,4,2
6/4/2003,3.3,10,4,2
6/5/2003,3.34,10,4,2
6/6/2003,3.37,10,4,2
6/9/2003,3.29,10,4,2
6/10/2003,3.2,10,4,2
6/11/2003,3.21,10,4,2
6/12/2003,3.18,10,4,2
6/13/2003,3.13,10,4,2
6/16/2003,3.18,10,4,2
6/17/2003,3.27,10,4,2
6/18/2003,3.37,10,4,2
6/19/2003,3.35,10,4,2
6/20/2003,3.4,10,4,2
6/23/2003,3.32,10,4,2
6/24/2003,3.29,10,4,2
6/25/2003,3.38,10,4,2
6/26/2003,3.55,10,4,2
6/27/2003,3.58,10,4,2
6/30/2003,3.54,10,4,2
7/1/2003,3.56,10,4,2
7/2/2003,3.56,10,4,2
7/3/2003,3.67,10,4,2
7/4/2003,,10,4,2
7/7/2003,3.74,10,4,2
7/8/2003,3.75,10,4,2
7/9/2003,3.73,10,4,2
7/10/2003,3.7,10,4,2
7/11/2003,3.66,10,4,2
7/14/2003,3.74,10,4,2
7/15/2003,3.94,10,4,2
7/16/2003,3.97,10,4,2
7/17/2003,3.98,10,4,2
7/18/2003,4,10,4,2
7/21/2003,4.19,10,4,2
7/22/2003,4.17,10,4,2
7/23/2003,4.12,10,4,2
7/24/2003,4.2,10,4,2
7/25/2003,4.22,10,4,2
7/28/2003,4.31,10,4,2
7/29/2003,4.42,10,4,2
7/30/2003,4.34,10,4,2
7/31/2003,4.49,10,4,2
8/1/2003,4.44,10,4,2
8/4/2003,4.35,10,4,2
8/5/2003,4.47,10,4,2
8/6/2003,4.32,10,4,2
8/7/2003,4.3,10,4,2
8/8/2003,4.27,10,4,2
8/11/2003,4.38,10,4,2
8/12/2003,4.37,10,4,2
8/13/2003,4.58,10,4,2
8/14/2003,4.55,10,4,2
8/15/2003,4.55,10,4,2
8/18/2003,4.49,10,4,2
8/19/2003,4.38,10,4,2
8/20/2003,4.45,10,4,2
8/21/2003,4.53,10,4,2
8/22/2003,4.48,10,4,2
8/25/2003,4.53,10,4,2
8/26/2003,4.5,10,4,2
8/27/2003,4.54,10,4,2
8/28/2003,4.42,10,4,2
8/29/2003,4.45,10,4,2
9/1/2003,,10,4,2
9/2/2003,4.61,10,4,2
9/3/2003,4.6,10,4,2
9/4/2003,4.52,10,4,2
9/5/2003,4.35,10,4,2
9/8/2003,4.41,10,4,2
9/9/2003,4.37,10,4,2
9/10/2003,4.28,10,4,2
9/11/2003,4.35,10,4,2
9/12/2003,4.27,10,4,2
9/15/2003,4.28,10,4,2
9/16/2003,4.29,10,4,2
9/17/2003,4.2,10,4,2
9/18/2003,4.19,10,4,2
9/19/2003,4.17,10,4,2
9/22/2003,4.26,10,4,2
9/23/2003,4.24,10,4,2
9/24/2003,4.16,10,4,2
9/25/2003,4.12,10,4,2
9/26/2003,4.04,10,4,2
9/29/2003,4.09,10,4,2
9/30/2003,3.96,10,4,2
10/1/2003,3.96,10,4,2
10/2/2003,4.03,10,4,2
10/3/2003,4.21,10,4,2
10/6/2003,4.17,10,4,2
10/7/2003,4.27,10,4,2
10/8/2003,4.27,10,4,2
10/9/2003,4.32,10,4,2
10/10/2003,4.29,10,4,2
10/13/2003,,10,4,2
10/14/2003,4.37,10,4,2
10/15/2003,4.43,10,4,2
10/16/2003,4.47,10,4,2
10/17/2003,4.41,10,4,2
10/20/2003,4.41,10,4,2
10/21/2003,4.38,10,4,2
10/22/2003,4.29,10,4,2
10/23/2003,4.34,10,4,2
10/24/2003,4.24,10,4,2
10/27/2003,4.3,10,4,2
10/28/2003,4.23,10,4,2
10/29/2003,4.31,10,4,2
10/30/2003,4.36,10,4,2
10/31/2003,4.33,10,4,2
11/3/2003,4.4,10,4,2
11/4/2003,4.33,10,4,2
11/5/2003,4.38,10,4,2
11/6/2003,4.45,10,4,2
11/7/2003,4.48,10,4,2
11/10/2003,4.49,10,4,2
11/11/2003,,10,4,2
11/12/2003,4.44,10,4,2
11/13/2003,4.3,10,4,2
11/14/2003,4.22,10,4,2
11/17/2003,4.18,10,4,2
11/18/2003,4.17,10,4,2
11/19/2003,4.24,10,4,2
11/20/2003,4.16,10,4,2
11/21/2003,4.15,10,4,2
11/24/2003,4.23,10,4,2
11/25/2003,4.19,10,4,2
11/26/2003,4.25,10,4,2
11/27/2003,,10,4,2
11/28/2003,4.34,10,4,2
12/1/2003,4.4,10,4,2
12/2/2003,4.38,10,4,2
12/3/2003,4.41,10,4,2
12/4/2003,4.38,10,4,2
12/5/2003,4.23,10,4,2
12/8/2003,4.29,10,4,2
12/9/2003,4.32,10,4,2
12/10/2003,4.3,10,4,2
12/11/2003,4.27,10,4,2
12/12/2003,4.26,10,4,2
12/15/2003,4.28,10,4,2
12/16/2003,4.24,10,4,2
12/17/2003,4.19,10,4,2
12/18/2003,4.16,10,4,2
12/19/2003,4.15,10,4,2
12/22/2003,4.18,10,4,2
12/23/2003,4.28,10,4,2
12/24/2003,4.2,10,4,2
12/25/2003,,10,4,2
12/26/2003,4.17,10,4,2
12/29/2003,4.24,10,4,2
12/30/2003,4.29,10,4,2
12/31/2003,4.27,10,4,2
1/1/2004,,10,4,2
1/2/2004,4.38,10,4,2
1/5/2004,4.41,10,4,2
1/6/2004,4.29,10,4,2
1/7/2004,4.27,10,4,2
1/8/2004,4.27,10,4,2
1/9/2004,4.11,10,4,2
1/12/2004,4.11,10,4,2
1/13/2004,4.05,10,4,2
1/14/2004,4.01,10,4,2
1/15/2004,3.99,10,4,2
1/16/2004,4.04,10,4,2
1/19/2004,,10,4,2
1/20/2004,4.08,10,4,2
1/21/2004,4.05,10,4,2
1/22/2004,3.99,10,4,2
1/23/2004,4.09,10,4,2
1/26/2004,4.16,10,4,2
1/27/2004,4.11,10,4,2
1/28/2004,4.22,10,4,2
1/29/2004,4.22,10,4,2
1/30/2004,4.16,10,4,2
2/2/2004,4.18,10,4,2
2/3/2004,4.13,10,4,2
2/4/2004,4.15,10,4,2
2/5/2004,4.2,10,4,2
2/6/2004,4.12,10,4,2
2/9/2004,4.09,10,4,2
2/10/2004,4.13,10,4,2
2/11/2004,4.05,10,4,2
2/12/2004,4.1,10,4,2
2/13/2004,4.05,10,4,2
2/16/2004,,10,4,2
2/17/2004,4.05,10,4,2
2/18/2004,4.05,10,4,2
2/19/2004,4.05,10,4,2
2/20/2004,4.1,10,4,2
2/23/2004,4.05,10,4,2
2/24/2004,4.04,10,4,2
2/25/2004,4.02,10,4,2
2/26/2004,4.05,10,4,2
2/27/2004,3.99,10,4,2
3/1/2004,4,10,4,2
3/2/2004,4.05,10,4,2
3/3/2004,4.07,10,4,2
3/4/2004,4.04,10,4,2
3/5/2004,3.85,10,4,2
3/8/2004,3.78,10,4,2
3/9/2004,3.73,10,4,2
3/10/2004,3.74,10,4,2
3/11/2004,3.74,10,4,2
3/12/2004,3.78,10,4,2
3/15/2004,3.78,10,4,2
3/16/2004,3.7,10,4,2
3/17/2004,3.71,10,4,2
3/18/2004,3.76,10,4,2
3/19/2004,3.8,10,4,2
3/22/2004,3.74,10,4,2
3/23/2004,3.73,10,4,2
3/24/2004,3.73,10,4,2
3/25/2004,3.75,10,4,2
3/26/2004,3.85,10,4,2
3/29/2004,3.91,10,4,2
3/30/2004,3.91,10,4,2
3/31/2004,3.86,10,4,2
4/1/2004,3.91,10,4,2
4/2/2004,4.15,10,4,2
4/5/2004,4.24,10,4,2
4/6/2004,4.19,10,4,2
4/7/2004,4.19,10,4,2
4/8/2004,4.21,10,4,2
4/9/2004,,10,4,2
4/12/2004,4.25,10,4,2
4/13/2004,4.35,10,4,2
4/14/2004,4.4,10,4,2
4/15/2004,4.42,10,4,2
4/16/2004,4.37,10,4,2
4/19/2004,4.39,10,4,2
4/20/2004,4.43,10,4,2
4/21/2004,4.45,10,4,2
4/22/2004,4.4,10,4,2
4/23/2004,4.48,10,4,2
4/26/2004,4.46,10,4,2
4/27/2004,4.43,10,4,2
4/28/2004,4.5,10,4,2
4/29/2004,4.55,10,4,2
4/30/2004,4.53,10,4,2
5/3/2004,4.53,10,4,2
5/4/2004,4.56,10,4,2
5/5/2004,4.61,10,4,2
5/6/2004,4.63,10,4,2
5/7/2004,4.79,10,4,2
5/10/2004,4.81,10,4,2
5/11/2004,4.79,10,4,2
5/12/2004,4.83,10,4,2
5/13/2004,4.85,10,4,2
5/14/2004,4.79,10,4,2
5/17/2004,4.7,10,4,2
5/18/2004,4.74,10,4,2
5/19/2004,4.79,10,4,2
5/20/2004,4.72,10,4,2
5/21/2004,4.76,10,4,2
5/24/2004,4.75,10,4,2
5/25/2004,4.73,10,4,2
5/26/2004,4.67,10,4,2
5/27/2004,4.6,10,4,2
5/28/2004,4.66,10,4,2
5/31/2004,,10,4,2
6/1/2004,4.71,10,4,2
6/2/2004,4.74,10,4,2
6/3/2004,4.71,10,4,2
6/4/2004,4.78,10,4,2
6/7/2004,4.78,10,4,2
6/8/2004,4.78,10,4,2
6/9/2004,4.82,10,4,2
6/10/2004,4.81,10,4,2
6/11/2004,,10,4,2
6/14/2004,4.89,10,4,2
6/15/2004,4.69,10,4,2
6/16/2004,4.74,10,4,2
6/17/2004,4.71,10,4,2
6/18/2004,4.72,10,4,2
6/21/2004,4.7,10,4,2
6/22/2004,4.72,10,4,2
6/23/2004,4.71,10,4,2
6/24/2004,4.66,10,4,2
6/25/2004,4.66,10,4,2
6/28/2004,4.76,10,4,2
6/29/2004,4.7,10,4,2
6/30/2004,4.62,10,4,2
7/1/2004,4.57,10,4,2
7/2/2004,4.48,10,4,2
7/5/2004,,10,4,2
7/6/2004,4.49,10,4,2
7/7/2004,4.5,10,4,2
7/8/2004,4.49,10,4,2
7/9/2004,4.49,10,4,2
7/12/2004,4.46,10,4,2
7/13/2004,4.5,10,4,2
7/14/2004,4.5,10,4,2
7/15/2004,4.5,10,4,2
7/16/2004,4.38,10,4,2
7/19/2004,4.38,10,4,2
7/20/2004,4.47,10,4,2
7/21/2004,4.5,10,4,2
7/22/2004,4.48,10,4,2
7/23/2004,4.45,10,4,2
7/26/2004,4.49,10,4,2
7/27/2004,4.62,10,4,2
7/28/2004,4.61,10,4,2
7/29/2004,4.6,10,4,2
7/30/2004,4.5,10,4,2
8/2/2004,4.48,10,4,2
8/3/2004,4.45,10,4,2
8/4/2004,4.45,10,4,2
8/5/2004,4.43,10,4,2
8/6/2004,4.24,10,4,2
8/9/2004,4.28,10,4,2
8/10/2004,4.32,10,4,2
8/11/2004,4.3,10,4,2
8/12/2004,4.27,10,4,2
8/13/2004,4.22,10,4,2
8/16/2004,4.26,10,4,2
8/17/2004,4.21,10,4,2
8/18/2004,4.23,10,4,2
8/19/2004,4.22,10,4,2
8/20/2004,4.24,10,4,2
8/23/2004,4.28,10,4,2
8/24/2004,4.28,10,4,2
8/25/2004,4.26,10,4,2
8/26/2004,4.22,10,4,2
8/27/2004,4.23,10,4,2
8/30/2004,4.19,10,4,2
8/31/2004,4.13,10,4,2
9/1/2004,4.13,10,4,2
9/2/2004,4.2,10,4,2
9/3/2004,4.3,10,4,2
9/6/2004,,10,4,2
9/7/2004,4.26,10,4,2
9/8/2004,4.18,10,4,2
9/9/2004,4.22,10,4,2
9/10/2004,4.19,10,4,2
9/13/2004,4.16,10,4,2
9/14/2004,4.15,10,4,2
9/15/2004,4.18,10,4,2
9/16/2004,4.08,10,4,2
9/17/2004,4.14,10,4,2
9/20/2004,4.07,10,4,2
9/21/2004,4.05,10,4,2
9/22/2004,4,10,4,2
9/23/2004,4.02,10,4,2
9/24/2004,4.04,10,4,2
9/27/2004,4.01,10,4,2
9/28/2004,4.02,10,4,2
9/29/2004,4.1,10,4,2
9/30/2004,4.14,10,4,2
10/1/2004,4.21,10,4,2
10/4/2004,4.19,10,4,2
10/5/2004,4.18,10,4,2
10/6/2004,4.23,10,4,2
10/7/2004,4.26,10,4,2
10/8/2004,4.15,10,4,2
10/11/2004,,10,4,2
10/12/2004,4.12,10,4,2
10/13/2004,4.09,10,4,2
10/14/2004,4.03,10,4,2
10/15/2004,4.07,10,4,2
10/18/2004,4.07,10,4,2
10/19/2004,4.07,10,4,2
10/20/2004,4.01,10,4,2
10/21/2004,4.01,10,4,2
10/22/2004,4,10,4,2
10/25/2004,3.99,10,4,2
10/26/2004,4.01,10,4,2
10/27/2004,4.11,10,4,2
10/28/2004,4.09,10,4,2
10/29/2004,4.05,10,4,2
11/1/2004,4.11,10,4,2
11/2/2004,4.1,10,4,2
11/3/2004,4.09,10,4,2
11/4/2004,4.1,10,4,2
11/5/2004,4.21,10,4,2
11/8/2004,4.22,10,4,2
11/9/2004,4.22,10,4,2
11/10/2004,4.25,10,4,2
11/11/2004,,10,4,2
11/12/2004,4.2,10,4,2
11/15/2004,4.2,10,4,2
11/16/2004,4.21,10,4,2
11/17/2004,4.14,10,4,2
11/18/2004,4.12,10,4,2
11/19/2004,4.2,10,4,2
11/22/2004,4.18,10,4,2
11/23/2004,4.19,10,4,2
11/24/2004,4.2,10,4,2
11/25/2004,,10,4,2
11/26/2004,4.24,10,4,2
11/29/2004,4.34,10,4,2
11/30/2004,4.36,10,4,2
12/1/2004,4.38,10,4,2
12/2/2004,4.4,10,4,2
12/3/2004,4.27,10,4,2
12/6/2004,4.24,10,4,2
12/7/2004,4.23,10,4,2
12/8/2004,4.14,10,4,2
12/9/2004,4.19,10,4,2
12/10/2004,4.16,10,4,2
12/13/2004,4.16,10,4,2
12/14/2004,4.14,10,4,2
12/15/2004,4.09,10,4,2
12/16/2004,4.19,10,4,2
12/17/2004,4.21,10,4,2
12/20/2004,4.21,10,4,2
12/21/2004,4.18,10,4,2
12/22/2004,4.21,10,4,2
12/23/2004,4.23,10,4,2
12/24/2004,,10,4,2
12/27/2004,4.3,10,4,2
12/28/2004,4.31,10,4,2
12/29/2004,4.33,10,4,2
12/30/2004,4.27,10,4,2
12/31/2004,4.24,10,4,2
1/3/2005,4.23,10,4,2
1/4/2005,4.29,10,4,2
1/5/2005,4.29,10,4,2
1/6/2005,4.29,10,4,2
1/7/2005,4.29,10,4,2
1/10/2005,4.29,10,4,2
1/11/2005,4.26,10,4,2
1/12/2005,4.25,10,4,2
1/13/2005,4.2,10,4,2
1/14/2005,4.23,10,4,2
1/17/2005,,10,4,2
1/18/2005,4.21,10,4,2
1/19/2005,4.2,10,4,2
1/20/2005,4.17,10,4,2
1/21/2005,4.16,10,4,2
1/24/2005,4.14,10,4,2
1/25/2005,4.2,10,4,2
1/26/2005,4.21,10,4,2
1/27/2005,4.22,10,4,2
1/28/2005,4.16,10,4,2
1/31/2005,4.14,10,4,2
2/1/2005,4.15,10,4,2
2/2/2005,4.15,10,4,2
2/3/2005,4.18,10,4,2
2/4/2005,4.09,10,4,2
2/7/2005,4.07,10,4,2
2/8/2005,4.05,10,4,2
2/9/2005,4,10,4,2
2/10/2005,4.07,10,4,2
2/11/2005,4.1,10,4,2
2/14/2005,4.08,10,4,2
2/15/2005,4.1,10,4,2
2/16/2005,4.16,10,4,2
2/17/2005,4.19,10,4,2
2/18/2005,4.27,10,4,2
2/21/2005,,10,4,2
2/22/2005,4.29,10,4,2
2/23/2005,4.27,10,4,2
2/24/2005,4.29,10,4,2
2/25/2005,4.27,10,4,2
2/28/2005,4.36,10,4,2
3/1/2005,4.38,10,4,2
3/2/2005,4.38,10,4,2
3/3/2005,4.39,10,4,2
3/4/2005,4.32,10,4,2
3/7/2005,4.31,10,4,2
3/8/2005,4.38,10,4,2
3/9/2005,4.52,10,4,2
3/10/2005,4.48,10,4,2
3/11/2005,4.56,10,4,2
3/14/2005,4.52,10,4,2
3/15/2005,4.54,10,4,2
3/16/2005,4.52,10,4,2
3/17/2005,4.47,10,4,2
3/18/2005,4.51,10,4,2
3/21/2005,4.53,10,4,2
3/22/2005,4.63,10,4,2
3/23/2005,4.61,10,4,2
3/24/2005,4.6,10,4,2
3/25/2005,,10,4,2
3/28/2005,4.64,10,4,2
3/29/2005,4.6,10,4,2
3/30/2005,4.56,10,4,2
3/31/2005,4.5,10,4,2
4/1/2005,4.46,10,4,2
4/4/2005,4.47,10,4,2
4/5/2005,4.48,10,4,2
4/6/2005,4.44,10,4,2
4/7/2005,4.49,10,4,2
4/8/2005,4.5,10,4,2
4/11/2005,4.45,10,4,2
4/12/2005,4.38,10,4,2
4/13/2005,4.38,10,4,2
4/14/2005,4.37,10,4,2
4/15/2005,4.27,10,4,2
4/18/2005,4.27,10,4,2
4/19/2005,4.21,10,4,2
4/20/2005,4.22,10,4,2
4/21/2005,4.32,10,4,2
4/22/2005,4.26,10,4,2
4/25/2005,4.26,10,4,2
4/26/2005,4.28,10,4,2
4/27/2005,4.25,10,4,2
4/28/2005,4.19,10,4,2
4/29/2005,4.21,10,4,2
5/2/2005,4.21,10,4,2
5/3/2005,4.21,10,4,2
5/4/2005,4.2,10,4,2
5/5/2005,4.19,10,4,2
5/6/2005,4.28,10,4,2
5/9/2005,4.29,10,4,2
5/10/2005,4.23,10,4,2
5/11/2005,4.21,10,4,2
5/12/2005,4.18,10,4,2
5/13/2005,4.12,10,4,2
5/16/2005,4.13,10,4,2
5/17/2005,4.12,10,4,2
5/18/2005,4.07,10,4,2
5/19/2005,4.11,10,4,2
5/20/2005,4.13,10,4,2
5/23/2005,4.07,10,4,2
5/24/2005,4.04,10,4,2
5/25/2005,4.08,10,4,2
5/26/2005,4.08,10,4,2
5/27/2005,4.08,10,4,2
5/30/2005,,10,4,2
5/31/2005,4,10,4,2
6/1/2005,3.91,10,4,2
6/2/2005,3.89,10,4,2
6/3/2005,3.98,10,4,2
6/6/2005,3.96,10,4,2
6/7/2005,3.92,10,4,2
6/8/2005,3.95,10,4,2
6/9/2005,3.98,10,4,2
6/10/2005,4.05,10,4,2
6/13/2005,4.09,10,4,2
6/14/2005,4.13,10,4,2
6/15/2005,4.12,10,4,2
6/16/2005,4.09,10,4,2
6/17/2005,4.09,10,4,2
6/20/2005,4.11,10,4,2
6/21/2005,4.06,10,4,2
6/22/2005,3.95,10,4,2
6/23/2005,3.96,10,4,2
6/24/2005,3.92,10,4,2
6/27/2005,3.9,10,4,2
6/28/2005,3.97,10,4,2
6/29/2005,3.99,10,4,2
6/30/2005,3.94,10,4,2
7/1/2005,4.06,10,4,2
7/4/2005,,10,4,2
7/5/2005,4.11,10,4,2
7/6/2005,4.08,10,4,2
7/7/2005,4.05,10,4,2
7/8/2005,4.11,10,4,2
7/11/2005,4.11,10,4,2
7/12/2005,4.15,10,4,2
7/13/2005,4.17,10,4,2
7/14/2005,4.19,10,4,2
7/15/2005,4.18,10,4,2
7/18/2005,4.22,10,4,2
7/19/2005,4.2,10,4,2
7/20/2005,4.17,10,4,2
7/21/2005,4.28,10,4,2
7/22/2005,4.23,10,4,2
7/25/2005,4.25,10,4,2
7/26/2005,4.24,10,4,2
7/27/2005,4.27,10,4,2
7/28/2005,4.2,10,4,2
7/29/2005,4.28,10,4,2
8/1/2005,4.32,10,4,2
8/2/2005,4.34,10,4,2
8/3/2005,4.3,10,4,2
8/4/2005,4.32,10,4,2
8/5/2005,4.4,10,4,2
8/8/2005,4.42,10,4,2
8/9/2005,4.41,10,4,2
8/10/2005,4.4,10,4,2
8/11/2005,4.32,10,4,2
8/12/2005,4.24,10,4,2
8/15/2005,4.27,10,4,2
8/16/2005,4.23,10,4,2
8/17/2005,4.28,10,4,2
8/18/2005,4.21,10,4,2
8/19/2005,4.21,10,4,2
8/22/2005,4.22,10,4,2
8/23/2005,4.2,10,4,2
8/24/2005,4.19,10,4,2
8/25/2005,4.18,10,4,2
8/26/2005,4.2,10,4,2
8/29/2005,4.2,10,4,2
8/30/2005,4.16,10,4,2
8/31/2005,4.02,10,4,2
9/1/2005,4.02,10,4,2
9/2/2005,4.03,10,4,2
9/5/2005,,10,4,2
9/6/2005,4.09,10,4,2
9/7/2005,4.15,10,4,2
9/8/2005,4.15,10,4,2
9/9/2005,4.14,10,4,2
9/12/2005,4.18,10,4,2
9/13/2005,4.14,10,4,2
9/14/2005,4.17,10,4,2
9/15/2005,4.22,10,4,2
9/16/2005,4.26,10,4,2
9/19/2005,4.25,10,4,2
9/20/2005,4.26,10,4,2
9/21/2005,4.19,10,4,2
9/22/2005,4.19,10,4,2
9/23/2005,4.25,10,4,2
9/26/2005,4.3,10,4,2
9/27/2005,4.3,10,4,2
9/28/2005,4.26,10,4,2
9/29/2005,4.29,10,4,2
9/30/2005,4.34,10,4,2
10/3/2005,4.39,10,4,2
10/4/2005,4.38,10,4,2
10/5/2005,4.36,10,4,2
10/6/2005,4.37,10,4,2
10/7/2005,4.35,10,4,2
10/10/2005,,10,4,2
10/11/2005,4.39,10,4,2
10/12/2005,4.45,10,4,2
10/13/2005,4.48,10,4,2
10/14/2005,4.48,10,4,2
10/17/2005,4.5,10,4,2
10/18/2005,4.49,10,4,2
10/19/2005,4.47,10,4,2
10/20/2005,4.46,10,4,2
10/21/2005,4.39,10,4,2
10/24/2005,4.45,10,4,2
10/25/2005,4.54,10,4,2
10/26/2005,4.6,10,4,2
10/27/2005,4.57,10,4,2
10/28/2005,4.58,10,4,2
10/31/2005,4.57,10,4,2
11/1/2005,4.58,10,4,2
11/2/2005,4.61,10,4,2
11/3/2005,4.65,10,4,2
11/4/2005,4.66,10,4,2
11/7/2005,4.65,10,4,2
11/8/2005,4.57,10,4,2
11/9/2005,4.64,10,4,2
11/10/2005,4.55,10,4,2
11/11/2005,,10,4,2
11/14/2005,4.61,10,4,2
11/15/2005,4.56,10,4,2
11/16/2005,4.49,10,4,2
11/17/2005,4.46,10,4,2
11/18/2005,4.5,10,4,2
11/21/2005,4.46,10,4,2
11/22/2005,4.43,10,4,2
11/23/2005,4.47,10,4,2
11/24/2005,,10,4,2
11/25/2005,4.43,10,4,2
11/28/2005,4.41,10,4,2
11/29/2005,4.48,10,4,2
11/30/2005,4.49,10,4,2
12/1/2005,4.52,10,4,2
12/2/2005,4.52,10,4,2
12/5/2005,4.57,10,4,2
12/6/2005,4.49,10,4,2
12/7/2005,4.52,10,4,2
12/8/2005,4.47,10,4,2
12/9/2005,4.54,10,4,2
12/12/2005,4.56,10,4,2
12/13/2005,4.54,10,4,2
12/14/2005,4.45,10,4,2
12/15/2005,4.47,10,4,2
12/16/2005,4.45,10,4,2
12/19/2005,4.45,10,4,2
12/20/2005,4.47,10,4,2
12/21/2005,4.49,10,4,2
12/22/2005,4.44,10,4,2
12/23/2005,4.38,10,4,2
12/26/2005,,10,4,2
12/27/2005,4.34,10,4,2
12/28/2005,4.38,10,4,2
12/29/2005,4.37,10,4,2
12/30/2005,4.39,10,4,2
1/2/2006,,10,4,2
1/3/2006,4.37,10,4,2
1/4/2006,4.36,10,4,2
1/5/2006,4.36,10,4,2
1/6/2006,4.38,10,4,2
1/9/2006,4.38,10,4,2
1/10/2006,4.43,10,4,2
1/11/2006,4.46,10,4,2
1/12/2006,4.42,10,4,2
1/13/2006,4.36,10,4,2
1/16/2006,,10,4,2
1/17/2006,4.34,10,4,2
1/18/2006,4.34,10,4,2
1/19/2006,4.38,10,4,2
1/20/2006,4.37,10,4,2
1/23/2006,4.36,10,4,2
1/24/2006,4.4,10,4,2
1/25/2006,4.49,10,4,2
1/26/2006,4.53,10,4,2
1/27/2006,4.52,10,4,2
1/30/2006,4.54,10,4,2
1/31/2006,4.53,10,4,2
2/1/2006,4.57,10,4,2
2/2/2006,4.57,10,4,2
2/3/2006,4.54,10,4,2
2/6/2006,4.55,10,4,2
2/7/2006,4.57,10,4,2
2/8/2006,4.56,10,4,2
2/9/2006,4.54,10,4,2
2/10/2006,4.59,10,4,2
2/13/2006,4.58,10,4,2
2/14/2006,4.62,10,4,2
2/15/2006,4.61,10,4,2
2/16/2006,4.59,10,4,2
2/17/2006,4.54,10,4,2
2/20/2006,,10,4,2
2/21/2006,4.57,10,4,2
2/22/2006,4.53,10,4,2
2/23/2006,4.56,10,4,2
2/24/2006,4.58,10,4,2
2/27/2006,4.59,10,4,2
2/28/2006,4.55,10,4,2
3/1/2006,4.59,10,4,2
3/2/2006,4.64,10,4,2
3/3/2006,4.68,10,4,2
3/6/2006,4.74,10,4,2
3/7/2006,4.74,10,4,2
3/8/2006,4.73,10,4,2
3/9/2006,4.74,10,4,2
3/10/2006,4.76,10,4,2
3/13/2006,4.77,10,4,2
3/14/2006,4.71,10,4,2
3/15/2006,4.73,10,4,2
3/16/2006,4.65,10,4,2
3/17/2006,4.68,10,4,2
3/20/2006,4.66,10,4,2
3/21/2006,4.71,10,4,2
3/22/2006,4.7,10,4,2
3/23/2006,4.73,10,4,2
3/24/2006,4.67,10,4,2
3/27/2006,4.7,10,4,2
3/28/2006,4.79,10,4,2
3/29/2006,4.81,10,4,2
3/30/2006,4.86,10,4,2
3/31/2006,4.86,10,4,2
4/3/2006,4.88,10,4,2
4/4/2006,4.87,10,4,2
4/5/2006,4.84,10,4,2
4/6/2006,4.9,10,4,2
4/7/2006,4.97,10,4,2
4/10/2006,4.97,10,4,2
4/11/2006,4.93,10,4,2
4/12/2006,4.98,10,4,2
4/13/2006,5.05,10,4,2
4/14/2006,,10,4,2
4/17/2006,5.01,10,4,2
4/18/2006,4.99,10,4,2
4/19/2006,5.04,10,4,2
4/20/2006,5.04,10,4,2
4/21/2006,5.01,10,4,2
4/24/2006,4.99,10,4,2
4/25/2006,5.07,10,4,2
4/26/2006,5.12,10,4,2
4/27/2006,5.09,10,4,2
4/28/2006,5.07,10,4,2
5/1/2006,5.14,10,4,2
5/2/2006,5.12,10,4,2
5/3/2006,5.15,10,4,2
5/4/2006,5.16,10,4,2
5/5/2006,5.12,10,4,2
5/8/2006,5.12,10,4,2
5/9/2006,5.13,10,4,2
5/10/2006,5.13,10,4,2
5/11/2006,5.14,10,4,2
5/12/2006,5.19,10,4,2
5/15/2006,5.15,10,4,2
5/16/2006,5.1,10,4,2
5/17/2006,5.16,10,4,2
5/18/2006,5.08,10,4,2
5/19/2006,5.05,10,4,2
5/22/2006,5.04,10,4,2
5/23/2006,5.07,10,4,2
5/24/2006,5.03,10,4,2
5/25/2006,5.07,10,4,2
5/26/2006,5.06,10,4,2
5/29/2006,,10,4,2
5/30/2006,5.09,10,4,2
5/31/2006,5.12,10,4,2
6/1/2006,5.11,10,4,2
6/2/2006,5,10,4,2
6/5/2006,5.02,10,4,2
6/6/2006,5.01,10,4,2
6/7/2006,5.02,10,4,2
6/8/2006,5,10,4,2
6/9/2006,4.98,10,4,2
6/12/2006,4.99,10,4,2
6/13/2006,4.97,10,4,2
6/14/2006,5.05,10,4,2
6/15/2006,5.1,10,4,2
6/16/2006,5.13,10,4,2
6/19/2006,5.14,10,4,2
6/20/2006,5.15,10,4,2
6/21/2006,5.16,10,4,2
6/22/2006,5.2,10,4,2
6/23/2006,5.23,10,4,2
6/26/2006,5.25,10,4,2
6/27/2006,5.21,10,4,2
6/28/2006,5.25,10,4,2
6/29/2006,5.22,10,4,2
6/30/2006,5.15,10,4,2
7/3/2006,5.15,10,4,2
7/4/2006,,10,4,2
7/5/2006,5.23,10,4,2
7/6/2006,5.19,10,4,2
7/7/2006,5.14,10,4,2
7/10/2006,5.13,10,4,2
7/11/2006,5.1,10,4,2
7/12/2006,5.1,10,4,2
7/13/2006,5.08,10,4,2
7/14/2006,5.07,10,4,2
7/17/2006,5.07,10,4,2
7/18/2006,5.13,10,4,2
7/19/2006,5.06,10,4,2
7/20/2006,5.03,10,4,2
7/21/2006,5.05,10,4,2
7/24/2006,5.05,10,4,2
7/25/2006,5.07,10,4,2
7/26/2006,5.04,10,4,2
7/27/2006,5.07,10,4,2
7/28/2006,5,10,4,2
7/31/2006,4.99,10,4,2
8/1/2006,4.99,10,4,2
8/2/2006,4.96,10,4,2
8/3/2006,4.96,10,4,2
8/4/2006,4.91,10,4,2
8/7/2006,4.93,10,4,2
8/8/2006,4.93,10,4,2
8/9/2006,4.92,10,4,2
8/10/2006,4.93,10,4,2
8/11/2006,4.97,10,4,2
8/14/2006,5,10,4,2
8/15/2006,4.93,10,4,2
8/16/2006,4.87,10,4,2
8/17/2006,4.87,10,4,2
8/18/2006,4.84,10,4,2
8/21/2006,4.82,10,4,2
8/22/2006,4.82,10,4,2
8/23/2006,4.82,10,4,2
8/24/2006,4.81,10,4,2
8/25/2006,4.79,10,4,2
8/28/2006,4.8,10,4,2
8/29/2006,4.79,10,4,2
8/30/2006,4.76,10,4,2
8/31/2006,4.74,10,4,2
9/1/2006,4.73,10,4,2
9/4/2006,,10,4,2
9/5/2006,4.78,10,4,2
9/6/2006,4.8,10,4,2
9/7/2006,4.8,10,4,2
9/8/2006,4.78,10,4,2
9/11/2006,4.8,10,4,2
9/12/2006,4.78,10,4,2
9/13/2006,4.77,10,4,2
9/14/2006,4.79,10,4,2
9/15/2006,4.8,10,4,2
9/18/2006,4.81,10,4,2
9/19/2006,4.74,10,4,2
9/20/2006,4.73,10,4,2
9/21/2006,4.65,10,4,2
9/22/2006,4.6,10,4,2
9/25/2006,4.56,10,4,2
9/26/2006,4.59,10,4,2
9/27/2006,4.6,10,4,2
9/28/2006,4.63,10,4,2
9/29/2006,4.64,10,4,2
10/2/2006,4.62,10,4,2
10/3/2006,4.62,10,4,2
10/4/2006,4.57,10,4,2
10/5/2006,4.61,10,4,2
10/6/2006,4.7,10,4,2
10/9/2006,,10,4,2
10/10/2006,4.75,10,4,2
10/11/2006,4.78,10,4,2
10/12/2006,4.79,10,4,2
10/13/2006,4.81,10,4,2
10/16/2006,4.79,10,4,2
10/17/2006,4.78,10,4,2
10/18/2006,4.77,10,4,2
10/19/2006,4.79,10,4,2
10/20/2006,4.79,10,4,2
10/23/2006,4.83,10,4,2
10/24/2006,4.83,10,4,2
10/25/2006,4.78,10,4,2
10/26/2006,4.73,10,4,2
10/27/2006,4.68,10,4,2
10/30/2006,4.68,10,4,2
10/31/2006,4.61,10,4,2
11/1/2006,4.57,10,4,2
11/2/2006,4.6,10,4,2
11/3/2006,4.72,10,4,2
11/6/2006,4.71,10,4,2
11/7/2006,4.66,10,4,2
11/8/2006,4.64,10,4,2
11/9/2006,4.62,10,4,2
11/10/2006,4.59,10,4,2
11/13/2006,4.61,10,4,2
11/14/2006,4.57,10,4,2
11/15/2006,4.61,10,4,2
11/16/2006,4.66,10,4,2
11/17/2006,4.61,10,4,2
11/20/2006,4.6,10,4,2
11/21/2006,4.58,10,4,2
11/22/2006,4.57,10,4,2
11/23/2006,,10,4,2
11/24/2006,4.55,10,4,2
11/27/2006,4.54,10,4,2
11/28/2006,4.51,10,4,2
11/29/2006,4.52,10,4,2
11/30/2006,4.46,10,4,2
12/1/2006,4.43,10,4,2
12/4/2006,4.43,10,4,2
12/5/2006,4.45,10,4,2
12/6/2006,4.48,10,4,2
12/7/2006,4.49,10,4,2
12/8/2006,4.56,10,4,2
12/11/2006,4.52,10,4,2
12/12/2006,4.49,10,4,2
12/13/2006,4.58,10,4,2
12/14/2006,4.6,10,4,2
12/15/2006,4.6,10,4,2
12/18/2006,4.6,10,4,2
12/19/2006,4.6,10,4,2
12/20/2006,4.6,10,4,2
12/21/2006,4.55,10,4,2
12/22/2006,4.63,10,4,2
12/25/2006,,10,4,2
12/26/2006,4.61,10,4,2
12/27/2006,4.66,10,4,2
12/28/2006,4.7,10,4,2
12/29/2006,4.71,10,4,2
1/1/2007,,10,4,2
1/2/2007,4.68,10,4,2
1/3/2007,4.67,10,4,2
1/4/2007,4.62,10,4,2
1/5/2007,4.65,10,4,2
1/8/2007,4.66,10,4,2
1/9/2007,4.66,10,4,2
1/10/2007,4.69,10,4,2
1/11/2007,4.74,10,4,2
1/12/2007,4.77,10,4,2
1/15/2007,,10,4,2
1/16/2007,4.75,10,4,2
1/17/2007,4.79,10,4,2
1/18/2007,4.75,10,4,2
1/19/2007,4.78,10,4,2
1/22/2007,4.76,10,4,2
1/23/2007,4.81,10,4,2
1/24/2007,4.81,10,4,2
1/25/2007,4.87,10,4,2
1/26/2007,4.88,10,4,2
1/29/2007,4.9,10,4,2
1/30/2007,4.88,10,4,2
1/31/2007,4.83,10,4,2
2/1/2007,4.84,10,4,2
2/2/2007,4.83,10,4,2
2/5/2007,4.81,10,4,2
2/6/2007,4.77,10,4,2
2/7/2007,4.74,10,4,2
2/8/2007,4.73,10,4,2
2/9/2007,4.79,10,4,2
2/12/2007,4.8,10,4,2
2/13/2007,4.82,10,4,2
2/14/2007,4.74,10,4,2
2/15/2007,4.7,10,4,2
2/16/2007,4.69,10,4,2
2/19/2007,,10,4,2
2/20/2007,4.68,10,4,2
2/21/2007,4.69,10,4,2
2/22/2007,4.73,10,4,2
2/23/2007,4.68,10,4,2
2/26/2007,4.63,10,4,2
2/27/2007,4.5,10,4,2
2/28/2007,4.56,10,4,2
3/1/2007,4.56,10,4,2
3/2/2007,4.52,10,4,2
3/5/2007,4.51,10,4,2
3/6/2007,4.53,10,4,2
3/7/2007,4.5,10,4,2
3/8/2007,4.51,10,4,2
3/9/2007,4.59,10,4,2
3/12/2007,4.56,10,4,2
3/13/2007,4.5,10,4,2
3/14/2007,4.53,10,4,2
3/15/2007,4.54,10,4,2
3/16/2007,4.55,10,4,2
3/19/2007,4.58,10,4,2
3/20/2007,4.56,10,4,2
3/21/2007,4.53,10,4,2
3/22/2007,4.6,10,4,2
3/23/2007,4.62,10,4,2
3/26/2007,4.6,10,4,2
3/27/2007,4.62,10,4,2
3/28/2007,4.62,10,4,2
3/29/2007,4.64,10,4,2
3/30/2007,4.65,10,4,2
4/2/2007,4.65,10,4,2
4/3/2007,4.67,10,4,2
4/4/2007,4.66,10,4,2
4/5/2007,4.68,10,4,2
4/6/2007,4.76,10,4,2
4/9/2007,4.75,10,4,2
4/10/2007,4.73,10,4,2
4/11/2007,4.74,10,4,2
4/12/2007,4.74,10,4,2
4/13/2007,4.76,10,4,2
4/16/2007,4.74,10,4,2
4/17/2007,4.69,10,4,2
4/18/2007,4.66,10,4,2
4/19/2007,4.68,10,4,2
4/20/2007,4.68,10,4,2
4/23/2007,4.66,10,4,2
4/24/2007,4.63,10,4,2
4/25/2007,4.66,10,4,2
4/26/2007,4.69,10,4,2
4/27/2007,4.71,10,4,2
4/30/2007,4.63,10,4,2
5/1/2007,4.64,10,4,2
5/2/2007,4.65,10,4,2
5/3/2007,4.68,10,4,2
5/4/2007,4.65,10,4,2
5/7/2007,4.64,10,4,2
5/8/2007,4.63,10,4,2
5/9/2007,4.67,10,4,2
5/10/2007,4.65,10,4,2
5/11/2007,4.67,10,4,2
5/14/2007,4.69,10,4,2
5/15/2007,4.71,10,4,2
5/16/2007,4.71,10,4,2
5/17/2007,4.76,10,4,2
5/18/2007,4.81,10,4,2
5/21/2007,4.79,10,4,2
5/22/2007,4.83,10,4,2
5/23/2007,4.86,10,4,2
5/24/2007,4.86,10,4,2
5/25/2007,4.86,10,4,2
5/28/2007,,10,4,2
5/29/2007,4.88,10,4,2
5/30/2007,4.88,10,4,2
5/31/2007,4.9,10,4,2
6/1/2007,4.95,10,4,2
6/4/2007,4.93,10,4,2
6/5/2007,4.98,10,4,2
6/6/2007,4.97,10,4,2
6/7/2007,5.11,10,4,2
6/8/2007,5.12,10,4,2
6/11/2007,5.14,10,4,2
6/12/2007,5.26,10,4,2
6/13/2007,5.2,10,4,2
6/14/2007,5.23,10,4,2
6/15/2007,5.16,10,4,2
6/18/2007,5.15,10,4,2
6/19/2007,5.09,10,4,2
6/20/2007,5.14,10,4,2
6/21/2007,5.16,10,4,2
6/22/2007,5.14,10,4,2
6/25/2007,5.09,10,4,2
6/26/2007,5.1,10,4,2
6/27/2007,5.09,10,4,2
6/28/2007,5.12,10,4,2
6/29/2007,5.03,10,4,2
7/2/2007,5,10,4,2
7/3/2007,5.05,10,4,2
7/4/2007,,10,4,2
7/5/2007,5.16,10,4,2
7/6/2007,5.19,10,4,2
7/9/2007,5.16,10,4,2
7/10/2007,5.03,10,4,2
7/11/2007,5.09,10,4,2
7/12/2007,5.13,10,4,2
7/13/2007,5.11,10,4,2
7/16/2007,5.05,10,4,2
7/17/2007,5.08,10,4,2
7/18/2007,5.02,10,4,2
7/19/2007,5.04,10,4,2
7/20/2007,4.96,10,4,2
7/23/2007,4.97,10,4,2
7/24/2007,4.94,10,4,2
7/25/2007,4.92,10,4,2
7/26/2007,4.79,10,4,2
7/27/2007,4.8,10,4,2
7/30/2007,4.82,10,4,2
7/31/2007,4.78,10,4,2
8/1/2007,4.76,10,4,2
8/2/2007,4.77,10,4,2
8/3/2007,4.71,10,4,2
8/6/2007,4.72,10,4,2
8/7/2007,4.77,10,4,2
8/8/2007,4.84,10,4,2
8/9/2007,4.79,10,4,2
8/10/2007,4.81,10,4,2
8/13/2007,4.78,10,4,2
8/14/2007,4.73,10,4,2
8/15/2007,4.69,10,4,2
8/16/2007,4.6,10,4,2
8/17/2007,4.68,10,4,2
8/20/2007,4.64,10,4,2
8/21/2007,4.6,10,4,2
8/22/2007,4.63,10,4,2
8/23/2007,4.62,10,4,2
8/24/2007,4.63,10,4,2
8/27/2007,4.6,10,4,2
8/28/2007,4.53,10,4,2
8/29/2007,4.57,10,4,2
8/30/2007,4.51,10,4,2
8/31/2007,4.54,10,4,2
9/3/2007,,10,4,2
9/4/2007,4.56,10,4,2
9/5/2007,4.48,10,4,2
9/6/2007,4.51,10,4,2
9/7/2007,4.38,10,4,2
9/10/2007,4.34,10,4,2
9/11/2007,4.37,10,4,2
9/12/2007,4.41,10,4,2
9/13/2007,4.49,10,4,2
9/14/2007,4.47,10,4,2
9/17/2007,4.48,10,4,2
9/18/2007,4.5,10,4,2
9/19/2007,4.53,10,4,2
9/20/2007,4.69,10,4,2
9/21/2007,4.64,10,4,2
9/24/2007,4.63,10,4,2
9/25/2007,4.63,10,4,2
9/26/2007,4.63,10,4,2
9/27/2007,4.58,10,4,2
9/28/2007,4.59,10,4,2
10/1/2007,4.56,10,4,2
10/2/2007,4.54,10,4,2
10/3/2007,4.55,10,4,2
10/4/2007,4.54,10,4,2
10/5/2007,4.65,10,4,2
10/8/2007,,10,4,2
10/9/2007,4.67,10,4,2
10/10/2007,4.65,10,4,2
10/11/2007,4.66,10,4,2
10/12/2007,4.7,10,4,2
10/15/2007,4.69,10,4,2
10/16/2007,4.66,10,4,2
10/17/2007,4.57,10,4,2
10/18/2007,4.52,10,4,2
10/19/2007,4.41,10,4,2
10/22/2007,4.42,10,4,2
10/23/2007,4.41,10,4,2
10/24/2007,4.36,10,4,2
10/25/2007,4.37,10,4,2
10/26/2007,4.41,10,4,2
10/29/2007,4.39,10,4,2
10/30/2007,4.4,10,4,2
10/31/2007,4.48,10,4,2
11/1/2007,4.36,10,4,2
11/2/2007,4.31,10,4,2
11/5/2007,4.35,10,4,2
11/6/2007,4.38,10,4,2
11/7/2007,4.34,10,4,2
11/8/2007,4.28,10,4,2
11/9/2007,4.23,10,4,2
11/12/2007,,10,4,2
11/13/2007,4.26,10,4,2
11/14/2007,4.28,10,4,2
11/15/2007,4.17,10,4,2
11/16/2007,4.15,10,4,2
11/19/2007,4.07,10,4,2
11/20/2007,4.06,10,4,2
11/21/2007,4,10,4,2
11/22/2007,,10,4,2
11/23/2007,4.01,10,4,2
11/26/2007,3.83,10,4,2
11/27/2007,3.95,10,4,2
11/28/2007,4.03,10,4,2
11/29/2007,3.94,10,4,2
11/30/2007,3.97,10,4,2
12/3/2007,3.89,10,4,2
12/4/2007,3.89,10,4,2
12/5/2007,3.92,10,4,2
12/6/2007,4.02,10,4,2
12/7/2007,4.12,10,4,2
12/10/2007,4.15,10,4,2
12/11/2007,3.98,10,4,2
12/12/2007,4.05,10,4,2
12/13/2007,4.18,10,4,2
12/14/2007,4.24,10,4,2
12/17/2007,4.2,10,4,2
12/18/2007,4.14,10,4,2
12/19/2007,4.06,10,4,2
12/20/2007,4.04,10,4,2
12/21/2007,4.18,10,4,2
12/24/2007,4.23,10,4,2
12/25/2007,,10,4,2
12/26/2007,4.3,10,4,2
12/27/2007,4.21,10,4,2
12/28/2007,4.11,10,4,2
12/31/2007,4.04,10,4,2
1/1/2008,,10,4,2
1/2/2008,3.91,10,4,2
1/3/2008,3.91,10,4,2
1/4/2008,3.88,10,4,2
1/7/2008,3.86,10,4,2
1/8/2008,3.86,10,4,2
1/9/2008,3.82,10,4,2
1/10/2008,3.91,10,4,2
1/11/2008,3.82,10,4,2
1/14/2008,3.81,10,4,2
1/15/2008,3.72,10,4,2
1/16/2008,3.74,10,4,2
1/17/2008,3.66,10,4,2
1/18/2008,3.66,10,4,2
1/21/2008,,10,4,2
1/22/2008,3.52,10,4,2
1/23/2008,3.51,10,4,2
1/24/2008,3.68,10,4,2
1/25/2008,3.61,10,4,2
1/28/2008,3.61,10,4,2
1/29/2008,3.69,10,4,2
1/30/2008,3.78,10,4,2
1/31/2008,3.67,10,4,2
2/1/2008,3.62,10,4,2
2/4/2008,3.68,10,4,2
2/5/2008,3.61,10,4,2
2/6/2008,3.61,10,4,2
2/7/2008,3.74,10,4,2
2/8/2008,3.64,10,4,2
2/11/2008,3.62,10,4,2
2/12/2008,3.66,10,4,2
2/13/2008,3.7,10,4,2
2/14/2008,3.85,10,4,2
2/15/2008,3.76,10,4,2
2/18/2008,,10,4,2
2/19/2008,3.89,10,4,2
2/20/2008,3.93,10,4,2
2/21/2008,3.77,10,4,2
2/22/2008,3.79,10,4,2
2/25/2008,3.91,10,4,2
2/26/2008,3.88,10,4,2
2/27/2008,3.85,10,4,2
2/28/2008,3.71,10,4,2
2/29/2008,3.53,10,4,2
3/3/2008,3.54,10,4,2
3/4/2008,3.63,10,4,2
3/5/2008,3.7,10,4,2
3/6/2008,3.62,10,4,2
3/7/2008,3.56,10,4,2
3/10/2008,3.46,10,4,2
3/11/2008,3.6,10,4,2
3/12/2008,3.49,10,4,2
3/13/2008,3.56,10,4,2
3/14/2008,3.44,10,4,2
3/17/2008,3.34,10,4,2
3/18/2008,3.48,10,4,2
3/19/2008,3.38,10,4,2
3/20/2008,3.34,10,4,2
3/21/2008,,10,4,2
3/24/2008,3.56,10,4,2
3/25/2008,3.51,10,4,2
3/26/2008,3.51,10,4,2
3/27/2008,3.56,10,4,2
3/28/2008,3.47,10,4,2
3/31/2008,3.45,10,4,2
4/1/2008,3.57,10,4,2
4/2/2008,3.6,10,4,2
4/3/2008,3.61,10,4,2
4/4/2008,3.5,10,4,2
4/7/2008,3.57,10,4,2
4/8/2008,3.58,10,4,2
4/9/2008,3.49,10,4,2
4/10/2008,3.55,10,4,2
4/11/2008,3.49,10,4,2
4/14/2008,3.53,10,4,2
4/15/2008,3.6,10,4,2
4/16/2008,3.72,10,4,2
4/17/2008,3.75,10,4,2
4/18/2008,3.77,10,4,2
4/21/2008,3.75,10,4,2
4/22/2008,3.74,10,4,2
4/23/2008,3.77,10,4,2
4/24/2008,3.87,10,4,2
4/25/2008,3.91,10,4,2
4/28/2008,3.86,10,4,2
4/29/2008,3.85,10,4,2
4/30/2008,3.77,10,4,2
5/1/2008,3.78,10,4,2
5/2/2008,3.89,10,4,2
5/5/2008,3.88,10,4,2
5/6/2008,3.93,10,4,2
5/7/2008,3.87,10,4,2
5/8/2008,3.79,10,4,2
5/9/2008,3.77,10,4,2
5/12/2008,3.78,10,4,2
5/13/2008,3.9,10,4,2
5/14/2008,3.92,10,4,2
5/15/2008,3.83,10,4,2
5/16/2008,3.85,10,4,2
5/19/2008,3.83,10,4,2
5/20/2008,3.78,10,4,2
5/21/2008,3.81,10,4,2
5/22/2008,3.92,10,4,2
5/23/2008,3.85,10,4,2
5/26/2008,,10,4,2
5/27/2008,3.93,10,4,2
5/28/2008,4.03,10,4,2
5/29/2008,4.08,10,4,2
5/30/2008,4.06,10,4,2
6/2/2008,3.98,10,4,2
6/3/2008,3.92,10,4,2
6/4/2008,3.98,10,4,2
6/5/2008,4.06,10,4,2
6/6/2008,3.94,10,4,2
6/9/2008,4.02,10,4,2
6/10/2008,4.11,10,4,2
6/11/2008,4.1,10,4,2
6/12/2008,4.23,10,4,2
6/13/2008,4.27,10,4,2
6/16/2008,4.25,10,4,2
6/17/2008,4.23,10,4,2
6/18/2008,4.16,10,4,2
6/19/2008,4.22,10,4,2
6/20/2008,4.16,10,4,2
6/23/2008,4.19,10,4,2
6/24/2008,4.1,10,4,2
6/25/2008,4.12,10,4,2
6/26/2008,4.07,10,4,2
6/27/2008,3.99,10,4,2
6/30/2008,3.99,10,4,2
7/1/2008,4.01,10,4,2
7/2/2008,3.99,10,4,2
7/3/2008,3.99,10,4,2
7/4/2008,,10,4,2
7/7/2008,3.95,10,4,2
7/8/2008,3.91,10,4,2
7/9/2008,3.85,10,4,2
7/10/2008,3.83,10,4,2
7/11/2008,3.96,10,4,2
7/14/2008,3.9,10,4,2
7/15/2008,3.87,10,4,2
7/16/2008,3.97,10,4,2
7/17/2008,4.07,10,4,2
7/18/2008,4.11,10,4,2
7/21/2008,4.09,10,4,2
7/22/2008,4.14,10,4,2
7/23/2008,4.16,10,4,2
7/24/2008,4.03,10,4,2
7/25/2008,4.13,10,4,2
7/28/2008,4.06,10,4,2
7/29/2008,4.09,10,4,2
7/30/2008,4.07,10,4,2
7/31/2008,3.99,10,4,2
8/1/2008,3.97,10,4,2
8/4/2008,3.98,10,4,2
8/5/2008,4.04,10,4,2
8/6/2008,4.06,10,4,2
8/7/2008,3.92,10,4,2
8/8/2008,3.94,10,4,2
8/11/2008,3.99,10,4,2
8/12/2008,3.91,10,4,2
8/13/2008,3.94,10,4,2
8/14/2008,3.89,10,4,2
8/15/2008,3.84,10,4,2
8/18/2008,3.82,10,4,2
8/19/2008,3.83,10,4,2
8/20/2008,3.79,10,4,2
8/21/2008,3.84,10,4,2
8/22/2008,3.87,10,4,2
8/25/2008,3.79,10,4,2
8/26/2008,3.79,10,4,2
8/27/2008,3.77,10,4,2
8/28/2008,3.79,10,4,2
8/29/2008,3.83,10,4,2
9/1/2008,,10,4,2
9/2/2008,3.74,10,4,2
9/3/2008,3.71,10,4,2
9/4/2008,3.64,10,4,2
9/5/2008,3.66,10,4,2
9/8/2008,3.66,10,4,2
9/9/2008,3.62,10,4,2
9/10/2008,3.65,10,4,2
9/11/2008,3.64,10,4,2
9/12/2008,3.74,10,4,2
9/15/2008,3.47,10,4,2
9/16/2008,3.48,10,4,2
9/17/2008,3.41,10,4,2
9/18/2008,3.54,10,4,2
9/19/2008,3.78,10,4,2
9/22/2008,3.83,10,4,2
9/23/2008,3.85,10,4,2
9/24/2008,3.8,10,4,2
9/25/2008,3.88,10,4,2
9/26/2008,3.85,10,4,2
9/29/2008,3.61,10,4,2
9/30/2008,3.85,10,4,2
10/1/2008,3.77,10,4,2
10/2/2008,3.66,10,4,2
10/3/2008,3.63,10,4,2
10/6/2008,3.48,10,4,2
10/7/2008,3.5,10,4,2
10/8/2008,3.72,10,4,2
10/9/2008,3.84,10,4,2
10/10/2008,3.89,10,4,2
10/13/2008,,10,4,2
10/14/2008,4.08,10,4,2
10/15/2008,4.04,10,4,2
10/16/2008,3.99,10,4,2
10/17/2008,3.98,10,4,2
10/20/2008,3.91,10,4,2
10/21/2008,3.76,10,4,2
10/22/2008,3.65,10,4,2
10/23/2008,3.63,10,4,2
10/24/2008,3.76,10,4,2
10/27/2008,3.79,10,4,2
10/28/2008,3.89,10,4,2
10/29/2008,3.93,10,4,2
10/30/2008,4,10,4,2
10/31/2008,4.01,10,4,2
11/3/2008,3.96,10,4,2
11/4/2008,3.81,10,4,2
11/5/2008,3.73,10,4,2
11/6/2008,3.75,10,4,2
11/7/2008,3.83,10,4,2
11/10/2008,3.82,10,4,2
11/11/2008,,10,4,2
11/12/2008,3.75,10,4,2
11/13/2008,3.84,10,4,2
11/14/2008,3.72,10,4,2
11/17/2008,3.68,10,4,2
11/18/2008,3.53,10,4,2
11/19/2008,3.38,10,4,2
11/20/2008,3.1,10,4,2
11/21/2008,3.2,10,4,2
11/24/2008,3.35,10,4,2
11/25/2008,3.11,10,4,2
11/26/2008,2.99,10,4,2
11/27/2008,,10,4,2
11/28/2008,2.93,10,4,2
12/1/2008,2.72,10,4,2
12/2/2008,2.68,10,4,2
12/3/2008,2.67,10,4,2
12/4/2008,2.55,10,4,2
12/5/2008,2.67,10,4,2
12/8/2008,2.77,10,4,2
12/9/2008,2.67,10,4,2
12/10/2008,2.69,10,4,2
12/11/2008,2.64,10,4,2
12/12/2008,2.6,10,4,2
12/15/2008,2.53,10,4,2
12/16/2008,2.37,10,4,2
12/17/2008,2.2,10,4,2
12/18/2008,2.08,10,4,2
12/19/2008,2.13,10,4,2
12/22/2008,2.16,10,4,2
12/23/2008,2.18,10,4,2
12/24/2008,2.2,10,4,2
12/25/2008,,10,4,2
12/26/2008,2.16,10,4,2
12/29/2008,2.13,10,4,2
12/30/2008,2.11,10,4,2
12/31/2008,2.25,10,4,2
1/1/2009,,10,4,2
1/2/2009,2.46,10,4,2
1/5/2009,2.49,10,4,2
1/6/2009,2.51,10,4,2
1/7/2009,2.52,10,4,2
1/8/2009,2.47,10,4,2
1/9/2009,2.43,10,4,2
1/12/2009,2.34,10,4,2
1/13/2009,2.33,10,4,2
1/14/2009,2.24,10,4,2
1/15/2009,2.23,10,4,2
1/16/2009,2.36,10,4,2
1/19/2009,,10,4,2
1/20/2009,2.4,10,4,2
1/21/2009,2.56,10,4,2
1/22/2009,2.62,10,4,2
1/23/2009,2.65,10,4,2
1/26/2009,2.7,10,4,2
1/27/2009,2.59,10,4,2
1/28/2009,2.71,10,4,2
1/29/2009,2.87,10,4,2
1/30/2009,2.87,10,4,2
2/2/2009,2.76,10,4,2
2/3/2009,2.89,10,4,2
2/4/2009,2.95,10,4,2
2/5/2009,2.95,10,4,2
2/6/2009,3.05,10,4,2
2/9/2009,3.07,10,4,2
2/10/2009,2.9,10,4,2
2/11/2009,2.78,10,4,2
2/12/2009,2.75,10,4,2
2/13/2009,2.89,10,4,2
2/16/2009,,10,4,2
2/17/2009,2.64,10,4,2
2/18/2009,2.74,10,4,2
2/19/2009,2.85,10,4,2
2/20/2009,2.78,10,4,2
2/23/2009,2.78,10,4,2
2/24/2009,2.8,10,4,2
2/25/2009,2.95,10,4,2
2/26/2009,2.98,10,4,2
2/27/2009,3.02,10,4,2
3/2/2009,2.91,10,4,2
3/3/2009,2.93,10,4,2
3/4/2009,3.01,10,4,2
3/5/2009,2.83,10,4,2
3/6/2009,2.83,10,4,2
3/9/2009,2.89,10,4,2
3/10/2009,2.99,10,4,2
3/11/2009,2.95,10,4,2
3/12/2009,2.89,10,4,2
3/13/2009,2.89,10,4,2
3/16/2009,2.97,10,4,2
3/17/2009,3.02,10,4,2
3/18/2009,2.51,10,4,2
3/19/2009,2.61,10,4,2
3/20/2009,2.65,10,4,2
3/23/2009,2.68,10,4,2
3/24/2009,2.68,10,4,2
3/25/2009,2.81,10,4,2
3/26/2009,2.76,10,4,2
3/27/2009,2.78,10,4,2
3/30/2009,2.73,10,4,2
3/31/2009,2.71,10,4,2
4/1/2009,2.68,10,4,2
4/2/2009,2.77,10,4,2
4/3/2009,2.91,10,4,2
4/6/2009,2.95,10,4,2
4/7/2009,2.93,10,4,2
4/8/2009,2.86,10,4,2
4/9/2009,2.96,10,4,2
4/10/2009,,10,4,2
4/13/2009,2.88,10,4,2
4/14/2009,2.8,10,4,2
4/15/2009,2.82,10,4,2
4/16/2009,2.86,10,4,2
4/17/2009,2.98,10,4,2
4/20/2009,2.88,10,4,2
4/21/2009,2.94,10,4,2
4/22/2009,2.98,10,4,2
4/23/2009,2.96,10,4,2
4/24/2009,3.03,10,4,2
4/27/2009,2.95,10,4,2
4/28/2009,3.05,10,4,2
4/29/2009,3.12,10,4,2
4/30/2009,3.16,10,4,2
5/1/2009,3.21,10,4,2
5/4/2009,3.19,10,4,2
5/5/2009,3.2,10,4,2
5/6/2009,3.18,10,4,2
5/7/2009,3.29,10,4,2
5/8/2009,3.29,10,4,2
5/11/2009,3.17,10,4,2
5/12/2009,3.17,10,4,2
5/13/2009,3.11,10,4,2
5/14/2009,3.1,10,4,2
5/15/2009,3.14,10,4,2
5/18/2009,3.22,10,4,2
5/19/2009,3.25,10,4,2
5/20/2009,3.19,10,4,2
5/21/2009,3.35,10,4,2
5/22/2009,3.45,10,4,2
5/25/2009,,10,4,2
5/26/2009,3.5,10,4,2
5/27/2009,3.71,10,4,2
5/28/2009,3.67,10,4,2
5/29/2009,3.47,10,4,2
6/1/2009,3.71,10,4,2
6/2/2009,3.65,10,4,2
6/3/2009,3.56,10,4,2
6/4/2009,3.72,10,4,2
6/5/2009,3.84,10,4,2
6/8/2009,3.91,10,4,2
6/9/2009,3.86,10,4,2
6/10/2009,3.98,10,4,2
6/11/2009,3.88,10,4,2
6/12/2009,3.81,10,4,2
6/15/2009,3.76,10,4,2
6/16/2009,3.67,10,4,2
6/17/2009,3.68,10,4,2
6/18/2009,3.86,10,4,2
6/19/2009,3.79,10,4,2
6/22/2009,3.72,10,4,2
6/23/2009,3.65,10,4,2
6/24/2009,3.72,10,4,2
6/25/2009,3.55,10,4,2
6/26/2009,3.52,10,4,2
6/29/2009,3.51,10,4,2
6/30/2009,3.53,10,4,2
7/1/2009,3.55,10,4,2
7/2/2009,3.51,10,4,2
7/3/2009,,10,4,2
7/6/2009,3.52,10,4,2
7/7/2009,3.47,10,4,2
7/8/2009,3.33,10,4,2
7/9/2009,3.44,10,4,2
7/10/2009,3.32,10,4,2
7/13/2009,3.38,10,4,2
7/14/2009,3.5,10,4,2
7/15/2009,3.63,10,4,2
7/16/2009,3.59,10,4,2
7/17/2009,3.67,10,4,2
7/20/2009,3.61,10,4,2
7/21/2009,3.5,10,4,2
7/22/2009,3.58,10,4,2
7/23/2009,3.72,10,4,2
7/24/2009,3.7,10,4,2
7/27/2009,3.75,10,4,2
7/28/2009,3.72,10,4,2
7/29/2009,3.69,10,4,2
7/30/2009,3.67,10,4,2
7/31/2009,3.52,10,4,2
8/3/2009,3.66,10,4,2
8/4/2009,3.7,10,4,2
8/5/2009,3.8,10,4,2
8/6/2009,3.79,10,4,2
8/7/2009,3.89,10,4,2
8/10/2009,3.8,10,4,2
8/11/2009,3.71,10,4,2
8/12/2009,3.72,10,4,2
8/13/2009,3.59,10,4,2
8/14/2009,3.55,10,4,2
8/17/2009,3.48,10,4,2
8/18/2009,3.51,10,4,2
8/19/2009,3.45,10,4,2
8/20/2009,3.42,10,4,2
8/21/2009,3.56,10,4,2
8/24/2009,3.48,10,4,2
8/25/2009,3.45,10,4,2
8/26/2009,3.44,10,4,2
8/27/2009,3.47,10,4,2
8/28/2009,3.46,10,4,2
8/31/2009,3.4,10,4,2
9/1/2009,3.38,10,4,2
9/2/2009,3.29,10,4,2
9/3/2009,3.33,10,4,2
9/4/2009,3.45,10,4,2
9/7/2009,,10,4,2
9/8/2009,3.47,10,4,2
9/9/2009,3.48,10,4,2
9/10/2009,3.36,10,4,2
9/11/2009,3.34,10,4,2
9/14/2009,3.42,10,4,2
9/15/2009,3.47,10,4,2
9/16/2009,3.48,10,4,2
9/17/2009,3.42,10,4,2
9/18/2009,3.49,10,4,2
9/21/2009,3.49,10,4,2
9/22/2009,3.46,10,4,2
9/23/2009,3.44,10,4,2
9/24/2009,3.4,10,4,2
9/25/2009,3.34,10,4,2
9/28/2009,3.31,10,4,2
9/29/2009,3.31,10,4,2
9/30/2009,3.31,10,4,2
10/1/2009,3.21,10,4,2
10/2/2009,3.24,10,4,2
10/5/2009,3.24,10,4,2
10/6/2009,3.27,10,4,2
10/7/2009,3.21,10,4,2
10/8/2009,3.27,10,4,2
10/9/2009,3.4,10,4,2
10/12/2009,,10,4,2
10/13/2009,3.34,10,4,2
10/14/2009,3.45,10,4,2
10/15/2009,3.49,10,4,2
10/16/2009,3.43,10,4,2
10/19/2009,3.41,10,4,2
10/20/2009,3.35,10,4,2
10/21/2009,3.42,10,4,2
10/22/2009,3.44,10,4,2
10/23/2009,3.51,10,4,2
10/26/2009,3.59,10,4,2
10/27/2009,3.49,10,4,2
10/28/2009,3.44,10,4,2
10/29/2009,3.53,10,4,2
10/30/2009,3.41,10,4,2
11/2/2009,3.45,10,4,2
11/3/2009,3.5,10,4,2
11/4/2009,3.57,10,4,2
11/5/2009,3.57,10,4,2
11/6/2009,3.54,10,4,2
11/9/2009,3.52,10,4,2
11/10/2009,3.5,10,4,2
11/11/2009,,10,4,2
11/12/2009,3.45,10,4,2
11/13/2009,3.43,10,4,2
11/16/2009,3.33,10,4,2
11/17/2009,3.33,10,4,2
11/18/2009,3.36,10,4,2
11/19/2009,3.35,10,4,2
11/20/2009,3.36,10,4,2
11/23/2009,3.37,10,4,2
11/24/2009,3.32,10,4,2
11/25/2009,3.28,10,4,2
11/26/2009,,10,4,2
11/27/2009,3.21,10,4,2
11/30/2009,3.21,10,4,2
12/1/2009,3.28,10,4,2
12/2/2009,3.32,10,4,2
12/3/2009,3.39,10,4,2
12/4/2009,3.48,10,4,2
12/7/2009,3.44,10,4,2
12/8/2009,3.4,10,4,2
12/9/2009,3.45,10,4,2
12/10/2009,3.49,10,4,2
12/11/2009,3.55,10,4,2
12/14/2009,3.56,10,4,2
12/15/2009,3.6,10,4,2
12/16/2009,3.61,10,4,2
12/17/2009,3.5,10,4,2
12/18/2009,3.55,10,4,2
12/21/2009,3.69,10,4,2
12/22/2009,3.76,10,4,2
12/23/2009,3.77,10,4,2
12/24/2009,3.82,10,4,2
12/25/2009,,10,4,2
12/28/2009,3.85,10,4,2
12/29/2009,3.82,10,4,2
12/30/2009,3.8,10,4,2
12/31/2009,3.85,10,4,2
1/1/2010,,10,4,2
1/4/2010,3.85,10,4,2
1/5/2010,3.77,10,4,2
1/6/2010,3.85,10,4,2
1/7/2010,3.85,10,4,2
1/8/2010,3.83,10,4,2
1/11/2010,3.85,10,4,2
1/12/2010,3.74,10,4,2
1/13/2010,3.8,10,4,2
1/14/2010,3.76,10,4,2
1/15/2010,3.7,10,4,2
1/18/2010,,10,4,2
1/19/2010,3.73,10,4,2
1/20/2010,3.68,10,4,2
1/21/2010,3.62,10,4,2
1/22/2010,3.62,10,4,2
1/25/2010,3.66,10,4,2
1/26/2010,3.65,10,4,2
1/27/2010,3.66,10,4,2
1/28/2010,3.68,10,4,2
1/29/2010,3.63,10,4,2
2/1/2010,3.68,10,4,2
2/2/2010,3.67,10,4,2
2/3/2010,3.73,10,4,2
2/4/2010,3.62,10,4,2
2/5/2010,3.59,10,4,2
2/8/2010,3.62,10,4,2
2/9/2010,3.67,10,4,2
2/10/2010,3.72,10,4,2
2/11/2010,3.73,10,4,2
2/12/2010,3.69,10,4,2
2/15/2010,,10,4,2
2/16/2010,3.66,10,4,2
2/17/2010,3.74,10,4,2
2/18/2010,3.79,10,4,2
2/19/2010,3.78,10,4,2
2/22/2010,3.8,10,4,2
2/23/2010,3.69,10,4,2
2/24/2010,3.7,10,4,2
2/25/2010,3.64,10,4,2
2/26/2010,3.61,10,4,2
3/1/2010,3.61,10,4,2
3/2/2010,3.62,10,4,2
3/3/2010,3.63,10,4,2
3/4/2010,3.61,10,4,2
3/5/2010,3.69,10,4,2
3/8/2010,3.72,10,4,2
3/9/2010,3.71,10,4,2
3/10/2010,3.73,10,4,2
3/11/2010,3.73,10,4,2
3/12/2010,3.71,10,4,2
3/15/2010,3.71,10,4,2
3/16/2010,3.66,10,4,2
3/17/2010,3.65,10,4,2
3/18/2010,3.68,10,4,2
3/19/2010,3.7,10,4,2
3/22/2010,3.67,10,4,2
3/23/2010,3.69,10,4,2
3/24/2010,3.84,10,4,2
3/25/2010,3.91,10,4,2
3/26/2010,3.86,10,4,2
3/29/2010,3.88,10,4,2
3/30/2010,3.88,10,4,2
3/31/2010,3.84,10,4,2
4/1/2010,3.89,10,4,2
4/2/2010,3.96,10,4,2
4/5/2010,4.01,10,4,2
4/6/2010,3.98,10,4,2
4/7/2010,3.89,10,4,2
4/8/2010,3.91,10,4,2
4/9/2010,3.9,10,4,2
4/12/2010,3.87,10,4,2
4/13/2010,3.84,10,4,2
4/14/2010,3.88,10,4,2
4/15/2010,3.86,10,4,2
4/16/2010,3.79,10,4,2
4/19/2010,3.83,10,4,2
4/20/2010,3.82,10,4,2
4/21/2010,3.77,10,4,2
4/22/2010,3.8,10,4,2
4/23/2010,3.84,10,4,2
4/26/2010,3.83,10,4,2
4/27/2010,3.71,10,4,2
4/28/2010,3.8,10,4,2
4/29/2010,3.76,10,4,2
4/30/2010,3.69,10,4,2
5/3/2010,3.72,10,4,2
5/4/2010,3.63,10,4,2
5/5/2010,3.58,10,4,2
5/6/2010,3.41,10,4,2
5/7/2010,3.45,10,4,2
5/10/2010,3.57,10,4,2
5/11/2010,3.56,10,4,2
5/12/2010,3.56,10,4,2
5/13/2010,3.55,10,4,2
5/14/2010,3.44,10,4,2
5/17/2010,3.47,10,4,2
5/18/2010,3.38,10,4,2
5/19/2010,3.36,10,4,2
5/20/2010,3.25,10,4,2
5/21/2010,3.2,10,4,2
5/24/2010,3.23,10,4,2
5/25/2010,3.18,10,4,2
5/26/2010,3.21,10,4,2
5/27/2010,3.34,10,4,2
5/28/2010,3.31,10,4,2
5/31/2010,,10,4,2
6/1/2010,3.29,10,4,2
6/2/2010,3.35,10,4,2
6/3/2010,3.39,10,4,2
6/4/2010,3.2,10,4,2
6/7/2010,3.17,10,4,2
6/8/2010,3.18,10,4,2
6/9/2010,3.2,10,4,2
6/10/2010,3.33,10,4,2
6/11/2010,3.24,10,4,2
6/14/2010,3.28,10,4,2
6/15/2010,3.32,10,4,2
6/16/2010,3.27,10,4,2
6/17/2010,3.21,10,4,2
6/18/2010,3.24,10,4,2
6/21/2010,3.26,10,4,2
6/22/2010,3.18,10,4,2
6/23/2010,3.13,10,4,2
6/24/2010,3.14,10,4,2
6/25/2010,3.12,10,4,2
6/28/2010,3.05,10,4,2
6/29/2010,2.97,10,4,2
6/30/2010,2.97,10,4,2
7/1/2010,2.96,10,4,2
7/2/2010,3,10,4,2
7/5/2010,,10,4,2
7/6/2010,2.95,10,4,2
7/7/2010,3,10,4,2
7/8/2010,3.04,10,4,2
7/9/2010,3.07,10,4,2
7/12/2010,3.08,10,4,2
7/13/2010,3.15,10,4,2
7/14/2010,3.07,10,4,2
7/15/2010,3,10,4,2
7/16/2010,2.96,10,4,2
7/19/2010,2.99,10,4,2
7/20/2010,2.98,10,4,2
7/21/2010,2.9,10,4,2
7/22/2010,2.96,10,4,2
7/23/2010,3.02,10,4,2
7/26/2010,3.03,10,4,2
7/27/2010,3.08,10,4,2
7/28/2010,3.03,10,4,2
7/29/2010,3.03,10,4,2
7/30/2010,2.94,10,4,2
8/2/2010,2.99,10,4,2
8/3/2010,2.94,10,4,2
8/4/2010,2.98,10,4,2
8/5/2010,2.94,10,4,2
8/6/2010,2.86,10,4,2
8/9/2010,2.86,10,4,2
8/10/2010,2.79,10,4,2
8/11/2010,2.72,10,4,2
8/12/2010,2.74,10,4,2
8/13/2010,2.68,10,4,2
8/16/2010,2.58,10,4,2
8/17/2010,2.64,10,4,2
8/18/2010,2.64,10,4,2
8/19/2010,2.58,10,4,2
8/20/2010,2.62,10,4,2
8/23/2010,2.6,10,4,2
8/24/2010,2.5,10,4,2
8/25/2010,2.54,10,4,2
8/26/2010,2.5,10,4,2
8/27/2010,2.66,10,4,2
8/30/2010,2.54,10,4,2
8/31/2010,2.47,10,4,2
9/1/2010,2.58,10,4,2
9/2/2010,2.63,10,4,2
9/3/2010,2.72,10,4,2
9/6/2010,,10,4,2
9/7/2010,2.61,10,4,2
9/8/2010,2.66,10,4,2
9/9/2010,2.77,10,4,2
9/10/2010,2.81,10,4,2
9/13/2010,2.74,10,4,2
9/14/2010,2.68,10,4,2
9/15/2010,2.74,10,4,2
9/16/2010,2.77,10,4,2
9/17/2010,2.75,10,4,2
9/20/2010,2.72,10,4,2
9/21/2010,2.61,10,4,2
9/22/2010,2.56,10,4,2
9/23/2010,2.56,10,4,2
9/24/2010,2.62,10,4,2
9/27/2010,2.54,10,4,2
9/28/2010,2.48,10,4,2
9/29/2010,2.52,10,4,2
9/30/2010,2.53,10,4,2
10/1/2010,2.54,10,4,2
10/4/2010,2.5,10,4,2
10/5/2010,2.5,10,4,2
10/6/2010,2.41,10,4,2
10/7/2010,2.41,10,4,2
10/8/2010,2.41,10,4,2
10/11/2010,,10,4,2
10/12/2010,2.44,10,4,2
10/13/2010,2.46,10,4,2
10/14/2010,2.52,10,4,2
10/15/2010,2.59,10,4,2
10/18/2010,2.52,10,4,2
10/19/2010,2.5,10,4,2
10/20/2010,2.51,10,4,2
10/21/2010,2.57,10,4,2
10/22/2010,2.59,10,4,2
10/25/2010,2.59,10,4,2
10/26/2010,2.67,10,4,2
10/27/2010,2.75,10,4,2
10/28/2010,2.69,10,4,2
10/29/2010,2.63,10,4,2
11/1/2010,2.66,10,4,2
11/2/2010,2.63,10,4,2
11/3/2010,2.67,10,4,2
11/4/2010,2.53,10,4,2
11/5/2010,2.58,10,4,2
11/8/2010,2.6,10,4,2
11/9/2010,2.72,10,4,2
11/10/2010,2.65,10,4,2
11/11/2010,,10,4,2
11/12/2010,2.76,10,4,2
11/15/2010,2.92,10,4,2
11/16/2010,2.85,10,4,2
11/17/2010,2.89,10,4,2
11/18/2010,2.9,10,4,2
11/19/2010,2.88,10,4,2
11/22/2010,2.8,10,4,2
11/23/2010,2.77,10,4,2
11/24/2010,2.93,10,4,2
11/25/2010,,10,4,2
11/26/2010,2.87,10,4,2
11/29/2010,2.84,10,4,2
11/30/2010,2.81,10,4,2
12/1/2010,2.97,10,4,2
12/2/2010,3.01,10,4,2
12/3/2010,3.03,10,4,2
12/6/2010,2.95,10,4,2
12/7/2010,3.15,10,4,2
12/8/2010,3.26,10,4,2
12/9/2010,3.23,10,4,2
12/10/2010,3.32,10,4,2
12/13/2010,3.29,10,4,2
12/14/2010,3.49,10,4,2
12/15/2010,3.53,10,4,2
12/16/2010,3.47,10,4,2
12/17/2010,3.33,10,4,2
12/20/2010,3.36,10,4,2
12/21/2010,3.35,10,4,2
12/22/2010,3.36,10,4,2
12/23/2010,3.41,10,4,2
12/24/2010,,10,4,2
12/27/2010,3.36,10,4,2
12/28/2010,3.5,10,4,2
12/29/2010,3.35,10,4,2
12/30/2010,3.38,10,4,2
12/31/2010,3.3,10,4,2
1/3/2011,3.36,10,4,2
1/4/2011,3.36,10,4,2
1/5/2011,3.5,10,4,2
1/6/2011,3.44,10,4,2
1/7/2011,3.34,10,4,2
1/10/2011,3.32,10,4,2
1/11/2011,3.37,10,4,2
1/12/2011,3.4,10,4,2
1/13/2011,3.34,10,4,2
1/14/2011,3.35,10,4,2
1/17/2011,,10,4,2
1/18/2011,3.39,10,4,2
1/19/2011,3.37,10,4,2
1/20/2011,3.47,10,4,2
1/21/2011,3.44,10,4,2
1/24/2011,3.43,10,4,2
1/25/2011,3.35,10,4,2
1/26/2011,3.45,10,4,2
1/27/2011,3.42,10,4,2
1/28/2011,3.36,10,4,2
1/31/2011,3.42,10,4,2
2/1/2011,3.48,10,4,2
2/2/2011,3.52,10,4,2
2/3/2011,3.58,10,4,2
2/4/2011,3.68,10,4,2
2/7/2011,3.68,10,4,2
2/8/2011,3.75,10,4,2
2/9/2011,3.65,10,4,2
2/10/2011,3.7,10,4,2
2/11/2011,3.64,10,4,2
2/14/2011,3.62,10,4,2
2/15/2011,3.61,10,4,2
2/16/2011,3.62,10,4,2
2/17/2011,3.58,10,4,2
2/18/2011,3.59,10,4,2
2/21/2011,,10,4,2
2/22/2011,3.46,10,4,2
2/23/2011,3.49,10,4,2
2/24/2011,3.46,10,4,2
2/25/2011,3.42,10,4,2
2/28/2011,3.42,10,4,2
3/1/2011,3.41,10,4,2
3/2/2011,3.46,10,4,2
3/3/2011,3.58,10,4,2
3/4/2011,3.49,10,4,2
3/7/2011,3.51,10,4,2
3/8/2011,3.56,10,4,2
3/9/2011,3.48,10,4,2
3/10/2011,3.37,10,4,2
3/11/2011,3.4,10,4,2
3/14/2011,3.36,10,4,2
3/15/2011,3.33,10,4,2
3/16/2011,3.22,10,4,2
3/17/2011,3.25,10,4,2
3/18/2011,3.28,10,4,2
3/21/2011,3.34,10,4,2
3/22/2011,3.34,10,4,2
3/23/2011,3.36,10,4,2
3/24/2011,3.42,10,4,2
3/25/2011,3.46,10,4,2
3/28/2011,3.47,10,4,2
3/29/2011,3.5,10,4,2
3/30/2011,3.47,10,4,2
3/31/2011,3.47,10,4,2
4/1/2011,3.46,10,4,2
4/4/2011,3.45,10,4,2
4/5/2011,3.5,10,4,2
4/6/2011,3.56,10,4,2
4/7/2011,3.58,10,4,2
4/8/2011,3.59,10,4,2
4/11/2011,3.59,10,4,2
4/12/2011,3.52,10,4,2
4/13/2011,3.49,10,4,2
4/14/2011,3.51,10,4,2
4/15/2011,3.43,10,4,2
4/18/2011,3.4,10,4,2
4/19/2011,3.39,10,4,2
4/20/2011,3.43,10,4,2
4/21/2011,3.42,10,4,2
4/22/2011,,10,4,2
4/25/2011,3.39,10,4,2
4/26/2011,3.34,10,4,2
4/27/2011,3.39,10,4,2
4/28/2011,3.34,10,4,2
4/29/2011,3.32,10,4,2
5/2/2011,3.31,10,4,2
5/3/2011,3.28,10,4,2
5/4/2011,3.25,10,4,2
5/5/2011,3.18,10,4,2
5/6/2011,3.19,10,4,2
5/9/2011,3.17,10,4,2
5/10/2011,3.23,10,4,2
5/11/2011,3.19,10,4,2
5/12/2011,3.22,10,4,2
5/13/2011,3.18,10,4,2
5/16/2011,3.15,10,4,2
5/17/2011,3.12,10,4,2
5/18/2011,3.18,10,4,2
5/19/2011,3.17,10,4,2
5/20/2011,3.15,10,4,2
5/23/2011,3.13,10,4,2
5/24/2011,3.12,10,4,2
5/25/2011,3.13,10,4,2
5/26/2011,3.07,10,4,2
5/27/2011,3.07,10,4,2
5/30/2011,,10,4,2
5/31/2011,3.05,10,4,2
6/1/2011,2.96,10,4,2
6/2/2011,3.04,10,4,2
6/3/2011,2.99,10,4,2
6/6/2011,3.01,10,4,2
6/7/2011,3.01,10,4,2
6/8/2011,2.98,10,4,2
6/9/2011,3.01,10,4,2
6/10/2011,2.99,10,4,2
6/13/2011,3,10,4,2
6/14/2011,3.11,10,4,2
6/15/2011,2.98,10,4,2
6/16/2011,2.93,10,4,2
6/17/2011,2.94,10,4,2
6/20/2011,2.97,10,4,2
6/21/2011,2.99,10,4,2
6/22/2011,3.01,10,4,2
6/23/2011,2.93,10,4,2
6/24/2011,2.88,10,4,2
6/27/2011,2.95,10,4,2
6/28/2011,3.05,10,4,2
6/29/2011,3.14,10,4,2
6/30/2011,3.18,10,4,2
7/1/2011,3.22,10,4,2
7/4/2011,,10,4,2
7/5/2011,3.16,10,4,2
7/6/2011,3.12,10,4,2
7/7/2011,3.17,10,4,2
7/8/2011,3.03,10,4,2
7/11/2011,2.94,10,4,2
7/12/2011,2.92,10,4,2
7/13/2011,2.92,10,4,2
7/14/2011,2.98,10,4,2
7/15/2011,2.94,10,4,2
7/18/2011,2.94,10,4,2
7/19/2011,2.91,10,4,2
7/20/2011,2.96,10,4,2
7/21/2011,3.03,10,4,2
7/22/2011,2.99,10,4,2
7/25/2011,3.03,10,4,2
7/26/2011,2.99,10,4,2
7/27/2011,3.01,10,4,2
7/28/2011,2.98,10,4,2
7/29/2011,2.82,10,4,2
8/1/2011,2.77,10,4,2
8/2/2011,2.66,10,4,2
8/3/2011,2.64,10,4,2
8/4/2011,2.47,10,4,2
8/5/2011,2.58,10,4,2
8/8/2011,2.4,10,4,2
8/9/2011,2.2,10,4,2
8/10/2011,2.17,10,4,2
8/11/2011,2.34,10,4,2
8/12/2011,2.24,10,4,2
8/15/2011,2.29,10,4,2
8/16/2011,2.23,10,4,2
8/17/2011,2.17,10,4,2
8/18/2011,2.08,10,4,2
8/19/2011,2.07,10,4,2
8/22/2011,2.1,10,4,2
8/23/2011,2.15,10,4,2
8/24/2011,2.29,10,4,2
8/25/2011,2.23,10,4,2
8/26/2011,2.19,10,4,2
8/29/2011,2.28,10,4,2
8/30/2011,2.19,10,4,2
8/31/2011,2.23,10,4,2
9/1/2011,2.15,10,4,2
9/2/2011,2.02,10,4,2
9/5/2011,,10,4,2
9/6/2011,1.98,10,4,2
9/7/2011,2.05,10,4,2
9/8/2011,2,10,4,2
9/9/2011,1.93,10,4,2
9/12/2011,1.94,10,4,2
9/13/2011,2,10,4,2
9/14/2011,2.03,10,4,2
9/15/2011,2.09,10,4,2
9/16/2011,2.08,10,4,2
9/19/2011,1.97,10,4,2
9/20/2011,1.95,10,4,2
9/21/2011,1.88,10,4,2
9/22/2011,1.72,10,4,2
9/23/2011,1.84,10,4,2
9/26/2011,1.91,10,4,2
9/27/2011,2,10,4,2
9/28/2011,2.03,10,4,2
9/29/2011,1.99,10,4,2
9/30/2011,1.92,10,4,2
10/3/2011,1.8,10,4,2
10/4/2011,1.81,10,4,2
10/5/2011,1.92,10,4,2
10/6/2011,2.01,10,4,2
10/7/2011,2.1,10,4,2
10/10/2011,,10,4,2
10/11/2011,2.18,10,4,2
10/12/2011,2.24,10,4,2
10/13/2011,2.19,10,4,2
10/14/2011,2.26,10,4,2
10/17/2011,2.18,10,4,2
10/18/2011,2.19,10,4,2
10/19/2011,2.18,10,4,2
10/20/2011,2.2,10,4,2
10/21/2011,2.23,10,4,2
10/24/2011,2.25,10,4,2
10/25/2011,2.14,10,4,2
10/26/2011,2.23,10,4,2
10/27/2011,2.42,10,4,2
10/28/2011,2.34,10,4,2
10/31/2011,2.17,10,4,2
11/1/2011,2.01,10,4,2
11/2/2011,2.03,10,4,2
11/3/2011,2.09,10,4,2
11/4/2011,2.06,10,4,2
11/7/2011,2.04,10,4,2
11/8/2011,2.1,10,4,2
11/9/2011,2,10,4,2
11/10/2011,2.04,10,4,2
11/11/2011,,10,4,2
11/14/2011,2.04,10,4,2
11/15/2011,2.06,10,4,2
11/16/2011,2.01,10,4,2
11/17/2011,1.96,10,4,2
11/18/2011,2.01,10,4,2
11/21/2011,1.97,10,4,2
11/22/2011,1.94,10,4,2
11/23/2011,1.89,10,4,2
11/24/2011,,10,4,2
11/25/2011,1.97,10,4,2
11/28/2011,1.97,10,4,2
11/29/2011,2,10,4,2
11/30/2011,2.08,10,4,2
12/1/2011,2.11,10,4,2
12/2/2011,2.05,10,4,2
12/5/2011,2.04,10,4,2
12/6/2011,2.08,10,4,2
12/7/2011,2.02,10,4,2
12/8/2011,1.99,10,4,2
12/9/2011,2.07,10,4,2
12/12/2011,2.03,10,4,2
12/13/2011,1.96,10,4,2
12/14/2011,1.92,10,4,2
12/15/2011,1.92,10,4,2
12/16/2011,1.86,10,4,2
12/19/2011,1.82,10,4,2
12/20/2011,1.94,10,4,2
12/21/2011,1.98,10,4,2
12/22/2011,1.97,10,4,2
12/23/2011,2.03,10,4,2
12/26/2011,,10,4,2
12/27/2011,2.02,10,4,2
12/28/2011,1.93,10,4,2
12/29/2011,1.91,10,4,2
12/30/2011,1.89,10,4,2
1/2/2012,,10,4,2
1/3/2012,1.97,10,4,2
1/4/2012,2,10,4,2
1/5/2012,2.02,10,4,2
1/6/2012,1.98,10,4,2
1/9/2012,1.98,10,4,2
1/10/2012,2,10,4,2
1/11/2012,1.93,10,4,2
1/12/2012,1.94,10,4,2
1/13/2012,1.89,10,4,2
1/16/2012,,10,4,2
1/17/2012,1.87,10,4,2
1/18/2012,1.92,10,4,2
1/19/2012,2.01,10,4,2
1/20/2012,2.05,10,4,2
1/23/2012,2.09,10,4,2
1/24/2012,2.08,10,4,2
1/25/2012,2.01,10,4,2
1/26/2012,1.96,10,4,2
1/27/2012,1.93,10,4,2
1/30/2012,1.87,10,4,2
1/31/2012,1.83,10,4,2
2/1/2012,1.87,10,4,2
2/2/2012,1.86,10,4,2
2/3/2012,1.97,10,4,2
2/6/2012,1.93,10,4,2
2/7/2012,2,10,4,2
2/8/2012,2.01,10,4,2
2/9/2012,2.04,10,4,2
2/10/2012,1.96,10,4,2
2/13/2012,1.99,10,4,2
2/14/2012,1.92,10,4,2
2/15/2012,1.93,10,4,2
2/16/2012,1.99,10,4,2
2/17/2012,2.01,10,4,2
2/20/2012,,10,4,2
2/21/2012,2.05,10,4,2
2/22/2012,2.01,10,4,2
2/23/2012,1.99,10,4,2
2/24/2012,1.98,10,4,2
2/27/2012,1.92,10,4,2
2/28/2012,1.94,10,4,2
2/29/2012,1.98,10,4,2
3/1/2012,2.03,10,4,2
3/2/2012,1.99,10,4,2
3/5/2012,2,10,4,2
3/6/2012,1.96,10,4,2
3/7/2012,1.98,10,4,2
3/8/2012,2.03,10,4,2
3/9/2012,2.04,10,4,2
3/12/2012,2.04,10,4,2
3/13/2012,2.14,10,4,2
3/14/2012,2.29,10,4,2
3/15/2012,2.29,10,4,2
3/16/2012,2.31,10,4,2
3/19/2012,2.39,10,4,2
3/20/2012,2.38,10,4,2
3/21/2012,2.31,10,4,2
3/22/2012,2.29,10,4,2
3/23/2012,2.25,10,4,2
3/26/2012,2.26,10,4,2
3/27/2012,2.2,10,4,2
3/28/2012,2.21,10,4,2
3/29/2012,2.18,10,4,2
3/30/2012,2.23,10,4,2
4/2/2012,2.22,10,4,2
4/3/2012,2.3,10,4,2
4/4/2012,2.25,10,4,2
4/5/2012,2.19,10,4,2
4/6/2012,2.07,10,4,2
4/9/2012,2.06,10,4,2
4/10/2012,2.01,10,4,2
4/11/2012,2.05,10,4,2
4/12/2012,2.08,10,4,2
4/13/2012,2.02,10,4,2
4/16/2012,2,10,4,2
4/17/2012,2.03,10,4,2
4/18/2012,2,10,4,2
4/19/2012,1.98,10,4,2
4/20/2012,1.99,10,4,2
4/23/2012,1.96,10,4,2
4/24/2012,2,10,4,2
4/25/2012,2.01,10,4,2
4/26/2012,1.98,10,4,2
4/27/2012,1.96,10,4,2
4/30/2012,1.95,10,4,2
5/1/2012,1.98,10,4,2
5/2/2012,1.96,10,4,2
5/3/2012,1.96,10,4,2
5/4/2012,1.91,10,4,2
5/7/2012,1.92,10,4,2
5/8/2012,1.88,10,4,2
5/9/2012,1.87,10,4,2
5/10/2012,1.89,10,4,2
5/11/2012,1.84,10,4,2
5/14/2012,1.78,10,4,2
5/15/2012,1.76,10,4,2
5/16/2012,1.76,10,4,2
5/17/2012,1.7,10,4,2
5/18/2012,1.71,10,4,2
5/21/2012,1.75,10,4,2
5/22/2012,1.79,10,4,2
5/23/2012,1.73,10,4,2
5/24/2012,1.77,10,4,2
5/25/2012,1.75,10,4,2
5/28/2012,,10,4,2
5/29/2012,1.74,10,4,2
5/30/2012,1.63,10,4,2
5/31/2012,1.59,10,4,2
6/1/2012,1.47,10,4,2
6/4/2012,1.53,10,4,2
6/5/2012,1.57,10,4,2
6/6/2012,1.66,10,4,2
6/7/2012,1.66,10,4,2
6/8/2012,1.65,10,4,2
6/11/2012,1.6,10,4,2
6/12/2012,1.67,10,4,2
6/13/2012,1.61,10,4,2
6/14/2012,1.64,10,4,2
6/15/2012,1.6,10,4,2
6/18/2012,1.59,10,4,2
6/19/2012,1.64,10,4,2
6/20/2012,1.65,10,4,2
6/21/2012,1.63,10,4,2
6/22/2012,1.69,10,4,2
6/25/2012,1.63,10,4,2
6/26/2012,1.66,10,4,2
6/27/2012,1.65,10,4,2
6/28/2012,1.6,10,4,2
6/29/2012,1.67,10,4,2
7/2/2012,1.61,10,4,2
7/3/2012,1.65,10,4,2
7/4/2012,,10,4,2
7/5/2012,1.62,10,4,2
7/6/2012,1.57,10,4,2
7/9/2012,1.53,10,4,2
7/10/2012,1.53,10,4,2
7/11/2012,1.54,10,4,2
7/12/2012,1.5,10,4,2
7/13/2012,1.52,10,4,2
7/16/2012,1.5,10,4,2
7/17/2012,1.53,10,4,2
7/18/2012,1.52,10,4,2
7/19/2012,1.54,10,4,2
7/20/2012,1.49,10,4,2
7/23/2012,1.47,10,4,2
7/24/2012,1.44,10,4,2
7/25/2012,1.43,10,4,2
7/26/2012,1.45,10,4,2
7/27/2012,1.58,10,4,2
7/30/2012,1.53,10,4,2
7/31/2012,1.51,10,4,2
8/1/2012,1.56,10,4,2
8/2/2012,1.51,10,4,2
8/3/2012,1.6,10,4,2
8/6/2012,1.59,10,4,2
8/7/2012,1.66,10,4,2
8/8/2012,1.68,10,4,2
8/9/2012,1.69,10,4,2
8/10/2012,1.65,10,4,2
8/13/2012,1.65,10,4,2
8/14/2012,1.73,10,4,2
8/15/2012,1.8,10,4,2
8/16/2012,1.83,10,4,2
8/17/2012,1.81,10,4,2
8/20/2012,1.82,10,4,2
8/21/2012,1.8,10,4,2
8/22/2012,1.71,10,4,2
8/23/2012,1.68,10,4,2
8/24/2012,1.68,10,4,2
8/27/2012,1.65,10,4,2
8/28/2012,1.64,10,4,2
8/29/2012,1.66,10,4,2
8/30/2012,1.63,10,4,2
8/31/2012,1.57,10,4,2
9/3/2012,,10,4,2
9/4/2012,1.59,10,4,2
9/5/2012,1.6,10,4,2
9/6/2012,1.68,10,4,2
9/7/2012,1.67,10,4,2
9/10/2012,1.68,10,4,2
9/11/2012,1.7,10,4,2
9/12/2012,1.77,10,4,2
9/13/2012,1.75,10,4,2
9/14/2012,1.88,10,4,2
9/17/2012,1.85,10,4,2
9/18/2012,1.82,10,4,2
9/19/2012,1.79,10,4,2
9/20/2012,1.8,10,4,2
9/21/2012,1.77,10,4,2
9/24/2012,1.74,10,4,2
9/25/2012,1.7,10,4,2
9/26/2012,1.64,10,4,2
9/27/2012,1.66,10,4,2
9/28/2012,1.65,10,4,2
10/1/2012,1.64,10,4,2
10/2/2012,1.64,10,4,2
10/3/2012,1.64,10,4,2
10/4/2012,1.7,10,4,2
10/5/2012,1.75,10,4,2
10/8/2012,,10,4,2
10/9/2012,1.74,10,4,2
10/10/2012,1.72,10,4,2
10/11/2012,1.7,10,4,2
10/12/2012,1.69,10,4,2
10/15/2012,1.7,10,4,2
10/16/2012,1.75,10,4,2
10/17/2012,1.83,10,4,2
10/18/2012,1.86,10,4,2
10/19/2012,1.79,10,4,2
10/22/2012,1.83,10,4,2
10/23/2012,1.79,10,4,2
10/24/2012,1.8,10,4,2
10/25/2012,1.86,10,4,2
10/26/2012,1.78,10,4,2
10/29/2012,1.74,10,4,2
10/30/2012,,10,4,2
10/31/2012,1.72,10,4,2
11/1/2012,1.75,10,4,2
11/2/2012,1.75,10,4,2
11/5/2012,1.72,10,4,2
11/6/2012,1.78,10,4,2
11/7/2012,1.68,10,4,2
11/8/2012,1.62,10,4,2
11/9/2012,1.61,10,4,2
11/12/2012,,10,4,2
11/13/2012,1.59,10,4,2
11/14/2012,1.59,10,4,2
11/15/2012,1.58,10,4,2
11/16/2012,1.58,10,4,2
11/19/2012,1.61,10,4,2
11/20/2012,1.66,10,4,2
11/21/2012,1.69,10,4,2
11/22/2012,,10,4,2
11/23/2012,1.7,10,4,2
11/26/2012,1.66,10,4,2
11/27/2012,1.64,10,4,2
11/28/2012,1.63,10,4,2
11/29/2012,1.62,10,4,2
11/30/2012,1.62,10,4,2
12/3/2012,1.63,10,4,2
12/4/2012,1.62,10,4,2
12/5/2012,1.6,10,4,2
12/6/2012,1.59,10,4,2
12/7/2012,1.64,10,4,2
12/10/2012,1.63,10,4,2
12/11/2012,1.66,10,4,2
12/12/2012,1.72,10,4,2
12/13/2012,1.74,10,4,2
12/14/2012,1.72,10,4,2
12/17/2012,1.78,10,4,2
12/18/2012,1.84,10,4,2
12/19/2012,1.82,10,4,2
12/20/2012,1.81,10,4,2
12/21/2012,1.77,10,4,2
12/24/2012,1.79,10,4,2
12/25/2012,,10,4,2
12/26/2012,1.77,10,4,2
12/27/2012,1.74,10,4,2
12/28/2012,1.73,10,4,2
12/31/2012,1.78,10,4,2
1/1/2013,,10,4,2
1/2/2013,1.86,10,4,2
1/3/2013,1.92,10,4,2
1/4/2013,1.93,10,4,2
1/7/2013,1.92,10,4,2
1/8/2013,1.89,10,4,2
1/9/2013,1.88,10,4,2
1/10/2013,1.91,10,4,2
1/11/2013,1.89,10,4,2
1/14/2013,1.89,10,4,2
1/15/2013,1.86,10,4,2
1/16/2013,1.84,10,4,2
1/17/2013,1.89,10,4,2
1/18/2013,1.87,10,4,2
1/21/2013,,10,4,2
1/22/2013,1.86,10,4,2
1/23/2013,1.86,10,4,2
1/24/2013,1.88,10,4,2
1/25/2013,1.98,10,4,2
1/28/2013,2,10,4,2
1/29/2013,2.03,10,4,2
1/30/2013,2.03,10,4,2
1/31/2013,2.02,10,4,2
2/1/2013,2.04,10,4,2
2/4/2013,2,10,4,2
2/5/2013,2.04,10,4,2
2/6/2013,2,10,4,2
2/7/2013,1.99,10,4,2
2/8/2013,1.99,10,4,2
2/11/2013,1.99,10,4,2
2/12/2013,2.02,10,4,2
2/13/2013,2.05,10,4,2
2/14/2013,2,10,4,2
2/15/2013,2.01,10,4,2
2/18/2013,,10,4,2
2/19/2013,2.03,10,4,2
2/20/2013,2.02,10,4,2
2/21/2013,1.99,10,4,2
2/22/2013,1.97,10,4,2
2/25/2013,1.88,10,4,2
2/26/2013,1.88,10,4,2
2/27/2013,1.91,10,4,2
2/28/2013,1.89,10,4,2
3/1/2013,1.86,10,4,2
3/4/2013,1.88,10,4,2
3/5/2013,1.9,10,4,2
3/6/2013,1.95,10,4,2
3/7/2013,2,10,4,2
3/8/2013,2.06,10,4,2
3/11/2013,2.07,10,4,2
3/12/2013,2.03,10,4,2
3/13/2013,2.04,10,4,2
3/14/2013,2.04,10,4,2
3/15/2013,2.01,10,4,2
3/18/2013,1.96,10,4,2
3/19/2013,1.92,10,4,2
3/20/2013,1.96,10,4,2
3/21/2013,1.95,10,4,2
3/22/2013,1.93,10,4,2
3/25/2013,1.93,10,4,2
3/26/2013,1.92,10,4,2
3/27/2013,1.87,10,4,2
3/28/2013,1.87,10,4,2
3/29/2013,,10,4,2
4/1/2013,1.86,10,4,2
4/2/2013,1.88,10,4,2
4/3/2013,1.83,10,4,2
4/4/2013,1.78,10,4,2
4/5/2013,1.72,10,4,2
4/8/2013,1.76,10,4,2
4/9/2013,1.78,10,4,2
4/10/2013,1.84,10,4,2
4/11/2013,1.82,10,4,2
4/12/2013,1.75,10,4,2
4/15/2013,1.72,10,4,2
4/16/2013,1.75,10,4,2
4/17/2013,1.73,10,4,2
4/18/2013,1.72,10,4,2
4/19/2013,1.73,10,4,2
4/22/2013,1.72,10,4,2
4/23/2013,1.74,10,4,2
4/24/2013,1.73,10,4,2
4/25/2013,1.74,10,4,2
4/26/2013,1.7,10,4,2
4/29/2013,1.7,10,4,2
4/30/2013,1.7,10,4,2
5/1/2013,1.66,10,4,2
5/2/2013,1.66,10,4,2
5/3/2013,1.78,10,4,2
5/6/2013,1.8,10,4,2
5/7/2013,1.82,10,4,2
5/8/2013,1.81,10,4,2
5/9/2013,1.81,10,4,2
5/10/2013,1.9,10,4,2
5/13/2013,1.92,10,4,2
5/14/2013,1.96,10,4,2
5/15/2013,1.94,10,4,2
5/16/2013,1.87,10,4,2
5/17/2013,1.95,10,4,2
5/20/2013,1.97,10,4,2
5/21/2013,1.94,10,4,2
5/22/2013,2.03,10,4,2
5/23/2013,2.02,10,4,2
5/24/2013,2.01,10,4,2
5/27/2013,,10,4,2
5/28/2013,2.15,10,4,2
5/29/2013,2.13,10,4,2
5/30/2013,2.13,10,4,2
5/31/2013,2.16,10,4,2
6/3/2013,2.13,10,4,2
6/4/2013,2.14,10,4,2
6/5/2013,2.1,10,4,2
6/6/2013,2.08,10,4,2
6/7/2013,2.17,10,4,2
6/10/2013,2.22,10,4,2
6/11/2013,2.2,10,4,2
6/12/2013,2.25,10,4,2
6/13/2013,2.19,10,4,2
6/14/2013,2.14,10,4,2
6/17/2013,2.19,10,4,2
6/18/2013,2.2,10,4,2
6/19/2013,2.33,10,4,2
6/20/2013,2.41,10,4,2
6/21/2013,2.52,10,4,2
6/24/2013,2.57,10,4,2
6/25/2013,2.6,10,4,2
6/26/2013,2.55,10,4,2
6/27/2013,2.49,10,4,2
6/28/2013,2.52,10,4,2
7/1/2013,2.5,10,4,2
7/2/2013,2.48,10,4,2
7/3/2013,2.52,10,4,2
7/4/2013,,10,4,2
7/5/2013,2.73,10,4,2
7/8/2013,2.65,10,4,2
7/9/2013,2.65,10,4,2
7/10/2013,2.7,10,4,2
7/11/2013,2.6,10,4,2
7/12/2013,2.61,10,4,2
7/15/2013,2.57,10,4,2
7/16/2013,2.55,10,4,2
7/17/2013,2.52,10,4,2
7/18/2013,2.56,10,4,2
7/19/2013,2.5,10,4,2
7/22/2013,2.5,10,4,2
7/23/2013,2.53,10,4,2
7/24/2013,2.61,10,4,2
7/25/2013,2.61,10,4,2
7/26/2013,2.58,10,4,2
7/29/2013,2.61,10,4,2
7/30/2013,2.63,10,4,2
7/31/2013,2.6,10,4,2
8/1/2013,2.74,10,4,2
8/2/2013,2.63,10,4,2
8/5/2013,2.67,10,4,2
8/6/2013,2.67,10,4,2
8/7/2013,2.61,10,4,2
8/8/2013,2.58,10,4,2
8/9/2013,2.57,10,4,2
8/12/2013,2.61,10,4,2
8/13/2013,2.71,10,4,2
8/14/2013,2.71,10,4,2
8/15/2013,2.77,10,4,2
8/16/2013,2.84,10,4,2
8/19/2013,2.88,10,4,2
8/20/2013,2.82,10,4,2
8/21/2013,2.87,10,4,2
8/22/2013,2.9,10,4,2
8/23/2013,2.82,10,4,2
8/26/2013,2.79,10,4,2
8/27/2013,2.72,10,4,2
8/28/2013,2.78,10,4,2
8/29/2013,2.75,10,4,2
8/30/2013,2.78,10,4,2
9/2/2013,,10,4,2
9/3/2013,2.86,10,4,2
9/4/2013,2.9,10,4,2
9/5/2013,2.98,10,4,2
9/6/2013,2.94,10,4,2
9/9/2013,2.9,10,4,2
9/10/2013,2.96,10,4,2
9/11/2013,2.93,10,4,2
9/12/2013,2.92,10,4,2
9/13/2013,2.9,10,4,2
9/16/2013,2.88,10,4,2
9/17/2013,2.86,10,4,2
9/18/2013,2.69,10,4,2
9/19/2013,2.76,10,4,2
9/20/2013,2.75,10,4,2
9/23/2013,2.72,10,4,2
9/24/2013,2.67,10,4,2
9/25/2013,2.63,10,4,2
9/26/2013,2.66,10,4,2
9/27/2013,2.64,10,4,2
9/30/2013,2.64,10,4,2
10/1/2013,2.66,10,4,2
10/2/2013,2.63,10,4,2
10/3/2013,2.62,10,4,2
10/4/2013,2.66,10,4,2
10/7/2013,2.65,10,4,2
10/8/2013,2.66,10,4,2
10/9/2013,2.68,10,4,2
10/10/2013,2.71,10,4,2
10/11/2013,2.7,10,4,2
10/14/2013,,10,4,2
10/15/2013,2.75,10,4,2
10/16/2013,2.69,10,4,2
10/17/2013,2.61,10,4,2
10/18/2013,2.6,10,4,2
10/21/2013,2.63,10,4,2
10/22/2013,2.54,10,4,2
10/23/2013,2.51,10,4,2
10/24/2013,2.53,10,4,2
10/25/2013,2.53,10,4,2
10/28/2013,2.54,10,4,2
10/29/2013,2.53,10,4,2
10/30/2013,2.55,10,4,2
10/31/2013,2.57,10,4,2
11/1/2013,2.65,10,4,2
11/4/2013,2.63,10,4,2
11/5/2013,2.69,10,4,2
11/6/2013,2.67,10,4,2
11/7/2013,2.63,10,4,2
11/8/2013,2.77,10,4,2
11/11/2013,,10,4,2
11/12/2013,2.8,10,4,2
11/13/2013,2.75,10,4,2
11/14/2013,2.69,10,4,2
11/15/2013,2.71,10,4,2
11/18/2013,2.67,10,4,2
11/19/2013,2.71,10,4,2
11/20/2013,2.8,10,4,2
11/21/2013,2.79,10,4,2
11/22/2013,2.75,10,4,2
11/25/2013,2.74,10,4,2
11/26/2013,2.71,10,4,2
11/27/2013,2.74,10,4,2
11/28/2013,,10,4,2
11/29/2013,2.75,10,4,2
12/2/2013,2.81,10,4,2
12/3/2013,2.79,10,4,2
12/4/2013,2.84,10,4,2
12/5/2013,2.88,10,4,2
12/6/2013,2.88,10,4,2
12/9/2013,2.86,10,4,2
12/10/2013,2.81,10,4,2
12/11/2013,2.86,10,4,2
12/12/2013,2.89,10,4,2
12/13/2013,2.88,10,4,2
12/16/2013,2.89,10,4,2
12/17/2013,2.85,10,4,2
12/18/2013,2.89,10,4,2
12/19/2013,2.94,10,4,2
12/20/2013,2.89,10,4,2
12/23/2013,2.94,10,4,2
12/24/2013,2.99,10,4,2
12/25/2013,,10,4,2
12/26/2013,3,10,4,2
12/27/2013,3.02,10,4,2
12/30/2013,2.99,10,4,2
12/31/2013,3.04,10,4,2
1/1/2014,,10,4,2
1/2/2014,3,10,4,2
1/3/2014,3.01,10,4,2
1/6/2014,2.98,10,4,2
1/7/2014,2.96,10,4,2
1/8/2014,3.01,10,4,2
1/9/2014,2.97,10,4,2
1/10/2014,2.88,10,4,2
1/13/2014,2.84,10,4,2
1/14/2014,2.88,10,4,2
1/15/2014,2.9,10,4,2
1/16/2014,2.86,10,4,2
1/17/2014,2.84,10,4,2
1/20/2014,,10,4,2
1/21/2014,2.85,10,4,2
1/22/2014,2.87,10,4,2
1/23/2014,2.79,10,4,2
1/24/2014,2.75,10,4,2
1/27/2014,2.78,10,4,2
1/28/2014,2.77,10,4,2
1/29/2014,2.69,10,4,2
1/30/2014,2.72,10,4,2
1/31/2014,2.67,10,4,2
2/3/2014,2.61,10,4,2
2/4/2014,2.64,10,4,2
2/5/2014,2.7,10,4,2
2/6/2014,2.73,10,4,2
2/7/2014,2.71,10,4,2
2/10/2014,2.7,10,4,2
2/11/2014,2.75,10,4,2
2/12/2014,2.8,10,4,2
2/13/2014,2.73,10,4,2
2/14/2014,2.75,10,4,2
2/17/2014,,10,4,2
2/18/2014,2.71,10,4,2
2/19/2014,2.73,10,4,2
2/20/2014,2.76,10,4,2
2/21/2014,2.73,10,4,2
2/24/2014,2.75,10,4,2
2/25/2014,2.7,10,4,2
2/26/2014,2.67,10,4,2
2/27/2014,2.65,10,4,2
2/28/2014,2.66,10,4,2
3/3/2014,2.6,10,4,2
3/4/2014,2.7,10,4,2
3/5/2014,2.7,10,4,2
3/6/2014,2.74,10,4,2
3/7/2014,2.8,10,4,2
3/10/2014,2.79,10,4,2
3/11/2014,2.77,10,4,2
3/12/2014,2.73,10,4,2
3/13/2014,2.66,10,4,2
3/14/2014,2.65,10,4,2
3/17/2014,2.7,10,4,2
3/18/2014,2.68,10,4,2
3/19/2014,2.78,10,4,2
3/20/2014,2.79,10,4,2
3/21/2014,2.75,10,4,2
3/24/2014,2.74,10,4,2
3/25/2014,2.75,10,4,2
3/26/2014,2.71,10,4,2
3/27/2014,2.69,10,4,2
3/28/2014,2.73,10,4,2
3/31/2014,2.73,10,4,2
4/1/2014,2.77,10,4,2
4/2/2014,2.82,10,4,2
4/3/2014,2.8,10,4,2
4/4/2014,2.74,10,4,2
4/7/2014,2.71,10,4,2
4/8/2014,2.69,10,4,2
4/9/2014,2.71,10,4,2
4/10/2014,2.65,10,4,2
4/11/2014,2.63,10,4,2
4/14/2014,2.65,10,4,2
4/15/2014,2.64,10,4,2
4/16/2014,2.65,10,4,2
4/17/2014,2.73,10,4,2
4/18/2014,,10,4,2
4/21/2014,2.73,10,4,2
4/22/2014,2.73,10,4,2
4/23/2014,2.7,10,4,2
4/24/2014,2.7,10,4,2
4/25/2014,2.68,10,4,2
4/28/2014,2.7,10,4,2
4/29/2014,2.71,10,4,2
4/30/2014,2.67,10,4,2
5/1/2014,2.63,10,4,2
5/2/2014,2.6,10,4,2
5/5/2014,2.63,10,4,2
5/6/2014,2.61,10,4,2
5/7/2014,2.62,10,4,2
5/8/2014,2.61,10,4,2
5/9/2014,2.62,10,4,2
5/12/2014,2.66,10,4,2
5/13/2014,2.61,10,4,2
5/14/2014,2.54,10,4,2
5/15/2014,2.5,10,4,2
5/16/2014,2.52,10,4,2
5/19/2014,2.54,10,4,2
5/20/2014,2.52,10,4,2
5/21/2014,2.54,10,4,2
5/22/2014,2.56,10,4,2
5/23/2014,2.54,10,4,2
5/26/2014,,10,4,2
5/27/2014,2.52,10,4,2
5/28/2014,2.44,10,4,2
5/29/2014,2.45,10,4,2
5/30/2014,2.48,10,4,2
6/2/2014,2.54,10,4,2
6/3/2014,2.6,10,4,2
6/4/2014,2.61,10,4,2
6/5/2014,2.59,10,4,2
6/6/2014,2.6,10,4,2
6/9/2014,2.62,10,4,2
6/10/2014,2.64,10,4,2
6/11/2014,2.65,10,4,2
6/12/2014,2.58,10,4,2
6/13/2014,2.6,10,4,2
6/16/2014,2.61,10,4,2
6/17/2014,2.66,10,4,2
6/18/2014,2.61,10,4,2
6/19/2014,2.64,10,4,2
6/20/2014,2.63,10,4,2
6/23/2014,2.63,10,4,2
6/24/2014,2.59,10,4,2
6/25/2014,2.57,10,4,2
6/26/2014,2.53,10,4,2
6/27/2014,2.54,10,4,2
6/30/2014,2.53,10,4,2
7/1/2014,2.58,10,4,2
7/2/2014,2.64,10,4,2
7/3/2014,2.65,10,4,2
7/4/2014,,10,4,2
7/7/2014,2.63,10,4,2
7/8/2014,2.58,10,4,2
7/9/2014,2.57,10,4,2
7/10/2014,2.55,10,4,2
7/11/2014,2.53,10,4,2
7/14/2014,2.55,10,4,2
7/15/2014,2.56,10,4,2
7/16/2014,2.55,10,4,2
7/17/2014,2.47,10,4,2
7/18/2014,2.5,10,4,2
7/21/2014,2.49,10,4,2
7/22/2014,2.48,10,4,2
7/23/2014,2.48,10,4,2
7/24/2014,2.52,10,4,2
7/25/2014,2.48,10,4,2
7/28/2014,2.5,10,4,2
7/29/2014,2.47,10,4,2
7/30/2014,2.57,10,4,2
7/31/2014,2.58,10,4,2
8/1/2014,2.52,10,4,2
8/4/2014,2.51,10,4,2
8/5/2014,2.49,10,4,2
8/6/2014,2.49,10,4,2
8/7/2014,2.43,10,4,2
8/8/2014,2.44,10,4,2
8/11/2014,2.44,10,4,2
8/12/2014,2.46,10,4,2
8/13/2014,2.43,10,4,2
8/14/2014,2.4,10,4,2
8/15/2014,2.34,10,4,2
8/18/2014,2.39,10,4,2
8/19/2014,2.4,10,4,2
8/20/2014,2.43,10,4,2
8/21/2014,2.41,10,4,2
8/22/2014,2.4,10,4,2
8/25/2014,2.39,10,4,2
8/26/2014,2.39,10,4,2
8/27/2014,2.37,10,4,2
8/28/2014,2.34,10,4,2
8/29/2014,2.35,10,4,2
9/1/2014,,10,4,2
9/2/2014,2.42,10,4,2
9/3/2014,2.41,10,4,2
9/4/2014,2.45,10,4,2
9/5/2014,2.46,10,4,2
9/8/2014,2.48,10,4,2
9/9/2014,2.5,10,4,2
9/10/2014,2.54,10,4,2
9/11/2014,2.54,10,4,2
9/12/2014,2.62,10,4,2
9/15/2014,2.6,10,4,2
9/16/2014,2.6,10,4,2
9/17/2014,2.62,10,4,2
9/18/2014,2.63,10,4,2
9/19/2014,2.59,10,4,2
9/22/2014,2.57,10,4,2
9/23/2014,2.54,10,4,2
9/24/2014,2.57,10,4,2
9/25/2014,2.52,10,4,2
9/26/2014,2.54,10,4,2
9/29/2014,2.5,10,4,2
9/30/2014,2.52,10,4,2
10/1/2014,2.42,10,4,2
10/2/2014,2.44,10,4,2
10/3/2014,2.45,10,4,2
10/6/2014,2.43,10,4,2
10/7/2014,2.36,10,4,2
10/8/2014,2.35,10,4,2
10/9/2014,2.34,10,4,2
10/10/2014,2.31,10,4,2
10/13/2014,,10,4,2
10/14/2014,2.21,10,4,2
10/15/2014,2.15,10,4,2
10/16/2014,2.17,10,4,2
10/17/2014,2.22,10,4,2
10/20/2014,2.2,10,4,2
10/21/2014,2.23,10,4,2
10/22/2014,2.25,10,4,2
10/23/2014,2.29,10,4,2
10/24/2014,2.29,10,4,2
10/27/2014,2.27,10,4,2
10/28/2014,2.3,10,4,2
10/29/2014,2.34,10,4,2
10/30/2014,2.32,10,4,2
10/31/2014,2.35,10,4,2
11/3/2014,2.36,10,4,2
11/4/2014,2.35,10,4,2
11/5/2014,2.36,10,4,2
11/6/2014,2.39,10,4,2
11/7/2014,2.32,10,4,2
11/10/2014,2.38,10,4,2
11/11/2014,,10,4,2
11/12/2014,2.37,10,4,2
11/13/2014,2.35,10,4,2
11/14/2014,2.32,10,4,2
11/17/2014,2.34,10,4,2
11/18/2014,2.32,10,4,2
11/19/2014,2.36,10,4,2
11/20/2014,2.34,10,4,2
11/21/2014,2.31,10,4,2
11/24/2014,2.3,10,4,2
11/25/2014,2.27,10,4,2
11/26/2014,2.24,10,4,2
11/27/2014,,10,4,2
11/28/2014,2.18,10,4,2
12/1/2014,2.22,10,4,2
12/2/2014,2.28,10,4,2
12/3/2014,2.29,10,4,2
12/4/2014,2.25,10,4,2
12/5/2014,2.31,10,4,2
12/8/2014,2.26,10,4,2
12/9/2014,2.22,10,4,2
12/10/2014,2.18,10,4,2
12/11/2014,2.19,10,4,2
12/12/2014,2.1,10,4,2
12/15/2014,2.12,10,4,2
12/16/2014,2.07,10,4,2
12/17/2014,2.14,10,4,2
12/18/2014,2.22,10,4,2
12/19/2014,2.17,10,4,2
12/22/2014,2.17,10,4,2
12/23/2014,2.26,10,4,2
12/24/2014,2.27,10,4,2
12/25/2014,,10,4,2
12/26/2014,2.25,10,4,2
12/29/2014,2.22,10,4,2
12/30/2014,2.2,10,4,2
12/31/2014,2.17,10,4,2
1/1/2015,,10,4,2
1/2/2015,2.12,10,4,2
1/5/2015,2.04,10,4,2
1/6/2015,1.97,10,4,2
1/7/2015,1.96,10,4,2
1/8/2015,2.03,10,4,2
1/9/2015,1.98,10,4,2
1/12/2015,1.92,10,4,2
1/13/2015,1.91,10,4,2
1/14/2015,1.86,10,4,2
1/15/2015,1.77,10,4,2
1/16/2015,1.83,10,4,2
1/19/2015,,10,4,2
1/20/2015,1.82,10,4,2
1/21/2015,1.87,10,4,2
1/22/2015,1.9,10,4,2
1/23/2015,1.81,10,4,2
1/26/2015,1.83,10,4,2
1/27/2015,1.83,10,4,2
1/28/2015,1.73,10,4,2
1/29/2015,1.77,10,4,2
1/30/2015,1.68,10,4,2
2/2/2015,1.68,10,4,2
2/3/2015,1.79,10,4,2
2/4/2015,1.81,10,4,2
2/5/2015,1.83,10,4,2
2/6/2015,1.95,10,4,2
2/9/2015,1.96,10,4,2
2/10/2015,2.01,10,4,2
2/11/2015,2,10,4,2
2/12/2015,1.99,10,4,2
2/13/2015,2.02,10,4,2
2/16/2015,,10,4,2
2/17/2015,2.14,10,4,2
2/18/2015,2.07,10,4,2
2/19/2015,2.11,10,4,2
2/20/2015,2.13,10,4,2
2/23/2015,2.06,10,4,2
2/24/2015,1.99,10,4,2
2/25/2015,1.96,10,4,2
2/26/2015,2.03,10,4,2
2/27/2015,2,10,4,2
3/2/2015,2.08,10,4,2
3/3/2015,2.12,10,4,2
3/4/2015,2.12,10,4,2
3/5/2015,2.11,10,4,2
3/6/2015,2.24,10,4,2
3/9/2015,2.2,10,4,2
3/10/2015,2.14,10,4,2
3/11/2015,2.11,10,4,2
3/12/2015,2.1,10,4,2
3/13/2015,2.13,10,4,2
3/16/2015,2.1,10,4,2
3/17/2015,2.06,10,4,2
3/18/2015,1.93,10,4,2
3/19/2015,1.98,10,4,2
3/20/2015,1.93,10,4,2
3/23/2015,1.92,10,4,2
3/24/2015,1.88,10,4,2
3/25/2015,1.93,10,4,2
3/26/2015,2.01,10,4,2
3/27/2015,1.95,10,4,2
3/30/2015,1.96,10,4,2
3/31/2015,1.94,10,4,2
4/1/2015,1.87,10,4,2
4/2/2015,1.92,10,4,2
4/3/2015,1.85,10,4,2
4/6/2015,1.92,10,4,2
4/7/2015,1.89,10,4,2
4/8/2015,1.92,10,4,2
4/9/2015,1.97,10,4,2
4/10/2015,1.96,10,4,2
4/13/2015,1.94,10,4,2
4/14/2015,1.9,10,4,2
4/15/2015,1.91,10,4,2
4/16/2015,1.9,10,4,2
4/17/2015,1.87,10,4,2
4/20/2015,1.9,10,4,2
4/21/2015,1.92,10,4,2
4/22/2015,1.99,10,4,2
4/23/2015,1.96,10,4,2
4/24/2015,1.93,10,4,2
4/27/2015,1.94,10,4,2
4/28/2015,2,10,4,2
4/29/2015,2.06,10,4,2
4/30/2015,2.05,10,4,2
5/1/2015,2.12,10,4,2
5/4/2015,2.16,10,4,2
5/5/2015,2.19,10,4,2
5/6/2015,2.25,10,4,2
5/7/2015,2.18,10,4,2
5/8/2015,2.16,10,4,2
5/11/2015,2.28,10,4,2
5/12/2015,2.28,10,4,2
5/13/2015,2.27,10,4,2
5/14/2015,2.23,10,4,2
5/15/2015,2.14,10,4,2
5/18/2015,2.23,10,4,2
5/19/2015,2.27,10,4,2
5/20/2015,2.26,10,4,2
5/21/2015,2.19,10,4,2
5/22/2015,2.21,10,4,2
5/25/2015,,10,4,2
5/26/2015,2.14,10,4,2
5/27/2015,2.14,10,4,2
5/28/2015,2.13,10,4,2
5/29/2015,2.12,10,4,2
6/1/2015,2.19,10,4,2
6/2/2015,2.27,10,4,2
6/3/2015,2.38,10,4,2
6/4/2015,2.31,10,4,2
6/5/2015,2.41,10,4,2
6/8/2015,2.39,10,4,2
6/9/2015,2.42,10,4,2
6/10/2015,2.5,10,4,2
6/11/2015,2.39,10,4,2
6/12/2015,2.39,10,4,2
6/15/2015,2.36,10,4,2
6/16/2015,2.32,10,4,2
6/17/2015,2.32,10,4,2
6/18/2015,2.35,10,4,2
6/19/2015,2.26,10,4,2
6/22/2015,2.37,10,4,2
6/23/2015,2.42,10,4,2
6/24/2015,2.38,10,4,2
6/25/2015,2.4,10,4,2
6/26/2015,2.49,10,4,2
6/29/2015,2.33,10,4,2
6/30/2015,2.35,10,4,2
7/1/2015,2.43,10,4,2
7/2/2015,2.4,10,4,2
7/3/2015,,10,4,2
7/6/2015,2.3,10,4,2
7/7/2015,2.27,10,4,2
7/8/2015,2.22,10,4,2
7/9/2015,2.32,10,4,2
7/10/2015,2.42,10,4,2
7/13/2015,2.44,10,4,2
7/14/2015,2.41,10,4,2
7/15/2015,2.36,10,4,2
7/16/2015,2.36,10,4,2
7/17/2015,2.34,10,4,2
7/20/2015,2.38,10,4,2
7/21/2015,2.35,10,4,2
7/22/2015,2.33,10,4,2
7/23/2015,2.28,10,4,2
7/24/2015,2.27,10,4,2
7/27/2015,2.23,10,4,2
7/28/2015,2.26,10,4,2
7/29/2015,2.29,10,4,2
7/30/2015,2.28,10,4,2
7/31/2015,2.2,10,4,2
8/3/2015,2.16,10,4,2
8/4/2015,2.23,10,4,2
8/5/2015,2.28,10,4,2
8/6/2015,2.23,10,4,2
8/7/2015,2.18,10,4,2
8/10/2015,2.24,10,4,2
8/11/2015,2.15,10,4,2
8/12/2015,2.14,10,4,2
8/13/2015,2.19,10,4,2
8/14/2015,2.2,10,4,2
8/17/2015,2.16,10,4,2
8/18/2015,2.2,10,4,2
8/19/2015,2.12,10,4,2
8/20/2015,2.09,10,4,2
8/21/2015,2.05,10,4,2
8/24/2015,2.01,10,4,2
8/25/2015,2.12,10,4,2
8/26/2015,2.18,10,4,2
8/27/2015,2.18,10,4,2
8/28/2015,2.19,10,4,2
8/31/2015,2.21,10,4,2
9/1/2015,2.17,10,4,2
9/2/2015,2.2,10,4,2
9/3/2015,2.18,10,4,2
9/4/2015,2.13,10,4,2
9/7/2015,,10,4,2
9/8/2015,2.2,10,4,2
9/9/2015,2.21,10,4,2
9/10/2015,2.23,10,4,2
9/11/2015,2.2,10,4,2
9/14/2015,2.18,10,4,2
9/15/2015,2.28,10,4,2
9/16/2015,2.3,10,4,2
9/17/2015,2.21,10,4,2
9/18/2015,2.13,10,4,2
9/21/2015,2.2,10,4,2
9/22/2015,2.14,10,4,2
9/23/2015,2.16,10,4,2
9/24/2015,2.13,10,4,2
9/25/2015,2.17,10,4,2
9/28/2015,2.1,10,4,2
9/29/2015,2.05,10,4,2
9/30/2015,2.06,10,4,2
10/1/2015,2.05,10,4,2
10/2/2015,1.99,10,4,2
10/5/2015,2.07,10,4,2
10/6/2015,2.05,10,4,2
10/7/2015,2.08,10,4,2
10/8/2015,2.12,10,4,2
10/9/2015,2.12,10,4,2
10/12/2015,,10,4,2
10/13/2015,2.06,10,4,2
10/14/2015,1.99,10,4,2
10/15/2015,2.04,10,4,2
10/16/2015,2.04,10,4,2
10/19/2015,2.04,10,4,2
10/20/2015,2.08,10,4,2
10/21/2015,2.04,10,4,2
10/22/2015,2.04,10,4,2
10/23/2015,2.09,10,4,2
10/26/2015,2.07,10,4,2
10/27/2015,2.05,10,4,2
10/28/2015,2.1,10,4,2
10/29/2015,2.19,10,4,2
10/30/2015,2.16,10,4,2
11/2/2015,2.2,10,4,2
11/3/2015,2.23,10,4,2
11/4/2015,2.25,10,4,2
11/5/2015,2.26,10,4,2
11/6/2015,2.34,10,4,2
11/9/2015,2.36,10,4,2
11/10/2015,2.32,10,4,2
11/11/2015,,10,4,2
11/12/2015,2.32,10,4,2
11/13/2015,2.28,10,4,2
11/16/2015,2.27,10,4,2
11/17/2015,2.25,10,4,2
11/18/2015,2.27,10,4,2
11/19/2015,2.24,10,4,2
11/20/2015,2.26,10,4,2
11/23/2015,2.25,10,4,2
11/24/2015,2.24,10,4,2
11/25/2015,2.23,10,4,2
11/26/2015,,10,4,2
11/27/2015,2.22,10,4,2
11/30/2015,2.21,10,4,2
12/1/2015,2.15,10,4,2
12/2/2015,2.18,10,4,2
12/3/2015,2.33,10,4,2
12/4/2015,2.28,10,4,2
12/7/2015,2.23,10,4,2
12/8/2015,2.24,10,4,2
12/9/2015,2.22,10,4,2
12/10/2015,2.24,10,4,2
12/11/2015,2.13,10,4,2
12/14/2015,2.23,10,4,2
12/15/2015,2.28,10,4,2
12/16/2015,2.3,10,4,2
12/17/2015,2.24,10,4,2
12/18/2015,2.19,10,4,2
12/21/2015,2.2,10,4,2
12/22/2015,2.24,10,4,2
12/23/2015,2.27,10,4,2
12/24/2015,2.25,10,4,2
12/25/2015,,10,4,2
12/28/2015,2.24,10,4,2
12/29/2015,2.32,10,4,2
12/30/2015,2.31,10,4,2
12/31/2015,2.27,10,4,2
1/1/2016,,10,4,2
1/4/2016,2.24,10,4,2
1/5/2016,2.25,10,4,2
1/6/2016,2.18,10,4,2
1/7/2016,2.16,10,4,2
1/8/2016,2.13,10,4,2
1/11/2016,2.17,10,4,2
1/12/2016,2.12,10,4,2
1/13/2016,2.08,10,4,2
1/14/2016,2.1,10,4,2
1/15/2016,2.03,10,4,2
1/18/2016,,10,4,2
1/19/2016,2.06,10,4,2
1/20/2016,2.01,10,4,2
1/21/2016,2.02,10,4,2
1/22/2016,2.07,10,4,2
1/25/2016,2.03,10,4,2
1/26/2016,2.01,10,4,2
1/27/2016,2.02,10,4,2
1/28/2016,2,10,4,2
1/29/2016,1.94,10,4,2
2/1/2016,1.97,10,4,2
2/2/2016,1.87,10,4,2
2/3/2016,1.88,10,4,2
2/4/2016,1.87,10,4,2
2/5/2016,1.86,10,4,2
2/8/2016,1.75,10,4,2
2/9/2016,1.74,10,4,2
2/10/2016,1.71,10,4,2
2/11/2016,1.63,10,4,2
2/12/2016,1.74,10,4,2
2/15/2016,,10,4,2
2/16/2016,1.78,10,4,2
2/17/2016,1.81,10,4,2
2/18/2016,1.75,10,4,2
2/19/2016,1.76,10,4,2
2/22/2016,1.77,10,4,2
2/23/2016,1.74,10,4,2
2/24/2016,1.75,10,4,2
2/25/2016,1.71,10,4,2
2/26/2016,1.76,10,4,2
2/29/2016,1.74,10,4,2
3/1/2016,1.83,10,4,2
3/2/2016,1.84,10,4,2
3/3/2016,1.83,10,4,2
3/4/2016,1.88,10,4,2
3/7/2016,1.91,10,4,2
3/8/2016,1.83,10,4,2
3/9/2016,1.9,10,4,2
3/10/2016,1.93,10,4,2
3/11/2016,1.98,10,4,2
3/14/2016,1.97,10,4,2
3/15/2016,1.97,10,4,2
3/16/2016,1.94,10,4,2
3/17/2016,1.91,10,4,2
3/18/2016,1.88,10,4,2
3/21/2016,1.92,10,4,2
3/22/2016,1.94,10,4,2
3/23/2016,1.88,10,4,2
3/24/2016,1.91,10,4,2
3/25/2016,,10,4,2
3/28/2016,1.89,10,4,2
3/29/2016,1.81,10,4,2
3/30/2016,1.83,10,4,2
3/31/2016,1.78,10,4,2
4/1/2016,1.79,10,4,2
4/4/2016,1.78,10,4,2
4/5/2016,1.73,10,4,2
4/6/2016,1.76,10,4,2
4/7/2016,1.7,10,4,2
4/8/2016,1.72,10,4,2
4/11/2016,1.73,10,4,2
4/12/2016,1.79,10,4,2
4/13/2016,1.77,10,4,2
4/14/2016,1.8,10,4,2
4/15/2016,1.76,10,4,2
4/18/2016,1.78,10,4,2
4/19/2016,1.79,10,4,2
4/20/2016,1.85,10,4,2
4/21/2016,1.88,10,4,2
4/22/2016,1.89,10,4,2
4/25/2016,1.91,10,4,2
4/26/2016,1.94,10,4,2
4/27/2016,1.87,10,4,2
4/28/2016,1.84,10,4,2
4/29/2016,1.83,10,4,2
5/2/2016,1.88,10,4,2
5/3/2016,1.81,10,4,2
5/4/2016,1.79,10,4,2
5/5/2016,1.76,10,4,2
5/6/2016,1.79,10,4,2
5/9/2016,1.77,10,4,2
5/10/2016,1.77,10,4,2
5/11/2016,1.73,10,4,2
5/12/2016,1.75,10,4,2
5/13/2016,1.71,10,4,2
5/16/2016,1.75,10,4,2
5/17/2016,1.76,10,4,2
5/18/2016,1.87,10,4,2
5/19/2016,1.85,10,4,2
5/20/2016,1.85,10,4,2
5/23/2016,1.84,10,4,2
5/24/2016,1.86,10,4,2
5/25/2016,1.87,10,4,2
5/26/2016,1.83,10,4,2
5/27/2016,1.85,10,4,2
5/30/2016,,10,4,2
5/31/2016,1.84,10,4,2
6/1/2016,1.85,10,4,2
6/2/2016,1.81,10,4,2
6/3/2016,1.71,10,4,2
6/6/2016,1.73,10,4,2
6/7/2016,1.72,10,4,2
6/8/2016,1.71,10,4,2
6/9/2016,1.68,10,4,2
6/10/2016,1.64,10,4,2
6/13/2016,1.62,10,4,2
6/14/2016,1.62,10,4,2
6/15/2016,1.6,10,4,2
6/16/2016,1.57,10,4,2
6/17/2016,1.62,10,4,2
6/20/2016,1.67,10,4,2
6/21/2016,1.71,10,4,2
6/22/2016,1.69,10,4,2
6/23/2016,1.74,10,4,2
6/24/2016,1.57,10,4,2
6/27/2016,1.46,10,4,2
6/28/2016,1.46,10,4,2
6/29/2016,1.5,10,4,2
6/30/2016,1.49,10,4,2
7/1/2016,1.46,10,4,2
7/4/2016,,10,4,2
7/5/2016,1.37,10,4,2
7/6/2016,1.38,10,4,2
7/7/2016,1.4,10,4,2
7/8/2016,1.37,10,4,2
7/11/2016,1.43,10,4,2
7/12/2016,1.53,10,4,2
7/13/2016,1.48,10,4,2
7/14/2016,1.53,10,4,2
7/15/2016,1.6,10,4,2
7/18/2016,1.59,10,4,2
7/19/2016,1.56,10,4,2
7/20/2016,1.59,10,4,2
7/21/2016,1.57,10,4,2
7/22/2016,1.57,10,4,2
7/25/2016,1.58,10,4,2
7/26/2016,1.57,10,4,2
7/27/2016,1.52,10,4,2
7/28/2016,1.52,10,4,2
7/29/2016,1.46,10,4,2
8/1/2016,1.51,10,4,2
8/2/2016,1.55,10,4,2
8/3/2016,1.55,10,4,2
8/4/2016,1.51,10,4,2
8/5/2016,1.59,10,4,2
8/8/2016,1.59,10,4,2
8/9/2016,1.55,10,4,2
8/10/2016,1.5,10,4,2
8/11/2016,1.57,10,4,2
8/12/2016,1.51,10,4,2
8/15/2016,1.55,10,4,2
8/16/2016,1.57,10,4,2
8/17/2016,1.56,10,4,2
8/18/2016,1.53,10,4,2
8/19/2016,1.58,10,4,2
8/22/2016,1.55,10,4,2
8/23/2016,1.55,10,4,2
8/24/2016,1.56,10,4,2
8/25/2016,1.58,10,4,2
8/26/2016,1.62,10,4,2
8/29/2016,1.57,10,4,2
8/30/2016,1.57,10,4,2
8/31/2016,1.58,10,4,2
9/1/2016,1.57,10,4,2
9/2/2016,1.6,10,4,2
9/5/2016,,10,4,2
9/6/2016,1.55,10,4,2
9/7/2016,1.54,10,4,2
9/8/2016,1.61,10,4,2
9/9/2016,1.67,10,4,2
9/12/2016,1.68,10,4,2
9/13/2016,1.73,10,4,2
9/14/2016,1.7,10,4,2
9/15/2016,1.71,10,4,2
9/16/2016,1.7,10,4,2
9/19/2016,1.7,10,4,2
9/20/2016,1.69,10,4,2
9/21/2016,1.66,10,4,2
9/22/2016,1.63,10,4,2
9/23/2016,1.62,10,4,2
9/26/2016,1.59,10,4,2
9/27/2016,1.56,10,4,2
9/28/2016,1.57,10,4,2
9/29/2016,1.56,10,4,2
9/30/2016,1.6,10,4,2
10/3/2016,1.63,10,4,2
10/4/2016,1.69,10,4,2
10/5/2016,1.72,10,4,2
10/6/2016,1.75,10,4,2
10/7/2016,1.73,10,4,2
10/10/2016,,10,4,2
10/11/2016,1.77,10,4,2
10/12/2016,1.79,10,4,2
10/13/2016,1.75,10,4,2
10/14/2016,1.8,10,4,2
10/17/2016,1.77,10,4,2
10/18/2016,1.75,10,4,2
10/19/2016,1.76,10,4,2
10/20/2016,1.76,10,4,2
10/21/2016,1.74,10,4,2
10/24/2016,1.77,10,4,2
10/25/2016,1.77,10,4,2
10/26/2016,1.79,10,4,2
10/27/2016,1.85,10,4,2
10/28/2016,1.86,10,4,2
10/31/2016,1.84,10,4,2
11/1/2016,1.83,10,4,2
11/2/2016,1.81,10,4,2
11/3/2016,1.82,10,4,2
11/4/2016,1.79,10,4,2
11/7/2016,1.83,10,4,2
11/8/2016,1.88,10,4,2
11/9/2016,2.07,10,4,2
11/10/2016,2.15,10,4,2
11/11/2016,,10,4,2
11/14/2016,2.23,10,4,2
11/15/2016,2.23,10,4,2
11/16/2016,2.22,10,4,2
11/17/2016,2.29,10,4,2
11/18/2016,2.34,10,4,2
11/21/2016,2.33,10,4,2
11/22/2016,2.31,10,4,2
11/23/2016,2.36,10,4,2
11/24/2016,,10,4,2
11/25/2016,2.36,10,4,2
11/28/2016,2.32,10,4,2
11/29/2016,2.3,10,4,2
11/30/2016,2.37,10,4,2
12/1/2016,2.45,10,4,2
12/2/2016,2.4,10,4,2
12/5/2016,2.39,10,4,2
12/6/2016,2.39,10,4,2
12/7/2016,2.34,10,4,2
12/8/2016,2.4,10,4,2
12/9/2016,2.47,10,4,2
12/12/2016,2.49,10,4,2
12/13/2016,2.48,10,4,2
12/14/2016,2.54,10,4,2
12/15/2016,2.6,10,4,2
12/16/2016,2.6,10,4,2
12/19/2016,2.54,10,4,2
12/20/2016,2.57,10,4,2
12/21/2016,2.55,10,4,2
12/22/2016,2.55,10,4,2
12/23/2016,2.55,10,4,2
12/26/2016,,10,4,2
12/27/2016,2.57,10,4,2
12/28/2016,2.51,10,4,2
12/29/2016,2.49,10,4,2
12/30/2016,2.45,10,4,2
1/2/2017,,10,4,2
1/3/2017,2.45,10,4,2
1/4/2017,2.46,10,4,2
1/5/2017,2.37,10,4,2
1/6/2017,2.42,10,4,2
1/9/2017,2.38,10,4,2
1/10/2017,2.38,10,4,2
1/11/2017,2.38,10,4,2
1/12/2017,2.36,10,4,2
1/13/2017,2.4,10,4,2
1/16/2017,,10,4,2
1/17/2017,2.33,10,4,2
1/18/2017,2.42,10,4,2
1/19/2017,2.47,10,4,2
1/20/2017,2.48,10,4,2
1/23/2017,2.41,10,4,2
1/24/2017,2.47,10,4,2
1/25/2017,2.53,10,4,2
1/26/2017,2.51,10,4,2
1/27/2017,2.49,10,4,2
1/30/2017,2.49,10,4,2
1/31/2017,2.45,10,4,2
2/1/2017,2.48,10,4,2
2/2/2017,2.48,10,4,2
2/3/2017,2.49,10,4,2
2/6/2017,2.42,10,4,2
2/7/2017,2.4,10,4,2
2/8/2017,2.34,10,4,2
2/9/2017,2.4,10,4,2
2/10/2017,2.41,10,4,2
2/13/2017,2.43,10,4,2
2/14/2017,2.47,10,4,2
2/15/2017,2.51,10,4,2
2/16/2017,2.45,10,4,2
2/17/2017,2.42,10,4,2
2/20/2017,,10,4,2
2/21/2017,2.43,10,4,2
2/22/2017,2.42,10,4,2
2/23/2017,2.38,10,4,2
2/24/2017,2.31,10,4,2
2/27/2017,2.36,10,4,2
2/28/2017,2.36,10,4,2
3/1/2017,2.46,10,4,2
3/2/2017,2.49,10,4,2
3/3/2017,2.49,10,4,2
3/6/2017,2.49,10,4,2
3/7/2017,2.52,10,4,2
3/8/2017,2.57,10,4,2
3/9/2017,2.6,10,4,2
3/10/2017,2.58,10,4,2
3/13/2017,2.62,10,4,2
3/14/2017,2.6,10,4,2
3/15/2017,2.51,10,4,2
3/16/2017,2.53,10,4,2
3/17/2017,2.5,10,4,2
3/20/2017,2.47,10,4,2
3/21/2017,2.43,10,4,2
3/22/2017,2.4,10,4,2
3/23/2017,2.41,10,4,2
3/24/2017,2.4,10,4,2
3/27/2017,2.38,10,4,2
3/28/2017,2.42,10,4,2
3/29/2017,2.39,10,4,2
3/30/2017,2.42,10,4,2
3/31/2017,2.4,10,4,2
4/3/2017,2.35,10,4,2
4/4/2017,2.36,10,4,2
4/5/2017,2.34,10,4,2
4/6/2017,2.34,10,4,2
4/7/2017,2.38,10,4,2
4/10/2017,2.37,10,4,2
4/11/2017,2.32,10,4,2
4/12/2017,2.28,10,4,2
4/13/2017,2.24,10,4,2
4/14/2017,,10,4,2
4/17/2017,2.26,10,4,2
4/18/2017,2.18,10,4,2
4/19/2017,2.21,10,4,2
4/20/2017,2.24,10,4,2
4/21/2017,2.24,10,4,2
4/24/2017,2.28,10,4,2
4/25/2017,2.35,10,4,2
4/26/2017,2.32,10,4,2
4/27/2017,2.3,10,4,2
4/28/2017,2.29,10,4,2
5/1/2017,2.33,10,4,2
5/2/2017,2.29,10,4,2
5/3/2017,2.33,10,4,2
5/4/2017,2.36,10,4,2
5/5/2017,2.36,10,4,2
5/8/2017,2.39,10,4,2
5/9/2017,2.42,10,4,2
5/10/2017,2.41,10,4,2
5/11/2017,2.39,10,4,2
5/12/2017,2.33,10,4,2
5/15/2017,2.34,10,4,2
5/16/2017,2.33,10,4,2
5/17/2017,2.22,10,4,2
5/18/2017,2.23,10,4,2
5/19/2017,2.23,10,4,2
5/22/2017,2.25,10,4,2
5/23/2017,2.29,10,4,2
5/24/2017,2.26,10,4,2
5/25/2017,2.25,10,4,2
5/26/2017,2.25,10,4,2
5/29/2017,,10,4,2
5/30/2017,2.21,10,4,2
5/31/2017,2.21,10,4,2
6/1/2017,2.21,10,4,2
6/2/2017,2.15,10,4,2
6/5/2017,2.18,10,4,2
6/6/2017,2.14,10,4,2
6/7/2017,2.18,10,4,2
6/8/2017,2.19,10,4,2
6/9/2017,2.21,10,4,2
6/12/2017,2.21,10,4,2
6/13/2017,2.21,10,4,2
6/14/2017,2.15,10,4,2
6/15/2017,2.16,10,4,2
6/16/2017,2.16,10,4,2
6/19/2017,2.19,10,4,2
6/20/2017,2.16,10,4,2
6/21/2017,2.16,10,4,2
6/22/2017,2.15,10,4,2
6/23/2017,2.15,10,4,2
6/26/2017,2.14,10,4,2
6/27/2017,2.21,10,4,2
6/28/2017,2.22,10,4,2
6/29/2017,2.27,10,4,2
6/30/2017,2.31,10,4,2
7/3/2017,2.35,10,4,2
7/4/2017,,10,4,2
7/5/2017,2.33,10,4,2
7/6/2017,2.37,10,4,2
7/7/2017,2.39,10,4,2
7/10/2017,2.38,10,4,2
7/11/2017,2.37,10,4,2
7/12/2017,2.33,10,4,2
7/13/2017,2.35,10,4,2
7/14/2017,2.33,10,4,2
7/17/2017,2.31,10,4,2
7/18/2017,2.27,10,4,2
7/19/2017,2.27,10,4,2
7/20/2017,2.27,10,4,2
7/21/2017,2.24,10,4,2
7/24/2017,2.26,10,4,2
7/25/2017,2.33,10,4,2
7/26/2017,2.29,10,4,2
7/27/2017,2.32,10,4,2
7/28/2017,2.3,10,4,2
7/31/2017,2.3,10,4,2
8/1/2017,2.26,10,4,2
8/2/2017,2.27,10,4,2
8/3/2017,2.24,10,4,2
8/4/2017,2.27,10,4,2
8/7/2017,2.26,10,4,2
8/8/2017,2.29,10,4,2
8/9/2017,2.24,10,4,2
8/10/2017,2.2,10,4,2
8/11/2017,2.19,10,4,2
8/14/2017,2.22,10,4,2
8/15/2017,2.27,10,4,2
8/16/2017,2.23,10,4,2
8/17/2017,2.19,10,4,2
8/18/2017,2.19,10,4,2
8/21/2017,2.18,10,4,2
8/22/2017,2.22,10,4,2
8/23/2017,2.17,10,4,2
8/24/2017,2.19,10,4,2
8/25/2017,2.17,10,4,2
8/28/2017,2.16,10,4,2
8/29/2017,2.13,10,4,2
8/30/2017,2.15,10,4,2
8/31/2017,2.12,10,4,2
9/1/2017,2.16,10,4,2
9/4/2017,,10,4,2
9/5/2017,2.07,10,4,2
9/6/2017,2.1,10,4,2
9/7/2017,2.05,10,4,2
9/8/2017,2.06,10,4,2
9/11/2017,2.14,10,4,2
9/12/2017,2.17,10,4,2
9/13/2017,2.2,10,4,2
9/14/2017,2.2,10,4,2
9/15/2017,2.2,10,4,2
9/18/2017,2.23,10,4,2
9/19/2017,2.24,10,4,2
9/20/2017,2.28,10,4,2
9/21/2017,2.27,10,4,2
9/22/2017,2.26,10,4,2
9/25/2017,2.22,10,4,2
9/26/2017,2.24,10,4,2
9/27/2017,2.31,10,4,2
9/28/2017,2.31,10,4,2
9/29/2017,2.33,10,4,2
10/2/2017,2.34,10,4,2
10/3/2017,2.33,10,4,2
10/4/2017,2.33,10,4,2
10/5/2017,2.35,10,4,2
10/6/2017,2.37,10,4,2
10/9/2017,,10,4,2
10/10/2017,2.35,10,4,2
10/11/2017,2.35,10,4,2
10/12/2017,2.33,10,4,2
10/13/2017,2.28,10,4,2
10/16/2017,2.3,10,4,2
10/17/2017,2.3,10,4,2
10/18/2017,2.34,10,4,2
10/19/2017,2.33,10,4,2
10/20/2017,2.39,10,4,2
10/23/2017,2.38,10,4,2
10/24/2017,2.42,10,4,2
10/25/2017,2.44,10,4,2
10/26/2017,2.46,10,4,2
10/27/2017,2.42,10,4,2
10/30/2017,2.37,10,4,2
10/31/2017,2.38,10,4,2
11/1/2017,2.37,10,4,2
11/2/2017,2.35,10,4,2
11/3/2017,2.34,10,4,2
11/6/2017,2.32,10,4,2
11/7/2017,2.32,10,4,2
11/8/2017,2.32,10,4,2
11/9/2017,2.33,10,4,2
11/10/2017,2.4,10,4,2
11/13/2017,2.4,10,4,2
11/14/2017,2.38,10,4,2
11/15/2017,2.33,10,4,2
11/16/2017,2.37,10,4,2
11/17/2017,2.35,10,4,2
11/20/2017,2.37,10,4,2
11/21/2017,2.36,10,4,2
11/22/2017,2.32,10,4,2
11/23/2017,,10,4,2
11/24/2017,2.34,10,4,2
11/27/2017,2.32,10,4,2
11/28/2017,2.34,10,4,2
11/29/2017,2.37,10,4,2
11/30/2017,2.42,10,4,2
12/1/2017,2.37,10,4,2
12/4/2017,2.37,10,4,2
12/5/2017,2.36,10,4,2
12/6/2017,2.33,10,4,2
12/7/2017,2.37,10,4,2
12/8/2017,2.38,10,4,2
12/11/2017,2.39,10,4,2
12/12/2017,2.4,10,4,2
12/13/2017,2.36,10,4,2
12/14/2017,2.35,10,4,2
12/15/2017,2.35,10,4,2
12/18/2017,2.39,10,4,2
12/19/2017,2.46,10,4,2
12/20/2017,2.49,10,4,2
12/21/2017,2.48,10,4,2
12/22/2017,2.48,10,4,2
12/25/2017,,10,4,2
12/26/2017,2.47,10,4,2
12/27/2017,2.42,10,4,2
12/28/2017,2.43,10,4,2
12/29/2017,2.4,10,4,2
1/1/2018,,10,4,2
1/2/2018,2.46,10,4,2
1/3/2018,2.44,10,4,2
1/4/2018,2.46,10,4,2
1/5/2018,2.47,10,4,2
1/8/2018,2.49,10,4,2
1/9/2018,2.55,10,4,2
1/10/2018,2.55,10,4,2
1/11/2018,2.54,10,4,2
1/12/2018,2.55,10,4,2
1/15/2018,,10,4,2
1/16/2018,2.54,10,4,2
1/17/2018,2.57,10,4,2
1/18/2018,2.62,10,4,2
1/19/2018,2.64,10,4,2
1/22/2018,2.66,10,4,2
1/23/2018,2.63,10,4,2
1/24/2018,2.65,10,4,2
1/25/2018,2.63,10,4,2
1/26/2018,2.66,10,4,2
1/29/2018,2.7,10,4,2
1/30/2018,2.73,10,4,2
1/31/2018,2.72,10,4,2
2/1/2018,2.78,10,4,2
2/2/2018,2.84,10,4,2
2/5/2018,2.77,10,4,2
2/6/2018,2.79,10,4,2
2/7/2018,2.84,10,4,2
2/8/2018,2.85,10,4,2
2/9/2018,2.83,10,4,2
2/12/2018,2.86,10,4,2
2/13/2018,2.83,10,4,2
2/14/2018,2.91,10,4,2
2/15/2018,2.9,10,4,2
2/16/2018,2.87,10,4,2
2/19/2018,,10,4,2
2/20/2018,2.88,10,4,2
2/21/2018,2.94,10,4,2
2/22/2018,2.92,10,4,2
2/23/2018,2.88,10,4,2
2/26/2018,2.86,10,4,2
2/27/2018,2.9,10,4,2
2/28/2018,2.87,10,4,2
3/1/2018,2.81,10,4,2
3/2/2018,2.86,10,4,2
3/5/2018,2.88,10,4,2
3/6/2018,2.88,10,4,2
3/7/2018,2.89,10,4,2
3/8/2018,2.86,10,4,2
3/9/2018,2.9,10,4,2
3/12/2018,2.87,10,4,2
3/13/2018,2.84,10,4,2
3/14/2018,2.81,10,4,2
3/15/2018,2.82,10,4,2
3/16/2018,2.85,10,4,2
3/19/2018,2.85,10,4,2
3/20/2018,2.89,10,4,2
3/21/2018,2.89,10,4,2
3/22/2018,2.83,10,4,2
3/23/2018,2.82,10,4,2
3/26/2018,2.85,10,4,2
3/27/2018,2.78,10,4,2
3/28/2018,2.77,10,4,2
3/29/2018,2.74,10,4,2
3/30/2018,,10,4,2
4/2/2018,2.73,10,4,2
4/3/2018,2.79,10,4,2
4/4/2018,2.79,10,4,2
4/5/2018,2.83,10,4,2
4/6/2018,2.77,10,4,2
4/9/2018,2.78,10,4,2
4/10/2018,2.8,10,4,2
4/11/2018,2.79,10,4,2
4/12/2018,2.83,10,4,2
4/13/2018,2.82,10,4,2
4/16/2018,2.83,10,4,2
4/17/2018,2.82,10,4,2
4/18/2018,2.87,10,4,2
4/19/2018,2.92,10,4,2
4/20/2018,2.96,10,4,2
4/23/2018,2.98,10,4,2
4/24/2018,3,10,4,2
4/25/2018,3.03,10,4,2
4/26/2018,3,10,4,2
4/27/2018,2.96,10,4,2
4/30/2018,2.95,10,4,2
5/1/2018,2.97,10,4,2
5/2/2018,2.97,10,4,2
5/3/2018,2.94,10,4,2
5/4/2018,2.95,10,4,2
5/7/2018,2.95,10,4,2
5/8/2018,2.97,10,4,2
5/9/2018,3,10,4,2
5/10/2018,2.97,10,4,2
5/11/2018,2.97,10,4,2
5/14/2018,3,10,4,2
5/15/2018,3.08,10,4,2
5/16/2018,3.09,10,4,2
5/17/2018,3.11,10,4,2
5/18/2018,3.06,10,4,2
5/21/2018,3.06,10,4,2
5/22/2018,3.06,10,4,2
5/23/2018,3.01,10,4,2
5/24/2018,2.98,10,4,2
5/25/2018,2.93,10,4,2
5/28/2018,,10,4,2
5/29/2018,2.77,10,4,2
5/30/2018,2.84,10,4,2
5/31/2018,2.83,10,4,2
6/1/2018,2.89,10,4,2
6/4/2018,2.94,10,4,2
6/5/2018,2.92,10,4,2
6/6/2018,2.97,10,4,2
6/7/2018,2.93,10,4,2
6/8/2018,2.93,10,4,2
6/11/2018,2.96,10,4,2
6/12/2018,2.96,10,4,2
6/13/2018,2.98,10,4,2
6/14/2018,2.94,10,4,2
6/15/2018,2.93,10,4,2
6/18/2018,2.92,10,4,2
6/19/2018,2.89,10,4,2
6/20/2018,2.93,10,4,2
6/21/2018,2.9,10,4,2
6/22/2018,2.9,10,4,2
6/25/2018,2.87,10,4,2
6/26/2018,2.88,10,4,2
6/27/2018,2.83,10,4,2
6/28/2018,2.84,10,4,2
6/29/2018,2.85,10,4,2
7/2/2018,2.87,10,4,2
7/3/2018,2.83,10,4,2
7/4/2018,,10,4,2
7/5/2018,2.84,10,4,2
7/6/2018,2.82,10,4,2
7/9/2018,2.86,10,4,2
7/10/2018,2.87,10,4,2
7/11/2018,2.85,10,4,2
7/12/2018,2.85,10,4,2
7/13/2018,2.83,10,4,2
7/16/2018,2.85,10,4,2
7/17/2018,2.86,10,4,2
7/18/2018,2.88,10,4,2
7/19/2018,2.84,10,4,2
7/20/2018,2.89,10,4,2
7/23/2018,2.96,10,4,2
7/24/2018,2.95,10,4,2
7/25/2018,2.94,10,4,2
7/26/2018,2.98,10,4,2
7/27/2018,2.96,10,4,2
7/30/2018,2.98,10,4,2
7/31/2018,2.96,10,4,2
8/1/2018,3,10,4,2
8/2/2018,2.98,10,4,2
8/3/2018,2.95,10,4,2
8/6/2018,2.94,10,4,2
8/7/2018,2.98,10,4,2
8/8/2018,2.96,10,4,2
8/9/2018,2.93,10,4,2
8/10/2018,2.87,10,4,2
8/13/2018,2.88,10,4,2
8/14/2018,2.89,10,4,2
8/15/2018,2.86,10,4,2
8/16/2018,2.87,10,4,2
8/17/2018,2.87,10,4,2
8/20/2018,2.82,10,4,2
8/21/2018,2.85,10,4,2
8/22/2018,2.82,10,4,2
8/23/2018,2.82,10,4,2
8/24/2018,2.82,10,4,2
8/27/2018,2.85,10,4,2
8/28/2018,2.88,10,4,2
8/29/2018,2.89,10,4,2
8/30/2018,2.86,10,4,2
8/31/2018,2.86,10,4,2
9/3/2018,,10,4,2
9/4/2018,2.9,10,4,2
9/5/2018,2.9,10,4,2
9/6/2018,2.88,10,4,2
9/7/2018,2.94,10,4,2
9/10/2018,2.94,10,4,2
9/11/2018,2.98,10,4,2
9/12/2018,2.97,10,4,2
9/13/2018,2.97,10,4,2
9/14/2018,2.99,10,4,2
9/17/2018,2.99,10,4,2
9/18/2018,3.05,10,4,2
9/19/2018,3.08,10,4,2
9/20/2018,3.07,10,4,2
9/21/2018,3.07,10,4,2
9/24/2018,3.08,10,4,2
9/25/2018,3.1,10,4,2
9/26/2018,3.06,10,4,2
9/27/2018,3.06,10,4,2
9/28/2018,3.05,10,4,2
10/1/2018,3.09,10,4,2
10/2/2018,3.05,10,4,2
10/3/2018,3.15,10,4,2
10/4/2018,3.19,10,4,2
10/5/2018,3.23,10,4,2
10/8/2018,,10,4,2
10/9/2018,3.21,10,4,2
10/10/2018,3.22,10,4,2
10/11/2018,3.14,10,4,2
10/12/2018,3.15,10,4,2
10/15/2018,3.16,10,4,2
10/16/2018,3.16,10,4,2
10/17/2018,3.19,10,4,2
10/18/2018,3.17,10,4,2
10/19/2018,3.2,10,4,2
10/22/2018,3.2,10,4,2
10/23/2018,3.17,10,4,2
10/24/2018,3.1,10,4,2
10/25/2018,3.14,10,4,2
10/26/2018,3.08,10,4,2
10/29/2018,3.08,10,4,2
10/30/2018,3.12,10,4,2
10/31/2018,3.15,10,4,2
11/1/2018,3.14,10,4,2
11/2/2018,3.22,10,4,2
11/5/2018,3.2,10,4,2
11/6/2018,3.22,10,4,2
11/7/2018,3.22,10,4,2
11/8/2018,3.24,10,4,2
11/9/2018,3.19,10,4,2
11/12/2018,,10,4,2
11/13/2018,3.14,10,4,2
11/14/2018,3.12,10,4,2
11/15/2018,3.11,10,4,2
11/16/2018,3.08,10,4,2
11/19/2018,3.06,10,4,2
11/20/2018,3.06,10,4,2
11/21/2018,3.06,10,4,2
11/22/2018,,10,4,2
11/23/2018,3.05,10,4,2
11/26/2018,3.07,10,4,2
11/27/2018,3.06,10,4,2
11/28/2018,3.06,10,4,2
11/29/2018,3.03,10,4,2
11/30/2018,3.01,10,4,2
12/3/2018,2.98,10,4,2
12/4/2018,2.91,10,4,2
12/5/2018,,10,4,2
12/6/2018,2.87,10,4,2
12/7/2018,2.85,10,4,2
12/10/2018,2.85,10,4,2
12/11/2018,2.89,10,4,2
12/12/2018,2.91,10,4,2
12/13/2018,2.91,10,4,2
12/14/2018,2.89,10,4,2
12/17/2018,2.86,10,4,2
12/18/2018,2.82,10,4,2
12/19/2018,2.77,10,4,2
12/20/2018,2.79,10,4,2
12/21/2018,2.79,10,4,2
12/24/2018,2.74,10,4,2
12/25/2018,,10,4,2
12/26/2018,2.81,10,4,2
12/27/2018,2.77,10,4,2
12/28/2018,2.72,10,4,2
12/31/2018,2.69,10,4,2
1/1/2019,,10,4,2
1/2/2019,2.66,10,4,2
1/3/2019,2.56,10,4,2
1/4/2019,2.67,10,4,2
1/7/2019,2.7,10,4,2
1/8/2019,2.73,10,4,2
1/9/2019,2.74,10,4,2
1/10/2019,2.74,10,4,2
1/11/2019,2.71,10,4,2
1/14/2019,2.71,10,4,2
1/15/2019,2.72,10,4,2
1/16/2019,2.73,10,4,2
1/17/2019,2.75,10,4,2
1/18/2019,2.79,10,4,2
1/21/2019,,10,4,2
1/22/2019,2.74,10,4,2
1/23/2019,2.76,10,4,2
1/24/2019,2.72,10,4,2
1/25/2019,2.76,10,4,2
1/28/2019,2.75,10,4,2
1/29/2019,2.72,10,4,2
1/30/2019,2.7,10,4,2
1/31/2019,2.63,10,4,2
2/1/2019,2.7,10,4,2
2/4/2019,2.73,10,4,2
2/5/2019,2.71,10,4,2
2/6/2019,2.7,10,4,2
2/7/2019,2.65,10,4,2
2/8/2019,2.63,10,4,2
2/11/2019,2.65,10,4,2
2/12/2019,2.68,10,4,2
2/13/2019,2.71,10,4,2
2/14/2019,2.66,10,4,2
2/15/2019,2.66,10,4,2
2/18/2019,,10,4,2
2/19/2019,2.65,10,4,2
2/20/2019,2.65,10,4,2
2/21/2019,2.69,10,4,2
2/22/2019,2.65,10,4,2
2/25/2019,2.67,10,4,2
2/26/2019,2.64,10,4,2
2/27/2019,2.69,10,4,2
2/28/2019,2.73,10,4,2
3/1/2019,2.76,10,4,2
3/4/2019,2.72,10,4,2
3/5/2019,2.72,10,4,2
3/6/2019,2.69,10,4,2
3/7/2019,2.64,10,4,2
3/8/2019,2.62,10,4,2
3/11/2019,2.64,10,4,2
3/12/2019,2.61,10,4,2
3/13/2019,2.61,10,4,2
3/14/2019,2.63,10,4,2
3/15/2019,2.59,10,4,2
3/18/2019,2.6,10,4,2
3/19/2019,2.61,10,4,2
3/20/2019,2.54,10,4,2
3/21/2019,2.54,10,4,2
3/22/2019,2.44,10,4,2
3/25/2019,2.43,10,4,2
3/26/2019,2.41,10,4,2
3/27/2019,2.39,10,4,2
3/28/2019,2.39,10,4,2
3/29/2019,2.41,10,4,2
4/1/2019,2.49,10,4,2
4/2/2019,2.48,10,4,2
4/3/2019,2.52,10,4,2
4/4/2019,2.51,10,4,2
4/5/2019,2.5,10,4,2
4/8/2019,2.52,10,4,2
4/9/2019,2.51,10,4,2
4/10/2019,2.48,10,4,2
4/11/2019,2.51,10,4,2
4/12/2019,2.56,10,4,2
4/15/2019,2.55,10,4,2
4/16/2019,2.6,10,4,2
4/17/2019,2.59,10,4,2
4/18/2019,2.57,10,4,2
4/19/2019,,10,4,2
4/22/2019,2.59,10,4,2
4/23/2019,2.57,10,4,2
4/24/2019,2.53,10,4,2
4/25/2019,2.54,10,4,2
4/26/2019,2.51,10,4,2
4/29/2019,2.54,10,4,2
4/30/2019,2.51,10,4,2
5/1/2019,2.52,10,4,2
5/2/2019,2.55,10,4,2
5/3/2019,2.54,10,4,2
5/6/2019,2.51,10,4,2
5/7/2019,2.45,10,4,2
5/8/2019,2.49,10,4,2
5/9/2019,2.45,10,4,2
5/10/2019,2.47,10,4,2
5/13/2019,2.4,10,4,2
5/14/2019,2.42,10,4,2
5/15/2019,2.37,10,4,2
5/16/2019,2.4,10,4,2
5/17/2019,2.39,10,4,2
5/20/2019,2.41,10,4,2
5/21/2019,2.43,10,4,2
5/22/2019,2.39,10,4,2
5/23/2019,2.31,10,4,2
5/24/2019,2.32,10,4,2
5/27/2019,,10,4,2
5/28/2019,2.26,10,4,2
5/29/2019,2.25,10,4,2
5/30/2019,2.22,10,4,2
5/31/2019,2.14,10,4,2
6/3/2019,2.07,10,4,2
6/4/2019,2.12,10,4,2
6/5/2019,2.12,10,4,2
6/6/2019,2.12,10,4,2
6/7/2019,2.09,10,4,2
6/10/2019,2.15,10,4,2
6/11/2019,2.15,10,4,2
6/12/2019,2.13,10,4,2
6/13/2019,2.1,10,4,2
6/14/2019,2.09,10,4,2
6/17/2019,2.09,10,4,2
6/18/2019,2.06,10,4,2
6/19/2019,2.03,10,4,2
6/20/2019,2.01,10,4,2
6/21/2019,2.07,10,4,2
6/24/2019,2.02,10,4,2
6/25/2019,2,10,4,2
6/26/2019,2.05,10,4,2
6/27/2019,2.01,10,4,2
6/28/2019,2,10,4,2
7/1/2019,2.03,10,4,2
7/2/2019,1.98,10,4,2
7/3/2019,1.96,10,4,2
7/4/2019,,10,4,2
7/5/2019,2.04,10,4,2
7/8/2019,2.05,10,4,2
7/9/2019,2.07,10,4,2
7/10/2019,2.07,10,4,2
7/11/2019,2.13,10,4,2
7/12/2019,2.12,10,4,2
7/15/2019,2.09,10,4,2
7/16/2019,2.13,10,4,2
7/17/2019,2.06,10,4,2
7/18/2019,2.04,10,4,2
7/19/2019,2.05,10,4,2
7/22/2019,2.05,10,4,2
7/23/2019,2.08,10,4,2
7/24/2019,2.05,10,4,2
7/25/2019,2.08,10,4,2
7/26/2019,2.08,10,4,2
7/29/2019,2.06,10,4,2
7/30/2019,2.06,10,4,2
7/31/2019,2.02,10,4,2
8/1/2019,1.9,10,4,2
8/2/2019,1.86,10,4,2
8/5/2019,1.75,10,4,2
8/6/2019,1.73,10,4,2
8/7/2019,1.71,10,4,2
8/8/2019,1.72,10,4,2
8/9/2019,1.74,10,4,2
8/12/2019,1.65,10,4,2
8/13/2019,1.68,10,4,2
8/14/2019,1.59,10,4,2
8/15/2019,1.52,10,4,2
8/16/2019,1.55,10,4,2
8/19/2019,1.6,10,4,2
8/20/2019,1.55,10,4,2
8/21/2019,1.59,10,4,2
8/22/2019,1.62,10,4,2
8/23/2019,1.52,10,4,2
8/26/2019,1.54,10,4,2
8/27/2019,1.49,10,4,2
8/28/2019,1.47,10,4,2
8/29/2019,1.5,10,4,2
8/30/2019,1.5,10,4,2
9/2/2019,,10,4,2
9/3/2019,1.47,10,4,2
9/4/2019,1.47,10,4,2
9/5/2019,1.57,10,4,2
9/6/2019,1.55,10,4,2
9/9/2019,1.63,10,4,2
9/10/2019,1.72,10,4,2
9/11/2019,1.75,10,4,2
9/12/2019,1.79,10,4,2
9/13/2019,1.9,10,4,2
9/16/2019,1.84,10,4,2
9/17/2019,1.81,10,4,2
9/18/2019,1.8,10,4,2
9/19/2019,1.79,10,4,2
9/20/2019,1.74,10,4,2
9/23/2019,1.72,10,4,2
9/24/2019,1.64,10,4,2
9/25/2019,1.73,10,4,2
9/26/2019,1.7,10,4,2
9/27/2019,1.69,10,4,2
9/30/2019,1.68,10,4,2
10/1/2019,1.65,10,4,2
10/2/2019,1.6,10,4,2
10/3/2019,1.54,10,4,2
10/4/2019,1.52,10,4,2
10/7/2019,1.56,10,4,2
10/8/2019,1.54,10,4,2
10/9/2019,1.59,10,4,2
10/10/2019,1.67,10,4,2
10/11/2019,1.76,10,4,2
10/14/2019,,10,4,2
10/15/2019,1.77,10,4,2
10/16/2019,1.75,10,4,2
10/17/2019,1.76,10,4,2
10/18/2019,1.76,10,4,2
10/21/2019,1.8,10,4,2
10/22/2019,1.78,10,4,2
10/23/2019,1.77,10,4,2
10/24/2019,1.77,10,4,2
10/25/2019,1.8,10,4,2
10/28/2019,1.85,10,4,2
10/29/2019,1.84,10,4,2
10/30/2019,1.78,10,4,2
10/31/2019,1.69,10,4,2
11/1/2019,1.73,10,4,2
11/4/2019,1.79,10,4,2
11/5/2019,1.86,10,4,2
11/6/2019,1.81,10,4,2
11/7/2019,1.92,10,4,2
11/8/2019,1.94,10,4,2
11/11/2019,,10,4,2
11/12/2019,1.92,10,4,2
11/13/2019,1.88,10,4,2
11/14/2019,1.82,10,4,2
11/15/2019,1.84,10,4,2
11/18/2019,1.81,10,4,2
11/19/2019,1.79,10,4,2
11/20/2019,1.73,10,4,2
11/21/2019,1.77,10,4,2
11/22/2019,1.77,10,4,2
11/25/2019,1.76,10,4,2
11/26/2019,1.74,10,4,2
11/27/2019,1.77,10,4,2
11/28/2019,,10,4,2
11/29/2019,1.78,10,4,2
12/2/2019,1.83,10,4,2
12/3/2019,1.72,10,4,2
12/4/2019,1.77,10,4,2
12/5/2019,1.8,10,4,2
12/6/2019,1.84,10,4,2
12/9/2019,1.83,10,4,2
12/10/2019,1.85,10,4,2
12/11/2019,1.79,10,4,2
12/12/2019,1.9,10,4,2
12/13/2019,1.82,10,4,2
12/16/2019,1.89,10,4,2
12/17/2019,1.89,10,4,2
12/18/2019,1.92,10,4,2
12/19/2019,1.92,10,4,2
12/20/2019,1.92,10,4,2
12/23/2019,1.93,10,4,2
12/24/2019,1.9,10,4,2
12/25/2019,,10,4,2
12/26/2019,1.9,10,4,2
12/27/2019,1.88,10,4,2
12/30/2019,1.9,10,4,2
12/31/2019,1.92,10,4,2
1/1/2020,,10,4,2
1/2/2020,1.88,10,4,2
1/3/2020,1.8,10,4,2
1/6/2020,1.81,10,4,2
1/7/2020,1.83,10,4,2
1/8/2020,1.87,10,4,2
1/9/2020,1.85,10,4,2
1/10/2020,1.83,10,4,2
1/13/2020,1.85,10,4,2
1/14/2020,1.82,10,4,2
1/15/2020,1.79,10,4,2
1/16/2020,1.81,10,4,2
1/17/2020,1.84,10,4,2
1/20/2020,,10,4,2
1/21/2020,1.78,10,4,2
1/22/2020,1.77,10,4,2
1/23/2020,1.74,10,4,2
1/24/2020,1.7,10,4,2
1/27/2020,1.61,10,4,2
1/28/2020,1.65,10,4,2
1/29/2020,1.6,10,4,2
1/30/2020,1.57,10,4,2
1/31/2020,1.51,10,4,2
2/3/2020,1.54,10,4,2
2/4/2020,1.61,10,4,2
2/5/2020,1.66,10,4,2
2/6/2020,1.65,10,4,2
2/7/2020,1.59,10,4,2
2/10/2020,1.56,10,4,2
2/11/2020,1.59,10,4,2
2/12/2020,1.62,10,4,2
2/13/2020,1.61,10,4,2
2/14/2020,1.59,10,4,2
2/17/2020,,10,4,2
2/18/2020,1.55,10,4,2
2/19/2020,1.56,10,4,2
2/20/2020,1.52,10,4,2
2/21/2020,1.46,10,4,2
2/24/2020,1.38,10,4,2
2/25/2020,1.33,10,4,2
2/26/2020,1.33,10,4,2
2/27/2020,1.3,10,4,2
2/28/2020,1.13,10,4,2
3/2/2020,1.1,10,4,2
3/3/2020,1.02,10,4,2
3/4/2020,1.02,10,4,2
3/5/2020,0.92,10,4,2
3/6/2020,0.74,10,4,2
3/9/2020,0.54,10,4,2
3/10/2020,0.76,10,4,2
3/11/2020,0.82,10,4,2
3/12/2020,0.88,10,4,2
3/13/2020,0.94,10,4,2
3/16/2020,0.73,10,4,2
3/17/2020,1.02,10,4,2
3/18/2020,1.18,10,4,2
3/19/2020,1.12,10,4,2
3/20/2020,0.92,10,4,2
3/23/2020,0.76,10,4,2
3/24/2020,0.84,10,4,2
3/25/2020,0.88,10,4,2
3/26/2020,0.83,10,4,2
3/27/2020,0.72,10,4,2
3/30/2020,0.7,10,4,2
3/31/2020,0.7,10,4,2
4/1/2020,0.62,10,4,2
4/2/2020,0.63,10,4,2
4/3/2020,0.62,10,4,2
4/6/2020,0.67,10,4,2
4/7/2020,0.75,10,4,2
4/8/2020,0.77,10,4,2
4/9/2020,0.73,10,4,2
4/10/2020,,10,4,2
4/13/2020,0.76,10,4,2
4/14/2020,0.76,10,4,2
4/15/2020,0.63,10,4,2
4/16/2020,0.61,10,4,2
4/17/2020,0.65,10,4,2
4/20/2020,0.63,10,4,2
4/21/2020,0.58,10,4,2
4/22/2020,0.63,10,4,2
4/23/2020,0.61,10,4,2
4/24/2020,0.6,10,4,2
4/27/2020,0.67,10,4,2
4/28/2020,0.62,10,4,2
4/29/2020,0.63,10,4,2
4/30/2020,0.64,10,4,2
5/1/2020,0.64,10,4,2
5/4/2020,0.64,10,4,2
5/5/2020,0.66,10,4,2
5/6/2020,0.72,10,4,2
5/7/2020,0.63,10,4,2
5/8/2020,0.69,10,4,2
5/11/2020,0.73,10,4,2
5/12/2020,0.69,10,4,2
5/13/2020,0.64,10,4,2
5/14/2020,0.63,10,4,2
5/15/2020,0.64,10,4,2
5/18/2020,0.73,10,4,2
5/19/2020,0.7,10,4,2
5/20/2020,0.68,10,4,2
5/21/2020,0.68,10,4,2
5/22/2020,0.66,10,4,2
5/25/2020,,10,4,2
5/26/2020,0.69,10,4,2
5/27/2020,0.68,10,4,2
5/28/2020,0.7,10,4,2
5/29/2020,0.65,10,4,2
6/1/2020,0.66,10,4,2
6/2/2020,0.68,10,4,2
6/3/2020,0.77,10,4,2
6/4/2020,0.82,10,4,2
6/5/2020,0.91,10,4,2
6/8/2020,0.88,10,4,2
6/9/2020,0.84,10,4,2
6/10/2020,0.75,10,4,2
6/11/2020,0.66,10,4,2
6/12/2020,0.71,10,4,2
6/15/2020,0.71,10,4,2
6/16/2020,0.75,10,4,2
6/17/2020,0.74,10,4,2
6/18/2020,0.71,10,4,2
6/19/2020,0.7,10,4,2
6/22/2020,0.71,10,4,2
6/23/2020,0.72,10,4,2
6/24/2020,0.69,10,4,2
6/25/2020,0.68,10,4,2
6/26/2020,0.64,10,4,2
6/29/2020,0.64,10,4,2
6/30/2020,0.66,10,4,2
7/1/2020,0.69,10,4,2
7/2/2020,0.68,10,4,2
7/3/2020,,10,4,2
7/6/2020,0.69,10,4,2
7/7/2020,0.65,10,4,2
7/8/2020,0.67,10,4,2
7/9/2020,0.62,10,4,2
7/10/2020,0.65,10,4,2
7/13/2020,0.64,10,4,2
7/14/2020,0.63,10,4,2
7/15/2020,0.64,10,4,2
7/16/2020,0.62,10,4,2
7/17/2020,0.64,10,4,2
7/20/2020,0.62,10,4,2
7/21/2020,0.61,10,4,2
7/22/2020,0.6,10,4,2
7/23/2020,0.59,10,4,2
7/24/2020,0.59,10,4,2
7/27/2020,0.62,10,4,2
7/28/2020,0.59,10,4,2
7/29/2020,0.58,10,4,2
7/30/2020,0.55,10,4,2
7/31/2020,0.55,10,4,2
8/3/2020,0.56,10,4,2
8/4/2020,0.52,10,4,2
8/5/2020,0.55,10,4,2
8/6/2020,0.55,10,4,2
8/7/2020,0.57,10,4,2
8/10/2020,0.59,10,4,2
8/11/2020,0.64,10,4,2
8/12/2020,0.69,10,4,2
8/13/2020,0.71,10,4,2
8/14/2020,0.71,10,4,2
8/17/2020,0.69,10,4,2
8/18/2020,0.67,10,4,2
8/19/2020,0.68,10,4,2
8/20/2020,0.65,10,4,2
8/21/2020,0.64,10,4,2
8/24/2020,0.65,10,4,2
8/25/2020,0.69,10,4,2
8/26/2020,0.69,10,4,2
8/27/2020,0.74,10,4,2
8/28/2020,0.74,10,4,2
8/31/2020,0.72,10,4,2
9/1/2020,0.68,10,4,2
9/2/2020,0.66,10,4,2
9/3/2020,0.63,10,4,2
9/4/2020,0.72,10,4,2
9/7/2020,,10,4,2
9/8/2020,0.69,10,4,2
9/9/2020,0.71,10,4,2
9/10/2020,0.68,10,4,2
9/11/2020,0.67,10,4,2
9/14/2020,0.68,10,4,2
9/15/2020,0.68,10,4,2
9/16/2020,0.69,10,4,2
9/17/2020,0.69,10,4,2
9/18/2020,0.7,10,4,2
9/21/2020,0.68,10,4,2
9/22/2020,0.68,10,4,2
9/23/2020,0.68,10,4,2
9/24/2020,0.67,10,4,2
9/25/2020,0.66,10,4,2
9/28/2020,0.67,10,4,2
9/29/2020,0.66,10,4,2
9/30/2020,0.69,10,4,2
10/1/2020,0.68,10,4,2
10/2/2020,0.7,10,4,2
10/5/2020,0.78,10,4,2
10/6/2020,0.76,10,4,2
10/7/2020,0.81,10,4,2
10/8/2020,0.78,10,4,2
10/9/2020,0.79,10,4,2
10/12/2020,,10,4,2
10/13/2020,0.74,10,4,2
10/14/2020,0.73,10,4,2
10/15/2020,0.74,10,4,2
10/16/2020,0.76,10,4,2
10/19/2020,0.78,10,4,2
10/20/2020,0.81,10,4,2
10/21/2020,0.83,10,4,2
10/22/2020,0.87,10,4,2
10/23/2020,0.85,10,4,2
10/26/2020,0.81,10,4,2
10/27/2020,0.79,10,4,2
10/28/2020,0.79,10,4,2
10/29/2020,0.85,10,4,2
10/30/2020,0.88,10,4,2
11/2/2020,0.87,10,4,2
11/3/2020,0.9,10,4,2
11/4/2020,0.78,10,4,2
11/5/2020,0.79,10,4,2
11/6/2020,0.83,10,4,2
11/9/2020,0.96,10,4,2
11/10/2020,0.98,10,4,2
11/11/2020,,10,4,2
11/12/2020,0.88,10,4,2
11/13/2020,0.89,10,4,2
11/16/2020,0.91,10,4,2
11/17/2020,0.87,10,4,2
11/18/2020,0.88,10,4,2
11/19/2020,0.86,10,4,2
11/20/2020,0.83,10,4,2
11/23/2020,0.86,10,4,2
11/24/2020,0.88,10,4,2
11/25/2020,0.88,10,4,2
11/26/2020,,10,4,2
11/27/2020,0.84,10,4,2
11/30/2020,0.84,10,4,2
12/1/2020,0.92,10,4,2
12/2/2020,0.95,10,4,2
12/3/2020,0.92,10,4,2
12/4/2020,0.97,10,4,2
12/7/2020,0.94,10,4,2
12/8/2020,0.92,10,4,2
12/9/2020,0.95,10,4,2
12/10/2020,0.92,10,4,2
12/11/2020,0.9,10,4,2
12/14/2020,0.9,10,4,2
12/15/2020,0.92,10,4,2
12/16/2020,0.92,10,4,2
12/17/2020,0.94,10,4,2
12/18/2020,0.95,10,4,2
12/21/2020,0.95,10,4,2
12/22/2020,0.93,10,4,2
12/23/2020,0.96,10,4,2
12/24/2020,0.94,10,4,2
12/25/2020,,10,4,2
12/28/2020,0.94,10,4,2
12/29/2020,0.94,10,4,2
12/30/2020,0.93,10,4,2
12/31/2020,0.93,10,4,2
1/1/2021,,10,4,2
1/4/2021,0.93,10,4,2
1/5/2021,0.96,10,4,2
1/6/2021,1.04,10,4,2
1/7/2021,1.08,10,4,2
1/8/2021,1.13,10,4,2
1/11/2021,1.15,10,4,2
1/12/2021,1.15,10,4,2
1/13/2021,1.1,10,4,2
1/14/2021,1.15,10,4,2
1/15/2021,1.11,10,4,2
1/18/2021,,10,4,2
1/19/2021,1.1,10,4,2
1/20/2021,1.1,10,4,2
1/21/2021,1.12,10,4,2
1/22/2021,1.1,10,4,2
1/25/2021,1.05,10,4,2
1/26/2021,1.05,10,4,2
1/27/2021,1.04,10,4,2
1/28/2021,1.07,10,4,2
1/29/2021,1.11,10,4,2
2/1/2021,1.09,10,4,2
2/2/2021,1.12,10,4,2
2/3/2021,1.15,10,4,2
2/4/2021,1.15,10,4,2
2/5/2021,1.19,10,4,2
2/8/2021,1.19,10,4,2
2/9/2021,1.18,10,4,2
2/10/2021,1.15,10,4,2
2/11/2021,1.16,10,4,2
2/12/2021,1.2,10,4,2
2/15/2021,,10,4,2
2/16/2021,1.3,10,4,2
2/17/2021,1.29,10,4,2
2/18/2021,1.29,10,4,2
2/19/2021,1.34,10,4,2
2/22/2021,1.37,10,4,2
2/23/2021,1.37,10,4,2
2/24/2021,1.38,10,4,2
2/25/2021,1.54,10,4,2
2/26/2021,1.44,10,4,2
3/1/2021,1.45,10,4,2
3/2/2021,1.42,10,4,2
3/3/2021,1.47,10,4,2
3/4/2021,1.54,10,4,2
3/5/2021,1.56,10,4,2
3/8/2021,1.59,10,4,2
3/9/2021,1.55,10,4,2
3/10/2021,1.53,10,4,2
3/11/2021,1.54,10,4,2
3/12/2021,1.64,10,4,2
3/15/2021,1.62,10,4,2
3/16/2021,1.62,10,4,2
3/17/2021,1.63,10,4,2
3/18/2021,1.71,10,4,2
3/19/2021,1.74,10,4,2
3/22/2021,1.69,10,4,2
3/23/2021,1.63,10,4,2
3/24/2021,1.62,10,4,2
3/25/2021,1.63,10,4,2
3/26/2021,1.67,10,4,2
3/29/2021,1.73,10,4,2
3/30/2021,1.73,10,4,2
3/31/2021,1.74,10,4,2
4/1/2021,1.69,10,4,2
4/2/2021,1.72,10,4,2
4/5/2021,1.73,10,4,2
4/6/2021,1.67,10,4,2
4/7/2021,1.68,10,4,2
4/8/2021,1.64,10,4,2
4/9/2021,1.67,10,4,2
4/12/2021,1.69,10,4,2
4/13/2021,1.64,10,4,2
4/14/2021,1.64,10,4,2
4/15/2021,1.56,10,4,2
4/16/2021,1.59,10,4,2
4/19/2021,1.61,10,4,2
4/20/2021,1.58,10,4,2
4/21/2021,1.57,10,4,2
4/22/2021,1.57,10,4,2
4/23/2021,1.58,10,4,2
4/26/2021,1.58,10,4,2
4/27/2021,1.63,10,4,2
4/28/2021,1.63,10,4,2
4/29/2021,1.65,10,4,2
4/30/2021,1.65,10,4,2
5/3/2021,1.63,10,4,2
5/4/2021,1.61,10,4,2
5/5/2021,1.59,10,4,2
5/6/2021,1.58,10,4,2
5/7/2021,1.6,10,4,2
5/10/2021,1.63,10,4,2
5/11/2021,1.64,10,4,2
5/12/2021,1.69,10,4,2
5/13/2021,1.66,10,4,2
5/14/2021,1.63,10,4,2
5/17/2021,1.64,10,4,2
5/18/2021,1.64,10,4,2
5/19/2021,1.68,10,4,2
5/20/2021,1.63,10,4,2
5/21/2021,1.63,10,4,2
5/24/2021,1.61,10,4,2
5/25/2021,1.56,10,4,2
5/26/2021,1.58,10,4,2
5/27/2021,1.61,10,4,2
5/28/2021,1.58,10,4,2
5/31/2021,,10,4,2
6/1/2021,1.62,10,4,2
6/2/2021,1.59,10,4,2
6/3/2021,1.63,10,4,2
6/4/2021,1.56,10,4,2
6/7/2021,1.57,10,4,2
6/8/2021,1.53,10,4,2
6/9/2021,1.5,10,4,2
6/10/2021,1.45,10,4,2
6/11/2021,1.47,10,4,2
6/14/2021,1.51,10,4,2
6/15/2021,1.51,10,4,2
6/16/2021,1.57,10,4,2
6/17/2021,1.52,10,4,2
6/18/2021,1.45,10,4,2
6/21/2021,1.5,10,4,2
6/22/2021,1.48,10,4,2
6/23/2021,1.5,10,4,2
6/24/2021,1.49,10,4,2
6/25/2021,1.54,10,4,2
6/28/2021,1.49,10,4,2
6/29/2021,1.49,10,4,2
6/30/2021,1.45,10,4,2
7/1/2021,1.48,10,4,2
7/2/2021,1.44,10,4,2
7/5/2021,,10,4,2
7/6/2021,1.37,10,4,2
7/7/2021,1.33,10,4,2
7/8/2021,1.3,10,4,2
7/9/2021,1.37,10,4,2
7/12/2021,1.38,10,4,2
7/13/2021,1.42,10,4,2
7/14/2021,1.37,10,4,2
7/15/2021,1.31,10,4,2
7/16/2021,1.31,10,4,2
7/19/2021,1.19,10,4,2
7/20/2021,1.23,10,4,2
7/21/2021,1.3,10,4,2
7/22/2021,1.27,10,4,2
7/23/2021,1.3,10,4,2
7/26/2021,1.29,10,4,2
7/27/2021,1.25,10,4,2
7/28/2021,1.26,10,4,2
7/29/2021,1.28,10,4,2
7/30/2021,1.24,10,4,2
8/2/2021,1.2,10,4,2
8/3/2021,1.19,10,4,2
8/4/2021,1.19,10,4,2
8/5/2021,1.23,10,4,2
8/6/2021,1.31,10,4,2
8/9/2021,1.33,10,4,2
8/10/2021,1.36,10,4,2
8/11/2021,1.35,10,4,2
8/12/2021,1.36,10,4,2
8/13/2021,1.29,10,4,2
8/16/2021,1.26,10,4,2
8/17/2021,1.26,10,4,2
8/18/2021,1.27,10,4,2
8/19/2021,1.24,10,4,2
8/20/2021,1.26,10,4,2
8/23/2021,1.25,10,4,2
8/24/2021,1.29,10,4,2
8/25/2021,1.35,10,4,2
8/26/2021,1.34,10,4,2
8/27/2021,1.31,10,4,2
8/30/2021,1.29,10,4,2
8/31/2021,1.3,10,4,2
9/1/2021,1.31,10,4,2
9/2/2021,1.29,10,4,2
9/3/2021,1.33,10,4,2
9/6/2021,,10,4,2
9/7/2021,1.38,10,4,2
9/8/2021,1.35,10,4,2
9/9/2021,1.3,10,4,2
9/10/2021,1.35,10,4,2
9/13/2021,1.33,10,4,2
9/14/2021,1.28,10,4,2
9/15/2021,1.31,10,4,2
9/16/2021,1.34,10,4,2
9/17/2021,1.37,10,4,2
9/20/2021,1.31,10,4,2
9/21/2021,1.33,10,4,2
9/22/2021,1.32,10,4,2
9/23/2021,1.41,10,4,2
9/24/2021,1.47,10,4,2
9/27/2021,1.48,10,4,2
9/28/2021,1.54,10,4,2
9/29/2021,1.55,10,4,2
9/30/2021,1.52,10,4,2
10/1/2021,1.48,10,4,2
10/4/2021,1.49,10,4,2
10/5/2021,1.54,10,4,2
10/6/2021,1.53,10,4,2
10/7/2021,1.58,10,4,2
10/8/2021,1.61,10,4,2
10/11/2021,,10,4,2
10/12/2021,1.59,10,4,2
10/13/2021,1.56,10,4,2
10/14/2021,1.52,10,4,2
10/15/2021,1.59,10,4,2
10/18/2021,1.59,10,4,2
10/19/2021,1.65,10,4,2
10/20/2021,1.65,10,4,2
10/21/2021,1.68,10,4,2
10/22/2021,1.66,10,4,2
10/25/2021,1.64,10,4,2
10/26/2021,1.63,10,4,2
10/27/2021,1.54,10,4,2
10/28/2021,1.57,10,4,2
10/29/2021,1.55,10,4,2
11/1/2021,1.58,10,4,2
11/2/2021,1.56,10,4,2
11/3/2021,1.6,10,4,2
11/4/2021,1.53,10,4,2
11/5/2021,1.45,10,4,2
11/8/2021,1.51,10,4,2
11/9/2021,1.46,10,4,2
11/10/2021,1.56,10,4,2
11/11/2021,,10,4,2
11/12/2021,1.58,10,4,2
11/15/2021,1.63,10,4,2
11/16/2021,1.63,10,4,2
11/17/2021,1.6,10,4,2
11/18/2021,1.59,10,4,2
11/19/2021,1.54,10,4,2
11/22/2021,1.63,10,4,2
11/23/2021,1.67,10,4,2
11/24/2021,1.64,10,4,2
11/25/2021,,10,4,2
11/26/2021,1.48,10,4,2
11/29/2021,1.52,10,4,2
11/30/2021,1.43,10,4,2
12/1/2021,1.43,10,4,2
12/2/2021,1.44,10,4,2
12/3/2021,1.35,10,4,2
12/6/2021,1.43,10,4,2
12/7/2021,1.48,10,4,2
12/8/2021,1.52,10,4,2
12/9/2021,1.49,10,4,2
12/10/2021,1.48,10,4,2
12/13/2021,1.42,10,4,2
12/14/2021,1.44,10,4,2
12/15/2021,1.47,10,4,2
12/16/2021,1.44,10,4,2
12/17/2021,1.41,10,4,2
12/20/2021,1.43,10,4,2
12/21/2021,1.48,10,4,2
12/22/2021,1.46,10,4,2
12/23/2021,1.5,10,4,2
12/24/2021,,10,4,2
12/27/2021,1.48,10,4,2
12/28/2021,1.49,10,4,2
12/29/2021,1.55,10,4,2
12/30/2021,1.52,10,4,2
12/31/2021,1.52,10,4,2
1/3/2022,1.63,10,4,2
1/4/2022,1.66,10,4,2
1/5/2022,1.71,10,4,2
1/6/2022,1.73,10,4,2
1/7/2022,1.76,10,4,2
1/10/2022,1.78,10,4,2
1/11/2022,1.75,10,4,2
1/12/2022,1.74,10,4,2
1/13/2022,1.7,10,4,2
1/14/2022,1.78,10,4,2
1/17/2022,,10,4,2
1/18/2022,1.87,10,4,2
1/19/2022,1.83,10,4,2
1/20/2022,1.83,10,4,2
1/21/2022,1.75,10,4,2
1/24/2022,1.75,10,4,2
1/25/2022,1.78,10,4,2
1/26/2022,1.85,10,4,2
1/27/2022,1.81,10,4,2
1/28/2022,1.78,10,4,2
1/31/2022,1.79,10,4,2
2/1/2022,1.81,10,4,2
2/2/2022,1.78,10,4,2
2/3/2022,1.82,10,4,2
2/4/2022,1.93,10,4,2
2/7/2022,1.92,10,4,2
2/8/2022,1.96,10,4,2
2/9/2022,1.94,10,4,2
2/10/2022,2.03,10,4,2
2/11/2022,1.92,10,4,2
2/14/2022,1.98,10,4,2
2/15/2022,2.05,10,4,2
2/16/2022,2.03,10,4,2
2/17/2022,1.97,10,4,2
2/18/2022,1.92,10,4,2
2/21/2022,,10,4,2
2/22/2022,1.94,10,4,2
2/23/2022,1.99,10,4,2
2/24/2022,1.96,10,4,2
2/25/2022,1.97,10,4,2
2/28/2022,1.83,10,4,2
3/1/2022,1.72,10,4,2
3/2/2022,1.86,10,4,2
3/3/2022,1.86,10,4,2
3/4/2022,1.74,10,4,2
3/7/2022,1.78,10,4,2
3/8/2022,1.86,10,4,2
3/9/2022,1.94,10,4,2
3/10/2022,1.98,10,4,2
3/11/2022,2,10,4,2
3/14/2022,2.14,10,4,2
3/15/2022,2.15,10,4,2
3/16/2022,2.19,10,4,2
3/17/2022,2.2,10,4,2
3/18/2022,2.14,10,4,2
3/21/2022,2.32,10,4,2
3/22/2022,2.38,10,4,2
3/23/2022,2.32,10,4,2
3/24/2022,2.34,10,4,2
3/25/2022,2.48,10,4,2
3/28/2022,2.46,10,4,2
3/29/2022,2.41,10,4,2
3/30/2022,2.35,10,4,2
3/31/2022,2.32,10,4,2
4/1/2022,2.39,10,4,2
4/4/2022,2.42,10,4,2
4/5/2022,2.54,10,4,2
4/6/2022,2.61,10,4,2
4/7/2022,2.66,10,4,2
4/8/2022,2.72,10,4,2
4/11/2022,2.79,10,4,2
4/12/2022,2.72,10,4,2
4/13/2022,2.7,10,4,2
4/14/2022,2.83,10,4,2
4/15/2022,,10,4,2
4/18/2022,2.85,10,4,2
4/19/2022,2.93,10,4,2
4/20/2022,2.85,10,4,2
4/21/2022,2.9,10,4,2
4/22/2022,2.9,10,4,2
4/25/2022,2.81,10,4,2
4/26/2022,2.77,10,4,2
4/27/2022,2.82,10,4,2
4/28/2022,2.85,10,4,2
4/29/2022,2.89,10,4,2
5/2/2022,2.99,10,4,2
5/3/2022,2.97,10,4,2
5/4/2022,2.93,10,4,2
5/5/2022,3.05,10,4,2
5/6/2022,3.12,10,4,2
5/9/2022,3.05,10,4,2
5/10/2022,2.99,10,4,2
5/11/2022,2.91,10,4,2
5/12/2022,2.84,10,4,2
5/13/2022,2.93,10,4,2
5/16/2022,2.88,10,4,2
5/17/2022,2.98,10,4,2
5/18/2022,2.89,10,4,2
5/19/2022,2.84,10,4,2
5/20/2022,2.78,10,4,2
5/23/2022,2.86,10,4,2
5/24/2022,2.76,10,4,2
5/25/2022,2.75,10,4,2
5/26/2022,2.75,10,4,2
5/27/2022,2.74,10,4,2
5/30/2022,,10,4,2
5/31/2022,2.85,10,4,2
6/1/2022,2.94,10,4,2
6/2/2022,2.92,10,4,2
6/3/2022,2.96,10,4,2
6/6/2022,3.04,10,4,2
6/7/2022,2.98,10,4,2
6/8/2022,3.03,10,4,2
6/9/2022,3.04,10,4,2
6/10/2022,3.15,10,4,2
6/13/2022,3.43,10,4,2
6/14/2022,3.49,10,4,2
6/15/2022,3.33,10,4,2
6/16/2022,3.28,10,4,2
6/17/2022,3.25,10,4,2
6/20/2022,,10,4,2
6/21/2022,3.31,10,4,2
6/22/2022,3.16,10,4,2
6/23/2022,3.09,10,4,2
6/24/2022,3.13,10,4,2
6/27/2022,3.2,10,4,2
6/28/2022,3.2,10,4,2
6/29/2022,3.1,10,4,2
6/30/2022,2.98,10,4,2
7/1/2022,2.88,10,4,2
7/4/2022,,10,4,2
7/5/2022,2.82,10,4,2
7/6/2022,2.93,10,4,2
7/7/2022,3.01,10,4,2
7/8/2022,3.09,10,4,2
7/11/2022,2.99,10,4,2
7/12/2022,2.96,10,4,2
7/13/2022,2.91,10,4,2
7/14/2022,2.96,10,4,2
7/15/2022,2.93,10,4,2
7/18/2022,2.96,10,4,2
7/19/2022,3.01,10,4,2
7/20/2022,3.04,10,4,2
7/21/2022,2.91,10,4,2
7/22/2022,2.77,10,4,2
7/25/2022,2.81,10,4,2
7/26/2022,2.81,10,4,2
7/27/2022,2.78,10,4,2
7/28/2022,2.68,10,4,2
7/29/2022,2.67,10,4,2
8/1/2022,2.6,10,4,2
8/2/2022,2.75,10,4,2
8/3/2022,2.73,10,4,2
8/4/2022,2.68,10,4,2
8/5/2022,2.83,10,4,2
8/8/2022,2.77,10,4,2
8/9/2022,2.8,10,4,2
8/10/2022,2.78,10,4,2
8/11/2022,2.87,10,4,2
8/12/2022,2.84,10,4,2
8/15/2022,2.79,10,4,2
8/16/2022,2.82,10,4,2
8/17/2022,2.89,10,4,2
8/18/2022,2.88,10,4,2
8/19/2022,2.98,10,4,2
8/22/2022,3.03,10,4,2
8/23/2022,3.05,10,4,2
8/24/2022,3.11,10,4,2
8/25/2022,3.03,10,4,2
8/26/2022,3.04,10,4,2
8/29/2022,3.12,10,4,2
8/30/2022,3.11,10,4,2
8/31/2022,3.15,10,4,2
9/1/2022,3.26,10,4,2
9/2/2022,3.2,10,4,2
9/5/2022,,10,4,2
9/6/2022,3.33,10,4,2
9/7/2022,3.27,10,4,2
9/8/2022,3.29,10,4,2
9/9/2022,3.33,10,4,2
9/12/2022,3.37,10,4,2
9/13/2022,3.42,10,4,2
9/14/2022,3.41,10,4,2
9/15/2022,3.45,10,4,2
9/16/2022,3.45,10,4,2
9/19/2022,3.49,10,4,2
9/20/2022,3.57,10,4,2
9/21/2022,3.51,10,4,2
9/22/2022,3.7,10,4,2
9/23/2022,3.69,10,4,2
9/26/2022,3.88,10,4,2
9/27/2022,3.97,10,4,2
9/28/2022,3.72,10,4,2
9/29/2022,3.76,10,4,2
9/30/2022,3.83,10,4,2
10/3/2022,3.67,10,4,2
10/4/2022,3.62,10,4,2
10/5/2022,3.76,10,4,2
10/6/2022,3.83,10,4,2
10/7/2022,3.89,10,4,2
10/10/2022,,10,4,2
10/11/2022,3.93,10,4,2
10/12/2022,3.91,10,4,2
10/13/2022,3.97,10,4,2
10/14/2022,4,10,4,2
10/17/2022,4.02,10,4,2
10/18/2022,4.01,10,4,2
10/19/2022,4.14,10,4,2
10/20/2022,4.24,10,4,2
10/21/2022,4.21,10,4,2
10/24/2022,4.25,10,4,2
10/25/2022,4.1,10,4,2
10/26/2022,4.04,10,4,2
10/27/2022,3.96,10,4,2
10/28/2022,4.02,10,4,2
10/31/2022,4.1,10,4,2
11/1/2022,4.07,10,4,2
11/2/2022,4.1,10,4,2
11/3/2022,4.14,10,4,2
11/4/2022,4.17,10,4,2
11/7/2022,4.22,10,4,2
11/8/2022,4.14,10,4,2
11/9/2022,4.12,10,4,2
11/10/2022,3.82,10,4,2
11/11/2022,,10,4,2
11/14/2022,3.88,10,4,2
11/15/2022,3.8,10,4,2
11/16/2022,3.67,10,4,2
11/17/2022,3.77,10,4,2
11/18/2022,3.82,10,4,2
11/21/2022,3.83,10,4,2
11/22/2022,3.76,10,4,2
11/23/2022,3.71,10,4,2
11/24/2022,,10,4,2
11/25/2022,3.68,10,4,2
11/28/2022,3.69,10,4,2
11/29/2022,3.75,10,4,2
11/30/2022,3.68,10,4,2
12/1/2022,3.53,10,4,2
12/2/2022,3.51,10,4,2
12/5/2022,3.6,10,4,2
12/6/2022,3.51,10,4,2
12/7/2022,3.42,10,4,2
12/8/2022,3.48,10,4,2
12/9/2022,3.57,10,4,2
12/12/2022,3.61,10,4,2
12/13/2022,3.51,10,4,2
12/14/2022,3.49,10,4,2
12/15/2022,3.44,10,4,2
12/16/2022,3.48,10,4,2
12/19/2022,3.57,10,4,2
12/20/2022,3.69,10,4,2
12/21/2022,3.68,10,4,2
12/22/2022,3.67,10,4,2
12/23/2022,3.75,10,4,2
12/26/2022,,10,4,2
12/27/2022,3.84,10,4,2
12/28/2022,3.88,10,4,2
12/29/2022,3.83,10,4,2
12/30/2022,3.88,10,4,2
1/2/2023,,10,4,2
1/3/2023,3.79,10,4,2
1/4/2023,3.69,10,4,2
1/5/2023,3.71,10,4,2
1/6/2023,3.55,10,4,2
1/9/2023,3.53,10,4,2
1/10/2023,3.61,10,4,2
1/11/2023,3.54,10,4,2
1/12/2023,3.43,10,4,2
1/13/2023,3.49,10,4,2
1/16/2023,,10,4,2
1/17/2023,3.53,10,4,2
1/18/2023,3.37,10,4,2
1/19/2023,3.39,10,4,2
1/20/2023,3.48,10,4,2
1/23/2023,3.52,10,4,2
1/24/2023,3.46,10,4,2
1/25/2023,3.46,10,4,2
1/26/2023,3.49,10,4,2
1/27/2023,3.52,10,4,2
1/30/2023,3.55,10,4,2
1/31/2023,3.52,10,4,2
2/1/2023,3.39,10,4,2
2/2/2023,3.4,10,4,2
2/3/2023,3.53,10,4,2
2/6/2023,3.63,10,4,2
2/7/2023,3.67,10,4,2
2/8/2023,3.63,10,4,2
2/9/2023,3.67,10,4,2
2/10/2023,3.74,10,4,2
2/13/2023,3.72,10,4,2
2/14/2023,3.77,10,4,2
2/15/2023,3.81,10,4,2
2/16/2023,3.86,10,4,2
2/17/2023,3.82,10,4,2
2/20/2023,,10,4,2
2/21/2023,3.95,10,4,2
2/22/2023,3.93,10,4,2
2/23/2023,3.88,10,4,2
2/24/2023,3.95,10,4,2
2/27/2023,3.92,10,4,2
2/28/2023,3.92,10,4,2
3/1/2023,4.01,10,4,2
3/2/2023,4.08,10,4,2
3/3/2023,3.97,10,4,2
3/6/2023,3.98,10,4,2
3/7/2023,3.97,10,4,2
3/8/2023,3.98,10,4,2
3/9/2023,3.93,10,4,2
3/10/2023,3.7,10,4,2
3/13/2023,3.55,10,4,2
3/14/2023,3.64,10,4,2
3/15/2023,3.51,10,4,2
3/16/2023,3.56,10,4,2
3/17/2023,3.39,10,4,2
3/20/2023,3.47,10,4,2
3/21/2023,3.59,10,4,2
3/22/2023,3.48,10,4,2
3/23/2023,3.38,10,4,2
3/24/2023,3.38,10,4,2
3/27/2023,3.53,10,4,2
3/28/2023,3.55,10,4,2
3/29/2023,3.57,10,4,2
3/30/2023,3.55,10,4,2
3/31/2023,3.48,10,4,2
4/3/2023,3.43,10,4,2
4/4/2023,3.35,10,4,2
4/5/2023,3.3,10,4,2
4/6/2023,3.3,10,4,2
4/7/2023,3.39,10,4,2
4/10/2023,3.41,10,4,2
4/11/2023,3.43,10,4,2
4/12/2023,3.41,10,4,2
4/13/2023,3.45,10,4,2
4/14/2023,3.52,10,4,2
4/17/2023,3.6,10,4,2
4/18/2023,3.58,10,4,2
4/19/2023,3.6,10,4,2
4/20/2023,3.54,10,4,2
4/21/2023,3.57,10,4,2
4/24/2023,3.52,10,4,2
4/25/2023,3.4,10,4,2
4/26/2023,3.43,10,4,2
4/27/2023,3.53,10,4,2
4/28/2023,3.44,10,4,2
5/1/2023,3.59,10,4,2
5/2/2023,3.44,10,4,2
5/3/2023,3.38,10,4,2
5/4/2023,3.37,10,4,2
5/5/2023,3.44,10,4,2
5/8/2023,3.52,10,4,2
5/9/2023,3.53,10,4,2
5/10/2023,3.43,10,4,2
5/11/2023,3.39,10,4,2
5/12/2023,3.46,10,4,2
5/15/2023,3.5,10,4,2
5/16/2023,3.54,10,4,2
5/17/2023,3.57,10,4,2
5/18/2023,3.65,10,4,2
5/19/2023,3.7,10,4,2
5/22/2023,3.72,10,4,2
5/23/2023,3.7,10,4,2
5/24/2023,3.73,10,4,2
5/25/2023,3.83,10,4,2
5/26/2023,3.8,10,4,2
5/29/2023,,10,4,2
5/30/2023,3.69,10,4,2
5/31/2023,3.64,10,4,2
6/1/2023,3.61,10,4,2
6/2/2023,3.69,10,4,2
6/5/2023,3.69,10,4,2
6/6/2023,3.7,10,4,2
6/7/2023,3.79,10,4,2
6/8/2023,3.73,10,4,2
6/9/2023,3.75,10,4,2
6/12/2023,3.73,10,4,2
6/13/2023,3.84,10,4,2
6/14/2023,3.83,10,4,2
6/15/2023,3.72,10,4,2
6/16/2023,3.77,10,4,2
6/19/2023,,10,4,2
6/20/2023,3.74,10,4,2
6/21/2023,3.72,10,4,2
6/22/2023,3.8,10,4,2
6/23/2023,3.74,10,4,2
6/26/2023,3.72,10,4,2
6/27/2023,3.77,10,4,2
6/28/2023,3.71,10,4,2
6/29/2023,3.85,10,4,2
6/30/2023,3.81,10,4,2
7/3/2023,3.86,10,4,2
7/4/2023,,10,4,2
7/5/2023,3.95,10,4,2
7/6/2023,4.05,10,4,2
7/7/2023,4.06,10,4,2
7/10/2023,4.01,10,4,2
7/11/2023,3.99,10,4,2
7/12/2023,3.86,10,4,2
7/13/2023,3.76,10,4,2
7/14/2023,3.83,10,4,2
7/17/2023,3.81,10,4,2
7/18/2023,3.8,10,4,2
7/19/2023,3.75,10,4,2
7/20/2023,3.85,10,4,2
7/21/2023,3.84,10,4,2
7/24/2023,3.86,10,4,2
7/25/2023,3.91,10,4,2
7/26/2023,3.86,10,4,2
7/27/2023,4.01,10,4,2
7/28/2023,3.96,10,4,2
7/31/2023,3.97,10,4,2
8/1/2023,4.05,10,4,2
8/2/2023,4.08,10,4,2
8/3/2023,4.2,10,4,2
8/4/2023,4.05,10,4,2
8/7/2023,4.09,10,4,2
8/8/2023,4.02,10,4,2
8/9/2023,4,10,4,2
8/10/2023,4.09,10,4,2
8/11/2023,4.16,10,4,2
8/14/2023,4.19,10,4,2
8/15/2023,4.21,10,4,2
8/16/2023,4.28,10,4,2
8/17/2023,4.3,10,4,2
8/18/2023,4.26,10,4,2
8/21/2023,4.34,10,4,2
8/22/2023,4.34,10,4,2
8/23/2023,4.19,10,4,2
8/24/2023,4.23,10,4,2
8/25/2023,4.25,10,4,2
8/28/2023,4.2,10,4,2
8/29/2023,4.12,10,4,2
8/30/2023,4.12,10,4,2
8/31/2023,4.09,10,4,2
9/1/2023,4.18,10,4,2
9/4/2023,,10,4,2
9/5/2023,4.27,10,4,2
9/6/2023,4.3,10,4,2
9/7/2023,4.27,10,4,2
9/8/2023,4.26,10,4,2
9/11/2023,4.29,10,4,2
9/12/2023,4.27,10,4,2
9/13/2023,4.25,10,4,2
9/14/2023,4.29,10,4,2
9/15/2023,4.33,10,4,2
9/18/2023,4.32,10,4,2
9/19/2023,4.37,10,4,2
9/20/2023,4.35,10,4,2
9/21/2023,4.49,10,4,2
9/22/2023,4.44,10,4,2
9/25/2023,4.55,10,4,2
9/26/2023,4.56,10,4,2
9/27/2023,4.61,10,4,2
9/28/2023,4.59,10,4,2
9/29/2023,4.59,10,4,2
10/2/2023,4.69,10,4,2
10/3/2023,4.81,10,4,2
10/4/2023,4.73,10,4,2
10/5/2023,4.72,10,4,2
10/6/2023,4.78,10,4,2
10/9/2023,,10,4,2
10/10/2023,4.66,10,4,2
10/11/2023,4.58,10,4,2
10/12/2023,4.7,10,4,2
10/13/2023,4.63,10,4,2
10/16/2023,4.71,10,4,2
10/17/2023,4.83,10,4,2
10/18/2023,4.91,10,4,2
10/19/2023,4.98,10,4,2
10/20/2023,4.93,10,4,2
10/23/2023,4.86,10,4,2
10/24/2023,4.83,10,4,2
10/25/2023,4.95,10,4,2
10/26/2023,4.86,10,4,2
10/27/2023,4.84,10,4,2
10/30/2023,4.88,10,4,2
10/31/2023,4.88,10,4,2
11/1/2023,4.77,10,4,2
11/2/2023,4.67,10,4,2
11/3/2023,4.57,10,4,2
11/6/2023,4.67,10,4,2
11/7/2023,4.58,10,4,2
11/8/2023,4.49,10,4,2
11/9/2023,4.62,10,4,2
11/10/2023,4.61,10,4,2
11/13/2023,4.63,10,4,2
11/14/2023,4.44,10,4,2
11/15/2023,4.53,10,4,2
11/16/2023,4.45,10,4,2
11/17/2023,4.44,10,4,2
11/20/2023,4.42,10,4,2
11/21/2023,4.41,10,4,2
11/22/2023,4.42,10,4,2
11/23/2023,,10,4,2
11/24/2023,4.47,10,4,2
11/27/2023,4.39,10,4,2
11/28/2023,4.34,10,4,2
11/29/2023,4.27,10,4,2
11/30/2023,4.37,10,4,2
12/1/2023,4.22,10,4,2
12/4/2023,4.28,10,4,2
12/5/2023,4.18,10,4,2
12/6/2023,4.12,10,4,2
12/7/2023,4.14,10,4,2
12/8/2023,4.23,10,4,2
12/11/2023,4.23,10,4,2
12/12/2023,4.2,10,4,2
12/13/2023,4.04,10,4,2
12/14/2023,3.92,10,4,2
12/15/2023,3.91,10,4,2
12/18/2023,3.95,10,4,2
12/19/2023,3.93,10,4,2
12/20/2023,3.86,10,4,2
12/21/2023,3.89,10,4,2
12/22/2023,3.9,10,4,2
12/25/2023,,10,4,2
12/26/2023,3.89,10,4,2
12/27/2023,3.79,10,4,2
12/28/2023,3.84,10,4,2
12/29/2023,3.88,10,4,2
1/1/2024,,10,4,2
1/2/2024,3.95,10,4,2
1/3/2024,3.91,10,4,2
1/4/2024,3.99,10,4,2
1/5/2024,4.05,10,4,2
1/8/2024,4.01,10,4,2
1/9/2024,4.02,10,4,2
1/10/2024,4.04,10,4,2
1/11/2024,3.98,10,4,2
1/12/2024,3.96,10,4,2
1/15/2024,,10,4,2
1/16/2024,4.07,10,4,2
1/17/2024,4.1,10,4,2
1/18/2024,4.14,10,4,2
1/19/2024,4.15,10,4,2
1/22/2024,4.11,10,4,2
1/23/2024,4.14,10,4,2
1/24/2024,4.18,10,4,2
1/25/2024,4.14,10,4,2
1/26/2024,4.15,10,4,2
1/29/2024,4.08,10,4,2
1/30/2024,4.06,10,4,2
1/31/2024,3.99,10,4,2
2/1/2024,3.87,10,4,2
2/2/2024,4.03,10,4,2
2/5/2024,4.17,10,4,2
2/6/2024,4.09,10,4,2
2/7/2024,4.09,10,4,2
2/8/2024,4.15,10,4,2
2/9/2024,4.17,10,4,2
2/12/2024,4.17,10,4,2
2/13/2024,4.31,10,4,2
2/14/2024,4.27,10,4,2
2/15/2024,4.24,10,4,2
2/16/2024,4.3,10,4,2
2/19/2024,,10,4,2
2/20/2024,4.27,10,4,2
2/21/2024,4.32,10,4,2
2/22/2024,4.33,10,4,2
2/23/2024,4.26,10,4,2
2/26/2024,4.28,10,4,2
2/27/2024,4.31,10,4,2
2/28/2024,4.27,10,4,2
2/29/2024,4.25,10,4,2
3/1/2024,4.19,10,4,2
3/4/2024,4.22,10,4,2
3/5/2024,4.13,10,4,2
3/6/2024,4.11,10,4,2
3/7/2024,4.09,10,4,2
3/8/2024,4.09,10,4,2
3/11/2024,4.1,10,4,2
3/12/2024,4.16,10,4,2
3/13/2024,4.19,10,4,2
3/14/2024,4.29,10,4,2
3/15/2024,4.31,10,4,2
3/18/2024,4.34,10,4,2
3/19/2024,4.3,10,4,2
3/20/2024,4.27,10,4,2
3/21/2024,4.27,10,4,2
3/22/2024,4.22,10,4,2
3/25/2024,4.25,10,4,2
3/26/2024,4.24,10,4,2
3/27/2024,4.2,10,4,2
3/28/2024,4.2,10,4,2
3/29/2024,,10,4,2
4/1/2024,4.33,10,4,2
4/2/2024,4.36,10,4,2
4/3/2024,4.36,10,4,2
4/4/2024,4.31,10,4,2
4/5/2024,4.39,10,4,2
4/8/2024,4.42,10,4,2
4/9/2024,4.36,10,4,2
4/10/2024,4.55,10,4,2
4/11/2024,4.56,10,4,2
4/12/2024,4.5,10,4,2
4/15/2024,4.63,10,4,2
4/16/2024,4.67,10,4,2
4/17/2024,4.59,10,4,2
4/18/2024,4.64,10,4,2
4/19/2024,4.62,10,4,2
4/22/2024,4.62,10,4,2
4/23/2024,4.61,10,4,2
4/24/2024,4.65,10,4,2
4/25/2024,4.7,10,4,2
4/26/2024,4.67,10,4,2
4/29/2024,4.63,10,4,2
4/30/2024,4.69,10,4,2
5/1/2024,4.63,10,4,2
5/2/2024,4.58,10,4,2
5/3/2024,4.5,10,4,2
5/6/2024,4.49,10,4,2
5/7/2024,4.47,10,4,2
5/8/2024,4.48,10,4,2
5/9/2024,4.45,10,4,2
5/10/2024,4.5,10,4,2
5/13/2024,4.48,10,4,2
5/14/2024,4.45,10,4,2
5/15/2024,4.36,10,4,2
5/16/2024,4.38,10,4,2
5/17/2024,4.42,10,4,2
5/20/2024,4.44,10,4,2
5/21/2024,4.41,10,4,2
5/22/2024,4.43,10,4,2
5/23/2024,4.47,10,4,2
5/24/2024,4.46,10,4,2
5/27/2024,,10,4,2
5/28/2024,4.54,10,4,2
5/29/2024,4.61,10,4,2
5/30/2024,4.55,10,4,2
5/31/2024,4.51,10,4,2
6/3/2024,4.41,10,4,2
6/4/2024,4.33,10,4,2
6/5/2024,4.29,10,4,2
6/6/2024,4.28,10,4,2
6/7/2024,4.43,10,4,2
6/10/2024,4.47,10,4,2
6/11/2024,4.39,10,4,2
6/12/2024,4.31,10,4,2
6/13/2024,4.24,10,4,2
6/14/2024,4.2,10,4,2
6/17/2024,4.28,10,4,2
6/18/2024,4.22,10,4,2
6/19/2024,,10,4,2
6/20/2024,4.25,10,4,2
6/21/2024,4.25,10,4,2
6/24/2024,4.25,10,4,2
6/25/2024,4.23,10,4,2
6/26/2024,4.32,10,4,2
6/27/2024,4.29,10,4,2
6/28/2024,4.36,10,4,2
7/1/2024,4.48,10,4,2
7/2/2024,4.43,10,4,2
7/3/2024,4.36,10,4,2
7/4/2024,,10,4,2
7/5/2024,4.28,10,4,2
7/8/2024,4.28,10,4,2
7/9/2024,4.3,10,4,2
7/10/2024,4.28,10,4,2
7/11/2024,4.2,10,4,2
7/12/2024,4.18,10,4,2
7/15/2024,4.23,10,4,2
7/16/2024,4.17,10,4,2
7/17/2024,4.16,10,4,2
7/18/2024,4.2,10,4,2
7/19/2024,4.25,10,4,2
7/22/2024,4.26,10,4,2
7/23/2024,4.25,10,4,2
7/24/2024,4.28,10,4,2
7/25/2024,4.27,10,4,2
7/26/2024,4.2,10,4,2
7/29/2024,4.17,10,4,2
7/30/2024,4.15,10,4,2
7/31/2024,4.09,10,4,2
8/1/2024,3.99,10,4,2
8/2/2024,3.8,10,4,2
8/5/2024,3.78,10,4,2
8/6/2024,3.9,10,4,2
8/7/2024,3.96,10,4,2
8/8/2024,3.99,10,4,2
8/9/2024,3.94,10,4,2
8/12/2024,3.9,10,4,2
8/13/2024,3.85,10,4,2
8/14/2024,3.83,10,4,2
8/15/2024,3.92,10,4,2
8/16/2024,3.89,10,4,2
8/19/2024,3.86,10,4,2
8/20/2024,3.82,10,4,2
8/21/2024,3.79,10,4,2
8/22/2024,3.86,10,4,2
8/23/2024,3.81,10,4,2
8/26/2024,3.82,10,4,2
8/27/2024,3.83,10,4,2
8/28/2024,3.84,10,4,2
8/29/2024,3.87,10,4,2
8/30/2024,3.91,10,4,2
9/2/2024,,10,4,2
9/3/2024,3.84,10,4,2
9/4/2024,3.77,10,4,2
9/5/2024,3.73,10,4,2
9/6/2024,3.72,10,4,2
9/9/2024,3.7,10,4,2
9/10/2024,3.65,10,4,2
9/11/2024,3.65,10,4,2
9/12/2024,3.68,10,4,2
9/13/2024,3.66,10,4,2
9/16/2024,3.63,10,4,2
9/17/2024,3.65,10,4,2
9/18/2024,3.7,10,4,2
9/19/2024,3.73,10,4,2
9/20/2024,3.73,10,4,2
9/23/2024,3.75,10,4,2
9/24/2024,3.74,10,4,2
9/25/2024,3.79,10,4,2
9/26/2024,3.79,10,4,2
9/27/2024,3.75,10,4,2
9/30/2024,3.81,10,4,2
10/1/2024,3.74,10,4,2
10/2/2024,3.79,10,4,2
10/3/2024,3.85,10,4,2
10/4/2024,3.98,10,4,2
10/7/2024,4.03,10,4,2
10/8/2024,4.04,10,4,2
10/9/2024,4.06,10,4,2
10/10/2024,4.09,10,4,2
10/11/2024,4.08,10,4,2
10/14/2024,,10,4,2
10/15/2024,4.03,10,4,2
10/16/2024,4.02,10,4,2
10/17/2024,4.09,10,4,2
10/18/2024,4.08,10,4,2
10/21/2024,4.19,10,4,2
10/22/2024,4.2,10,4,2
10/23/2024,4.24,10,4,2
10/24/2024,4.21,10,4,2
10/25/2024,4.25,10,4,2
10/28/2024,4.28,10,4,2
10/29/2024,4.28,10,4,2
10/30/2024,4.29,10,4,2
10/31/2024,4.28,10,4,2
11/1/2024,4.37,10,4,2
11/4/2024,4.31,10,4,2
11/5/2024,4.26,10,4,2
11/6/2024,4.42,10,4,2
11/7/2024,4.31,10,4,2
11/8/2024,4.3,10,4,2
11/11/2024,,10,4,2
11/12/2024,4.43,10,4,2
11/13/2024,4.44,10,4,2
11/14/2024,4.43,10,4,2
11/15/2024,4.43,10,4,2
11/18/2024,4.42,10,4,2
11/19/2024,4.39,10,4,2
11/20/2024,4.41,10,4,2
11/21/2024,4.43,10,4,2
11/22/2024,4.41,10,4,2
11/25/2024,4.27,10,4,2
11/26/2024,4.3,10,4,2
11/27/2024,4.25,10,4,2
11/28/2024,,10,4,2
11/29/2024,4.18,10,4,2
12/2/2024,4.19,10,4,2
12/3/2024,4.23,10,4,2
12/4/2024,4.19,10,4,2
12/5/2024,4.17,10,4,2
12/6/2024,4.15,10,4,2
12/9/2024,4.2,10,4,2
12/10/2024,4.22,10,4,2
12/11/2024,4.26,10,4,2
12/12/2024,4.32,10,4,2
12/13/2024,4.4,10,4,2
12/16/2024,4.39,10,4,2
12/17/2024,4.4,10,4,2
12/18/2024,4.5,10,4,2
12/19/2024,4.57,10,4,2
12/20/2024,4.52,10,4,2
12/23/2024,4.59,10,4,2
12/24/2024,4.59,10,4,2
12/25/2024,,10,4,2
12/26/2024,4.58,10,4,2
12/27/2024,4.62,10,4,2
12/30/2024,4.55,10,4,2
12/31/2024,4.58,10,4,2
1/1/2025,,10,4,2
1/2/2025,4.57,10,4,2
1/3/2025,4.6,10,4,2
1/6/2025,4.62,10,4,2
1/7/2025,4.67,10,4,2
1/8/2025,4.67,10,4,2
1/9/2025,4.68,10,4,2
1/10/2025,4.77,10,4,2
1/13/2025,4.79,10,4,2
1/14/2025,4.78,10,4,2
1/15/2025,4.66,10,4,2
1/16/2025,4.61,10,4,2
1/17/2025,4.61,10,4,2
1/20/2025,,10,4,2
1/21/2025,4.57,10,4,2
1/22/2025,4.6,10,4,2
1/23/2025,4.65,10,4,2
1/24/2025,4.63,10,4,2
1/27/2025,4.53,10,4,2
1/28/2025,4.55,10,4,2
1/29/2025,4.55,10,4,2
1/30/2025,4.52,10,4,2
1/31/2025,4.58,10,4,2
2/3/2025,4.54,10,4,2
2/4/2025,4.52,10,4,2
2/5/2025,4.43,10,4,2
2/6/2025,4.45,10,4,2
2/7/2025,4.49,10,4,2
2/10/2025,4.51,10,4,2
2/11/2025,4.54,10,4,2
2/12/2025,4.62,10,4,2
2/13/2025,4.52,10,4,2
2/14/2025,4.47,10,4,2
2/17/2025,,10,4,2
2/18/2025,4.55,10,4,2
2/19/2025,4.53,10,4,2
2/20/2025,4.5,10,4,2
2/21/2025,4.42,10,4,2
2/24/2025,4.4,10,4,2
2/25/2025,4.3,10,4,2
2/26/2025,4.25,10,4,2
2/27/2025,4.29,10,4,2
2/28/2025,4.24,10,4,2
3/3/2025,4.16,10,4,2
3/4/2025,4.22,10,4,2
3/5/2025,4.28,10,4,2
3/6/2025,4.29,10,4,2
3/7/2025,4.32,10,4,2
3/10/2025,4.22,10,4,2
3/11/2025,4.28,10,4,2
3/12/2025,4.32,10,4,2
3/13/2025,4.27,10,4,2
3/14/2025,4.31,10,4,2
3/17/2025,4.31,10,4,2
3/18/2025,4.29,10,4,2
3/19/2025,4.25,10,4,2
3/20/2025,4.24,10,4,2
3/21/2025,4.25,10,4,2
3/24/2025,4.34,10,4,2
3/25/2025,4.31,10,4,2
3/26/2025,4.35,10,4,2
3/27/2025,4.38,10,4,2
3/28/2025,4.27,10,4,2
3/31/2025,4.23,10,4,2
4/1/2025,4.17,10,4,2
4/2/2025,4.2,10,4,2
4/3/2025,4.06,10,4,2
4/4/2025,4.01,10,4,2
4/7/2025,4.15,10,4,2
4/8/2025,4.26,10,4,2
4/9/2025,4.34,10,4,2
4/10/2025,4.4,10,4,2
4/11/2025,4.48,10,4,2
4/14/2025,4.38,10,4,2
4/15/2025,4.35,10,4,2
4/16/2025,4.29,10,4,2
4/17/2025,4.34,10,4,2
4/18/2025,,10,4,2
4/21/2025,4.42,10,4,2
4/22/2025,4.41,10,4,2
4/23/2025,4.4,10,4,2
4/24/2025,4.32,10,4,2
4/25/2025,4.29,10,4,2
4/28/2025,4.23,10,4,2
4/29/2025,4.19,10,4,2
4/30/2025,4.17,10,4,2
5/1/2025,4.25,10,4,2
5/2/2025,4.33,10,4,2
5/5/2025,4.36,10,4,2
5/6/2025,4.3,10,4,2
5/7/2025,4.26,10,4,2
5/8/2025,4.37,10,4,2
5/9/2025,4.37,10,4,2
5/12/2025,4.45,10,4,2
5/13/2025,4.49,10,4,2
5/14/2025,4.53,10,4,2
5/15/2025,4.45,10,4,2
5/16/2025,4.43,10,4,2
5/19/2025,4.46,10,4,2
5/20/2025,4.48,10,4,2
5/21/2025,4.58,10,4,2
5/22/2025,4.54,10,4,2
5/23/2025,4.51,10,4,2
5/26/2025,,10,4,2
5/27/2025,4.43,10,4,2
5/28/2025,4.47,10,4,2
5/29/2025,4.43,10,4,2
5/30/2025,4.41,10,4,2
6/2/2025,4.46,10,4,2
6/3/2025,4.46,10,4,2
6/4/2025,4.37,10,4,2
6/5/2025,4.4,10,4,2
6/6/2025,4.51,10,4,2
6/9/2025,4.49,10,4,2
6/10/2025,4.47,10,4,2
6/11/2025,4.41,10,4,2
6/12/2025,4.36,10,4,2
6/13/2025,4.41,10,4,2
6/16/2025,4.46,10,4,2
6/17/2025,4.39,10,4,2
6/18/2025,4.38,10,4,2
6/19/2025,,10,4,2
6/20/2025,4.38,10,4,2
6/23/2025,4.34,10,4,2
6/24/2025,4.3,10,4,2
6/25/2025,4.29,10,4,2
6/26/2025,4.26,10,4,2
6/27/2025,4.29,10,4,2
6/30/2025,4.24,10,4,2
7/1/2025,4.26,10,4,2
7/2/2025,4.3,10,4,2
7/3/2025,4.35,10,4,2
7/4/2025,,10,4,2
7/7/2025,4.4,10,4,2
7/8/2025,4.42,10,4,2
7/9/2025,4.34,10,4,2
7/10/2025,4.35,10,4,2
7/11/2025,4.43,10,4,2
7/14/2025,4.43,10,4,2
7/15/2025,4.5,10,4,2
7/16/2025,4.46,10,4,2
7/17/2025,4.47,10,4,2
7/18/2025,4.44,10,4,2
7/21/2025,4.38,10,4,2
7/22/2025,4.35,10,4,2
7/23/2025,4.4,10,4,2
7/24/2025,4.43,10,4,2
7/25/2025,4.4,10,4,2
7/28/2025,4.42,10,4,2
7/29/2025,4.34,10,4,2
7/30/2025,4.38,10,4,2
7/31/2025,4.37,10,4,2
8/1/2025,4.23,10,4,2
8/4/2025,4.22,10,4,2
8/5/2025,4.22,10,4,2
8/6/2025,4.22,10,4,2
8/7/2025,4.23,10,4,2
8/8/2025,4.27,10,4,2
8/11/2025,4.27,10,4,2
8/12/2025,4.29,10,4,2
8/13/2025,4.24,10,4,2
8/14/2025,4.29,10,4,2
8/15/2025,4.33,10,4,2
8/18/2025,4.34,10,4,2
8/19/2025,4.3,10,4,2
8/20/2025,4.29,10,4,2
8/21/2025,4.33,10,4,2
8/22/2025,4.26,10,4,2
8/25/2025,4.28,10,4,2
8/26/2025,4.26,10,4,2
8/27/2025,4.24,10,4,2
8/28/2025,4.22,10,4,2
8/29/2025,4.23,10,4,2
9/1/2025,,10,4,2
9/2/2025,4.28,10,4,2
9/3/2025,4.22,10,4,2
9/4/2025,4.17,10,4,2
9/5/2025,4.1,10,4,2
9/8/2025,4.05,10,4,2
9/9/2025,4.08,10,4,2
9/10/2025,4.04,10,4,2
9/11/2025,4.01,10,4,2
9/12/2025,4.06,10,4,2
9/15/2025,4.05,10,4,2
9/16/2025,4.04,10,4,2
9/17/2025,4.06,10,4,2
9/18/2025,4.11,10,4,2
9/19/2025,4.14,10,4,2
9/22/2025,4.15,10,4,2
9/23/2025,4.12,10,4,2
9/24/2025,4.16,10,4,2
9/25/2025,4.18,10,4,2
9/26/2025,4.2,10,4,2
9/29/2025,4.15,10,4,2
9/30/2025,4.16,10,4,2
10/1/2025,4.12,10,4,2
10/2/2025,4.1,10,4,2
10/3/2025,4.13,10,4,2
10/6/2025,4.18,10,4,2
10/7/2025,4.14,10,4,2
10/8/2025,4.13,10,4,2
10/9/2025,4.14,10,4,2
10/10/2025,4.05,10,4,2
10/13/2025,,10,4,2
10/14/2025,4.03,10,4,2
10/15/2025,4.05,10,4,2
10/16/2025,3.99,10,4,2
10/17/2025,4.02,10,4,2
10/20/2025,4,10,4,2
10/21/2025,3.98,10,4,2
10/22/2025,3.97,10,4,2
10/23/2025,4.01,10,4,2
10/24/2025,4.02,10,4,2
10/27/2025,4.01,10,4,2
10/28/2025,3.99,10,4,2
10/29/2025,4.08,10,4,2
10/30/2025,4.11,10,4,2
10/31/2025,4.11,10,4,2
11/3/2025,4.13,10,4,2
11/4/2025,4.1,10,4,2
11/5/2025,4.17,10,4,2
11/6/2025,4.11,10,4,2
11/7/2025,4.11,10,4,2
11/10/2025,4.13,10,4,2
11/11/2025,,10,4,2
11/12/2025,4.08,10,4,2
11/13/2025,4.11,10,4,2
11/14/2025,4.14,10,4,2
11/17/2025,4.13,10,4,2
11/18/2025,4.12,10,4,2
11/19/2025,4.13,10,4,2
11/20/2025,4.1,10,4,2
11/21/2025,4.06,10,4,2
11/24/2025,4.04,10,4,2
11/25/2025,4.01,10,4,2
11/26/2025,4,10,4,2
11/27/2025,,10,4,2
11/28/2025,4.02,10,4,2
12/1/2025,4.09,10,4,2
12/2/2025,4.09,10,4,2
12/3/2025,4.06,10,4,2
12/4/2025,4.11,10,4,2
12/5/2025,4.14,10,4,2
12/8/2025,4.17,10,4,2
12/9/2025,4.18,10,4,2
12/10/2025,4.13,10,4,2
12/11/2025,4.14,10,4,2
12/12/2025,4.19,10,4,2
12/15/2025,4.18,10,4,2
12/16/2025,4.15,10,4,2
12/17/2025,4.16,10,4,2
12/18/2025,4.12,10,4,2
12/19/2025,4.16,10,4,2
12/22/2025,4.17,10,4,2
12/23/2025,4.18,10,4,2
12/24/2025,4.15,10,4,2
12/25/2025,,10,4,2
12/26/2025,4.14,10,4,2
12/29/2025,4.12,10,4,2
12/30/2025,4.14,10,4,2
12/31/2025,4.18,10,4,2
1/1/2026,,10,4,2
1/2/2026,4.19,10,4,2
