Dates,XAUUSD Currency
1/2/1975,175
1/3/1975,174
1/6/1975,173.5
1/7/1975,169.5
1/8/1975,180
1/9/1975,179
1/10/1975,177.25
1/13/1975,180.25
1/14/1975,177.1
1/15/1975,178.25
1/16/1975,176
1/17/1975,178.75
1/20/1975,175
1/21/1975,175.75
1/22/1975,175.5
1/23/1975,174
1/24/1975,177.5
1/27/1975,179
1/28/1975,176.5
1/29/1975,178
1/30/1975,177.25
1/31/1975,175.8
2/3/1975,176.25
2/4/1975,174.25
2/5/1975,175
2/6/1975,173.4
2/7/1975,174.5
2/10/1975,174
2/11/1975,174.5
2/12/1975,174.9
2/13/1975,178.6
2/14/1975,184
2/17/1975,181.4
2/18/1975,181
2/19/1975,184.25
2/20/1975,183.75
2/21/1975,184.75
2/24/1975,185.25
2/25/1975,185
2/26/1975,183
2/27/1975,182.25
2/28/1975,181.75
3/3/1975,181.85
3/4/1975,179.75
3/5/1975,178.5
3/6/1975,180.5
3/7/1975,178
3/10/1975,176.25
3/11/1975,178.9
3/12/1975,177.5
3/13/1975,178.75
3/14/1975,178
3/17/1975,177.75
3/18/1975,178.5
3/19/1975,178.5
3/20/1975,177.25
3/21/1975,176.25
3/24/1975,177
3/25/1975,176.75
3/26/1975,177.75
3/27/1975,177.25
3/31/1975,178.16
4/1/1975,177.25
4/2/1975,177.25
4/3/1975,175.6
4/4/1975,173.45
4/7/1975,172.6
4/8/1975,174
4/9/1975,173.1
4/10/1975,172.5
4/11/1975,171.9
4/14/1975,167.5
4/15/1975,164
4/16/1975,166.5
4/17/1975,167.5
4/18/1975,170.25
4/21/1975,165.6
4/22/1975,165.5
4/23/1975,168
4/24/1975,167.2
4/25/1975,166.1
4/28/1975,166.5
4/29/1975,167.05
4/30/1975,167
5/1/1975,166
5/2/1975,165.5
5/5/1975,163.5
5/6/1975,164
5/7/1975,165.25
5/8/1975,166.25
5/9/1975,165.75
5/12/1975,165.4
5/13/1975,165.5
5/14/1975,166.75
5/15/1975,166
5/16/1975,165.75
5/19/1975,167.75
5/20/1975,166.9
5/21/1975,168.5
5/22/1975,174.75
5/23/1975,173.4
5/27/1975,172
5/28/1975,171
5/29/1975,168.25
5/30/1975,167
6/2/1975,161.75
6/3/1975,165.25
6/4/1975,165.75
6/5/1975,164.5
6/6/1975,165.25
6/9/1975,165.35
6/10/1975,165.9
6/11/1975,164.75
6/12/1975,165.5
6/13/1975,164.55
6/16/1975,164
6/17/1975,164
6/18/1975,163.75
6/19/1975,162.85
6/20/1975,162.5
6/23/1975,162.4
6/24/1975,162.4
6/25/1975,164
6/26/1975,164
6/27/1975,164.5
6/30/1975,166.25
7/1/1975,166.5
7/2/1975,165
7/3/1975,164
7/4/1975,164.25
7/7/1975,162.5
7/8/1975,164
7/9/1975,165.85
7/10/1975,163.25
7/11/1975,165.3
7/14/1975,166.75
7/15/1975,165
7/16/1975,164.1
7/17/1975,164.1
7/18/1975,164
7/21/1975,164.25
7/22/1975,165.25
7/23/1975,164.25
7/24/1975,164.85
7/25/1975,166.25
7/28/1975,167
7/29/1975,168.4
7/30/1975,167.25
7/31/1975,166.7
8/1/1975,166.75
8/4/1975,166.5
8/5/1975,166.05
8/6/1975,164.85
8/7/1975,165.3
8/8/1975,164.35
8/11/1975,161.9
8/12/1975,163.5
8/13/1975,162.3
8/14/1975,161.8
8/15/1975,162.1
8/18/1975,161.7
8/19/1975,161.35
8/20/1975,162.7
8/21/1975,161.9
8/22/1975,161.95
8/26/1975,161.85
8/27/1975,161.4
8/28/1975,161.9
8/29/1975,159.8
9/1/1975,155
9/2/1975,149.25
9/3/1975,150.35
9/4/1975,153.25
9/5/1975,153.25
9/8/1975,152.25
9/9/1975,148.5
9/10/1975,149.9
9/11/1975,147.65
9/12/1975,148
9/15/1975,148.25
9/16/1975,147.1
9/17/1975,142.9
9/18/1975,139.5
9/19/1975,135.5
9/22/1975,136.6
9/23/1975,128.75
9/24/1975,132.75
9/25/1975,134.5
9/26/1975,136.3
9/29/1975,139.25
9/30/1975,141.25
10/1/1975,143.5
10/2/1975,144.65
10/3/1975,138.9
10/6/1975,140.75
10/7/1975,142.5
10/8/1975,139.3
10/9/1975,140
10/10/1975,142.25
10/13/1975,142
10/14/1975,140.5
10/15/1975,142.75
10/16/1975,143.25
10/17/1975,144.9
10/20/1975,144.75
10/21/1975,146.25
10/22/1975,144.5
10/23/1975,144.15
10/24/1975,143.5
10/27/1975,142.9
10/28/1975,142.7
10/29/1975,142.75
10/30/1975,143.75
10/31/1975,142.9
11/3/1975,143.25
11/4/1975,144
11/5/1975,145.9
11/6/1975,145.9
11/7/1975,144.6
11/10/1975,144.2
11/11/1975,144.25
11/12/1975,143.85
11/13/1975,143.85
11/14/1975,142
11/17/1975,142
11/18/1975,139.25
11/19/1975,141.75
11/20/1975,142.4
11/21/1975,141.35
11/24/1975,140.6
11/25/1975,141.4
11/26/1975,140.6
11/27/1975,139
11/28/1975,138.15
12/1/1975,137.9
12/2/1975,139.3
12/3/1975,139.45
12/4/1975,138.85
12/5/1975,138
12/8/1975,137.25
12/9/1975,137.25
12/10/1975,139.4
12/11/1975,140.2
12/12/1975,138.7
12/15/1975,138.15
12/16/1975,138.8
12/17/1975,138.85
12/18/1975,138.9
12/19/1975,139.1
12/22/1975,142.4
12/23/1975,140.8
12/29/1975,141.75
12/30/1975,140.25
12/31/1975,140.25
1/2/1976,140.35
1/5/1976,138.6
1/6/1976,139
1/7/1976,138.35
1/8/1976,135.8
1/9/1976,136.55
1/12/1976,136.65
1/13/1976,132
1/14/1976,130.35
1/15/1976,132.5
1/16/1976,130.8
1/19/1976,128.9
1/20/1976,124.6
1/21/1976,124.9
1/22/1976,126.15
1/23/1976,129
1/26/1976,125.65
1/27/1976,126.25
1/28/1976,128.1
1/29/1976,128.6
1/30/1976,128.15
2/2/1976,130.4
2/3/1976,131.7
2/4/1976,129.75
2/5/1976,128.75
2/6/1976,130.6
2/9/1976,130.1
2/10/1976,129.5
2/11/1976,130.85
2/12/1976,131.8
2/13/1976,131.1
2/16/1976,131.25
2/17/1976,130.15
2/18/1976,131.2
2/19/1976,131
2/20/1976,131.75
2/23/1976,131.65
2/24/1976,132.45
2/25/1976,133.4
2/26/1976,132.2
2/27/1976,132.3
3/1/1976,132.3
3/2/1976,131.4
3/3/1976,132.25
3/4/1976,132.25
3/5/1976,133.7
3/8/1976,132.75
3/9/1976,132.9
3/10/1976,133.9
3/11/1976,133.65
3/12/1976,133.35
3/15/1976,133.8
3/16/1976,132.5
3/17/1976,133.35
3/18/1976,134.25
3/19/1976,133.6
3/22/1976,133.75
3/23/1976,133.1
3/24/1976,133.6
3/25/1976,132.7
3/26/1976,131.8
3/29/1976,130.1
3/30/1976,128.7
3/31/1976,129.6
4/1/1976,129.2
4/2/1976,129.1
4/5/1976,127.25
4/6/1976,128.3
4/7/1976,127.7
4/8/1976,128.2
4/9/1976,127.7
4/12/1976,127.2
4/13/1976,128.1
4/14/1976,127.7
4/15/1976,127.75
4/20/1976,127.85
4/21/1976,127.25
4/22/1976,127.3
4/23/1976,127.4
4/26/1976,127.8
4/27/1976,128.7
4/28/1976,128
4/29/1976,127.9
4/30/1976,128.4
5/3/1976,128.35
5/4/1976,127.75
5/5/1976,127.25
5/6/1976,126.9
5/7/1976,128.25
5/10/1976,128.45
5/11/1976,127.85
5/12/1976,127.9
5/13/1976,127.7
5/14/1976,127.7
5/17/1976,127.7
5/18/1976,127.5
5/19/1976,126.8
5/20/1976,125.65
5/21/1976,125.8
5/24/1976,125.2
5/25/1976,124.5
5/26/1976,125.75
5/27/1976,126.2
5/28/1976,125.5
6/1/1976,126.65
6/2/1976,126.9
6/3/1976,127.2
6/4/1976,126.6
6/7/1976,127.1
6/8/1976,127.4
6/9/1976,127
6/10/1976,126.65
6/11/1976,125.5
6/14/1976,125.8
6/15/1976,125.7
6/16/1976,125
6/17/1976,125.8
6/18/1976,125.85
6/21/1976,125.8
6/22/1976,125.2
6/23/1976,124.7
6/24/1976,124.5
6/25/1976,124.85
6/28/1976,123.9
6/29/1976,123.7
6/30/1976,123.8
7/1/1976,122.9
7/2/1976,123.25
7/5/1976,123.15
7/6/1976,123.3
7/7/1976,123.3
7/8/1976,123.1
7/9/1976,122.5
7/12/1976,121.85
7/13/1976,122.25
7/14/1976,122.2
7/15/1976,121.4
7/16/1976,117.85
7/19/1976,114.15
7/20/1976,107.75
7/21/1976,113
7/22/1976,111.75
7/23/1976,111
7/26/1976,113
7/27/1976,114.15
7/28/1976,114
7/29/1976,112.25
7/30/1976,112.5
8/2/1976,111.9
8/3/1976,111.6
8/4/1976,113.4
8/5/1976,112.6
8/6/1976,112.8
8/9/1976,112.7
8/10/1976,113.4
8/11/1976,113.55
8/12/1976,113.2
8/13/1976,113.4
8/16/1976,113.15
8/17/1976,112.15
8/18/1976,108.1
8/19/1976,109.45
8/20/1976,109
8/23/1976,106.6
8/24/1976,104.8
8/25/1976,103.5
8/26/1976,105
8/27/1976,104.2
8/31/1976,104
9/1/1976,105.7
9/2/1976,106.1
9/3/1976,107.4
9/6/1976,113.65
9/7/1976,110.75
9/8/1976,111.6
9/9/1976,112
9/10/1976,115.7
9/13/1976,114.4
9/14/1976,111.6
9/15/1976,111.25
9/16/1976,114
9/17/1976,119.5
9/20/1976,115.4
9/21/1976,119.9
9/22/1976,118
9/23/1976,117.75
9/24/1976,119.15
9/27/1976,118.9
9/28/1976,116.25
9/29/1976,116.2
9/30/1976,116
10/1/1976,116
10/4/1976,114.35
10/5/1976,114.45
10/6/1976,115.25
10/7/1976,115.5
10/8/1976,114
10/11/1976,114.5
10/12/1976,114.7
10/13/1976,114.65
10/14/1976,114.85
10/15/1976,115.7
10/18/1976,116.2
10/19/1976,115.4
10/20/1976,114.9
10/21/1976,116
10/22/1976,115.5
10/25/1976,115.85
10/26/1976,114.45
10/27/1976,117.85
10/28/1976,122.75
10/29/1976,123.15
11/1/1976,122.6
11/2/1976,122.5
11/3/1976,125.85
11/4/1976,124
11/5/1976,127
11/8/1976,131.5
11/9/1976,130.55
11/10/1976,136.25
11/11/1976,133.2
11/12/1976,135.6
11/15/1976,138.85
11/16/1976,133.2
11/17/1976,131.25
11/18/1976,128.65
11/19/1976,130.2
11/22/1976,133.9
11/23/1976,133.45
11/24/1976,130.75
11/25/1976,130.75
11/26/1976,130.25
11/29/1976,129.65
11/30/1976,130.25
12/1/1976,130.5
12/2/1976,130.85
12/3/1976,131.05
12/6/1976,134
12/7/1976,134.85
12/8/1976,135.65
12/9/1976,136.5
12/10/1976,137.65
12/13/1976,135.4
12/14/1976,134.6
12/15/1976,134.8
12/16/1976,134.4
12/17/1976,131.9
12/20/1976,132.35
12/21/1976,133.6
12/22/1976,133.6
12/23/1976,132.35
12/29/1976,134.25
12/30/1976,134.75
12/31/1976,134.5
1/4/1977,135.7
1/5/1977,133.05
1/6/1977,132.6
1/7/1977,132.8
1/10/1977,131
1/11/1977,129.75
1/12/1977,130.5
1/13/1977,132.2
1/14/1977,131.45
1/17/1977,131.57
1/18/1977,132.8
1/19/1977,132.7
1/20/1977,133.1
1/21/1977,132.2
1/24/1977,132.3
1/25/1977,133.5
1/26/1977,132.15
1/27/1977,132.3
1/28/1977,131.3
1/31/1977,132.3
2/1/1977,132.6
2/2/1977,132.1
2/3/1977,133
2/4/1977,132.45
2/7/1977,134.25
2/8/1977,134.7
2/9/1977,136.1
2/10/1977,135.85
2/11/1977,135
2/14/1977,136.45
2/15/1977,135.9
2/16/1977,135.9
2/17/1977,136.4
2/18/1977,136.6
2/21/1977,137.5
2/22/1977,138.1
2/23/1977,139.15
2/24/1977,141.25
2/25/1977,139.93
2/28/1977,142.75
3/1/1977,141.4
3/2/1977,145.05
3/3/1977,144.7
3/4/1977,145.4
3/7/1977,148.3
3/8/1977,148.25
3/9/1977,145.9
3/10/1977,147.05
3/11/1977,146.3
3/14/1977,145.75
3/15/1977,146.45
3/16/1977,147.5
3/17/1977,148.9
3/18/1977,150.05
3/21/1977,152
3/22/1977,150.4
3/23/1977,152.8
3/24/1977,152.75
3/25/1977,153.55
3/28/1977,150
3/29/1977,148.4
3/30/1977,149.45
3/31/1977,148.9
4/1/1977,148.3
4/4/1977,150.3
4/5/1977,148.65
4/6/1977,148.6
4/7/1977,148.7
4/12/1977,149.7
4/13/1977,152.2
4/14/1977,152.05
4/15/1977,150.65
4/18/1977,151
4/19/1977,150.45
4/20/1977,149.5
4/21/1977,148.1
4/22/1977,149.7
4/25/1977,148.75
4/26/1977,147.15
4/27/1977,147.5
4/28/1977,145.6
4/29/1977,147.25
5/2/1977,148.35
5/3/1977,148.25
5/4/1977,148.1
5/5/1977,146.95
5/6/1977,148.25
5/9/1977,147.3
5/10/1977,147.5
5/11/1977,147.7
5/12/1977,147.2
5/13/1977,148.15
5/16/1977,147.65
5/17/1977,147.8
5/18/1977,146.9
5/19/1977,146.85
5/20/1977,147.35
5/23/1977,146.5
5/24/1977,144.8
5/25/1977,144.75
5/26/1977,143.7
5/27/1977,144.4
5/30/1977,143.9
5/31/1977,142.95
6/1/1977,143.85
6/2/1977,141.95
6/3/1977,141.45
6/8/1977,142.3
6/9/1977,140.6
6/10/1977,140
6/13/1977,138.4
6/14/1977,137.1
6/15/1977,138.9
6/16/1977,139.85
6/17/1977,138.75
6/20/1977,139.85
6/21/1977,141.3
6/22/1977,139.45
6/23/1977,140.15
6/24/1977,140.8
6/27/1977,142.5
6/28/1977,143
6/29/1977,142.35
6/30/1977,143
7/1/1977,142.55
7/4/1977,140.5
7/5/1977,141.25
7/6/1977,140.55
7/7/1977,141.45
7/8/1977,142.05
7/11/1977,140.9
7/12/1977,141.8
7/13/1977,142.8
7/14/1977,143.85
7/15/1977,144.6
7/18/1977,143.55
7/19/1977,145.5
7/20/1977,144.9
7/21/1977,144
7/22/1977,144.7
7/25/1977,146.4
7/26/1977,145.65
7/27/1977,145.8
7/28/1977,144.35
7/29/1977,144.1
8/1/1977,144.2
8/2/1977,145.8
8/3/1977,146
8/4/1977,146.75
8/5/1977,145.45
8/8/1977,145.8
8/9/1977,146.5
8/10/1977,145.85
8/11/1977,145.35
8/12/1977,144.9
8/15/1977,144.15
8/16/1977,143.3
8/17/1977,143.7
8/18/1977,143.55
8/19/1977,144.5
8/22/1977,144.1
8/23/1977,143.4
8/24/1977,144.25
8/25/1977,144.2
8/26/1977,145
8/30/1977,146.15
8/31/1977,146
9/1/1977,145.42
9/2/1977,146.4
9/5/1977,147.85
9/6/1977,147.3
9/7/1977,147.65
9/8/1977,147.5
9/9/1977,147.45
9/12/1977,148.3
9/13/1977,147.5
9/14/1977,147.9
9/15/1977,147.9
9/16/1977,148.3
9/19/1977,149.75
9/20/1977,149.9
9/21/1977,151.3
9/22/1977,151.6
9/23/1977,150.9
9/26/1977,153
9/27/1977,152.7
9/28/1977,153.85
9/29/1977,153
9/30/1977,154.05
10/3/1977,155.45
10/4/1977,154.85
10/5/1977,155.05
10/6/1977,154
10/7/1977,153.95
10/10/1977,157.15
10/11/1977,156.85
10/12/1977,157.75
10/13/1977,157.95
10/14/1977,157.8
10/17/1977,160.2
10/18/1977,160.3
10/19/1977,161.6
10/20/1977,160.1
10/21/1977,161.2
10/24/1977,163.25
10/25/1977,162.85
10/26/1977,162.9
10/27/1977,160.15
10/28/1977,161.2
10/31/1977,161.5
11/1/1977,162.5
11/2/1977,161.5
11/3/1977,164.25
11/4/1977,165.9
11/7/1977,166.4
11/8/1977,164.8
11/9/1977,167.5
11/10/1977,166.9
11/11/1977,167.95
11/14/1977,165.2
11/15/1977,162.65
11/16/1977,160.25
11/17/1977,158.65
11/18/1977,160.85
11/21/1977,157.7
11/22/1977,156.15
11/23/1977,159.3
11/24/1977,158.9
11/25/1977,158
11/28/1977,161.6
11/29/1977,159.2
11/30/1977,160.05
12/1/1977,160.3
12/2/1977,158.75
12/5/1977,159.5
12/6/1977,159.85
12/7/1977,160.3
12/8/1977,160.9
12/9/1977,158.55
12/12/1977,158.8
12/13/1977,157.6
12/14/1977,160.1
12/15/1977,158.85
12/16/1977,160
12/19/1977,160.1
12/20/1977,159.5
12/21/1977,160.3
12/22/1977,159.4
12/28/1977,164.8
12/29/1977,166
12/30/1977,164.95
1/3/1978,169.2
1/4/1978,171.85
1/5/1978,165.7
1/6/1978,169.9
1/9/1978,170.25
1/10/1978,173.1
1/11/1978,172.15
1/12/1978,173.55
1/13/1978,172.45
1/16/1978,174.9
1/17/1978,172.95
1/18/1978,171.95
1/19/1978,173.45
1/20/1978,173.05
1/23/1978,175.2
1/24/1978,176.45
1/25/1978,177.5
1/26/1978,175.8
1/27/1978,176.4
1/30/1978,175.2
1/31/1978,175.75
2/1/1978,176.4
2/2/1978,174.85
2/3/1978,175.25
2/6/1978,175.6
2/7/1978,175.2
2/8/1978,174.4
2/9/1978,172.85
2/10/1978,174.6
2/13/1978,177
2/14/1978,177.4
2/15/1978,178.6
2/16/1978,179.35
2/17/1978,179.45
2/20/1978,182.25
2/21/1978,181.45
2/22/1978,181.15
2/23/1978,183.2
2/24/1978,180.75
2/27/1978,180.8
2/28/1978,182.25
3/1/1978,182.5
3/2/1978,184.25
3/3/1978,183.45
3/6/1978,184.4
3/7/1978,186.25
3/8/1978,190
3/9/1978,188.3
3/10/1978,185.9
3/13/1978,186.5
3/14/1978,188.05
3/15/1978,186.35
3/16/1978,184.25
3/17/1978,183.2
3/20/1978,181
3/21/1978,177.3
3/22/1978,179.35
3/23/1978,179.3
3/28/1978,183.8
3/29/1978,181.4
3/30/1978,179.75
3/31/1978,181.6
4/3/1978,183.4
4/4/1978,180.5
4/5/1978,178.4
4/6/1978,181
4/7/1978,179.1
4/10/1978,178.7
4/11/1978,179.6
4/12/1978,180
4/13/1978,178.6
4/14/1978,178.5
4/17/1978,174.3
4/18/1978,173.5
4/19/1978,174.65
4/20/1978,168.55
4/21/1978,170.9
4/24/1978,168.5
4/25/1978,167.65
4/26/1978,168.9
4/27/1978,160.9
4/28/1978,170.85
5/2/1978,168.9
5/3/1978,170.45
5/4/1978,173.3
5/5/1978,172.8
5/8/1978,172.2
5/9/1978,172.7
5/10/1978,173.95
5/11/1978,175.35
5/12/1978,174.7
5/15/1978,175.25
5/16/1978,175.8
5/17/1978,177.5
5/18/1978,177.9
5/19/1978,178.8
5/22/1978,179.2
5/23/1978,179.75
5/24/1978,179.4
5/25/1978,178.6
5/26/1978,179.45
5/30/1978,182.3
5/31/1978,184.15
6/1/1978,183
6/2/1978,184.75
6/5/1978,183.05
6/6/1978,181.05
6/7/1978,182.95
6/8/1978,182.6
6/9/1978,181.3
6/12/1978,180.5
6/13/1978,182.35
6/14/1978,183.7
6/15/1978,182.15
6/16/1978,184.6
6/19/1978,184.6
6/20/1978,186.5
6/21/1978,186.35
6/22/1978,185.3
6/23/1978,185.55
6/26/1978,185.25
6/27/1978,184.25
6/28/1978,185.35
6/29/1978,184.3
6/30/1978,183.05
7/3/1978,183.25
7/4/1978,184.4
7/5/1978,184.2
7/6/1978,182.75
7/7/1978,183.95
7/10/1978,186.05
7/11/1978,185.5
7/12/1978,186.3
7/13/1978,186.7
7/14/1978,186
7/17/1978,185.05
7/18/1978,184.85
7/19/1978,185.7
7/20/1978,188.4
7/21/1978,191.75
7/24/1978,195.2
7/25/1978,193.3
7/26/1978,194.3
7/27/1978,194.05
7/28/1978,201.3
7/31/1978,200.25
8/1/1978,205.1
8/2/1978,203.25
8/3/1978,202.2
8/4/1978,201.55
8/7/1978,204.05
8/8/1978,206.95
8/9/1978,207.95
8/10/1978,206.5
8/11/1978,211.15
8/14/1978,213.5
8/15/1978,213.2
8/16/1978,215.75
8/17/1978,209
8/18/1978,211.75
8/21/1978,204.9
8/22/1978,207.4
8/23/1978,200.2
8/24/1978,203
8/25/1978,198
8/29/1978,199.7
8/30/1978,204.8
8/31/1978,208.7
9/1/1978,208
9/4/1978,211.5
9/5/1978,209.45
9/6/1978,212
9/7/1978,210.5
9/8/1978,205.9
9/11/1978,205.65
9/12/1978,208
9/13/1978,209.7
9/14/1978,209.25
9/15/1978,212.15
9/18/1978,210
9/19/1978,211.45
9/20/1978,213.6
9/21/1978,215.65
9/22/1978,214.35
9/25/1978,218.4
9/26/1978,218.25
9/27/1978,214.8
9/28/1978,217.9
9/29/1978,217.1
10/2/1978,217.1
10/3/1978,221.4
10/4/1978,223.5
10/5/1978,222.7
10/6/1978,223.1
10/9/1978,222.45
10/10/1978,225.3
10/11/1978,226.3
10/12/1978,225.55
10/13/1978,224.5
10/16/1978,223.4
10/17/1978,227.75
10/18/1978,229
10/19/1978,225.65
10/20/1978,227.95
10/23/1978,226.75
10/24/1978,225.8
10/25/1978,230.9
10/26/1978,233.7
10/27/1978,234.5
10/30/1978,242.75
10/31/1978,242.6
11/1/1978,227.5
11/2/1978,221.5
11/3/1978,215.2
11/6/1978,210
11/7/1978,216.35
11/8/1978,218.8
11/9/1978,213.7
11/10/1978,206.25
11/13/1978,208.1
11/14/1978,211
11/15/1978,204.15
11/16/1978,196.3
11/17/1978,197.95
11/20/1978,198.85
11/21/1978,200.2
11/22/1978,199
11/23/1978,202.5
11/24/1978,202.7
11/27/1978,198.4
11/28/1978,196.15
11/29/1978,195.6
11/30/1978,193.4
12/1/1978,194.65
12/4/1978,199.25
12/5/1978,196.4
12/6/1978,196.25
12/7/1978,198.3
12/8/1978,202
12/11/1978,207
12/12/1978,201.9
12/13/1978,202.85
12/14/1978,204
12/15/1978,205.6
12/18/1978,212.9
12/19/1978,216.3
12/20/1978,216.6
12/21/1978,212.6
12/22/1978,215.1
12/27/1978,220.5
12/28/1978,220.65
12/29/1978,226
1/2/1979,226.8
1/3/1979,218.6
1/4/1979,223.15
1/5/1979,225.5
1/8/1979,223.1
1/9/1979,224
1/10/1979,220.7
1/11/1979,220.65
1/12/1979,217.6
1/15/1979,216.85
1/16/1979,220.65
1/17/1979,227.25
1/18/1979,231.75
1/19/1979,230.55
1/22/1979,235
1/23/1979,230
1/24/1979,236.1
1/25/1979,233.85
1/26/1979,235.45
1/29/1979,235.2
1/30/1979,233.5
1/31/1979,233.7
2/1/1979,229.35
2/2/1979,230.3
2/5/1979,243.1
2/6/1979,244.5
2/7/1979,251.6
2/8/1979,250.5
2/9/1979,246.75
2/12/1979,244.25
2/13/1979,240.6
2/14/1979,240.65
2/15/1979,247.75
2/16/1979,247.05
2/19/1979,248.1
2/20/1979,247
2/21/1979,250.75
2/22/1979,252.35
2/23/1979,251
2/26/1979,248.6
2/27/1979,247.9
2/28/1979,251.3
3/1/1979,248.8
3/2/1979,248
3/5/1979,238.15
3/6/1979,239.75
3/7/1979,242.25
3/8/1979,239.2
3/9/1979,241
3/12/1979,240
3/13/1979,239.1
3/14/1979,239.5
3/15/1979,240.1
3/16/1979,244
3/19/1979,242.25
3/20/1979,242.1
3/21/1979,239.9
3/22/1979,242.85
3/23/1979,242.5
3/26/1979,245.25
3/27/1979,244.35
3/28/1979,244.4
3/29/1979,241.5
3/30/1979,240.1
4/2/1979,239.7
4/3/1979,240
4/4/1979,239.75
4/5/1979,240.65
4/6/1979,239.75
4/9/1979,240.2
4/10/1979,239.75
4/11/1979,238.35
4/12/1979,233.95
4/17/1979,231.9
4/18/1979,233.2
4/19/1979,240.9
4/20/1979,236.4
4/23/1979,236.85
4/24/1979,239.7
4/25/1979,241.8
4/26/1979,242.2
4/27/1979,243.7
4/30/1979,245.3
5/1/1979,247.3
5/2/1979,246.3
5/3/1979,246.5
5/4/1979,248.45
5/8/1979,248.95
5/9/1979,247.95
5/10/1979,252.25
5/11/1979,251.5
5/14/1979,251
5/15/1979,255.5
5/16/1979,256.5
5/17/1979,256.8
5/18/1979,256.4
5/21/1979,262
5/22/1979,265.4
5/23/1979,264.15
5/24/1979,263.75
5/25/1979,270.5
5/29/1979,273.8
5/30/1979,270.25
5/31/1979,274.6
6/1/1979,275.1
6/4/1979,272.9
6/5/1979,274.75
6/6/1979,280
6/7/1979,276.05
6/8/1979,280
6/11/1979,282.35
6/12/1979,277.75
6/13/1979,276.6
6/14/1979,279
6/15/1979,280
6/18/1979,278
6/19/1979,280.3
6/20/1979,281.35
6/21/1979,282.3
6/22/1979,283.45
6/25/1979,283.85
6/26/1979,281.45
6/27/1979,281.8
6/28/1979,275.9
6/29/1979,277.5
7/2/1979,282.5
7/3/1979,281.35
7/4/1979,283.5
7/5/1979,288.25
7/6/1979,290.25
7/9/1979,287.85
7/10/1979,290.5
7/11/1979,290.3
7/12/1979,290.75
7/13/1979,287.45
7/16/1979,291.7
7/17/1979,296.3
7/18/1979,302.15
7/19/1979,299.15
7/20/1979,298.75
7/23/1979,304.9
7/24/1979,305.25
7/25/1979,303.35
7/26/1979,305.2
7/27/1979,305.8
7/30/1979,301.4
7/31/1979,296.45
8/1/1979,290.1
8/2/1979,291.5
8/3/1979,286.5
8/6/1979,282.7
8/7/1979,285.1
8/8/1979,289
8/9/1979,297.1
8/10/1979,303.75
8/13/1979,298.75
8/14/1979,292
8/15/1979,301.85
8/16/1979,297.85
8/17/1979,300.55
8/20/1979,298.75
8/21/1979,300.5
8/22/1979,311
8/23/1979,310.05
8/24/1979,314.75
8/28/1979,316.75
8/29/1979,315.2
8/30/1979,318.95
8/31/1979,315.1
9/3/1979,322.9
9/4/1979,325
9/5/1979,329
9/6/1979,335.5
9/7/1979,329.15
9/10/1979,336.3
9/11/1979,339.5
9/12/1979,337.1
9/13/1979,332.95
9/14/1979,345.8
9/17/1979,351.75
9/18/1979,375.75
9/19/1979,369
9/20/1979,380
9/21/1979,369
9/24/1979,380.4
9/25/1979,376.7
9/26/1979,373.75
9/27/1979,395.5
9/28/1979,397.25
10/1/1979,414.75
10/2/1979,426
10/3/1979,402
10/4/1979,384
10/5/1979,385
10/8/1979,372
10/9/1979,385.8
10/10/1979,413
10/11/1979,401.5
10/12/1979,395
10/15/1979,402.9
10/16/1979,394.25
10/17/1979,386
10/18/1979,380.5
10/19/1979,393
10/22/1979,392
10/23/1979,385
10/24/1979,395
10/25/1979,391.8
10/26/1979,375
10/29/1979,374
10/30/1979,377.6
10/31/1979,382
11/1/1979,378.5
11/2/1979,372.8
11/5/1979,381
11/6/1979,384.3
11/7/1979,395
11/8/1979,389.5
11/9/1979,389.5
11/12/1979,393.25
11/13/1979,387.2
11/14/1979,390
11/15/1979,386
11/16/1979,390.35
11/19/1979,389.85
11/20/1979,387.75
11/21/1979,396.15
11/22/1979,393.15
11/23/1979,392
11/26/1979,395.25
11/27/1979,393.75
11/28/1979,411.2
11/29/1979,411.7
11/30/1979,415.65
12/3/1979,428.75
12/4/1979,431.2
12/5/1979,426.4
12/6/1979,433.75
12/7/1979,430.4
12/10/1979,431.15
12/11/1979,445.5
12/12/1979,446.25
12/13/1979,458.8
12/14/1979,456.8
12/17/1979,469.5
12/18/1979,477.45
12/19/1979,488.5
12/20/1979,471.5
12/21/1979,473.1
12/28/1979,512
1/2/1980,559.5
1/3/1980,634
1/4/1980,588
1/7/1980,633.5
1/8/1980,610
1/9/1980,607.2
1/10/1980,602.85
1/11/1980,623
1/14/1980,660
1/15/1980,684
1/16/1980,760
1/17/1980,750
1/18/1980,835
1/21/1980,850
1/22/1980,737.5
1/23/1980,695
1/24/1980,717
1/25/1980,668
1/28/1980,624
1/29/1980,674.25
1/30/1980,691
1/31/1980,653
2/1/1980,676.5
2/4/1980,669.75
2/5/1980,682
2/6/1980,709
2/7/1980,699.25
2/8/1980,692
2/11/1980,710.5
2/12/1980,694.5
2/13/1980,696.75
2/14/1980,682
2/15/1980,667
2/18/1980,661.5
2/19/1980,652.25
2/20/1980,606
2/21/1980,665
2/22/1980,630
2/25/1980,616.5
2/26/1980,642.25
2/27/1980,636
2/28/1980,646
2/29/1980,637
3/3/1980,633.75
3/4/1980,631.25
3/5/1980,643.5
3/6/1980,626
3/7/1980,609
3/10/1980,585
3/11/1980,570.25
3/12/1980,585.7
3/13/1980,556.5
3/14/1980,523
3/17/1980,484
3/18/1980,481.5
3/19/1980,527
3/20/1980,561
3/21/1980,525
3/24/1980,558.25
3/25/1980,547.25
3/26/1980,507.5
3/27/1980,485.25
3/28/1980,490
3/31/1980,494.5
4/1/1980,509.5
4/2/1980,500.5
4/3/1980,485.75
4/8/1980,528
4/9/1980,554
4/10/1980,526
4/11/1980,530.5
4/14/1980,529.75
4/15/1980,497.5
4/16/1980,520
4/17/1980,513
4/18/1980,515.6
4/21/1980,506
4/22/1980,502.4
4/23/1980,506.5
4/24/1980,515.7
4/25/1980,551.5
4/28/1980,524.25
4/29/1980,513.75
4/30/1980,518
5/1/1980,490
5/2/1980,512.5
5/6/1980,512.5
5/7/1980,510
5/8/1980,515.75
5/9/1980,508.25
5/12/1980,513.25
5/13/1980,512
5/14/1980,525
5/15/1980,517
5/16/1980,516.5
5/19/1980,513.75
5/20/1980,507.75
5/21/1980,513.5
5/22/1980,501
5/23/1980,511.25
5/27/1980,514.8
5/28/1980,526.5
5/29/1980,519.6
5/30/1980,535.5
6/2/1980,561.5
6/3/1980,552.5
6/4/1980,571.5
6/5/1980,581.75
6/6/1980,597
6/9/1980,623.75
6/10/1980,604
6/11/1980,596
6/12/1980,590
6/13/1980,608.4
6/16/1980,595
6/17/1980,591.75
6/18/1980,602.5
6/19/1980,599
6/20/1980,602.9
6/23/1980,596.5
6/24/1980,603
6/25/1980,622.5
6/26/1980,624.5
6/27/1980,637.5
6/30/1980,653.5
7/1/1980,660
7/2/1980,661.5
7/3/1980,663.5
7/4/1980,666.5
7/7/1980,667.5
7/8/1980,687.5
7/9/1980,671
7/10/1980,656.5
7/11/1980,667
7/14/1980,650
7/15/1980,619.5
7/16/1980,624.75
7/17/1980,627.25
7/18/1980,606
7/21/1980,617.5
7/22/1980,613
7/23/1980,631.25
7/24/1980,643
7/25/1980,651.75
7/28/1980,643.5
7/29/1980,646.75
7/30/1980,629
7/31/1980,614.25
8/1/1980,622
8/4/1980,630.75
8/5/1980,630.5
8/6/1980,627.75
8/7/1980,629.5
8/8/1980,630
8/11/1980,617
8/12/1980,605
8/13/1980,615.25
8/14/1980,626
8/15/1980,624.5
8/18/1980,612.25
8/19/1980,624
8/20/1980,634.75
8/21/1980,645.25
8/22/1980,639.2
8/26/1980,628.85
8/27/1980,633.85
8/28/1980,635.3
8/29/1980,631.25
9/1/1980,628.75
9/2/1980,640
9/3/1980,636.75
9/4/1980,647.25
9/5/1980,651
9/8/1980,672
9/9/1980,670.5
9/10/1980,686.5
9/11/1980,674
9/12/1980,685.5
9/15/1980,666.5
9/16/1980,668
9/17/1980,673
9/18/1980,672
9/19/1980,674
9/22/1980,710
9/23/1980,711
9/24/1980,710.5
9/25/1980,697.75
9/26/1980,698.75
9/29/1980,679.25
9/30/1980,666.75
10/1/1980,682
10/2/1980,665.75
10/3/1980,660.5
10/6/1980,675.5
10/7/1980,678.15
10/8/1980,677
10/9/1980,690
10/10/1980,685.25
10/13/1980,679.75
10/14/1980,668.5
10/15/1980,678
10/16/1980,674
10/17/1980,670.5
10/20/1980,657
10/21/1980,652.5
10/22/1980,660
10/23/1980,634.5
10/24/1980,633
10/27/1980,637.25
10/28/1980,631.75
10/29/1980,644
10/30/1980,642.5
10/31/1980,629
11/3/1980,640.5
11/4/1980,646
11/5/1980,652
11/6/1980,632
11/7/1980,596
11/10/1980,612.5
11/11/1980,598.5
11/12/1980,619.5
11/13/1980,622
11/14/1980,612.5
11/17/1980,611.75
11/18/1980,619
11/19/1980,629.75
11/20/1980,630.5
11/21/1980,634.75
11/24/1980,631
11/25/1980,616.25
11/26/1980,623
11/27/1980,622
11/28/1980,619.75
12/1/1980,635
12/3/1980,627
12/4/1980,627.25
12/5/1980,631.5
12/8/1980,617.25
12/9/1980,604
12/10/1980,579
12/11/1980,558
12/12/1980,562.75
12/15/1980,579
12/16/1980,561
12/17/1980,575.5
12/18/1980,573.5
12/19/1980,575
12/22/1980,594.75
12/23/1980,602.5
12/29/1980,593.75
12/30/1980,589.75
1/5/1981,597.5
1/6/1981,599.25
1/7/1981,585
1/8/1981,574.75
1/9/1981,577.75
1/12/1981,562
1/13/1981,562.75
1/14/1981,556.5
1/15/1981,571.5
1/16/1981,560.75
1/19/1981,566.75
1/20/1981,562
1/21/1981,578
1/22/1981,564
1/23/1981,553
1/26/1981,528.5
1/27/1981,524
1/28/1981,523.5
1/29/1981,493.75
1/30/1981,506.5
2/2/1981,493.5
2/3/1981,486.25
2/4/1981,505
2/5/1981,498.5
2/6/1981,500.5
2/9/1981,512.5
2/10/1981,519.5
2/11/1981,501
2/12/1981,490.25
2/13/1981,491.5
2/16/1981,490.25
2/17/1981,500.75
2/18/1981,505
2/19/1981,503.25
2/20/1981,511.5
2/23/1981,501.5
2/24/1981,503
2/25/1981,500.5
2/26/1981,492
2/27/1981,489
3/2/1981,465.5
3/3/1981,471
3/4/1981,465.5
3/5/1981,461.5
3/6/1981,467
3/9/1981,474.25
3/10/1981,487.25
3/11/1981,476.25
3/12/1981,478
3/13/1981,492
3/16/1981,499.75
3/17/1981,493.25
3/18/1981,506
3/19/1981,510
3/20/1981,516.75
3/23/1981,526
3/24/1981,536.25
3/25/1981,528
3/26/1981,539.5
3/27/1981,538.75
3/30/1981,526.5
3/31/1981,513.75
4/1/1981,514.25
4/2/1981,519.5
4/3/1981,523
4/6/1981,533.75
4/7/1981,514.25
4/8/1981,508.5
4/9/1981,503
4/10/1981,493.5
4/13/1981,473.75
4/14/1981,483
4/15/1981,476.25
4/16/1981,482.5
4/21/1981,481
4/22/1981,501
4/23/1981,488.5
4/24/1981,494.5
4/27/1981,483
4/28/1981,482.75
4/29/1981,477.25
4/30/1981,482.75
5/1/1981,487.5
5/5/1981,476.25
5/6/1981,482
5/7/1981,477.75
5/8/1981,485.75
5/11/1981,493
5/12/1981,484
5/13/1981,484.25
5/14/1981,476.5
5/15/1981,485
5/18/1981,481.75
5/19/1981,481.5
5/20/1981,479.75
5/21/1981,475
5/22/1981,472.75
5/26/1981,466.5
5/27/1981,466.75
5/28/1981,479
5/29/1981,479.25
6/1/1981,483.25
6/2/1981,474
6/3/1981,474.5
6/4/1981,462.5
6/5/1981,460
6/8/1981,473.5
6/9/1981,460.5
6/10/1981,465.25
6/11/1981,464.25
6/12/1981,472
6/15/1981,471.25
6/16/1981,461.5
6/17/1981,461.75
6/18/1981,459
6/19/1981,458.25
6/22/1981,462
6/23/1981,466.5
6/24/1981,462
6/25/1981,446.5
6/26/1981,442
6/29/1981,428.75
6/30/1981,426
7/1/1981,422
7/2/1981,414.5
7/3/1981,414
7/6/1981,403.75
7/7/1981,405
7/8/1981,397.75
7/9/1981,406.25
7/10/1981,416.5
7/13/1981,413
7/14/1981,402.25
7/15/1981,412.25
7/16/1981,418.25
7/17/1981,415
7/20/1981,412.5
7/21/1981,406
7/22/1981,411.5
7/23/1981,407.75
7/24/1981,407.5
7/27/1981,408.75
7/28/1981,401.5
7/30/1981,402.25
7/31/1981,406
8/3/1981,392.5
8/4/1981,391.25
8/5/1981,392.4
8/6/1981,393.25
8/7/1981,397.25
8/10/1981,393.75
8/11/1981,401
8/12/1981,417.5
8/13/1981,407.25
8/14/1981,413
8/17/1981,411.5
8/18/1981,420
8/19/1981,431.5
8/20/1981,429
8/21/1981,429.5
8/24/1981,422
8/25/1981,409.75
8/26/1981,414
8/27/1981,411.75
8/28/1981,425.5
9/1/1981,421.5
9/2/1981,430
9/3/1981,436.5
9/4/1981,439.5
9/7/1981,436.5
9/8/1981,439
9/9/1981,436.75
9/10/1981,451.5
9/11/1981,446.25
9/14/1981,451.25
9/15/1981,456
9/16/1981,449
9/17/1981,459
9/18/1981,447
9/21/1981,463.5
9/22/1981,462
9/23/1981,456.5
9/24/1981,446.25
9/25/1981,450.5
9/28/1981,421.5
9/29/1981,431.75
9/30/1981,428.75
10/1/1981,436.75
10/2/1981,435
10/5/1981,441.25
10/6/1981,443
10/7/1981,445.5
10/8/1981,443.25
10/9/1981,453.5
10/12/1981,449.5
10/13/1981,443.25
10/14/1981,444.25
10/15/1981,446.65
10/16/1981,443.75
10/19/1981,436.7
10/20/1981,437.3
10/21/1981,429
10/22/1981,433.75
10/23/1981,432.5
10/26/1981,426
10/27/1981,427.4
10/28/1981,430.8
10/29/1981,424.5
10/30/1981,427
11/2/1981,430
11/3/1981,428.25
11/4/1981,431.25
11/5/1981,428.5
11/6/1981,428.25
11/9/1981,429.75
11/10/1981,418.5
11/11/1981,412
11/12/1981,411.5
11/13/1981,412.5
11/16/1981,404.25
11/17/1981,398.75
11/18/1981,403.75
11/19/1981,401
11/20/1981,401.5
11/23/1981,396.75
11/24/1981,399.25
11/25/1981,409.5
11/26/1981,409.5
11/27/1981,411.5
11/30/1981,414.5
12/1/1981,402.5
12/2/1981,406.75
12/3/1981,416.5
12/4/1981,426
12/7/1981,416.75
12/8/1981,415.25
12/9/1981,410.25
12/10/1981,405.5
12/11/1981,409.75
12/14/1981,417.5
12/15/1981,413.25
12/16/1981,416.75
12/17/1981,416.25
12/18/1981,415.75
12/21/1981,410.5
12/22/1981,399.6
12/23/1981,400.4
12/29/1981,395
12/30/1981,397.5
1/4/1982,395
1/5/1982,403.5
1/6/1982,401.5
1/7/1982,396.5
1/8/1982,400.25
1/11/1982,388.25
1/12/1982,389
1/13/1982,380
1/14/1982,374.75
1/15/1982,379.25
1/18/1982,373.75
1/19/1982,379.25
1/20/1982,371.5
1/21/1982,376
1/22/1982,377.25
1/25/1982,372
1/26/1982,376.5
1/27/1982,381.75
1/28/1982,383.5
1/29/1982,387
2/1/1982,379.5
2/2/1982,379.15
2/3/1982,378
2/4/1982,383.75
2/5/1982,384.25
2/8/1982,379.75
2/9/1982,378.5
2/10/1982,382.15
2/11/1982,380
2/12/1982,377.5
2/15/1982,375.25
2/16/1982,375.25
2/17/1982,374
2/18/1982,369.25
2/19/1982,369.25
2/22/1982,364.25
2/23/1982,361
2/24/1982,362.75
2/25/1982,366.45
2/26/1982,362.6
3/1/1982,361.25
3/2/1982,361.25
3/3/1982,353.75
3/4/1982,346.5
3/5/1982,342.4
3/8/1982,330.5
3/9/1982,329.25
3/10/1982,333
3/11/1982,331.75
3/12/1982,323.25
3/15/1982,312
3/16/1982,324.5
3/17/1982,316
3/18/1982,320
3/19/1982,315.75
3/22/1982,320.8
3/23/1982,329.25
3/24/1982,331.75
3/25/1982,327.75
3/26/1982,322.25
3/29/1982,318.5
3/30/1982,324.25
3/31/1982,320
4/1/1982,327
4/2/1982,327.75
4/5/1982,337.5
4/6/1982,345.5
4/7/1982,354
4/8/1982,351.5
4/13/1982,353.5
4/14/1982,366.75
4/15/1982,363.25
4/16/1982,362.75
4/19/1982,357
4/20/1982,343
4/21/1982,346.75
4/22/1982,345
4/23/1982,352.25
4/26/1982,357
4/27/1982,351.75
4/28/1982,354.5
4/29/1982,348.75
4/30/1982,361.25
5/4/1982,341.75
5/5/1982,338.4
5/6/1982,334.5
5/7/1982,334.75
5/10/1982,329
5/11/1982,332.25
5/12/1982,331.5
5/13/1982,331
5/14/1982,333.25
5/17/1982,338.5
5/18/1982,338
5/19/1982,342
5/20/1982,342.5
5/21/1982,338.5
5/24/1982,329
5/25/1982,327.9
5/26/1982,330.25
5/27/1982,324.25
5/28/1982,325.25
6/1/1982,318.75
6/2/1982,318.5
6/3/1982,320.35
6/4/1982,318.75
6/7/1982,325.25
6/8/1982,328.75
6/9/1982,326
6/10/1982,326.75
6/11/1982,325.25
6/14/1982,320.75
6/15/1982,315
6/16/1982,317
6/17/1982,309
6/18/1982,308.75
6/21/1982,296.75
6/22/1982,304
6/23/1982,304
6/24/1982,310.25
6/25/1982,305.5
6/28/1982,307.5
6/29/1982,309
6/30/1982,317.5
7/1/1982,310.25
7/2/1982,312.75
7/5/1982,315.25
7/6/1982,311
7/7/1982,306.75
7/8/1982,313.5
7/9/1982,328.5
7/12/1982,343
7/13/1982,352.5
7/14/1982,352.75
7/15/1982,350.25
7/16/1982,347
7/19/1982,347.5
7/20/1982,347.75
7/21/1982,366.5
7/22/1982,353
7/23/1982,363.25
7/26/1982,352.25
7/27/1982,351.25
7/28/1982,347
7/29/1982,342.5
7/30/1982,342.9
8/2/1982,351.35
8/3/1982,349.25
8/4/1982,346.25
8/5/1982,346.5
8/6/1982,344.75
8/9/1982,336
8/10/1982,338.25
8/11/1982,333.5
8/12/1982,334.75
8/13/1982,338
8/16/1982,341.75
8/17/1982,337.75
8/18/1982,357.75
8/19/1982,356.65
8/20/1982,386.5
8/23/1982,394.5
8/24/1982,407.75
8/25/1982,401
8/26/1982,417
8/27/1982,418
8/31/1982,411.5
9/1/1982,405.25
9/2/1982,409.75
9/3/1982,455
9/6/1982,474
9/7/1982,481
9/8/1982,458
9/9/1982,466
9/10/1982,453
9/13/1982,439
9/14/1982,454.25
9/15/1982,443.25
9/16/1982,448.5
9/17/1982,441.5
9/20/1982,424.25
9/21/1982,426.5
9/22/1982,443.75
9/23/1982,435.85
9/24/1982,431
9/27/1982,413.75
9/28/1982,410.5
9/29/1982,409.75
9/30/1982,397
10/1/1982,402
10/4/1982,387.5
10/5/1982,390.25
10/6/1982,404
10/7/1982,418.5
10/8/1982,433
10/11/1982,430
10/12/1982,441.25
10/13/1982,428.75
10/14/1982,448
10/15/1982,432.5
10/18/1982,428.25
10/19/1982,441.5
10/20/1982,422
10/21/1982,432.5
10/22/1982,428
10/25/1982,418.6
10/26/1982,419.25
10/27/1982,417.75
10/28/1982,418.25
10/29/1982,423.25
11/1/1982,427.25
11/2/1982,431
11/3/1982,427.5
11/4/1982,424.75
11/5/1982,417.5
11/8/1982,407.25
11/9/1982,409.25
11/10/1982,411
11/11/1982,401.25
11/12/1982,398
11/15/1982,403.25
11/16/1982,407.5
11/17/1982,412.5
11/18/1982,408.5
11/19/1982,417.6
11/22/1982,410.5
11/23/1982,406
11/24/1982,409.25
11/25/1982,410.5
11/26/1982,417.75
11/29/1982,434
11/30/1982,436
12/1/1982,440.25
12/2/1982,446.25
12/3/1982,441.25
12/6/1982,445.25
12/7/1982,454.5
12/8/1982,445
12/9/1982,437.5
12/10/1982,435.75
12/13/1982,438.75
12/14/1982,449.4
12/15/1982,437.5
12/16/1982,440.25
12/17/1982,437
12/20/1982,440.25
12/21/1982,442.25
12/22/1982,447.25
12/23/1982,445.75
12/29/1982,460.5
12/30/1982,456.9
1/4/1983,449.5
1/5/1983,454
1/6/1983,454.5
1/7/1983,465
1/10/1983,474
1/11/1983,484.5
1/12/1983,480.5
1/13/1983,488.25
1/14/1983,483.25
1/17/1983,498.5
1/18/1983,485
1/19/1983,495.5
1/20/1983,487.25
1/21/1983,485
1/24/1983,476
1/25/1983,488.75
1/26/1983,486.5
1/27/1983,496.5
1/28/1983,493.75
1/31/1983,499.5
2/1/1983,508.5
2/2/1983,498.25
2/3/1983,503.5
2/4/1983,498.5
2/7/1983,490.25
2/8/1983,497.25
2/9/1983,490.5
2/10/1983,496
2/11/1983,504.5
2/14/1983,500.5
2/15/1983,509.25
2/16/1983,508.5
2/17/1983,504.75
2/18/1983,503.5
2/21/1983,504.5
2/22/1983,485.5
2/23/1983,470.25
2/24/1983,475
2/25/1983,464.75
2/28/1983,408.5
3/1/1983,414
3/2/1983,430
3/3/1983,429.5
3/4/1983,412.5
3/7/1983,420.75
3/8/1983,417.5
3/9/1983,426
3/10/1983,434.75
3/11/1983,420.5
3/14/1983,428.5
3/15/1983,434.5
3/16/1983,419
3/17/1983,416.5
3/18/1983,421.75
3/21/1983,414.5
3/22/1983,421.25
3/23/1983,410
3/24/1983,415.5
3/25/1983,411.75
3/28/1983,408.75
3/29/1983,412.25
3/30/1983,418
3/31/1983,414.75
4/5/1983,426.75
4/6/1983,428.5
4/7/1983,425.78
4/8/1983,421.25
4/11/1983,426.75
4/12/1983,432.75
4/13/1983,429.25
4/14/1983,435.5
4/15/1983,436.5
4/18/1983,443
4/19/1983,439.5
4/20/1983,433.75
4/21/1983,439.5
4/22/1983,437
4/25/1983,441.5
4/26/1983,435.5
4/27/1983,434.25
4/28/1983,428.5
4/29/1983,429.25
5/3/1983,433.5
5/4/1983,432.75
5/5/1983,433.75
5/6/1983,431.25
5/9/1983,434
5/10/1983,443.75
5/11/1983,443
5/12/1983,439.75
5/13/1983,441.25
5/16/1983,436.25
5/17/1983,440.75
5/18/1983,442.75
5/19/1983,442.6
5/20/1983,438.75
5/23/1983,432.75
5/24/1983,436.8
5/25/1983,441.75
5/26/1983,440
5/27/1983,437.25
5/31/1983,437.5
6/1/1983,410
6/2/1983,412.5
6/3/1983,411.5
6/6/1983,407.75
6/7/1983,400.25
6/8/1983,403
6/9/1983,407.75
6/10/1983,411.25
6/13/1983,413
6/14/1983,407.9
6/15/1983,408.25
6/16/1983,412.5
6/17/1983,415.5
6/20/1983,415.75
6/21/1983,414.75
6/22/1983,420.5
6/23/1983,420.5
6/24/1983,423.5
6/27/1983,419.5
6/28/1983,416
6/29/1983,414.85
6/30/1983,416
7/1/1983,416.25
7/4/1983,416
7/5/1983,410.75
7/6/1983,411.65
7/7/1983,412.25
7/8/1983,426
7/11/1983,430.5
7/12/1983,429
7/13/1983,427.25
7/14/1983,426.25
7/15/1983,422.25
7/18/1983,422.4
7/19/1983,423.75
7/20/1983,428.25
7/21/1983,429.75
7/22/1983,423.5
7/25/1983,422
7/26/1983,425.5
7/27/1983,426.25
7/28/1983,425.5
7/29/1983,422
8/1/1983,411.25
8/2/1983,414.25
8/3/1983,411
8/4/1983,414
8/5/1983,419.75
8/8/1983,408.5
8/9/1983,413
8/10/1983,408.25
8/11/1983,411.75
8/12/1983,412.4
8/15/1983,416
8/16/1983,420.2
8/17/1983,422.5
8/18/1983,421.5
8/19/1983,417.75
8/22/1983,421.75
8/23/1983,426.4
8/24/1983,424
8/25/1983,423.25
8/26/1983,417
8/30/1983,418.1
8/31/1983,414.25
9/1/1983,416.6
9/2/1983,417.5
9/5/1983,419.1
9/6/1983,418.25
9/7/1983,413.25
9/8/1983,414
9/9/1983,414.75
9/12/1983,415.75
9/13/1983,406.75
9/14/1983,401.75
9/15/1983,405.25
9/16/1983,405.5
9/19/1983,412.25
9/20/1983,412.35
9/21/1983,411.25
9/22/1983,407.75
9/23/1983,413
9/26/1983,415
9/27/1983,412.25
9/28/1983,413.6
9/29/1983,408.75
9/30/1983,405
10/3/1983,389
10/4/1983,393.5
10/5/1983,389.5
10/6/1983,394
10/7/1983,397.4
10/10/1983,401
10/11/1983,399
10/12/1983,394.75
10/13/1983,398.65
10/14/1983,398.75
10/17/1983,395
10/18/1983,397.25
10/19/1983,394
10/20/1983,389.75
10/21/1983,394.25
10/24/1983,394.5
10/25/1983,398
10/26/1983,392.6
10/27/1983,384.5
10/28/1983,387.75
10/31/1983,382
11/1/1983,377.75
11/2/1983,383
11/3/1983,377.75
11/4/1983,381
11/7/1983,379.5
11/8/1983,382.25
11/9/1983,383
11/10/1983,381.8
11/11/1983,382
11/14/1983,382.6
11/15/1983,383.25
11/16/1983,383.25
11/17/1983,375.75
11/18/1983,375.25
11/21/1983,374.5
11/22/1983,376.5
11/23/1983,375.75
11/24/1983,375.5
11/25/1983,376.1
11/28/1983,394.25
11/29/1983,391.5
11/30/1983,405
12/1/1983,399.25
12/2/1983,400.75
12/5/1983,397.25
12/6/1983,397
12/7/1983,399.75
12/8/1983,401
12/9/1983,388.75
12/12/1983,391.25
12/13/1983,389.2
12/14/1983,389
12/15/1983,388.75
12/16/1983,377.25
12/19/1983,375
12/20/1983,378.1
12/21/1983,378.6
12/22/1983,378.9
12/28/1983,378
12/29/1983,382.4
1/3/1984,383
1/4/1984,374
1/5/1984,375.25
1/6/1984,375.25
1/9/1984,365.25
1/10/1984,371.25
1/11/1984,367.75
1/12/1984,368.5
1/13/1984,373.25
1/16/1984,370.25
1/17/1984,367.75
1/18/1984,368.25
1/19/1984,374.75
1/20/1984,371.25
1/23/1984,371.35
1/24/1984,365.1
1/25/1984,366.5
1/26/1984,367
1/27/1984,370
1/30/1984,369.85
1/31/1984,373.75
2/1/1984,378.15
2/2/1984,383.25
2/3/1984,383.1
2/6/1984,380.8
2/7/1984,379.75
2/8/1984,386.25
2/9/1984,383
2/10/1984,377.65
2/13/1984,376.85
2/14/1984,376
2/15/1984,383
2/16/1984,383.9
2/17/1984,382.15
2/20/1984,385.25
2/21/1984,395.25
2/22/1984,395.25
2/23/1984,398.25
2/24/1984,395.75
2/27/1984,393.5
2/28/1984,399.25
2/29/1984,394.25
3/1/1984,392.75
3/2/1984,399
3/5/1984,405.85
3/6/1984,402.5
3/7/1984,398.5
3/8/1984,397.25
3/9/1984,399.9
3/12/1984,395.75
3/13/1984,397.25
3/14/1984,399.75
3/15/1984,394.5
3/16/1984,392.75
3/19/1984,393.6
3/20/1984,393.85
3/21/1984,392.35
3/22/1984,389.35
3/23/1984,387.9
3/26/1984,387.4
3/27/1984,388.85
3/28/1984,385.75
3/29/1984,390.25
3/30/1984,388.5
4/2/1984,387.2
4/5/1984,381.2
4/6/1984,380.25
4/9/1984,382.4
4/10/1984,381.35
4/11/1984,384.5
4/12/1984,381.9
4/13/1984,379.25
4/16/1984,380.1
4/17/1984,380.2
4/18/1984,380.25
4/19/1984,384.9
4/24/1984,383.25
4/25/1984,382.3
4/26/1984,379.9
4/27/1984,379.25
4/30/1984,375.8
5/1/1984,376.5
5/2/1984,377.35
5/3/1984,378.5
5/4/1984,376.7
5/8/1984,371.5
5/9/1984,372.6
5/10/1984,371.75
5/11/1984,372.5
5/14/1984,372.55
5/15/1984,373.25
5/16/1984,375.25
5/17/1984,376.5
5/18/1984,375.6
5/21/1984,380.75
5/22/1984,379.5
5/23/1984,378.55
5/24/1984,375.65
5/25/1984,384.2
5/29/1984,385.6
5/30/1984,386.4
5/31/1984,384.25
6/1/1984,393.75
6/4/1984,391
6/5/1984,393.75
6/6/1984,391.65
6/7/1984,392.2
6/8/1984,386
6/11/1984,382.5
6/12/1984,375
6/13/1984,374
6/14/1984,375.6
6/15/1984,368
6/18/1984,367.9
6/19/1984,370.6
6/20/1984,370
6/21/1984,370.75
6/22/1984,374.25
6/25/1984,369.25
6/26/1984,369.5
6/27/1984,369.35
6/28/1984,372.9
6/29/1984,373.05
7/2/1984,370
7/3/1984,368.25
7/4/1984,369
7/5/1984,364.8
7/6/1984,353.25
7/9/1984,338.5
7/10/1984,344.25
7/11/1984,339.25
7/12/1984,341.15
7/13/1984,345
7/16/1984,350.1
7/17/1984,347.15
7/18/1984,345.75
7/19/1984,350.2
7/20/1984,342
7/23/1984,335
7/24/1984,338.5
7/25/1984,341.75
7/26/1984,344.2
7/27/1984,335.25
7/30/1984,338.5
7/31/1984,342.35
8/1/1984,339
8/2/1984,344
8/3/1984,349.25
8/6/1984,349.25
8/7/1984,342
8/8/1984,344.5
8/9/1984,344.25
8/10/1984,346.75
8/13/1984,343.5
8/14/1984,354
8/15/1984,350.9
8/16/1984,352.25
8/17/1984,352
8/20/1984,349.3
8/21/1984,346
8/22/1984,345
8/23/1984,351.25
8/24/1984,350
8/28/1984,349.75
8/29/1984,350.5
8/30/1984,347.25
8/31/1984,348.25
9/3/1984,344.5
9/4/1984,341.2
9/5/1984,328.25
9/6/1984,340.5
9/7/1984,339.75
9/10/1984,338.45
9/11/1984,340.3
9/12/1984,338.5
9/13/1984,336.85
9/14/1984,341.45
9/17/1984,335.25
9/18/1984,336.75
9/19/1984,340
9/20/1984,338.75
9/21/1984,343.5
9/24/1984,347.75
9/25/1984,345
9/26/1984,346.1
9/27/1984,345.25
9/28/1984,343.75
10/1/1984,345.4
10/2/1984,345.25
10/3/1984,348.5
10/4/1984,346.25
10/5/1984,343.8
10/8/1984,341.6
10/9/1984,341
10/10/1984,337.75
10/11/1984,338.1
10/12/1984,338.9
10/15/1984,338.65
10/16/1984,339.5
10/17/1984,340.55
10/18/1984,339.5
10/19/1984,339.5
10/22/1984,338.4
10/23/1984,340
10/24/1984,340
10/25/1984,338.5
10/26/1984,337.6
10/29/1984,336.25
10/30/1984,335.5
10/31/1984,333.5
11/1/1984,333.8
11/2/1984,343.1
11/5/1984,342.45
11/6/1984,346.1
11/7/1984,347.6
11/8/1984,347.1
11/9/1984,346.8
11/12/1984,345.75
11/13/1984,350.4
11/14/1984,345.8
11/15/1984,343.75
11/16/1984,345
11/19/1984,343.4
11/20/1984,342.65
11/21/1984,340.3
11/22/1984,341.95
11/23/1984,341.5
11/26/1984,336.9
11/27/1984,332.9
11/28/1984,329
11/29/1984,330.6
11/30/1984,329
12/3/1984,329.5
12/4/1984,332
12/5/1984,329.9
12/6/1984,330.75
12/7/1984,327
12/10/1984,326.25
12/11/1984,326.75
12/12/1984,324.5
12/13/1984,324.25
12/14/1984,322.5
12/17/1984,315
12/18/1984,309
12/19/1984,309.3
12/20/1984,307.5
12/21/1984,311
12/27/1984,309.2
12/28/1984,308.3
12/31/1984,309
1/2/1985,305.5
1/3/1985,302.3
1/4/1985,303.15
1/7/1985,298.25
1/8/1985,302
1/9/1985,300.5
1/10/1985,303.8
1/11/1985,304.25
1/14/1985,299
1/15/1985,301.8
1/16/1985,302.4
1/17/1985,305.5
1/18/1985,308
1/21/1985,307.25
1/22/1985,306.9
1/23/1985,300.25
1/24/1985,300.85
1/25/1985,298.25
1/28/1985,297.75
1/29/1985,303.25
1/30/1985,302.9
1/31/1985,306.65
2/5/1985,301.25
2/6/1985,302.05
2/7/1985,302.85
2/8/1985,301.65
2/12/1985,300.15
2/13/1985,302.5
2/14/1985,303.2
2/15/1985,304.15
2/19/1985,302.6
2/20/1985,302.9
2/21/1985,299.85
2/22/1985,298.4
2/25/1985,284.25
2/26/1985,285.75
2/27/1985,290.8
2/28/1985,287.75
3/1/1985,287.5
3/4/1985,288.65
3/5/1985,287.9
3/6/1985,287.4
3/7/1985,289.6
3/8/1985,291
3/11/1985,291
3/12/1985,288.45
3/13/1985,290.25
3/14/1985,290.75
3/15/1985,292.7
3/18/1985,298.85
3/19/1985,316.75
3/20/1985,324
3/21/1985,312.5
3/22/1985,315.5
3/25/1985,314.6
3/26/1985,323.75
3/27/1985,330.4
3/28/1985,326.25
3/29/1985,329.25
4/1/1985,321.1
4/2/1985,318.75
4/3/1985,321.25
4/4/1985,316.75
4/9/1985,323.1
4/10/1985,327.25
4/11/1985,332.25
4/12/1985,329.9
4/15/1985,334.25
4/16/1985,330.5
4/17/1985,327.35
4/18/1985,329.75
4/19/1985,327
4/22/1985,327.75
4/23/1985,326.65
4/24/1985,322
4/25/1985,322.5
4/26/1985,323.5
4/29/1985,322.5
4/30/1985,321.35
5/1/1985,312.5
5/2/1985,313.25
5/3/1985,312.75
5/7/1985,313.5
5/8/1985,312.85
5/9/1985,315.1
5/10/1985,314.5
5/13/1985,321
5/14/1985,326.5
5/15/1985,322.75
5/16/1985,320.1
5/17/1985,322.5
5/20/1985,323.3
5/21/1985,314.9
5/22/1985,316.25
5/23/1985,315.4
5/24/1985,314.7
5/28/1985,311.25
5/29/1985,312
5/30/1985,314.6
5/31/1985,314
6/3/1985,318.1
6/4/1985,315.65
6/5/1985,314.2
6/6/1985,314.8
6/7/1985,314.3
6/10/1985,312
6/11/1985,315
6/12/1985,314.5
6/13/1985,313.75
6/14/1985,318.25
6/17/1985,318.9
6/18/1985,323.75
6/19/1985,325.4
6/20/1985,318.1
6/21/1985,313.45
6/24/1985,314.65
6/25/1985,315.5
6/26/1985,316.75
6/27/1985,315
6/28/1985,317.75
7/1/1985,313.9
7/2/1985,308.25
7/3/1985,310.35
7/5/1985,311.6
7/8/1985,309.25
7/9/1985,314.85
7/10/1985,314.85
7/11/1985,313.55
7/12/1985,315.65
7/15/1985,315.85
7/16/1985,321.75
7/17/1985,325.6
7/18/1985,320
7/19/1985,318.9
7/22/1985,317.25
7/23/1985,322.5
7/24/1985,317.75
7/25/1985,317.4
7/26/1985,316.95
7/29/1985,326.5
7/30/1985,323.25
7/31/1985,327.5
8/1/1985,322.1
8/2/1985,320.5
8/5/1985,323.75
8/6/1985,319.8
8/7/1985,321.15
8/8/1985,322.5
8/9/1985,321.65
8/12/1985,326.65
8/13/1985,326.5
8/14/1985,326
8/15/1985,331.1
8/16/1985,335.35
8/19/1985,340.9
8/20/1985,334.15
8/21/1985,335.9
8/22/1985,335.5
8/23/1985,334.85
8/26/1985,336
8/27/1985,340.9
8/28/1985,337
8/29/1985,333.25
9/3/1985,328.2
9/4/1985,326
9/5/1985,325.75
9/6/1985,317.4
9/9/1985,319.35
9/10/1985,321.65
9/11/1985,320.75
9/12/1985,319.25
9/13/1985,321.3
9/16/1985,319.3
9/17/1985,317.6
9/18/1985,316.25
9/19/1985,316.3
9/20/1985,319.15
9/23/1985,327.45
9/24/1985,329.9
9/25/1985,328.5
9/26/1985,329.25
9/27/1985,328.6
9/30/1985,326.5
10/1/1985,322.25
10/2/1985,324.95
10/3/1985,324.9
10/4/1985,328
10/7/1985,325.75
10/8/1985,326.35
10/9/1985,326.55
10/10/1985,325.5
10/11/1985,325.6
10/14/1985,326.65
10/15/1985,327
10/16/1985,323.65
10/17/1985,325.5
10/18/1985,326.25
10/21/1985,326.15
10/22/1985,327.75
10/23/1985,325.9
10/24/1985,326.2
10/25/1985,325.4
10/28/1985,326.5
10/29/1985,326.3
10/30/1985,326.2
10/31/1985,325.1
11/1/1985,323.5
11/4/1985,325.35
11/5/1985,324.6
11/6/1985,324.4
11/7/1985,323
11/8/1985,321.95
11/11/1985,323.1
11/12/1985,323.1
11/13/1985,324.5
11/14/1985,325.3
11/15/1985,325.4
11/18/1985,323.5
11/19/1985,324.35
11/20/1985,325.65
11/21/1985,325.8
11/22/1985,326.5
11/25/1985,330.2
11/26/1985,331.25
11/27/1985,328.15
11/29/1985,325.3
12/2/1985,321.5
12/3/1985,322.6
12/4/1985,324.2
12/5/1985,322.8
12/6/1985,322.3
12/9/1985,317.4
12/10/1985,317
12/11/1985,315.5
12/12/1985,317.5
12/13/1985,317.75
12/16/1985,318.6
12/17/1985,321.15
12/18/1985,320.85
12/19/1985,325.8
12/20/1985,323.55
12/23/1985,327.6
12/27/1985,326.85
12/30/1985,326.8
1/2/1986,326.3
1/3/1986,326.75
1/6/1986,328
1/7/1986,330
1/8/1986,332.6
1/9/1986,333.5
1/10/1986,340.45
1/13/1986,339.4
1/14/1986,341
1/15/1986,346.75
1/16/1986,363
1/17/1986,352.6
1/20/1986,351
1/21/1986,356.5
1/22/1986,353
1/23/1986,350.3
1/24/1986,354
1/27/1986,358.4
1/28/1986,353
1/29/1986,353.25
1/30/1986,358
1/31/1986,350.5
2/3/1986,347.3
2/4/1986,338.6
2/5/1986,337.3
2/6/1986,337.1
2/7/1986,337.2
2/10/1986,340.15
2/11/1986,335.8
2/12/1986,337.25
2/13/1986,334
2/14/1986,331.35
2/17/1986,333
2/18/1986,337.25
2/19/1986,341.4
2/20/1986,337.1
2/21/1986,338
2/24/1986,341.8
2/25/1986,352.4
2/26/1986,345.75
2/27/1986,336.9
2/28/1986,338.15
3/3/1986,335.6
3/4/1986,337.15
3/5/1986,341.5
3/6/1986,344.5
3/7/1986,343.45
3/10/1986,340.25
3/11/1986,342.9
3/12/1986,343.85
3/13/1986,349.6
3/14/1986,348
3/17/1986,349.9
3/18/1986,351.15
3/19/1986,346.75
3/20/1986,350.65
3/21/1986,352.9
3/24/1986,350.2
3/25/1986,351.75
3/26/1986,344.3
3/27/1986,344
4/1/1986,333.1
4/2/1986,335.5
4/3/1986,334.75
4/4/1986,334.5
4/7/1986,337.65
4/8/1986,339.4
4/9/1986,337.85
4/10/1986,337.7
4/11/1986,341.95
4/14/1986,341.6
4/15/1986,341.75
4/16/1986,339
4/17/1986,339.9
4/18/1986,342.75
4/21/1986,341.4
4/22/1986,344.1
4/23/1986,346.2
4/24/1986,344.75
4/25/1986,344.45
4/28/1986,343.15
4/29/1986,342.45
4/30/1986,345.75
5/1/1986,345.1
5/2/1986,341.6
5/5/1986,343.25
5/6/1986,344.4
5/7/1986,342.45
5/8/1986,345.25
5/9/1986,345.35
5/12/1986,345.2
5/13/1986,343.7
5/14/1986,342.45
5/15/1986,342
5/16/1986,343
5/19/1986,340.8
5/20/1986,338.7
5/21/1986,338.9
5/22/1986,340.45
5/23/1986,341.1
5/27/1986,341.5
5/28/1986,342.75
5/29/1986,342.7
5/30/1986,343.2
6/2/1986,341.85
6/3/1986,342.2
6/4/1986,340.25
6/5/1986,341.75
6/6/1986,341.65
6/9/1986,341.8
6/10/1986,347.7
6/11/1986,347.4
6/12/1986,348.35
6/13/1986,346.2
6/16/1986,339.3
6/17/1986,336.75
6/18/1986,339.15
6/19/1986,339.2
6/20/1986,339.65
6/23/1986,341.05
6/24/1986,342
6/25/1986,343.15
6/26/1986,344.15
6/27/1986,344.9
6/30/1986,345.5
7/1/1986,345.1
7/2/1986,342.3
7/3/1986,343.85
7/4/1986,343.8
7/7/1986,344.85
7/8/1986,347.85
7/9/1986,348.1
7/10/1986,346.8
7/11/1986,348.1
7/14/1986,345.75
7/15/1986,346
7/16/1986,347.6
7/17/1986,347
7/18/1986,347.9
7/21/1986,353.95
7/22/1986,353.5
7/23/1986,347.25
7/24/1986,348.65
7/25/1986,349.4
7/28/1986,353.6
7/29/1986,351.25
7/30/1986,351.65
7/31/1986,357.5
8/1/1986,361
8/4/1986,359.8
8/5/1986,358.5
8/6/1986,362.4
8/7/1986,361.8
8/8/1986,368.8
8/11/1986,384
8/12/1986,388
8/13/1986,385.25
8/14/1986,385.1
8/18/1986,374.4
8/19/1986,378
8/20/1986,380.75
8/21/1986,386.25
8/26/1986,381.1
8/27/1986,380.1
8/28/1986,386.7
8/29/1986,384.7
9/1/1986,391.75
9/2/1986,393.25
9/3/1986,405
9/4/1986,403.5
9/5/1986,420
9/8/1986,411.25
9/9/1986,409.25
9/10/1986,418.5
9/11/1986,402
9/12/1986,419.5
9/15/1986,413.5
9/16/1986,417.25
9/17/1986,413.2
9/18/1986,417.85
9/19/1986,430
9/22/1986,435.5
9/23/1986,435
9/24/1986,431.5
9/25/1986,429.4
9/26/1986,433
9/29/1986,427
9/30/1986,423.2
10/1/1986,425
10/2/1986,431.3
10/3/1986,436
10/6/1986,436.9
10/7/1986,436
10/8/1986,438.1
10/9/1986,435.75
10/10/1986,430.75
10/13/1986,432.6
10/14/1986,428.8
10/15/1986,422
10/16/1986,425.5
10/17/1986,419.25
10/20/1986,425
10/21/1986,425.1
10/22/1986,425
10/23/1986,423.4
10/24/1986,410.5
10/27/1986,409.75
10/28/1986,410.7
10/29/1986,405.8
10/30/1986,406.5
10/31/1986,401
11/3/1986,406.2
11/4/1986,408
11/5/1986,405.25
11/6/1986,408.55
11/7/1986,408.2
11/10/1986,410.75
11/11/1986,406
11/12/1986,407
11/13/1986,407.5
11/14/1986,408.25
11/17/1986,392.5
11/18/1986,391
11/19/1986,393.4
11/20/1986,389.35
11/21/1986,388.2
11/24/1986,380.5
11/25/1986,383.75
11/26/1986,383.6
11/28/1986,383.5
12/1/1986,395.55
12/2/1986,389.5
12/3/1986,389.75
12/4/1986,389.25
12/5/1986,388.5
12/8/1986,389.6
12/9/1986,386.8
12/10/1986,391.5
12/11/1986,388.4
12/12/1986,391.5
12/15/1986,394.3
12/16/1986,393.1
12/17/1986,392
12/18/1986,390.75
12/19/1986,394.8
12/22/1986,394.15
12/23/1986,389.2
12/29/1986,390.1
12/30/1986,388.75
1/2/1987,403.5
1/5/1987,398.95
1/6/1987,401.7
1/7/1987,400.4
1/8/1987,401.75
1/9/1987,402
1/12/1987,411.1
1/13/1987,409
1/14/1987,415.1
1/15/1987,416.25
1/16/1987,415.7
1/19/1987,422.25
1/20/1987,415.75
1/21/1987,407.2
1/22/1987,410.45
1/23/1987,400
1/26/1987,406
1/27/1987,411.5
1/28/1987,413.75
1/29/1987,409.7
1/30/1987,400.5
2/2/1987,406.75
2/3/1987,404
2/4/1987,402.2
2/5/1987,398.9
2/6/1987,402.6
2/9/1987,405.9
2/10/1987,402.85
2/11/1987,403
2/12/1987,402.3
2/13/1987,397.35
2/16/1987,397.25
2/17/1987,397.25
2/18/1987,390
2/19/1987,393.35
2/20/1987,399.75
2/23/1987,403.2
2/24/1987,399.3
2/25/1987,405.8
2/26/1987,404.1
2/27/1987,405.85
3/2/1987,406.75
3/3/1987,407.8
3/4/1987,408.9
3/5/1987,412.3
3/6/1987,407.84
3/9/1987,406.54
3/10/1987,407.14
3/11/1987,408.75
3/12/1987,411.45
3/13/1987,410.05
3/16/1987,406.84
3/17/1987,407.89
3/18/1987,405.89
3/19/1987,405.99
3/20/1987,405.99
3/23/1987,409.85
3/24/1987,411.82
3/25/1987,415.26
3/26/1987,412.55
3/27/1987,417.92
3/30/1987,425.58
3/31/1987,420.32
4/1/1987,418.5
4/2/1987,418.7
4/3/1987,418.7
4/6/1987,421.45
4/7/1987,418.5
4/8/1987,420.5
4/9/1987,421
4/10/1987,431.6
4/13/1987,435.9
4/14/1987,442.4
4/15/1987,444.1
4/16/1987,437.75
4/21/1987,449.5
4/22/1987,445.5
4/23/1987,450.5
4/24/1987,462.2
4/27/1987,474.5
4/28/1987,453
4/29/1987,449
4/30/1987,453.25
5/1/1987,456.75
5/5/1987,459.25
5/6/1987,456.25
5/7/1987,456.25
5/8/1987,453
5/11/1987,453
5/12/1987,460.7
5/13/1987,460.5
5/14/1987,461.05
5/15/1987,469.9
5/18/1987,473.25
5/19/1987,471.1
5/20/1987,475.25
5/21/1987,469.1
5/22/1987,466.5
5/25/1987,449
5/26/1987,449.5
5/27/1987,453.1
5/28/1987,451
6/1/1987,442.9
6/2/1987,455
6/3/1987,453
6/4/1987,452.75
6/5/1987,453.5
6/8/1987,456.55
6/9/1987,452.65
6/10/1987,455.65
6/11/1987,457
6/12/1987,455.45
6/15/1987,449.75
6/16/1987,452.75
6/17/1987,451.25
6/18/1987,452.2
6/19/1987,449
6/22/1987,438
6/23/1987,440.2
6/24/1987,441.75
6/25/1987,440.5
6/26/1987,444.1
6/29/1987,449.75
6/30/1987,447.3
7/1/1987,445.75
7/2/1987,446.25
7/3/1987,444.1
7/6/1987,444.1
7/7/1987,444.5
7/8/1987,446.4
7/9/1987,444.1
7/10/1987,444.75
7/13/1987,446.5
7/14/1987,447
7/15/1987,452.7
7/16/1987,453.75
7/17/1987,450.6
7/20/1987,450.9
7/21/1987,452.4
7/22/1987,454.9
7/23/1987,453.95
7/24/1987,453.3
7/27/1987,453.15
7/28/1987,456.15
7/29/1987,457.75
7/30/1987,457.15
7/31/1987,462.5
8/3/1987,472.75
8/4/1987,473.4
8/5/1987,469.8
8/6/1987,468.7
8/7/1987,464.1
8/10/1987,461.1
8/11/1987,461.2
8/12/1987,463.4
8/13/1987,462.5
8/14/1987,460
8/17/1987,453.3
8/18/1987,457.5
8/19/1987,456.35
8/20/1987,456.1
8/21/1987,455.5
8/24/1987,459.5
8/25/1987,458
8/26/1987,457.4
8/27/1987,458.75
8/28/1987,453.4
9/2/1987,453.75
9/3/1987,463.1
9/4/1987,463.7
9/8/1987,456.95
9/9/1987,458.3
9/10/1987,460.2
9/11/1987,459.85
9/14/1987,455.55
9/15/1987,458.8
9/16/1987,458.4
9/17/1987,460.5
9/18/1987,461.7
9/21/1987,459.1
9/22/1987,461.55
9/23/1987,462.4
9/24/1987,464
9/25/1987,461.8
9/28/1987,460.85
9/29/1987,459.4
9/30/1987,459.5
10/1/1987,454.9
10/2/1987,454.35
10/5/1987,456.5
10/6/1987,458
10/7/1987,458.05
10/8/1987,458.15
10/9/1987,462.05
10/12/1987,461.75
10/13/1987,459.2
10/14/1987,460.8
10/15/1987,466.6
10/16/1987,465.25
10/19/1987,481
10/20/1987,464.3
10/21/1987,467
10/22/1987,471.65
10/23/1987,470.5
10/26/1987,475
10/27/1987,474
10/28/1987,477.5
10/29/1987,472.45
10/30/1987,468.8
11/2/1987,469.5
11/3/1987,464.25
11/4/1987,466.15
11/5/1987,457.55
11/6/1987,460
11/9/1987,463.5
11/10/1987,458.25
11/11/1987,461.85
11/12/1987,462.45
11/13/1987,464.95
11/16/1987,462.1
11/17/1987,464.6
11/18/1987,463.7
11/19/1987,465.15
11/20/1987,465.7
11/23/1987,469.4
11/24/1987,475
11/25/1987,476.5
11/26/1987,477.65
11/27/1987,478.4
11/30/1987,492.5
12/1/1987,487.8
12/2/1987,490.9
12/3/1987,491.1
12/4/1987,496.25
12/7/1987,481.15
12/8/1987,484.3
12/9/1987,484.2
12/10/1987,488
12/11/1987,493.5
12/14/1987,499.75
12/15/1987,492.5
12/16/1987,486.3
12/17/1987,477.5
12/18/1987,481
12/21/1987,480
12/22/1987,483
12/23/1987,481.5
12/30/1987,485.7
12/31/1987,484.1
1/4/1988,480.5
1/5/1988,475.5
1/6/1988,481.4
1/7/1988,483.5
1/8/1988,483.9
1/11/1988,483.9
1/12/1988,480.4
1/13/1988,481.9
1/14/1988,481.4
1/15/1988,480.3
1/18/1988,475.4
1/19/1988,477.1
1/20/1988,477.65
1/21/1988,477.2
1/22/1988,476.2
1/25/1988,476.25
1/26/1988,469.75
1/27/1988,465
1/28/1988,466.35
1/29/1988,458
2/1/1988,452.7
2/2/1988,455.9
2/3/1988,445.4
2/4/1988,443.25
2/5/1988,441.7
2/8/1988,442.1
2/9/1988,438.6
2/10/1988,441.1
2/11/1988,440.6
2/12/1988,443.6
2/15/1988,445.5
2/16/1988,445
2/17/1988,445.6
2/18/1988,447.25
2/19/1988,442.9
2/22/1988,445.5
2/23/1988,442.4
2/24/1988,435.75
2/25/1988,432.1
2/26/1988,430.45
2/29/1988,426.15
3/1/1988,429.3
3/2/1988,428.9
3/3/1988,429.1
3/4/1988,431.8
3/7/1988,435.9
3/8/1988,436.35
3/9/1988,436.5
3/10/1988,442.4
3/11/1988,441.8
3/14/1988,442.25
3/15/1988,442.2
3/16/1988,446.2
3/17/1988,445.5
3/18/1988,442.85
3/21/1988,449.25
3/22/1988,447.9
3/23/1988,449.5
3/24/1988,453.95
3/25/1988,451.8
3/28/1988,453.9
3/29/1988,454.9
3/30/1988,453.75
3/31/1988,456.95
4/5/1988,453.6
4/6/1988,449.85
4/7/1988,447.2
4/8/1988,449.4
4/11/1988,448.8
4/12/1988,450.8
4/13/1988,449.35
4/14/1988,450.35
4/15/1988,456.3
4/18/1988,458
4/19/1988,456.9
4/20/1988,457.4
4/21/1988,454.25
4/22/1988,448.6
4/25/1988,450.2
4/26/1988,447
4/27/1988,450.3
4/28/1988,452.1
4/29/1988,449
5/3/1988,445.9
5/4/1988,443.25
5/5/1988,444.85
5/6/1988,442.8
5/9/1988,440.4
5/10/1988,446.65
5/11/1988,449.1
5/12/1988,451
5/13/1988,449.5
5/16/1988,453.25
5/17/1988,454.7
5/18/1988,454
5/19/1988,457.9
5/20/1988,454.9
5/23/1988,457.25
5/24/1988,457.25
5/25/1988,453.9
5/26/1988,453.25
5/27/1988,452
5/31/1988,455.5
6/1/1988,456.75
6/2/1988,453.7
6/3/1988,464.7
6/6/1988,464.55
6/7/1988,464.4
6/8/1988,457.85
6/9/1988,455.45
6/10/1988,457.6
6/13/1988,449
6/14/1988,446.5
6/15/1988,452
6/16/1988,453.9
6/17/1988,450.25
6/20/1988,454.2
6/21/1988,451.65
6/22/1988,448.5
6/23/1988,447.8
6/24/1988,443.25
6/27/1988,443.3
6/28/1988,443.85
6/29/1988,433.55
6/30/1988,436.55
7/1/1988,436.85
7/5/1988,437.55
7/6/1988,436.8
7/7/1988,440.9
7/8/1988,439.4
7/11/1988,436.8
7/12/1988,433.8
7/13/1988,435
7/14/1988,440.75
7/15/1988,439.1
7/18/1988,435.65
7/19/1988,436.25
7/20/1988,444
7/21/1988,444.75
7/22/1988,442.2
7/25/1988,438.5
7/26/1988,431.2
7/27/1988,432.85
7/28/1988,432.75
7/29/1988,436.8
8/1/1988,434.6
8/2/1988,432.75
8/3/1988,434.1
8/4/1988,433.1
8/5/1988,432.85
8/8/1988,432
8/9/1988,425.8
8/10/1988,427.2
8/11/1988,427.95
8/12/1988,433.25
8/15/1988,430.25
8/16/1988,432.65
8/17/1988,429
8/18/1988,430.5
8/19/1988,432.6
8/22/1988,431
8/23/1988,432.6
8/24/1988,433
8/25/1988,434.2
8/26/1988,433.15
8/30/1988,427.75
8/31/1988,427.75
9/1/1988,430.4
9/2/1988,428.75
9/6/1988,428.45
9/7/1988,427.25
9/8/1988,428.25
9/9/1988,429.4
9/12/1988,419.4
9/13/1988,420.45
9/14/1988,421.5
9/15/1988,418.85
9/16/1988,415.15
9/19/1988,409
9/20/1988,410
9/21/1988,400.65
9/22/1988,397.75
9/23/1988,400.35
9/26/1988,395.3
9/27/1988,397.1
9/28/1988,395.4
9/29/1988,398.5
9/30/1988,397.7
10/3/1988,396
10/4/1988,398.5
10/5/1988,395.45
10/6/1988,403.75
10/7/1988,403.9
10/10/1988,406.75
10/11/1988,407.25
10/12/1988,406.4
10/13/1988,406.7
10/14/1988,407.6
10/17/1988,413
10/18/1988,411.45
10/19/1988,411.25
10/20/1988,412.2
10/21/1988,410.25
10/24/1988,405.5
10/25/1988,407.65
10/26/1988,407.4
10/27/1988,407.5
10/28/1988,411.5
10/31/1988,412.4
11/1/1988,410.9
11/2/1988,414.75
11/3/1988,423.4
11/4/1988,421
11/7/1988,420.6
11/8/1988,418.35
11/9/1988,420.8
11/10/1988,419.1
11/11/1988,420.3
11/14/1988,419.3
11/15/1988,424
11/16/1988,423.85
11/17/1988,422
11/18/1988,417.75
11/21/1988,415.95
11/22/1988,418.4
11/23/1988,419.25
11/24/1988,419.95
11/25/1988,424.1
11/28/1988,424.25
11/29/1988,423.1
11/30/1988,422.6
12/1/1988,424.75
12/2/1988,424.25
12/5/1988,429
12/6/1988,427.75
12/7/1988,422.6
12/8/1988,423.2
12/9/1988,419.75
12/12/1988,420
12/13/1988,420.5
12/14/1988,420
12/15/1988,418.45
12/16/1988,411.75
12/19/1988,413.7
12/20/1988,412.9
12/21/1988,414.6
12/22/1988,417.25
12/28/1988,412.85
12/29/1988,410.25
1/3/1989,411.6
1/4/1989,409.35
1/5/1989,407.25
1/6/1989,406.35
1/9/1989,402.45
1/10/1989,404.5
1/11/1989,403.8
1/12/1989,404.15
1/13/1989,405.55
1/16/1989,401.5
1/17/1989,402.25
1/18/1989,402.5
1/19/1989,403.6
1/20/1989,405.5
1/23/1989,407.45
1/24/1989,408.3
1/25/1989,404.2
1/26/1989,406.25
1/27/1989,399.75
1/30/1989,394
1/31/1989,394
2/1/1989,392.8
2/2/1989,391.1
2/3/1989,390
2/6/1989,387.9
2/7/1989,391
2/8/1989,390.55
2/9/1989,393.8
2/10/1989,389.6
2/13/1989,384.5
2/14/1989,384.1
2/15/1989,381
2/16/1989,384.25
2/17/1989,380.4
2/21/1989,383.5
2/22/1989,386.75
2/23/1989,390.5
2/24/1989,388.4
2/27/1989,390.6
2/28/1989,387
3/1/1989,384.05
3/2/1989,383.9
3/3/1989,386.4
3/6/1989,387.25
3/7/1989,390.75
3/8/1989,394.6
3/9/1989,391.5
3/10/1989,393.5
3/13/1989,392.5
3/14/1989,395
3/15/1989,392.9
3/16/1989,389.4
3/17/1989,394.3
3/20/1989,395.5
3/21/1989,392.75
3/22/1989,393.35
3/23/1989,394.9
3/28/1989,390.75
3/29/1989,382.95
3/30/1989,383.7
3/31/1989,383.2
4/3/1989,378.6
4/4/1989,386.65
4/5/1989,383
4/6/1989,384.35
4/7/1989,382.25
4/10/1989,381.5
4/11/1989,385
4/12/1989,387.25
4/13/1989,390.25
4/14/1989,386.2
4/17/1989,385.15
4/18/1989,383.95
4/19/1989,383.9
4/20/1989,384
4/21/1989,384
4/24/1989,383.55
4/25/1989,385.9
4/26/1989,383.85
4/27/1989,384.25
4/28/1989,377.55
5/2/1989,377.45
5/3/1989,378.6
5/4/1989,378.25
5/5/1989,375.7
5/8/1989,378.25
5/9/1989,376.1
5/10/1989,377.2
5/11/1989,378.35
5/12/1989,377.3
5/15/1989,373.8
5/16/1989,374.5
5/17/1989,371.9
5/18/1989,370
5/19/1989,365.5
5/22/1989,359.75
5/23/1989,364.5
5/24/1989,361.5
5/25/1989,363.6
5/26/1989,365.8
5/30/1989,361.2
5/31/1989,361.8
6/1/1989,361.4
6/2/1989,361.5
6/5/1989,365.2
6/6/1989,364.9
6/7/1989,374.2
6/8/1989,374.5
6/9/1989,368.25
6/12/1989,359.9
6/13/1989,358.7
6/14/1989,361.1
6/15/1989,361.5
6/16/1989,365.35
6/19/1989,364.4
6/20/1989,366.6
6/21/1989,365.9
6/22/1989,369.75
6/23/1989,370
6/26/1989,374.7
6/27/1989,376.25
6/28/1989,373.75
6/29/1989,376.3
6/30/1989,373
7/3/1989,374.5
7/4/1989,376.25
7/5/1989,383.6
7/6/1989,385.5
7/7/1989,383.55
7/10/1989,383.25
7/11/1989,378.75
7/12/1989,379.75
7/13/1989,375.75
7/14/1989,370.8
7/17/1989,370.6
7/18/1989,371.7
7/19/1989,370.7
7/20/1989,371.05
7/21/1989,372.4
7/24/1989,371.95
7/25/1989,371.25
7/26/1989,372.3
7/27/1989,374.15
7/28/1989,369.7
7/31/1989,368.3
8/1/1989,369
8/2/1989,369.75
8/3/1989,369.25
8/4/1989,370.5
8/7/1989,366.1
8/8/1989,365.9
8/9/1989,364.6
8/10/1989,365.85
8/11/1989,361.9
8/14/1989,363.3
8/15/1989,366.1
8/16/1989,367.6
8/17/1989,364.9
8/18/1989,366.25
8/21/1989,365.9
8/22/1989,366.4
8/23/1989,366.2
8/24/1989,362.2
8/25/1989,360.45
8/29/1989,359.8
8/30/1989,366.4
8/31/1989,359.8
9/1/1989,359.4
9/4/1989,358.85
9/5/1989,358.55
9/6/1989,360.2
9/7/1989,359.2
9/8/1989,359.6
9/11/1989,358.35
9/12/1989,358.6
9/13/1989,358.5
9/14/1989,361.5
9/15/1989,355.75
9/18/1989,359.7
9/19/1989,360.65
9/20/1989,362.75
9/21/1989,362.8
9/22/1989,364.9
9/25/1989,367.35
9/26/1989,368
9/27/1989,369
9/28/1989,366.5
9/29/1989,366.5
10/2/1989,366.5
10/3/1989,365.5
10/4/1989,366
10/5/1989,366.2
10/6/1989,363
10/9/1989,362.9
10/10/1989,361.9
10/11/1989,361.05
10/12/1989,363.15
10/13/1989,363.2
10/16/1989,368.4
10/17/1989,366.65
10/18/1989,368.5
10/19/1989,368.6
10/20/1989,365.65
10/23/1989,365.5
10/24/1989,366.6
10/25/1989,368.65
10/26/1989,368.6
10/27/1989,372.6
10/30/1989,377
10/31/1989,375.3
11/1/1989,373.05
11/2/1989,374.25
11/3/1989,380.5
11/6/1989,379.75
11/7/1989,384.1
11/8/1989,383.2
11/9/1989,387.1
11/10/1989,385.35
11/13/1989,390.5
11/14/1989,388.25
11/15/1989,391.4
11/16/1989,391.4
11/17/1989,392
11/20/1989,394.9
11/21/1989,399
11/22/1989,409.9
11/23/1989,411.55
11/24/1989,415.8
11/27/1989,413.75
11/28/1989,409.75
11/29/1989,412.75
11/30/1989,408.15
12/1/1989,413.85
12/4/1989,408.6
12/5/1989,403.75
12/6/1989,402.85
12/7/1989,406
12/8/1989,409.35
12/11/1989,415.5
12/12/1989,415.5
12/13/1989,413
12/14/1989,408.5
12/15/1989,412.75
12/18/1989,407.5
12/19/1989,412.4
12/20/1989,412.4
12/21/1989,413
12/22/1989,412.75
12/26/1989,412.75
12/27/1989,406
12/28/1989,398.6
12/29/1989,401.25
1/2/1990,399
1/3/1990,395
1/4/1990,396.5
1/5/1990,405
1/8/1990,404.6
1/9/1990,403.45
1/10/1990,409.1
1/11/1990,412.1
1/12/1990,416.25
1/15/1990,415.6
1/16/1990,412.75
1/17/1990,410.4
1/18/1990,413.4
1/19/1990,408.65
1/22/1990,406
1/23/1990,408.25
1/24/1990,420.75
1/25/1990,415.65
1/26/1990,418
1/29/1990,418.75
1/30/1990,418.15
1/31/1990,415.05
2/1/1990,415.8
2/2/1990,417.95
2/5/1990,423
2/6/1990,421.05
2/7/1990,423.75
2/8/1990,418
2/9/1990,415.5
2/12/1990,418.85
2/13/1990,418.05
2/14/1990,414.6
2/15/1990,416.65
2/16/1990,416.5
2/19/1990,416.5
2/20/1990,419.95
2/21/1990,420
2/22/1990,417.65
2/23/1990,415.85
2/26/1990,411.3
2/27/1990,407.55
2/28/1990,407.7
3/1/1990,406.3
3/2/1990,405.05
3/5/1990,403.2
3/6/1990,405.35
3/7/1990,400.5
3/8/1990,400.7
3/9/1990,399.3
3/12/1990,401.25
3/13/1990,397.25
3/14/1990,398.75
3/15/1990,399.5
3/16/1990,400.65
3/19/1990,402.1
3/20/1990,399.65
3/21/1990,392
3/22/1990,392
3/23/1990,393.5
3/26/1990,370.25
3/27/1990,368
3/28/1990,372
3/29/1990,371.5
3/30/1990,368.5
4/2/1990,368.4
4/3/1990,375
4/4/1990,374.25
4/5/1990,378.4
4/6/1990,377.7
4/9/1990,376.7
4/10/1990,375.2
4/11/1990,374.5
4/12/1990,375.5
4/17/1990,374
4/18/1990,374.75
4/19/1990,375.75
4/20/1990,376
4/23/1990,375.25
4/24/1990,376.8
4/25/1990,371.45
4/26/1990,371.6
4/27/1990,371.6
4/30/1990,367.75
5/1/1990,369.5
5/2/1990,369.6
5/3/1990,369.9
5/4/1990,371.3
5/8/1990,370.65
5/9/1990,370.3
5/10/1990,371.75
5/11/1990,368.55
5/14/1990,369
5/15/1990,367.75
5/16/1990,369.85
5/17/1990,369.2
5/18/1990,369.9
5/21/1990,373.1
5/22/1990,375.1
5/23/1990,364.5
5/24/1990,366.5
5/25/1990,366.5
5/29/1990,367.7
5/30/1990,366.4
5/31/1990,363.05
6/1/1990,363.45
6/4/1990,357.05
6/5/1990,358.1
6/6/1990,359.5
6/7/1990,352.8
6/8/1990,353.5
6/11/1990,354.7
6/12/1990,355.75
6/13/1990,350.5
6/14/1990,345.85
6/15/1990,346.9
6/18/1990,349.25
6/19/1990,348.65
6/20/1990,346.9
6/21/1990,349.75
6/22/1990,348.4
6/25/1990,353.4
6/26/1990,349.35
6/27/1990,350.65
6/28/1990,352.3
6/29/1990,352.2
7/2/1990,357.4
7/3/1990,362
7/4/1990,362.5
7/5/1990,359.7
7/6/1990,361.15
7/9/1990,360.25
7/10/1990,354
7/11/1990,354.3
7/12/1990,351.45
7/13/1990,363.6
7/16/1990,363.25
7/17/1990,360.7
7/18/1990,359.4
7/19/1990,362.3
7/20/1990,361
7/23/1990,366.1
7/24/1990,368.7
7/25/1990,372.75
7/26/1990,368.75
7/27/1990,366.75
7/30/1990,367.3
7/31/1990,372.3
8/1/1990,370.65
8/2/1990,380.7
8/3/1990,379
8/6/1990,382.25
8/7/1990,383.25
8/8/1990,384.75
8/9/1990,383.6
8/10/1990,389.35
8/13/1990,404.3
8/14/1990,411.5
8/15/1990,398.4
8/16/1990,402.6
8/17/1990,410.6
8/20/1990,407.75
8/21/1990,413.8
8/22/1990,408.75
8/23/1990,412.4
8/24/1990,410.3
8/28/1990,388.25
8/29/1990,384.3
8/30/1990,389.75
8/31/1990,387.75
9/3/1990,386.75
9/4/1990,381.4
9/5/1990,383.3
9/6/1990,387.5
9/7/1990,384.6
9/10/1990,384.5
9/11/1990,378.5
9/12/1990,382.05
9/13/1990,382.2
9/14/1990,386.2
9/17/1990,389.4
9/18/1990,386
9/19/1990,386.5
9/20/1990,386.95
9/24/1990,392.5
9/25/1990,403.75
9/26/1990,402.7
9/27/1990,403.95
9/28/1990,408.4
10/1/1990,396.3
10/2/1990,387.85
10/3/1990,389.4
10/4/1990,395.75
10/5/1990,395.6
10/8/1990,390.8
10/9/1990,397
10/10/1990,391.8
10/11/1990,388
10/12/1990,388.25
10/15/1990,380.7
10/16/1990,364.75
10/17/1990,366
10/18/1990,367.85
10/19/1990,372
10/22/1990,367.5
10/23/1990,371.65
10/24/1990,371.1
10/25/1990,375.05
10/26/1990,373.7
10/29/1990,372.7
10/30/1990,373.75
10/31/1990,379.5
11/1/1990,380.4
11/2/1990,377.5
11/5/1990,376.9
11/6/1990,379.25
11/7/1990,385
11/8/1990,384.75
11/9/1990,385.7
11/12/1990,380.7
11/13/1990,383.5
11/14/1990,383.9
11/15/1990,378
11/16/1990,376.3
11/19/1990,377.8
11/20/1990,380
11/21/1990,377.3
11/22/1990,380
11/23/1990,383.6
11/26/1990,386.9
11/27/1990,383.8
11/28/1990,385
11/29/1990,386.8
11/30/1990,384.85
12/3/1990,380.65
12/4/1990,377.6
12/5/1990,376
12/6/1990,370
12/7/1990,370.8
12/10/1990,374.05
12/11/1990,372.1
12/12/1990,370.9
12/13/1990,372
12/14/1990,373.2
12/17/1990,376.3
12/18/1990,377.4
12/19/1990,378.9
12/20/1990,385.45
12/21/1990,383.75
12/27/1990,382.8
1/2/1991,390.8
1/3/1991,386.3
1/4/1991,387.4
1/7/1991,391.1
1/8/1991,389.7
1/9/1991,387.1
1/10/1991,390.55
1/11/1991,390.6
1/14/1991,398.6
1/15/1991,398.5
1/16/1991,403
1/17/1991,379
1/18/1991,378.25
1/21/1991,378.2
1/22/1991,381
1/23/1991,378.3
1/24/1991,373
1/25/1991,374.25
1/28/1991,374.5
1/29/1991,376.8
1/30/1991,367.1
1/31/1991,366
2/1/1991,364.5
2/4/1991,367.15
2/5/1991,366.6
2/6/1991,360.75
2/7/1991,363.9
2/8/1991,370
2/11/1991,366.85
2/12/1991,364.4
2/13/1991,366.75
2/14/1991,368.15
2/15/1991,365.5
2/18/1991,363.75
2/19/1991,363
2/20/1991,364.65
2/21/1991,362.25
2/22/1991,358.8
2/25/1991,357.65
2/26/1991,359.25
2/27/1991,360
2/28/1991,362.7
3/1/1991,366.9
3/4/1991,365.45
3/5/1991,364.5
3/6/1991,366.2
3/7/1991,366.5
3/8/1991,368.5
3/11/1991,365.85
3/12/1991,364.25
3/13/1991,366
3/14/1991,364.6
3/15/1991,366
3/18/1991,362.3
3/19/1991,364.5
3/20/1991,364.5
3/21/1991,362.35
3/25/1991,359.25
3/26/1991,356.6
3/27/1991,354.05
3/28/1991,355.65
4/2/1991,357.5
4/3/1991,359.2
4/4/1991,358.4
4/5/1991,358.5
4/8/1991,361
4/9/1991,364
4/10/1991,363.65
4/11/1991,361.75
4/12/1991,361.95
4/15/1991,360.1
4/16/1991,361.2
4/17/1991,360.65
4/18/1991,359.15
4/19/1991,356.15
4/22/1991,356.4
4/23/1991,355.5
4/24/1991,355.8
4/25/1991,353.25
4/26/1991,353.25
4/29/1991,351.1
4/30/1991,357.75
5/1/1991,356.5
5/2/1991,354.15
5/3/1991,355.5
5/7/1991,356.15
5/8/1991,356.9
5/9/1991,356.85
5/10/1991,356.7
5/13/1991,356.85
5/14/1991,357.95
5/15/1991,359.85
5/16/1991,356
5/17/1991,355.1
5/20/1991,355
5/21/1991,356.3
5/22/1991,356.75
5/23/1991,354.9
5/24/1991,355.8
5/28/1991,355.65
5/29/1991,361.5
5/30/1991,361.05
5/31/1991,360.4
6/3/1991,363
6/4/1991,362.4
6/5/1991,362.4
6/6/1991,364.85
6/7/1991,367
6/10/1991,372.2
6/11/1991,371.25
6/12/1991,372
6/13/1991,369.7
6/14/1991,367.75
6/17/1991,366.8
6/18/1991,370.25
6/19/1991,367.4
6/20/1991,367.6
6/21/1991,366.25
6/24/1991,360.9
6/25/1991,363.35
6/26/1991,366.1
6/27/1991,364.8
6/28/1991,368.35
7/1/1991,368.9
7/2/1991,367.1
7/3/1991,369.25
7/4/1991,369.25
7/5/1991,369.9
7/8/1991,370.25
7/9/1991,369.2
7/10/1991,370.9
7/11/1991,368.3
7/12/1991,367.85
7/15/1991,367.8
7/16/1991,368.7
7/17/1991,368.9
7/18/1991,369
7/19/1991,370
7/22/1991,369.75
7/23/1991,367.4
7/24/1991,366
7/25/1991,364.9
7/26/1991,364.1
7/29/1991,365.1
7/30/1991,361.35
7/31/1991,362.85
8/1/1991,363.4
8/2/1991,357.8
8/5/1991,356.5
8/6/1991,357
8/7/1991,356.8
8/8/1991,357.6
8/9/1991,358.2
8/12/1991,358.2
8/13/1991,356.8
8/14/1991,355.85
8/15/1991,358.35
8/16/1991,357.75
8/19/1991,361.2
8/20/1991,353.8
8/21/1991,356.3
8/22/1991,356.2
8/23/1991,353.7
8/27/1991,353.8
8/28/1991,354.5
8/29/1991,351.25
8/30/1991,347.4
9/2/1991,347.95
9/3/1991,347.35
9/4/1991,348.7
9/5/1991,347.4
9/6/1991,348.05
9/9/1991,350.55
9/10/1991,351.7
9/11/1991,345.25
9/12/1991,344.75
9/13/1991,344.25
9/16/1991,345.4
9/17/1991,346.15
9/18/1991,348.3
9/19/1991,348.6
9/20/1991,348.6
9/23/1991,349.25
9/24/1991,351.9
9/25/1991,352.75
9/26/1991,351.9
9/27/1991,348.45
9/30/1991,354.9
10/1/1991,353.95
10/2/1991,356
10/3/1991,356.8
10/4/1991,356.3
10/7/1991,359.7
10/8/1991,357.6
10/9/1991,357.65
10/10/1991,359.5
10/11/1991,357.75
10/14/1991,358.5
10/15/1991,357.55
10/16/1991,356.55
10/17/1991,358.3
10/18/1991,359.6
10/21/1991,363.8
10/22/1991,362.35
10/23/1991,362.2
10/24/1991,361
10/25/1991,362
10/28/1991,358.5
10/29/1991,357.4
10/30/1991,359.35
10/31/1991,357.45
11/1/1991,357.75
11/4/1991,356.35
11/5/1991,356.55
11/6/1991,354.5
11/7/1991,354.5
11/8/1991,352.9
11/11/1991,354.9
11/12/1991,354.75
11/13/1991,356.55
11/14/1991,355.85
11/15/1991,355.5
11/18/1991,360.75
11/19/1991,363
11/20/1991,362.6
11/21/1991,364.3
11/22/1991,367.95
11/25/1991,369.1
11/26/1991,366.25
11/27/1991,367.1
11/28/1991,366.05
11/29/1991,366.3
12/2/1991,368.35
12/3/1991,362.9
12/4/1991,365.25
12/5/1991,364.75
12/6/1991,367.75
12/9/1991,370.7
12/10/1991,368.05
12/11/1991,366.5
12/12/1991,359.5
12/13/1991,359.05
12/16/1991,359.65
12/17/1991,357.4
12/18/1991,357.9
12/19/1991,358.9
12/20/1991,358.3
12/23/1991,359.65
12/27/1991,353.3
12/30/1991,353.15
1/2/1992,350.9
1/3/1992,353
1/6/1992,349.4
1/7/1992,349.7
1/8/1992,350.6
1/9/1992,351.55
1/10/1992,357.9
1/13/1992,353.9
1/15/1992,355.55
1/16/1992,356.75
1/17/1992,355.9
1/20/1992,358.75
1/21/1992,357.8
1/22/1992,356.75
1/23/1992,355.2
1/24/1992,353.25
1/27/1992,356.1
1/28/1992,356.3
1/29/1992,354.85
1/30/1992,356
1/31/1992,354.1
2/3/1992,356.4
2/4/1992,356
2/5/1992,353.3
2/6/1992,355.95
2/7/1992,356.2
2/10/1992,354.65
2/11/1992,356
2/12/1992,357.2
2/13/1992,356.3
2/14/1992,354.1
2/17/1992,354.35
2/18/1992,352.8
2/19/1992,353.2
2/20/1992,353.4
2/21/1992,351.6
2/24/1992,349.8
2/25/1992,350.5
2/26/1992,348.65
2/27/1992,353.75
3/2/1992,350.45
3/3/1992,351.35
3/4/1992,350.15
3/5/1992,349.9
3/6/1992,349.4
3/9/1992,348.8
3/10/1992,348.35
3/11/1992,349
3/12/1992,347.6
3/13/1992,347.25
3/16/1992,343
3/17/1992,339
3/19/1992,337.8
3/20/1992,338.8
3/23/1992,338.7
3/24/1992,338.4
3/25/1992,341.25
3/26/1992,340.4
3/27/1992,340.5
3/30/1992,343.3
3/31/1992,341.7
4/1/1992,344
4/2/1992,340.6
4/3/1992,340.6
4/6/1992,339.25
4/7/1992,338.75
4/8/1992,337.5
4/9/1992,338.45
4/10/1992,341.9
4/13/1992,340.8
4/14/1992,339
4/15/1992,338.95
4/21/1992,338.3
4/22/1992,338.1
4/23/1992,338.5
4/24/1992,336.55
4/27/1992,335.7
4/28/1992,336.75
4/29/1992,335.7
4/30/1992,336.35
5/1/1992,337.5
5/5/1992,336.75
5/6/1992,336.7
5/7/1992,336.05
5/8/1992,336.9
5/11/1992,336.15
5/12/1992,335.25
5/13/1992,335.2
5/14/1992,336.9
5/15/1992,339
5/18/1992,338.9
5/19/1992,339.5
5/20/1992,336.95
5/21/1992,337.25
5/22/1992,337.7
5/26/1992,337.85
5/27/1992,337.7
5/28/1992,336.9
5/29/1992,337.5
6/1/1992,336.85
6/2/1992,339
6/3/1992,339.9
6/4/1992,338.4
6/5/1992,338.8
6/8/1992,338.7
6/9/1992,337.8
6/10/1992,337.65
6/11/1992,338.25
6/12/1992,339.6
6/15/1992,342.7
6/16/1992,342.35
6/17/1992,342
6/18/1992,341.25
6/19/1992,343.55
6/22/1992,342.5
6/23/1992,343.8
6/24/1992,342.3
6/25/1992,343.4
6/29/1992,343
6/30/1992,343.4
7/1/1992,343.55
7/2/1992,347.1
7/3/1992,345.7
7/6/1992,346.6
7/7/1992,345.6
7/8/1992,347.5
7/9/1992,347.2
7/10/1992,348.7
7/13/1992,348.6
7/14/1992,349.3
7/15/1992,350.9
7/16/1992,353
7/17/1992,356.7
7/20/1992,359.3
7/21/1992,358.1
7/22/1992,358.75
7/23/1992,359.5
7/24/1992,357.6
7/27/1992,358.4
7/28/1992,359.6
7/29/1992,356.2
7/30/1992,356.75
7/31/1992,357.85
8/3/1992,354.05
8/4/1992,352.7
8/5/1992,350.75
8/6/1992,348.6
8/7/1992,349.9
8/10/1992,350.35
8/11/1992,348.15
8/12/1992,346.8
8/13/1992,337.3
8/14/1992,335.7
8/17/1992,337.4
8/18/1992,337.5
8/19/1992,340
8/20/1992,338.5
8/21/1992,338.5
8/24/1992,344
8/25/1992,343
8/26/1992,340.5
8/27/1992,340.5
8/28/1992,341.5
8/31/1992,342
9/1/1992,344
9/2/1992,342
9/3/1992,340.5
9/4/1992,343
9/7/1992,344.5
9/8/1992,343.5
9/9/1992,344.5
9/10/1992,344
9/11/1992,342
9/14/1992,344.5
9/15/1992,347.5
9/16/1992,351
9/17/1992,350
9/18/1992,350
9/21/1992,350.5
9/22/1992,351
9/23/1992,351
9/24/1992,350
9/25/1992,351
9/28/1992,349.5
9/29/1992,350
9/30/1992,350
10/1/1992,350
10/2/1992,350
10/5/1992,353
10/6/1992,351.5
10/7/1992,352.5
10/8/1992,352.5
10/9/1992,352.5
10/12/1992,347.5
10/13/1992,344.5
10/14/1992,345.5
10/15/1992,343
10/16/1992,344
10/19/1992,344
10/20/1992,345.5
10/21/1992,345.5
10/22/1992,344.5
10/23/1992,344.5
10/26/1992,343
10/27/1992,340
10/28/1992,340
10/29/1992,341
10/30/1992,341
11/2/1992,341
11/3/1992,340.5
11/4/1992,339
11/5/1992,340
11/6/1992,337
11/9/1992,336.5
11/10/1992,332
11/11/1992,333.5
11/12/1992,334.5
11/13/1992,336.5
11/16/1992,337
11/17/1992,336
11/18/1992,337
11/19/1992,336
11/20/1992,338
11/23/1992,336
11/24/1992,336
11/25/1992,336
11/26/1992,336.5
11/27/1992,335.5
11/30/1992,336
12/1/1992,336.5
12/2/1992,337.5
12/3/1992,337
12/4/1992,337
12/7/1992,336.5
12/8/1992,337
12/9/1992,335.5
12/10/1992,335.5
12/11/1992,336.5
12/14/1992,337
12/15/1992,336.5
12/16/1992,339
12/17/1992,340
12/18/1992,339
12/21/1992,335
12/22/1992,334.5
12/23/1992,334.5
12/24/1992,334.5
12/28/1992,335.5
12/29/1992,334.5
12/30/1992,334.5
1/4/1993,330.5
1/5/1993,330.5
1/6/1993,331
1/7/1993,330.5
1/8/1993,330.5
1/11/1993,330
1/12/1993,331
1/13/1993,329.5
1/14/1993,329.5
1/15/1993,329.5
1/18/1993,330
1/19/1993,331
1/20/1993,330.5
1/21/1993,331.5
1/22/1993,330.5
1/25/1993,330.5
1/26/1993,332.5
1/27/1993,330.6
1/28/1993,329.95
1/29/1993,332.5
2/1/1993,329.75
2/2/1993,331.5
2/3/1993,330
2/4/1993,329.5
2/5/1993,329.5
2/8/1993,329.5
2/9/1993,329.5
2/10/1993,331.5
2/11/1993,334
2/12/1993,331
2/15/1993,330
2/16/1993,331
2/17/1993,332
2/18/1993,331.5
2/19/1993,332.5
2/22/1993,331
2/23/1993,331.5
2/24/1993,331.5
2/25/1993,331
2/26/1993,329.5
3/1/1993,330
3/2/1993,330.5
3/3/1993,331
3/4/1993,328.5
3/5/1993,330.35
3/8/1993,329
3/9/1993,328
3/10/1993,328
3/11/1993,329
3/12/1993,329
3/15/1993,330
3/16/1993,330.5
3/17/1993,331
3/18/1993,332
3/19/1993,333
3/22/1993,334
3/23/1993,333.5
3/24/1993,332.5
3/25/1993,334
3/26/1993,334
3/29/1993,333.5
3/30/1993,337
3/31/1993,339
4/1/1993,338
4/2/1993,342
4/5/1993,340.5
4/6/1993,340
4/7/1993,338.5
4/8/1993,338.5
4/13/1993,338.5
4/14/1993,341.5
4/15/1993,340.5
4/16/1993,340
4/19/1993,342
4/20/1993,342
4/21/1993,340.5
4/22/1993,341
4/23/1993,346
4/26/1993,351
4/27/1993,352.5
4/28/1993,353
4/29/1993,356.5
4/30/1993,356
5/3/1993,359
5/4/1993,356.5
5/5/1993,356.5
5/6/1993,357
5/7/1993,359
5/10/1993,358
5/11/1993,357
5/12/1993,358
5/13/1993,371
5/14/1993,370
5/17/1993,370.8
5/18/1993,370.5
5/19/1993,383.5
5/20/1993,373.8
5/21/1993,375
5/24/1993,378.5
5/25/1993,378.5
5/26/1993,376.5
5/27/1993,378.5
5/28/1993,383
5/31/1993,374.75
6/1/1993,376.5
6/2/1993,371.5
6/3/1993,376
6/4/1993,378.5
6/7/1993,375.5
6/8/1993,376
6/9/1993,373
6/10/1993,371
6/11/1993,366.45
6/14/1993,365
6/15/1993,370
6/16/1993,370.4
6/17/1993,371.2
6/18/1993,371.95
6/21/1993,370.35
6/22/1993,368.95
6/23/1993,374.35
6/24/1993,375.2
6/25/1993,376.7
6/28/1993,375.3
6/29/1993,376.75
6/30/1993,378.1
7/1/1993,387.1
7/2/1993,388
7/5/1993,388
7/6/1993,392.4
7/7/1993,397.35
7/8/1993,394.9
7/9/1993,391.9
7/12/1993,394.1
7/13/1993,394.1
7/14/1993,391
7/15/1993,394.25
7/16/1993,393.85
7/19/1993,395
7/20/1993,392
7/21/1993,391.2
7/22/1993,390.65
7/23/1993,390.5
7/26/1993,393.3
7/27/1993,394
7/28/1993,393.5
7/29/1993,394.6
7/30/1993,407.3
8/2/1993,404
8/3/1993,403.2
8/4/1993,402.4
8/5/1993,376.8
8/6/1993,376
8/9/1993,383.75
8/10/1993,381
8/11/1993,377
8/12/1993,367.95
8/13/1993,369.9
8/16/1993,374.4
8/17/1993,372.2
8/18/1993,374.2
8/19/1993,373
8/20/1993,373.7
8/23/1993,374.4
8/24/1993,372
8/25/1993,371.75
8/26/1993,369
8/27/1993,369
8/30/1993,372.8
8/31/1993,372.1
9/1/1993,370.5
9/2/1993,364.25
9/3/1993,365.35
9/6/1993,364.65
9/7/1993,350.95
9/8/1993,351.5
9/9/1993,354.25
9/10/1993,350
9/13/1993,347.7
9/14/1993,345.2
9/15/1993,348.75
9/16/1993,352.9
9/17/1993,351.05
9/20/1993,354.5
9/21/1993,364.3
9/22/1993,354.5
9/23/1993,358.3
9/24/1993,358.3
9/27/1993,354.5
9/28/1993,356
9/29/1993,352.5
9/30/1993,355.4
10/1/1993,355.5
10/4/1993,353.05
10/5/1993,353.3
10/6/1993,355.8
10/7/1993,358.1
10/8/1993,358.95
10/11/1993,360.7
10/12/1993,367
10/13/1993,367
10/14/1993,365.5
10/15/1993,365.05
10/18/1993,368.51
10/19/1993,369
10/20/1993,372.6
10/21/1993,370.1
10/22/1993,368.5
10/25/1993,369.8
10/26/1993,368.75
10/27/1993,369.75
10/28/1993,369.6
10/29/1993,369.5
11/1/1993,369.25
11/2/1993,363.2
11/3/1993,368.25
11/4/1993,372.25
11/5/1993,377.2
11/8/1993,375.35
11/9/1993,376.5
11/10/1993,377.15
11/11/1993,376.5
11/12/1993,373.5
11/15/1993,375.5
11/16/1993,374.6
11/17/1993,376.7
11/18/1993,376.2
11/19/1993,377.9
11/22/1993,379.2
11/23/1993,377.85
11/24/1993,376.25
11/25/1993,377.85
11/26/1993,377.25
11/29/1993,370.35
11/30/1993,370.7
12/1/1993,376.3
12/2/1993,374.15
12/3/1993,376.85
12/6/1993,376.4
12/7/1993,377.7
12/8/1993,384
12/9/1993,382.75
12/10/1993,383.7
12/13/1993,386.85
12/14/1993,387.1
12/15/1993,387.5
12/16/1993,386.1
12/17/1993,387.6
12/20/1993,389.5
12/21/1993,387.7
12/22/1993,386.4
12/23/1993,386.3
12/24/1993,386.85
12/27/1993,388.1
12/28/1993,387.45
12/29/1993,390.4
12/30/1993,390.9
12/31/1993,390.7
1/3/1994,394
1/4/1994,393.85
1/5/1994,391.2
1/6/1994,388.9
1/7/1994,387.1
1/10/1994,384.6
1/11/1994,388.5
1/12/1994,386.4
1/13/1994,390
1/14/1994,390
1/17/1994,391.7
1/18/1994,393.3
1/19/1994,392.6
1/20/1994,387.8
1/21/1994,382
1/24/1994,381.6
1/25/1994,381.9
1/26/1994,384.5
1/27/1994,377
1/28/1994,377.3
1/31/1994,381.9
2/1/1994,384.5
2/2/1994,384.9
2/3/1994,387.3
2/4/1994,386.5
2/7/1994,379.6
2/8/1994,380.75
2/9/1994,384.2
2/10/1994,382.75
2/11/1994,381.8
2/14/1994,384.25
2/15/1994,384.2
2/16/1994,383.8
2/17/1994,383.5
2/18/1994,380.3
2/21/1994,380.45
2/22/1994,378.9
2/23/1994,378.75
2/24/1994,377.45
2/25/1994,379.3
2/28/1994,381.75
3/1/1994,378.75
3/2/1994,378.1
3/3/1994,377.85
3/4/1994,377.2
3/7/1994,376.4
3/8/1994,377
3/9/1994,379.5
3/10/1994,386.8
3/11/1994,385.5
3/14/1994,387.4
3/15/1994,387.1
3/16/1994,385.3
3/17/1994,382.7
3/18/1994,387.3
3/21/1994,388.5
3/22/1994,389.5
3/23/1994,387
3/24/1994,391.7
3/25/1994,391.4
3/28/1994,388.3
3/29/1994,386.2
3/30/1994,386.4
3/31/1994,391
4/1/1994,391
4/4/1994,387.2
4/5/1994,384.8
4/6/1994,385.4
4/7/1994,384.2
4/8/1994,384.8
4/11/1994,378.2
4/12/1994,379.15
4/13/1994,378.6
4/14/1994,379.1
4/15/1994,378.2
4/18/1994,377.3
4/19/1994,372.1
4/20/1994,373
4/21/1994,373.8
4/22/1994,371.5
4/25/1994,374
4/26/1994,375.5
4/27/1994,376
4/28/1994,375.9
4/29/1994,377.05
5/2/1994,376.7
5/3/1994,376.1
5/4/1994,377.1
5/5/1994,374.1
5/6/1994,384
5/9/1994,381.5
5/10/1994,379.3
5/11/1994,382.2
5/12/1994,380.3
5/13/1994,381
5/16/1994,383.4
5/17/1994,384.5
5/18/1994,382.2
5/19/1994,381.5
5/20/1994,384.25
5/23/1994,389.6
5/24/1994,388.3
5/25/1994,386.6
5/26/1994,385.25
5/27/1994,386
5/30/1994,385.5
5/31/1994,387.3
6/1/1994,383.8
6/2/1994,384.6
6/3/1994,380.9
6/6/1994,380.9
6/7/1994,381.45
6/8/1994,382.1
6/9/1994,383.3
6/10/1994,384.1
6/13/1994,383.7
6/14/1994,384.5
6/15/1994,387.2
6/16/1994,386
6/17/1994,388.25
6/20/1994,389.4
6/21/1994,394.55
6/22/1994,390.1
6/23/1994,389.75
6/24/1994,391.6
6/27/1994,385.1
6/28/1994,386.7
6/29/1994,385.1
6/30/1994,386.3
7/1/1994,387.2
7/4/1994,387.2
7/5/1994,386.3
7/6/1994,384.1
7/7/1994,385.2
7/8/1994,383.5
7/11/1994,386.2
7/12/1994,385.8
7/13/1994,383.7
7/14/1994,384.2
7/15/1994,386.3
7/18/1994,386.1
7/19/1994,387
7/20/1994,385.6
7/21/1994,386.8
7/22/1994,385.3
7/25/1994,385.25
7/26/1994,386.5
7/27/1994,388
7/28/1994,388.1
7/29/1994,383.6
8/1/1994,384
8/2/1994,379.4
8/3/1994,378.2
8/4/1994,378.2
8/5/1994,378.5
8/8/1994,377.75
8/9/1994,378.3
8/10/1994,377.9
8/11/1994,377.75
8/12/1994,376.8
8/15/1994,377.1
8/16/1994,376.4
8/17/1994,377.8
8/18/1994,381.4
8/19/1994,382.4
8/22/1994,382.3
8/23/1994,382.1
8/24/1994,384.1
8/25/1994,383.7
8/26/1994,383.7
8/29/1994,387.4
8/30/1994,386.9
8/31/1994,386.6
9/1/1994,387.3
9/2/1994,387.4
9/5/1994,387.35
9/6/1994,388.3
9/7/1994,390.5
9/8/1994,392
9/9/1994,392.1
9/12/1994,391.2
9/13/1994,390.9
9/14/1994,390.7
9/15/1994,388.5
9/16/1994,390.2
9/19/1994,390.2
9/20/1994,393.8
9/21/1994,394.4
9/22/1994,395.8
9/23/1994,396.5
9/26/1994,396.25
9/27/1994,398.2
9/28/1994,395.9
9/29/1994,396
9/30/1994,394.25
10/3/1994,396
10/4/1994,393
10/5/1994,393
10/6/1994,392.25
10/7/1994,393.25
10/10/1994,391.75
10/11/1994,388.25
10/12/1994,388.2
10/13/1994,386.7
10/14/1994,387.75
10/17/1994,389.5
10/18/1994,390.25
10/19/1994,391.25
10/20/1994,391.75
10/21/1994,391
10/24/1994,390
10/25/1994,389.75
10/26/1994,389.25
10/27/1994,389
10/28/1994,388
10/31/1994,384.5
11/1/1994,384.6
11/2/1994,384.5
11/3/1994,384
11/4/1994,383.9
11/7/1994,383
11/8/1994,384.1
11/9/1994,384
11/10/1994,385.4
11/11/1994,385.5
11/14/1994,385.1
11/15/1994,387.1
11/16/1994,386.5
11/17/1994,386.5
11/18/1994,384.7
11/21/1994,383.8
11/22/1994,384.15
11/23/1994,385.3
11/24/1994,384.8
11/25/1994,385.2
11/28/1994,383.1
11/29/1994,383
11/30/1994,381.4
12/1/1994,380.25
12/2/1994,376.5
12/5/1994,376.5
12/6/1994,376.5
12/7/1994,376.8
12/8/1994,377.4
12/9/1994,378
12/12/1994,377.75
12/13/1994,378.75
12/14/1994,379.3
12/15/1994,380
12/16/1994,379.2
12/19/1994,380.1
12/20/1994,382.35
12/21/1994,381.9
12/22/1994,381.4
12/23/1994,380.8
12/26/1994,381.5
12/27/1994,381.5
12/28/1994,383.75
12/29/1994,382.9
12/30/1994,383.2
1/2/1995,383
1/3/1995,379.85
1/4/1995,374.3
1/5/1995,374.75
1/6/1995,371.5
1/9/1995,373.5
1/10/1995,374.8
1/11/1995,376
1/12/1995,381.25
1/13/1995,378.95
1/16/1995,377.75
1/17/1995,380.6
1/18/1995,382.4
1/19/1995,383.75
1/20/1995,384.2
1/23/1995,381.5
1/24/1995,381.75
1/25/1995,381.1
1/26/1995,381.5
1/27/1995,378.25
1/30/1995,377
1/31/1995,375.1
2/1/1995,376.2
2/2/1995,376.25
2/3/1995,376.3
2/6/1995,375.9
2/7/1995,374.8
2/8/1995,376
2/9/1995,376.5
2/10/1995,376.3
2/13/1995,375.6
2/14/1995,376.3
2/15/1995,376.5
2/16/1995,377.15
2/17/1995,379
2/20/1995,379.7
2/21/1995,378.7
2/22/1995,379.55
2/23/1995,379.15
2/24/1995,376.6
2/27/1995,376.5
2/28/1995,377.1
3/1/1995,374.9
3/2/1995,376.9
3/3/1995,376.8
3/6/1995,379.2
3/7/1995,384.4
3/8/1995,379.9
3/9/1995,382
3/10/1995,382.3
3/13/1995,385.75
3/14/1995,385.8
3/15/1995,386.3
3/16/1995,384.1
3/17/1995,383.7
3/20/1995,383.1
3/21/1995,383.5
3/22/1995,383.1
3/23/1995,383.75
3/24/1995,382.3
3/27/1995,382.1
3/28/1995,382.3
3/29/1995,382.4
3/30/1995,386.4
3/31/1995,391.4
4/3/1995,392
4/4/1995,392.3
4/5/1995,394.4
4/6/1995,394.25
4/7/1995,392.9
4/10/1995,389.9
4/11/1995,390.3
4/12/1995,390.2
4/13/1995,389.5
4/14/1995,389.5
4/17/1995,394
4/18/1995,395.2
4/19/1995,394.7
4/20/1995,392.5
4/21/1995,390.4
4/24/1995,390.45
4/25/1995,390.2
4/26/1995,386.7
4/27/1995,387.25
4/28/1995,387.1
5/1/1995,388.1
5/2/1995,389
5/3/1995,389.9
5/4/1995,390.7
5/5/1995,390
5/8/1995,389.7
5/9/1995,383.8
5/10/1995,383.8
5/11/1995,383.8
5/12/1995,383.7
5/15/1995,385.1
5/16/1995,384.8
5/17/1995,383.6
5/18/1995,383.6
5/19/1995,383.5
5/22/1995,382.3
5/23/1995,383.3
5/24/1995,384.2
5/25/1995,385.3
5/26/1995,386
5/29/1995,387
5/30/1995,385.5
5/31/1995,384.3
6/1/1995,385.05
6/2/1995,383.6
6/5/1995,384.6
6/6/1995,384.5
6/7/1995,386.4
6/8/1995,385.5
6/9/1995,388.5
6/12/1995,387.4
6/13/1995,386.8
6/14/1995,388.1
6/15/1995,391.4
6/16/1995,390
6/19/1995,391.7
6/20/1995,391
6/21/1995,391
6/22/1995,390.1
6/23/1995,390.3
6/26/1995,389.9
6/27/1995,389.5
6/28/1995,387.3
6/29/1995,388.1
6/30/1995,384.6
7/3/1995,385
7/4/1995,385.15
7/5/1995,384.3
7/6/1995,385.2
7/7/1995,385.9
7/10/1995,386.25
7/11/1995,385.3
7/12/1995,389.2
7/13/1995,389.25
7/14/1995,388.9
7/17/1995,389.4
7/18/1995,390
7/19/1995,388.1
7/20/1995,386.5
7/21/1995,386.6
7/24/1995,387.4
7/25/1995,387
7/26/1995,386.9
7/27/1995,383.3
7/28/1995,383.5
7/31/1995,382.6
8/1/1995,383.5
8/2/1995,383.25
8/3/1995,384.3
8/4/1995,384.1
8/7/1995,384.5
8/8/1995,385.05
8/9/1995,384.9
8/10/1995,384.5
8/11/1995,384
8/14/1995,384.7
8/15/1995,385.7
8/16/1995,382.8
8/17/1995,384.75
8/18/1995,385.3
8/21/1995,384.9
8/22/1995,383.5
8/23/1995,383.7
8/24/1995,383.2
8/25/1995,383.4
8/28/1995,383.3
8/29/1995,382.7
8/30/1995,381.6
8/31/1995,382.75
9/1/1995,381.05
9/4/1995,380.25
9/5/1995,380.4
9/6/1995,380.5
9/7/1995,383
9/8/1995,382.9
9/11/1995,383
9/12/1995,385.4
9/13/1995,384.4
9/14/1995,386
9/15/1995,385.2
9/18/1995,385.75
9/19/1995,385.7
9/20/1995,385
9/21/1995,385.5
9/22/1995,384
9/25/1995,383.2
9/26/1995,384
9/27/1995,383.6
9/28/1995,383.9
9/29/1995,384
10/2/1995,382.5
10/3/1995,382.5
10/4/1995,383.1
10/5/1995,383.4
10/6/1995,383.4
10/9/1995,384.9
10/10/1995,385.5
10/11/1995,385.15
10/12/1995,384.8
10/13/1995,384.5
10/16/1995,384
10/17/1995,384.1
10/18/1995,384.05
10/19/1995,382.25
10/20/1995,382.1
10/23/1995,383
10/24/1995,382.7
10/25/1995,383
10/26/1995,383.25
10/27/1995,383
10/30/1995,382.5
10/31/1995,383
11/1/1995,382.5
11/2/1995,382.9
11/3/1995,382.6
11/6/1995,382.7
11/7/1995,385.5
11/8/1995,385.1
11/9/1995,386.5
11/10/1995,389.5
11/13/1995,387.4
11/14/1995,386
11/15/1995,386.25
11/16/1995,386
11/17/1995,387.3
11/20/1995,386.9
11/21/1995,385.7
11/22/1995,381.9
11/23/1995,383.1
11/24/1995,384
11/27/1995,385.3
11/28/1995,388.8
11/29/1995,389.1
11/30/1995,387.8
12/1/1995,386.6
12/4/1995,386.2
12/5/1995,387.15
12/6/1995,388.9
12/7/1995,389.1
12/8/1995,390
12/11/1995,388.6
12/12/1995,388.9
12/13/1995,386.6
12/14/1995,386.2
12/15/1995,386.5
12/18/1995,388.1
12/19/1995,387.7
12/20/1995,388.2
12/21/1995,388.05
12/22/1995,387.5
12/25/1995,388
12/26/1995,388.05
12/27/1995,387.05
12/28/1995,387.15
12/29/1995,387.1
1/2/1996,391.25
1/3/1996,395.3
1/4/1996,394
1/5/1996,396.3
1/8/1996,396.95
1/9/1996,396.3
1/10/1996,399.8
1/11/1996,399
1/12/1996,396.3
1/15/1996,396
1/16/1996,398.6
1/17/1996,399.8
1/18/1996,397.5
1/19/1996,399.8
1/22/1996,403.6
1/23/1996,403.5
1/24/1996,403.65
1/25/1996,406.85
1/26/1996,406.2
1/29/1996,406.3
1/30/1996,404.7
1/31/1996,406.3
2/1/1996,411.6
2/2/1996,415.5
2/5/1996,413.95
2/6/1996,412.4
2/7/1996,409.2
2/8/1996,409.3
2/9/1996,405.8
2/12/1996,401.4
2/13/1996,403.6
2/14/1996,404.4
2/15/1996,404
2/16/1996,404.8
2/19/1996,405.85
2/20/1996,399.4
2/21/1996,402.5
2/22/1996,399.85
2/23/1996,398.5
2/26/1996,400
2/27/1996,399.5
2/28/1996,400.8
2/29/1996,400.75
3/1/1996,398.9
3/4/1996,393.95
3/5/1996,393.25
3/6/1996,393.35
3/7/1996,395.45
3/8/1996,397.1
3/11/1996,395.55
3/12/1996,396.6
3/13/1996,396.95
3/14/1996,395.5
3/15/1996,396.2
3/18/1996,395.6
3/19/1996,395.25
3/20/1996,396.05
3/21/1996,398
3/22/1996,398.35
3/25/1996,398.85
3/26/1996,400.25
3/27/1996,400.25
3/28/1996,396.6
3/29/1996,395.45
4/1/1996,394.9
4/2/1996,393.95
4/3/1996,394.25
4/4/1996,395.05
4/5/1996,393.55
4/8/1996,397.95
4/9/1996,394.5
4/10/1996,395.25
4/11/1996,395.45
4/12/1996,394.55
4/15/1996,393.35
4/16/1996,391.45
4/17/1996,391.15
4/18/1996,390.45
4/19/1996,390.73
4/22/1996,391.65
4/23/1996,391.3
4/24/1996,390.75
4/25/1996,393.35
4/26/1996,390.4
4/29/1996,390.55
4/30/1996,391.65
5/1/1996,393.05
5/2/1996,394.05
5/3/1996,392.45
5/6/1996,393.25
5/7/1996,393.83
5/8/1996,393.05
5/9/1996,392.85
5/10/1996,390.65
5/13/1996,391.45
5/14/1996,391.85
5/15/1996,392.7
5/16/1996,392.7
5/17/1996,392.55
5/20/1996,390.85
5/21/1996,391.45
5/22/1996,391.75
5/23/1996,391.75
5/24/1996,391
5/27/1996,391
5/28/1996,391.5
5/29/1996,391.25
5/30/1996,391.05
5/31/1996,391
6/3/1996,390.55
6/4/1996,388.25
6/5/1996,386.45
6/6/1996,386.15
6/7/1996,385.3
6/10/1996,385.9
6/11/1996,384.5
6/12/1996,384.6
6/13/1996,384.6
6/14/1996,384.9
6/17/1996,384.95
6/18/1996,385.6
6/19/1996,384.5
6/20/1996,384.5
6/21/1996,385.05
6/24/1996,385.05
6/25/1996,383.95
6/26/1996,383.25
6/27/1996,382.25
6/28/1996,380.45
7/1/1996,382
7/2/1996,381.85
7/3/1996,382.1
7/4/1996,381
7/5/1996,381.75
7/8/1996,382.15
7/9/1996,382.85
7/10/1996,382.45
7/11/1996,383.5
7/12/1996,383.75
7/15/1996,383
7/16/1996,385
7/17/1996,383.75
7/18/1996,383.85
7/19/1996,384.95
7/22/1996,384.85
7/23/1996,384.6
7/24/1996,385.45
7/25/1996,385
7/26/1996,385.25
7/29/1996,384.6
7/30/1996,384.6
7/31/1996,387.05
8/1/1996,385.5
8/2/1996,387.55
8/5/1996,389.15
8/6/1996,388.55
8/7/1996,388.15
8/8/1996,388.55
8/9/1996,387.75
8/12/1996,387.65
8/13/1996,387.8
8/14/1996,386.65
8/15/1996,386.6
8/16/1996,386.4
8/19/1996,387.2
8/20/1996,387.7
8/21/1996,386.85
8/22/1996,387.5
8/23/1996,388.45
8/26/1996,389.45
8/27/1996,388.95
8/28/1996,388.15
8/29/1996,388.25
8/30/1996,386.5
9/2/1996,387
9/3/1996,386.5
9/4/1996,385.55
9/5/1996,385.75
9/6/1996,385.25
9/9/1996,383.6
9/10/1996,383.25
9/11/1996,382.85
9/12/1996,382.7
9/13/1996,382.6
9/16/1996,383.35
9/17/1996,382.95
9/18/1996,383.35
9/19/1996,382.75
9/20/1996,381.25
9/23/1996,381.55
9/24/1996,382.85
9/25/1996,382.6
9/26/1996,381.35
9/27/1996,380.55
9/30/1996,378.4
10/1/1996,378.75
10/2/1996,379.8
10/3/1996,380.15
10/4/1996,380.43
10/7/1996,380.65
10/8/1996,381.4
10/9/1996,381.35
10/10/1996,382.05
10/11/1996,381.3
10/14/1996,381.75
10/15/1996,381.25
10/16/1996,381.15
10/17/1996,380.6
10/18/1996,380.35
10/21/1996,381.9
10/22/1996,384
10/23/1996,383.85
10/24/1996,383.15
10/25/1996,382.85
10/28/1996,383.25
10/29/1996,380.65
10/30/1996,380.5
10/31/1996,378.05
11/1/1996,378.25
11/4/1996,378.7
11/5/1996,378.75
11/6/1996,378
11/7/1996,379.15
11/8/1996,379.05
11/11/1996,381.5
11/12/1996,382.65
11/13/1996,383.1
11/14/1996,381.4
11/15/1996,379.75
11/18/1996,379.1
11/19/1996,378.15
11/20/1996,378.35
11/21/1996,377.75
11/22/1996,376.35
11/25/1996,374.5
11/26/1996,375.2
11/27/1996,373.35
11/28/1996,372.75
11/29/1996,371.65
12/2/1996,368.2
12/3/1996,368.9
12/4/1996,370.83
12/5/1996,370.9
12/6/1996,368.95
12/9/1996,368.2
12/10/1996,368.65
12/11/1996,368.9
12/12/1996,369.6
12/13/1996,368.7
12/16/1996,368.1
12/17/1996,368.55
12/18/1996,369.3
12/19/1996,369
12/20/1996,368.55
12/23/1996,368.85
12/24/1996,368.85
12/25/1996,369.05
12/26/1996,368.85
12/27/1996,369.6
12/30/1996,370.05
12/31/1996,367.7
1/1/1997,369.65
1/2/1997,365.55
1/3/1997,361
1/6/1997,357.95
1/7/1997,358.85
1/8/1997,355.8
1/9/1997,357.55
1/10/1997,359.05
1/13/1997,358.6
1/14/1997,354
1/15/1997,352.5
1/16/1997,354.55
1/17/1997,355.55
1/20/1997,353.45
1/21/1997,352.9
1/22/1997,351
1/23/1997,352
1/24/1997,352.35
1/27/1997,356.25
1/28/1997,353.25
1/29/1997,351.25
1/30/1997,345.6
1/31/1997,344.35
2/3/1997,346.65
2/4/1997,344.25
2/5/1997,344.45
2/6/1997,342.45
2/7/1997,341.95
2/10/1997,341.05
2/11/1997,339.85
2/12/1997,342.85
2/13/1997,341
2/14/1997,345.2
2/17/1997,344.25
2/18/1997,345.65
2/19/1997,345.25
2/20/1997,350.75
2/21/1997,352.25
2/24/1997,353.45
2/25/1997,354.25
2/26/1997,354.25
2/27/1997,359.15
2/28/1997,363.45
3/3/1997,361.8
3/4/1997,358.95
3/5/1997,352.95
3/6/1997,352.15
3/7/1997,348.7
3/10/1997,351.5
3/11/1997,353.55
3/12/1997,352.3
3/13/1997,353.75
3/14/1997,352.25
3/17/1997,347.75
3/18/1997,349.85
3/19/1997,352
3/20/1997,351.5
3/21/1997,352.85
3/24/1997,350
3/25/1997,347.5
3/26/1997,350.35
3/27/1997,348.15
3/28/1997,349.75
3/31/1997,351.25
4/1/1997,351.95
4/2/1997,349.05
4/3/1997,348.85
4/4/1997,348.75
4/7/1997,348.05
4/8/1997,348.55
4/9/1997,348.05
4/10/1997,348.65
4/11/1997,346.95
4/14/1997,346.25
4/15/1997,342.05
4/16/1997,341.55
4/17/1997,342.55
4/18/1997,341.45
4/21/1997,342.9
4/22/1997,341.3
4/23/1997,341.35
4/24/1997,340.75
4/25/1997,341.95
4/28/1997,339.65
4/29/1997,339.95
4/30/1997,339.5
5/1/1997,340.45
5/2/1997,340.25
5/5/1997,342.85
5/6/1997,340.45
5/7/1997,341.45
5/8/1997,343.75
5/9/1997,348.05
5/12/1997,347.65
5/13/1997,349.5
5/14/1997,347.48
5/15/1997,347.55
5/16/1997,344.05
5/19/1997,341.45
5/20/1997,343.15
5/21/1997,342.95
5/22/1997,342.65
5/23/1997,342.6
5/26/1997,343
5/27/1997,344.1
5/28/1997,344.85
5/29/1997,345.75
5/30/1997,344.65
6/2/1997,344.45
6/3/1997,343.25
6/4/1997,341.25
6/5/1997,343.35
6/6/1997,343.65
6/9/1997,344.05
6/10/1997,344.05
6/11/1997,343.85
6/12/1997,341.55
6/13/1997,341.05
6/16/1997,342.65
6/17/1997,341.75
6/18/1997,339.25
6/19/1997,340.55
6/20/1997,337.7
6/23/1997,339.75
6/24/1997,337.55
6/25/1997,337.35
6/26/1997,338.25
6/27/1997,334.55
6/30/1997,333.95
7/1/1997,334.15
7/2/1997,331.15
7/3/1997,325.25
7/4/1997,324.5
7/7/1997,318
7/8/1997,319.85
7/9/1997,318.25
7/10/1997,319.9
7/11/1997,321.35
7/14/1997,319.95
7/15/1997,318.05
7/16/1997,318.05
7/17/1997,323.75
7/18/1997,328.95
7/21/1997,325.65
7/22/1997,325.25
7/23/1997,323
7/24/1997,323.38
7/25/1997,326
7/28/1997,328.63
7/29/1997,325.95
7/30/1997,326.05
7/31/1997,324.55
8/1/1997,324.75
8/4/1997,323.95
8/5/1997,320.65
8/6/1997,318.55
8/7/1997,321.95
8/8/1997,327.15
8/11/1997,328.45
8/12/1997,327.05
8/13/1997,326.85
8/14/1997,324.45
8/15/1997,326.05
8/18/1997,321.45
8/19/1997,323.25
8/20/1997,321.45
8/21/1997,323.88
8/22/1997,324.75
8/25/1997,324.7
8/26/1997,325.9
8/27/1997,325.45
8/28/1997,323.95
8/29/1997,324.15
9/1/1997,324.55
9/2/1997,322.5
9/3/1997,322
9/4/1997,321.35
9/5/1997,322.55
9/8/1997,321.95
9/9/1997,321.5
9/10/1997,321.45
9/11/1997,324.25
9/12/1997,323.75
9/15/1997,323.45
9/16/1997,320.75
9/17/1997,320.25
9/18/1997,320.65
9/19/1997,320.85
9/22/1997,320.95
9/23/1997,321.95
9/24/1997,323.25
9/25/1997,327.15
9/26/1997,326.75
9/29/1997,328.25
9/30/1997,334.45
10/1/1997,333.75
10/2/1997,331.45
10/3/1997,334.85
10/6/1997,332.55
10/7/1997,331.45
10/8/1997,333.25
10/9/1997,327.75
10/10/1997,329.65
10/13/1997,328.45
10/14/1997,327.95
10/15/1997,325.35
10/16/1997,325.85
10/17/1997,325.25
10/20/1997,323.65
10/21/1997,322.7
10/22/1997,322.45
10/23/1997,323.65
10/24/1997,309
10/27/1997,311.13
10/28/1997,316.35
10/29/1997,313.85
10/30/1997,316.25
10/31/1997,311.45
11/3/1997,313.55
11/4/1997,313.95
11/5/1997,313.55
11/6/1997,312.45
11/7/1997,310.25
11/10/1997,310
11/11/1997,309.3
11/12/1997,307.25
11/13/1997,308
11/14/1997,303.35
11/17/1997,303.85
11/18/1997,306.25
11/19/1997,303.95
11/20/1997,303.05
11/21/1997,304.95
11/24/1997,302.85
11/25/1997,299.15
11/26/1997,296.55
11/27/1997,296.25
11/28/1997,297
12/1/1997,293.45
12/2/1997,293.55
12/3/1997,292.15
12/4/1997,285.95
12/5/1997,288.25
12/8/1997,287.55
12/9/1997,282.75
12/10/1997,287
12/11/1997,283.95
12/12/1997,282.85
12/15/1997,283.75
12/16/1997,284.95
12/17/1997,288.15
12/18/1997,287
12/19/1997,289.05
12/22/1997,291.65
12/23/1997,294.05
12/24/1997,296.45
12/25/1997,296.25
12/26/1997,294.65
12/29/1997,290.75
12/30/1997,290.35
12/31/1997,289.05
1/1/1998,288.75
1/2/1998,288.25
1/5/1998,281.85
1/6/1998,280.85
1/7/1998,283.25
1/8/1998,281.05
1/9/1998,278.65
1/12/1998,278.15
1/13/1998,283.15
1/14/1998,281.45
1/15/1998,286.95
1/16/1998,290.15
1/19/1998,287.45
1/20/1998,291.45
1/21/1998,292.85
1/22/1998,290.75
1/23/1998,299.63
1/26/1998,297.5
1/27/1998,300.65
1/28/1998,305.38
1/29/1998,302.38
1/30/1998,302.45
2/2/1998,303
2/3/1998,295.35
2/4/1998,299.1
2/5/1998,298.65
2/6/1998,298.15
2/9/1998,299.6
2/10/1998,300.45
2/11/1998,300.5
2/12/1998,298.6
2/13/1998,299.85
2/16/1998,298.35
2/17/1998,297.45
2/18/1998,297.85
2/19/1998,298.85
2/20/1998,297.25
2/23/1998,293.75
2/24/1998,291.5
2/25/1998,291.85
2/26/1998,294.55
2/27/1998,299.15
3/2/1998,299.5
3/3/1998,297.85
3/4/1998,296
3/5/1998,293.4
3/6/1998,294.45
3/9/1998,294.45
3/10/1998,296
3/11/1998,294.45
3/12/1998,294.55
3/13/1998,295.35
3/16/1998,294.35
3/17/1998,292
3/18/1998,291.4
3/19/1998,291.25
3/20/1998,291.75
3/23/1998,297.75
3/24/1998,299.25
3/25/1998,299.35
3/26/1998,301.25
3/27/1998,302.25
3/30/1998,301.4
3/31/1998,300.95
4/1/1998,299.35
4/2/1998,302.25
4/3/1998,308.25
4/6/1998,309.05
4/7/1998,309.5
4/8/1998,309.45
4/9/1998,308.45
4/10/1998,307.75
4/13/1998,311.15
4/14/1998,308.25
4/15/1998,307.25
4/16/1998,308.15
4/17/1998,307.75
4/20/1998,307.95
4/21/1998,310.75
4/22/1998,313.35
4/23/1998,314.05
4/24/1998,312.65
4/27/1998,309.65
4/28/1998,307.95
4/29/1998,310.25
4/30/1998,306.65
5/1/1998,302.25
5/4/1998,304.35
5/5/1998,303.35
5/6/1998,300.75
5/7/1998,298.7
5/8/1998,299.85
5/11/1998,300.35
5/12/1998,298
5/13/1998,298.45
5/14/1998,299.05
5/15/1998,301.25
5/18/1998,299.55
5/19/1998,298.45
5/20/1998,299.5
5/21/1998,301.45
5/22/1998,299.85
5/25/1998,299.75
5/26/1998,295.55
5/27/1998,293.85
5/28/1998,293.15
5/29/1998,292.95
6/1/1998,288.45
6/2/1998,291.15
6/3/1998,293.15
6/4/1998,293.7
6/5/1998,291.65
6/8/1998,296.95
6/9/1998,293.65
6/10/1998,293.25
6/11/1998,287.05
6/12/1998,286
6/15/1998,284.85
6/16/1998,288.65
6/17/1998,293.45
6/18/1998,293.25
6/19/1998,298.75
6/22/1998,295.75
6/23/1998,295.05
6/24/1998,292.85
6/25/1998,293.9
6/26/1998,293.85
6/29/1998,293.65
6/30/1998,296.95
7/1/1998,296.45
7/2/1998,293.85
7/3/1998,294.75
7/6/1998,293.25
7/7/1998,294.95
7/8/1998,293.25
7/9/1998,292.1
7/10/1998,290.85
7/13/1998,291.65
7/14/1998,293.15
7/15/1998,293.75
7/16/1998,293.25
7/17/1998,294.5
7/20/1998,296.05
7/21/1998,294.95
7/22/1998,294.15
7/23/1998,293.15
7/24/1998,291.45
7/27/1998,290.35
7/28/1998,291.75
7/29/1998,290.05
7/30/1998,289.5
7/31/1998,286.45
8/3/1998,282.95
8/4/1998,288.35
8/5/1998,287.95
8/6/1998,287.35
8/7/1998,286.65
8/10/1998,287.45
8/11/1998,283.95
8/12/1998,282.75
8/13/1998,285.35
8/14/1998,284.05
8/17/1998,285.05
8/18/1998,284.95
8/19/1998,283.35
8/20/1998,285.15
8/21/1998,284.8
8/24/1998,284.65
8/25/1998,283.05
8/26/1998,282.25
8/27/1998,276.55
8/28/1998,274.35
8/31/1998,275.55
9/1/1998,278.85
9/2/1998,280.15
9/3/1998,284.95
9/4/1998,286.85
9/7/1998,288.45
9/8/1998,286.05
9/9/1998,284.25
9/10/1998,290.45
9/11/1998,293.75
9/14/1998,290.35
9/15/1998,289.95
9/16/1998,287.85
9/17/1998,291.45
9/18/1998,291.45
9/21/1998,288.95
9/22/1998,287.85
9/23/1998,289.75
9/24/1998,294.15
9/25/1998,294.15
9/28/1998,295.85
9/29/1998,294.65
9/30/1998,296.95
10/1/1998,299.85
10/2/1998,300.55
10/5/1998,296.65
10/6/1998,296.25
10/7/1998,301.55
10/8/1998,299.55
10/9/1998,296.75
10/12/1998,296.25
10/13/1998,296.55
10/14/1998,296.05
10/15/1998,298.7
10/16/1998,299.95
10/19/1998,296.15
10/20/1998,296.25
10/21/1998,295.25
10/22/1998,292.55
10/23/1998,292.85
10/26/1998,292.2
10/27/1998,293.65
10/28/1998,293.1
10/29/1998,293.65
10/30/1998,292.55
11/2/1998,290
11/3/1998,289.45
11/4/1998,290.75
11/5/1998,293.65
11/6/1998,293.2
11/9/1998,292.75
11/10/1998,293.25
11/11/1998,293.35
11/12/1998,296.95
11/13/1998,295.85
11/16/1998,294.65
11/17/1998,294.1
11/18/1998,297.13
11/19/1998,295.75
11/20/1998,296.05
11/23/1998,296.5
11/24/1998,296.2
11/25/1998,296.6
11/26/1998,296.55
11/27/1998,296.2
11/30/1998,293.2
12/1/1998,293.75
12/2/1998,293.2
12/3/1998,292.2
12/4/1998,292.45
12/7/1998,294.89
12/8/1998,293.7
12/9/1998,293.65
12/10/1998,294.35
12/11/1998,290.85
12/14/1998,291.35
12/15/1998,292.85
12/16/1998,295.75
12/17/1998,291.75
12/18/1998,289.05
12/21/1998,288.95
12/22/1998,288.25
12/23/1998,286.95
12/24/1998,286.25
12/28/1998,286.65
12/29/1998,286.2
12/30/1998,287.05
12/31/1998,288.25
1/1/1999,287.75
1/4/1999,287.7
1/5/1999,286.95
1/6/1999,288.3
1/7/1999,291.35
1/8/1999,291.35
1/11/1999,292.9
1/12/1999,288.55
1/13/1999,286.75
1/14/1999,286.55
1/15/1999,287.05
1/18/1999,286.95
1/19/1999,286.85
1/20/1999,287.35
1/21/1999,287.65
1/22/1999,286.45
1/25/1999,287.85
1/26/1999,286.15
1/27/1999,283
1/28/1999,284.25
1/29/1999,286.15
2/1/1999,288.85
2/2/1999,288.45
2/3/1999,287.55
2/4/1999,289.45
2/5/1999,288.55
2/8/1999,289.15
2/9/1999,287.4
2/10/1999,287.25
2/11/1999,287.7
2/12/1999,289.55
2/15/1999,289.5
2/16/1999,285.05
2/17/1999,285.05
2/18/1999,286.2
2/19/1999,288.25
2/22/1999,287.05
2/23/1999,287.45
2/24/1999,287.8
2/25/1999,287.85
2/26/1999,287.05
3/1/1999,286.4
3/2/1999,286.75
3/3/1999,286.55
3/4/1999,288.15
3/5/1999,288.45
3/8/1999,291.6
3/9/1999,291.85
3/10/1999,292.75
3/11/1999,294.45
3/12/1999,292.35
3/15/1999,286.9
3/16/1999,283.45
3/17/1999,283.95
3/18/1999,282.95
3/19/1999,284.25
3/22/1999,284.65
3/23/1999,284.55
3/24/1999,283.8
3/25/1999,283.3
3/26/1999,279.75
3/29/1999,280.35
3/30/1999,279.25
3/31/1999,280.05
4/1/1999,280.45
4/2/1999,279.85
4/5/1999,278.45
4/6/1999,279.95
4/7/1999,280.55
4/8/1999,280.65
4/9/1999,281.55
4/12/1999,282.85
4/13/1999,283.35
4/14/1999,281.45
4/15/1999,284
4/16/1999,284.25
4/19/1999,284.85
4/20/1999,284.45
4/21/1999,283.85
4/22/1999,283.55
4/23/1999,283.55
4/26/1999,281.25
4/27/1999,282
4/28/1999,282.95
4/29/1999,286.05
4/30/1999,286.55
5/3/1999,286.35
5/4/1999,285.5
5/5/1999,287.25
5/6/1999,289.55
5/7/1999,282.75
5/10/1999,278.75
5/11/1999,278.25
5/12/1999,277.35
5/13/1999,277.75
5/14/1999,275.95
5/17/1999,274.5
5/18/1999,273.95
5/19/1999,272.95
5/20/1999,274.45
5/21/1999,272.95
5/24/1999,272.65
5/25/1999,270.55
5/26/1999,269.25
5/27/1999,270.5
5/28/1999,270.45
5/31/1999,270.35
6/1/1999,267.65
6/2/1999,265.4
6/3/1999,266.05
6/4/1999,264.8
6/7/1999,265.55
6/8/1999,262.15
6/9/1999,259.35
6/10/1999,258.45
6/11/1999,260.65
6/14/1999,260.65
6/15/1999,259.15
6/16/1999,258.5
6/17/1999,258.45
6/18/1999,259.55
6/21/1999,258.85
6/22/1999,258.55
6/23/1999,260.65
6/24/1999,260.75
6/25/1999,260.25
6/28/1999,260.75
6/29/1999,260.75
6/30/1999,262.5
7/1/1999,263.4
7/2/1999,263.5
7/5/1999,262.25
7/6/1999,256.85
7/7/1999,257.15
7/8/1999,256.5
7/9/1999,256.95
7/12/1999,255.65
7/13/1999,255.85
7/14/1999,254.05
7/15/1999,254.1
7/16/1999,253.85
7/19/1999,253.25
7/20/1999,253.35
7/21/1999,255.3
7/22/1999,255.45
7/23/1999,254.65
7/26/1999,254
7/27/1999,254.25
7/28/1999,254.15
7/29/1999,256.75
7/30/1999,255.95
8/2/1999,255.15
8/3/1999,256.25
8/4/1999,256.15
8/5/1999,255.75
8/6/1999,256.15
8/9/1999,257.25
8/10/1999,257.55
8/11/1999,258.95
8/12/1999,260.75
8/13/1999,260.65
8/16/1999,260.05
8/17/1999,261.5
8/18/1999,259.65
8/19/1999,258.5
8/20/1999,257.4
8/23/1999,254.25
8/24/1999,253.25
8/25/1999,252.55
8/26/1999,252.75
8/27/1999,253.75
8/30/1999,253.95
8/31/1999,255.68
9/1/1999,253.85
9/2/1999,255.45
9/3/1999,254.25
9/6/1999,254.7
9/7/1999,255.85
9/8/1999,256.15
9/9/1999,257.25
9/10/1999,256.55
9/13/1999,256.45
9/14/1999,257.25
9/15/1999,256.55
9/16/1999,256.35
9/17/1999,255.25
9/20/1999,255
9/21/1999,260.8
9/22/1999,264.55
9/23/1999,266.25
9/24/1999,268.75
9/27/1999,282.78
9/28/1999,309
9/29/1999,301.75
9/30/1999,298.75
10/1/1999,309
10/4/1999,317.35
10/5/1999,325.5
10/6/1999,324.5
10/7/1999,322.8
10/8/1999,320.15
10/11/1999,318
10/12/1999,318.5
10/13/1999,322
10/14/1999,313.5
10/15/1999,315.15
10/18/1999,311.5
10/19/1999,308.5
10/20/1999,305.55
10/21/1999,304.95
10/22/1999,302.4
10/25/1999,298
10/26/1999,288.75
10/27/1999,293.85
10/28/1999,299
10/29/1999,299.2
11/1/1999,290.25
11/2/1999,291.5
11/3/1999,292.4
11/4/1999,293
11/5/1999,290.5
11/8/1999,289.75
11/9/1999,292.8
11/10/1999,298.25
11/11/1999,294
11/12/1999,291.3
11/15/1999,291.5
11/16/1999,294.13
11/17/1999,294.35
11/18/1999,294.25
11/19/1999,295
11/22/1999,294.5
11/23/1999,297.9
11/24/1999,298.25
11/25/1999,298.25
11/26/1999,297.12
11/29/1999,291
11/30/1999,290.7
12/1/1999,289.5
12/2/1999,285
12/3/1999,279.8
12/6/1999,276.1
12/7/1999,285.75
12/8/1999,281.95
12/9/1999,277.88
12/10/1999,278.95
12/13/1999,280.28
12/14/1999,279.95
12/15/1999,282.78
12/16/1999,281.95
12/17/1999,283.6
12/20/1999,284.15
12/21/1999,287.48
12/22/1999,287.05
12/23/1999,286.95
12/24/1999,287.63
12/27/1999,287.75
12/28/1999,289.55
12/29/1999,290.45
12/30/1999,288.05
12/31/1999,288
1/3/2000,289
1/4/2000,282.25
1/5/2000,280
1/6/2000,281.1
1/7/2000,281.75
1/10/2000,281.48
1/11/2000,283.25
1/12/2000,282.35
1/13/2000,284.25
1/14/2000,284.2
1/17/2000,285.5
1/18/2000,288.65
1/19/2000,289.63
1/20/2000,288.5
1/21/2000,289.1
1/24/2000,287.6
1/25/2000,287.05
1/26/2000,286
1/27/2000,286.85
1/28/2000,283.25
1/31/2000,283.5
2/1/2000,282.63
2/2/2000,284.75
2/3/2000,287.45
2/4/2000,310.3
2/7/2000,302.75
2/8/2000,301.75
2/9/2000,306.75
2/10/2000,315
2/11/2000,310.95
2/14/2000,308.15
2/15/2000,301.75
2/16/2000,302.5
2/17/2000,300.5
2/18/2000,305
2/21/2000,305.5
2/22/2000,304.4
2/23/2000,300
2/24/2000,298.5
2/25/2000,292.6
2/28/2000,291.75
2/29/2000,292.2
3/1/2000,289.75
3/2/2000,288.5
3/3/2000,288.8
3/6/2000,287.63
3/7/2000,293.25
3/8/2000,288.13
3/9/2000,291.2
3/10/2000,289
3/13/2000,290.7
3/14/2000,288.88
3/15/2000,288.85
3/16/2000,286.5
3/17/2000,284.6
3/20/2000,286.88
3/21/2000,289.63
3/22/2000,287.88
3/23/2000,286.28
3/24/2000,285
3/27/2000,280.3
3/28/2000,279.4
3/29/2000,276.4
3/30/2000,276.75
3/31/2000,279.08
4/3/2000,278.2
4/4/2000,284.45
4/5/2000,281.5
4/6/2000,280.5
4/7/2000,280
4/10/2000,282
4/11/2000,281.8
4/12/2000,282.05
4/13/2000,281.6
4/14/2000,282.6
4/17/2000,281.38
4/18/2000,281.3
4/19/2000,280.7
4/20/2000,280
4/21/2000,280
4/24/2000,279.8
4/25/2000,278.4
4/26/2000,275.88
4/27/2000,277.05
4/28/2000,273.55
5/1/2000,273.35
5/2/2000,274.95
5/3/2000,278.25
5/4/2000,279.95
5/5/2000,278.95
5/8/2000,276.73
5/9/2000,277.25
5/10/2000,277.75
5/11/2000,275.95
5/12/2000,276.15
5/15/2000,275.45
5/16/2000,275.65
5/17/2000,273.35
5/18/2000,273.35
5/19/2000,274.25
5/22/2000,275.65
5/23/2000,274.25
5/24/2000,273.55
5/25/2000,270.3
5/26/2000,272.25
5/29/2000,272.15
5/30/2000,273.2
5/31/2000,272.1
6/1/2000,272.8
6/2/2000,281.15
6/5/2000,285.45
6/6/2000,289
6/7/2000,286.7
6/8/2000,284.45
6/9/2000,283.85
6/12/2000,286.8
6/13/2000,285.75
6/14/2000,291.75
6/15/2000,289.85
6/16/2000,289.25
6/19/2000,286.25
6/20/2000,286.15
6/21/2000,286.15
6/22/2000,285.65
6/23/2000,283.15
6/26/2000,284
6/27/2000,286.05
6/28/2000,292.65
6/29/2000,289.25
6/30/2000,289.53
7/3/2000,288.35
7/4/2000,288.05
7/5/2000,284.25
7/6/2000,283.65
7/7/2000,283.65
7/10/2000,283.95
7/11/2000,282.55
7/12/2000,280.6
7/13/2000,280.25
7/14/2000,281.3
7/17/2000,283.6
7/18/2000,282.65
7/19/2000,279.15
7/20/2000,280.25
7/21/2000,280.35
7/24/2000,279.25
7/25/2000,279.05
7/26/2000,279.75
7/27/2000,278.5
7/28/2000,278.38
7/31/2000,277.25
8/1/2000,277.35
8/2/2000,277.55
8/3/2000,273.95
8/4/2000,273.5
8/7/2000,273.75
8/8/2000,273.25
8/9/2000,272.25
8/10/2000,272.75
8/11/2000,275.15
8/14/2000,274.8
8/15/2000,274.65
8/16/2000,277.2
8/17/2000,277.65
8/18/2000,276.65
8/21/2000,275.25
8/22/2000,273.75
8/23/2000,271.25
8/24/2000,272.95
8/25/2000,274.25
8/28/2000,274.15
8/29/2000,273.45
8/30/2000,274.2
8/31/2000,277.85
9/1/2000,276.75
9/4/2000,277
9/5/2000,275.55
9/6/2000,274.45
9/7/2000,273.8
9/8/2000,273.05
9/11/2000,273.43
9/12/2000,273
9/13/2000,272.75
9/14/2000,272.55
9/15/2000,272.45
9/18/2000,271.8
9/19/2000,272.15
9/20/2000,269.35
9/21/2000,270.65
9/22/2000,272.15
9/25/2000,274.3
9/26/2000,274.35
9/27/2000,278.58
9/28/2000,275.25
9/29/2000,274.25
10/2/2000,273.45
10/3/2000,272.25
10/4/2000,270.75
10/5/2000,269.65
10/6/2000,269.65
10/9/2000,270.6
10/10/2000,272.75
10/11/2000,271.15
10/12/2000,276.55
10/13/2000,272.65
10/16/2000,272
10/17/2000,271.25
10/18/2000,270.65
10/19/2000,270.8
10/20/2000,271.55
10/23/2000,270.25
10/24/2000,270.65
10/25/2000,266.75
10/26/2000,265.15
10/27/2000,264.55
10/30/2000,264.5
10/31/2000,265.15
11/1/2000,264.8
11/2/2000,264.75
11/3/2000,265.15
11/6/2000,265.05
11/7/2000,264.45
11/8/2000,265.05
11/9/2000,265.95
11/10/2000,264.75
11/13/2000,264.35
11/14/2000,264.65
11/15/2000,265
11/16/2000,266.5
11/17/2000,265.75
11/20/2000,266.35
11/21/2000,265.85
11/22/2000,266.55
11/23/2000,265.85
11/24/2000,266.35
11/27/2000,270
11/28/2000,269.6
11/29/2000,266.55
11/30/2000,270.45
12/1/2000,269.4
12/4/2000,271.2
12/5/2000,270.55
12/6/2000,274.75
12/7/2000,273.85
12/8/2000,272.8
12/11/2000,270.85
12/12/2000,270.95
12/13/2000,269.05
12/14/2000,269.55
12/15/2000,270.95
12/18/2000,270.15
12/19/2000,270.25
12/20/2000,272.85
12/21/2000,274.15
12/22/2000,273.95
12/25/2000,273.8
12/26/2000,274.45
12/27/2000,275.25
12/28/2000,272.25
12/29/2000,272.25
1/1/2001,272.5
1/2/2001,269.25
1/3/2001,268.15
1/4/2001,267.55
1/5/2001,268.15
1/8/2001,268.35
1/9/2001,267.75
1/10/2001,264.95
1/11/2001,264.25
1/12/2001,264.3
1/15/2001,263.65
1/16/2001,263.55
1/17/2001,263.55
1/18/2001,264.55
1/19/2001,264.75
1/22/2001,266.95
1/23/2001,266.55
1/24/2001,264.7
1/25/2001,264.95
1/26/2001,263.05
1/29/2001,263.05
1/30/2001,265.9
1/31/2001,265.85
2/1/2001,268.75
2/2/2001,267.55
2/5/2001,265.65
2/6/2001,263.75
2/7/2001,263.35
2/8/2001,260.65
2/9/2001,260.65
2/12/2001,261.35
2/13/2001,260.95
2/14/2001,259.85
2/15/2001,255.85
2/16/2001,258.95
2/19/2001,259.65
2/20/2001,256.65
2/21/2001,258.65
2/22/2001,259.05
2/23/2001,261.55
2/26/2001,266.85
2/27/2001,268.25
2/28/2001,267.15
3/1/2001,265.65
3/2/2001,262.85
3/5/2001,263.05
3/6/2001,260.75
3/7/2001,262.45
3/8/2001,267.1
3/9/2001,271.75
3/12/2001,272.55
3/13/2001,267.85
3/14/2001,263.45
3/15/2001,260.65
3/16/2001,259.05
3/19/2001,260.75
3/20/2001,261.55
3/21/2001,262.95
3/22/2001,262.05
3/23/2001,262.3
3/26/2001,262.65
3/27/2001,261.55
3/28/2001,260.05
3/29/2001,258.95
3/30/2001,257.95
4/2/2001,255.55
4/3/2001,257.05
4/4/2001,258.45
4/5/2001,258.55
4/6/2001,260.05
4/9/2001,258.45
4/10/2001,257.65
4/11/2001,258.75
4/12/2001,260.15
4/13/2001,259.25
4/16/2001,263.35
4/17/2001,261
4/18/2001,261.25
4/19/2001,265.6
4/20/2001,264.65
4/23/2001,263.75
4/24/2001,264.15
4/25/2001,262.25
4/26/2001,264.15
4/27/2001,263.65
4/30/2001,264.05
5/1/2001,264.55
5/2/2001,265.5
5/3/2001,266.15
5/4/2001,266.15
5/7/2001,266.25
5/8/2001,264.95
5/9/2001,270.05
5/10/2001,269.25
5/11/2001,268.05
5/14/2001,268.35
5/15/2001,268.35
5/16/2001,272.25
5/17/2001,273.75
5/18/2001,287.55
5/21/2001,285.35
5/22/2001,285.35
5/23/2001,283.75
5/24/2001,279.25
5/25/2001,277.65
5/28/2001,277.65
5/29/2001,273.95
5/30/2001,266.05
5/31/2001,265.85
6/1/2001,267.05
6/4/2001,265.75
6/5/2001,266.25
6/6/2001,266.25
6/7/2001,266.35
6/8/2001,273.75
6/11/2001,268.15
6/12/2001,271.85
6/13/2001,272.35
6/14/2001,275.65
6/15/2001,271.55
6/18/2001,272.55
6/19/2001,273.65
6/20/2001,272.75
6/21/2001,272.95
6/22/2001,272.6
6/25/2001,273.95
6/26/2001,276.15
6/27/2001,272.35
6/28/2001,269.25
6/29/2001,270.85
7/2/2001,269.55
7/3/2001,267.75
7/4/2001,267.95
7/5/2001,265.35
7/6/2001,266.25
7/9/2001,266.65
7/10/2001,266.35
7/11/2001,268.45
7/12/2001,266.85
7/13/2001,267.35
7/16/2001,267.15
7/17/2001,268.35
7/18/2001,270.75
7/19/2001,269.55
7/20/2001,270.05
7/23/2001,268.85
7/24/2001,269.75
7/25/2001,267.75
7/26/2001,266.45
7/27/2001,267.55
7/30/2001,265.25
7/31/2001,266.65
8/1/2001,267.55
8/2/2001,268.05
8/3/2001,268.55
8/6/2001,267.75
8/7/2001,267.65
8/8/2001,268.35
8/9/2001,274.15
8/10/2001,274.55
8/13/2001,275.95
8/14/2001,276.75
8/15/2001,275.85
8/16/2001,275.35
8/17/2001,279.25
8/20/2001,276.05
8/21/2001,275.05
8/22/2001,274.55
8/23/2001,275.55
8/24/2001,272.85
8/27/2001,272.75
8/28/2001,272.25
8/29/2001,273.75
8/30/2001,275.25
8/31/2001,274.4
9/3/2001,273.5
9/4/2001,271.65
9/5/2001,272.05
9/6/2001,273.15
9/7/2001,273.15
9/10/2001,271.75
9/11/2001,286.25
9/12/2001,278.25
9/13/2001,281.25
9/14/2001,285.55
9/17/2001,289.45
9/18/2001,287.75
9/19/2001,290.5
9/20/2001,288.65
9/21/2001,291.45
9/24/2001,289.25
9/25/2001,289.75
9/26/2001,293.25
9/27/2001,291.95
9/28/2001,293.25
10/1/2001,291.7
10/2/2001,289.45
10/3/2001,289.45
10/4/2001,289.85
10/5/2001,291
10/8/2001,291.9
10/9/2001,288
10/10/2001,284.85
10/11/2001,281.25
10/12/2001,284.45
10/15/2001,281.45
10/16/2001,281.35
10/17/2001,282.45
10/18/2001,279.45
10/19/2001,279.65
10/22/2001,275.55
10/23/2001,275.95
10/24/2001,275.45
10/25/2001,277.25
10/26/2001,277.35
10/29/2001,279.28
10/30/2001,280.5
10/31/2001,279.65
11/1/2001,279.65
11/2/2001,279.95
11/5/2001,278.95
11/6/2001,280.25
11/7/2001,280.75
11/8/2001,276.75
11/9/2001,277.45
11/12/2001,278.25
11/13/2001,277.55
11/14/2001,278.3
11/15/2001,275.35
11/16/2001,274.85
11/19/2001,272.95
11/20/2001,273.48
11/21/2001,273.15
11/22/2001,272.85
11/23/2001,272.9
11/26/2001,273.15
11/27/2001,273.45
11/28/2001,274.35
11/29/2001,274.05
11/30/2001,274.4
12/3/2001,277.25
12/4/2001,275.7
12/5/2001,274.45
12/6/2001,274.55
12/7/2001,274.55
12/10/2001,273.15
12/11/2001,272.8
12/12/2001,274.55
12/13/2001,274.45
12/14/2001,278.45
12/17/2001,278.15
12/18/2001,280.45
12/19/2001,276.15
12/20/2001,276.25
12/21/2001,278.15
12/24/2001,278.05
12/25/2001,278.75
12/26/2001,279.38
12/27/2001,277.05
12/28/2001,276.55
12/31/2001,278.95
1/1/2002,278.95
1/2/2002,278.75
1/3/2002,278.45
1/4/2002,278.95
1/7/2002,278.75
1/8/2002,279.05
1/9/2002,283.95
1/10/2002,286.35
1/11/2002,287.55
1/14/2002,284.95
1/15/2002,284.65
1/16/2002,287.15
1/17/2002,284.05
1/18/2002,283.55
1/21/2002,282.55
1/22/2002,282
1/23/2002,279.25
1/24/2002,278.98
1/25/2002,279.45
1/28/2002,278.65
1/29/2002,281.85
1/30/2002,281.9
1/31/2002,282.55
2/1/2002,286.25
2/4/2002,289.9
2/5/2002,297.55
2/6/2002,297
2/7/2002,301.15
2/8/2002,303.75
2/11/2002,299.75
2/12/2002,300.25
2/13/2002,299.25
2/14/2002,300
2/15/2002,297.85
2/18/2002,297.75
2/19/2002,293.1
2/20/2002,291.45
2/21/2002,292.75
2/22/2002,292.75
2/25/2002,292.55
2/26/2002,297.75
2/27/2002,296.8
2/28/2002,296.55
3/1/2002,298.15
3/4/2002,296.85
3/5/2002,293.95
3/6/2002,293.5
3/7/2002,289.55
3/8/2002,289.75
3/11/2002,290.7
3/12/2002,293.85
3/13/2002,293.35
3/14/2002,291.25
3/15/2002,290.05
3/18/2002,292.57
3/19/2002,293.2
3/20/2002,292.45
3/21/2002,293.15
3/22/2002,297.75
3/25/2002,298.25
3/26/2002,296.75
3/27/2002,302.38
3/28/2002,302.65
3/29/2002,302.65
4/1/2002,303.35
4/2/2002,305.85
4/3/2002,302.55
4/4/2002,301
4/5/2002,300.05
4/8/2002,300.5
4/9/2002,298.55
4/10/2002,301.25
4/11/2002,302.6
4/12/2002,302.15
4/15/2002,299.85
4/16/2002,299
4/17/2002,302.05
4/18/2002,303.65
4/19/2002,302.35
4/22/2002,302.9
4/23/2002,303.65
4/24/2002,304.05
4/25/2002,307.65
4/26/2002,311.35
4/29/2002,311.1
4/30/2002,308.45
5/1/2002,308.75
5/2/2002,307.85
5/3/2002,311.95
5/6/2002,312.3
5/7/2002,311.45
5/8/2002,308.15
5/9/2002,309.55
5/10/2002,311.05
5/13/2002,310.85
5/14/2002,307.65
5/15/2002,309.05
5/16/2002,309.85
5/17/2002,311.05
5/20/2002,315.95
5/21/2002,316.15
5/22/2002,317.95
5/23/2002,322.05
5/24/2002,320.55
5/27/2002,320.25
5/28/2002,324.25
5/29/2002,325.05
5/30/2002,325.05
5/31/2002,326.55
6/3/2002,327.65
6/4/2002,327.85
6/5/2002,321.45
6/6/2002,325.65
6/7/2002,323.95
6/10/2002,319.05
6/11/2002,321.05
6/12/2002,319.25
6/13/2002,318.15
6/14/2002,319.35
6/17/2002,316.85
6/18/2002,320.05
6/19/2002,320.85
6/20/2002,323.95
6/21/2002,324.65
6/24/2002,322.45
6/25/2002,321.35
6/26/2002,319.25
6/27/2002,318.25
6/28/2002,314.45
7/1/2002,315.15
7/2/2002,312.95
7/3/2002,311.15
7/4/2002,310.75
7/5/2002,311.55
7/8/2002,312.85
7/9/2002,316.85
7/10/2002,316.35
7/11/2002,316.5
7/12/2002,316.05
7/15/2002,318.15
7/16/2002,318.25
7/17/2002,317.65
7/18/2002,317.95
7/19/2002,323.95
7/22/2002,323.15
7/23/2002,313.25
7/24/2002,311.25
7/25/2002,310.05
7/26/2002,303.75
7/29/2002,302.55
7/30/2002,304.75
7/31/2002,303.55
8/1/2002,304.65
8/2/2002,307.35
8/5/2002,308.15
8/6/2002,306.35
8/7/2002,314.05
8/8/2002,310.65
8/9/2002,314.55
8/12/2002,314.25
8/13/2002,315.65
8/14/2002,311.65
8/15/2002,314.65
8/16/2002,313.95
8/19/2002,306.75
8/20/2002,309.45
8/21/2002,308.05
8/22/2002,307.05
8/23/2002,307.05
8/26/2002,309.45
8/27/2002,312.75
8/28/2002,310.05
8/29/2002,313.45
8/30/2002,312.75
9/2/2002,312.25
9/3/2002,314.15
9/4/2002,314.65
9/5/2002,319.25
9/6/2002,320.25
9/9/2002,321.25
9/10/2002,317.75
9/11/2002,317.65
9/12/2002,319.05
9/13/2002,316.85
9/16/2002,317.45
9/17/2002,318.35
9/18/2002,320.35
9/19/2002,323.35
9/20/2002,322.15
9/23/2002,323.25
9/24/2002,326.15
9/25/2002,322.25
9/26/2002,320.05
9/27/2002,319.95
9/30/2002,323.55
10/1/2002,320.35
10/2/2002,323.05
10/3/2002,321.65
10/4/2002,322.25
10/7/2002,322.45
10/8/2002,318.25
10/9/2002,320.05
10/10/2002,316.85
10/11/2002,316.75
10/14/2002,317.95
10/15/2002,313.55
10/16/2002,314.55
10/17/2002,311.45
10/18/2002,312.85
10/21/2002,311.15
10/22/2002,313.05
10/23/2002,311.95
10/24/2002,311.65
10/25/2002,313.85
10/28/2002,315.65
10/29/2002,316.85
10/30/2002,316.05
10/31/2002,317.75
11/1/2002,319.75
11/4/2002,318.55
11/5/2002,317.75
11/6/2002,318.15
11/7/2002,321.05
11/8/2002,321.55
11/11/2002,321.75
11/12/2002,324.45
11/13/2002,319.15
11/14/2002,318.25
11/15/2002,320.55
11/18/2002,319.25
11/19/2002,318.95
11/20/2002,317.85
11/21/2002,317.65
11/22/2002,321.05
11/25/2002,318.15
11/26/2002,318.35
11/27/2002,316.75
11/28/2002,317.85
11/29/2002,318.15
12/2/2002,317.85
12/3/2002,320.75
12/4/2002,322.15
12/5/2002,324.65
12/6/2002,326.25
12/9/2002,326
12/10/2002,323.75
12/11/2002,324.85
12/12/2002,331.25
12/13/2002,333.15
12/16/2002,336.65
12/17/2002,336.75
12/18/2002,343.25
12/19/2002,345.55
12/20/2002,340.75
12/23/2002,345.65
12/24/2002,346.55
12/25/2002,343.85
12/26/2002,349.65
12/27/2002,349.25
12/30/2002,343.65
12/31/2002,348.05
1/1/2003,348.05
1/2/2003,346.05
1/3/2003,351.25
1/6/2003,351.25
1/7/2003,347.25
1/8/2003,353.63
1/9/2003,352.75
1/10/2003,354.75
1/13/2003,354.55
1/14/2003,351.35
1/15/2003,350.75
1/16/2003,357.45
1/17/2003,356.55
1/20/2003,355.75
1/21/2003,357.75
1/22/2003,361.85
1/23/2003,363.05
1/24/2003,368.25
1/27/2003,369.65
1/28/2003,369.25
1/29/2003,365.95
1/30/2003,370.35
1/31/2003,368.15
2/3/2003,371.05
2/4/2003,381.25
2/5/2003,371.75
2/6/2003,370.05
2/7/2003,369.75
2/10/2003,362.15
2/11/2003,363.88
2/12/2003,352.75
2/13/2003,356.55
2/14/2003,351.55
2/17/2003,345.55
2/18/2003,343.55
2/19/2003,349.45
2/20/2003,352.25
2/21/2003,351.35
2/24/2003,357.75
2/25/2003,351.85
2/26/2003,354.35
2/27/2003,345.45
2/28/2003,349.95
3/3/2003,349.05
3/4/2003,354.25
3/5/2003,353.55
3/6/2003,356.25
3/7/2003,350.75
3/10/2003,354.45
3/11/2003,350.65
3/12/2003,345.75
3/13/2003,334.35
3/14/2003,336.35
3/17/2003,336.55
3/18/2003,337.85
3/19/2003,336.45
3/20/2003,332.25
3/21/2003,326.05
3/24/2003,329.65
3/25/2003,328.55
3/26/2003,330.25
3/27/2003,329.25
3/28/2003,331.85
3/31/2003,337.45
4/1/2003,334.95
4/2/2003,329.95
4/3/2003,325.25
4/4/2003,325.55
4/7/2003,323.05
4/8/2003,322.75
4/9/2003,326.85
4/10/2003,326.55
4/11/2003,328.05
4/14/2003,324.85
4/15/2003,324.95
4/16/2003,326.45
4/17/2003,327.15
4/18/2003,325.95
4/21/2003,333.55
4/22/2003,332.95
4/23/2003,331.25
4/24/2003,334.45
4/25/2003,333.25
4/28/2003,333.85
4/29/2003,334.25
4/30/2003,338.55
5/1/2003,341.75
5/2/2003,340.95
5/5/2003,342.25
5/6/2003,344.25
5/7/2003,342.05
5/8/2003,348.65
5/9/2003,348.55
5/12/2003,351.25
5/13/2003,349.85
5/14/2003,352.45
5/15/2003,351.95
5/16/2003,354.75
5/19/2003,366.25
5/20/2003,367.95
5/21/2003,371.55
5/22/2003,367.05
5/23/2003,368.75
5/26/2003,370.35
5/27/2003,366.25
5/28/2003,365.05
5/29/2003,369.25
5/30/2003,364.45
6/2/2003,365.85
6/3/2003,365.25
6/4/2003,361.28
6/5/2003,368.75
6/6/2003,363.75
6/9/2003,361.85
6/10/2003,352.15
6/11/2003,355.65
6/12/2003,353.45
6/13/2003,356.65
6/16/2003,359.15
6/17/2003,363.35
6/18/2003,357.35
6/19/2003,361.35
6/20/2003,357.38
6/23/2003,353
6/24/2003,346.8
6/25/2003,347.4
6/26/2003,344.15
6/27/2003,345.25
6/30/2003,346.4
7/1/2003,350.75
7/2/2003,351.5
7/3/2003,351.15
7/4/2003,350.85
7/7/2003,348.25
7/8/2003,344.45
7/9/2003,344.55
7/10/2003,345.45
7/11/2003,345.2
7/14/2003,347.3
7/15/2003,342.15
7/16/2003,343.55
7/17/2003,344.75
7/18/2003,347.25
7/21/2003,351.75
7/22/2003,350.75
7/23/2003,359.65
7/24/2003,361.65
7/25/2003,362.75
7/28/2003,365.15
7/29/2003,361.85
7/30/2003,356.35
7/31/2003,354.35
8/1/2003,346.15
8/4/2003,349.45
8/5/2003,352.05
8/6/2003,351.75
8/7/2003,352.85
8/8/2003,356.75
8/11/2003,361.85
8/12/2003,358.45
8/13/2003,362.7
8/14/2003,365.95
8/15/2003,363.75
8/18/2003,358.35
8/19/2003,362.05
8/20/2003,366.25
8/21/2003,360.75
8/22/2003,362.95
8/25/2003,361.25
8/26/2003,364.45
8/27/2003,372.55
8/28/2003,369.65
8/29/2003,375.55
9/1/2003,375.55
9/2/2003,371.95
9/3/2003,373.85
9/4/2003,373.35
9/5/2003,377.35
9/8/2003,375.25
9/9/2003,382.65
9/10/2003,380.45
9/11/2003,380.15
9/12/2003,375.25
9/15/2003,374.05
9/16/2003,373.25
9/17/2003,376.75
9/18/2003,376.35
9/19/2003,381.85
9/22/2003,387.1
9/23/2003,384.75
9/24/2003,388.85
9/25/2003,385.35
9/26/2003,380.85
9/29/2003,382.25
9/30/2003,385.35
10/1/2003,384.75
10/2/2003,382.85
10/3/2003,369.55
10/6/2003,372.95
10/7/2003,376.45
10/8/2003,375.25
10/9/2003,370.05
10/10/2003,373.05
10/13/2003,374.75
10/14/2003,375.25
10/15/2003,372.95
10/16/2003,371.65
10/17/2003,371.65
10/20/2003,373.35
10/21/2003,380.75
10/22/2003,385.85
10/23/2003,384.25
10/24/2003,388.55
10/27/2003,387.95
10/28/2003,382.85
10/29/2003,386.5
10/30/2003,383.55
10/31/2003,384.25
11/3/2003,376.65
11/4/2003,379.55
11/5/2003,381.35
11/6/2003,379.95
11/7/2003,383.05
11/10/2003,385.95
11/11/2003,387.95
11/12/2003,394.05
11/13/2003,394.65
11/14/2003,397.55
11/17/2003,391.05
11/18/2003,398.75
11/19/2003,395.05
11/20/2003,394.45
11/21/2003,396.05
11/24/2003,391.48
11/25/2003,391.25
11/26/2003,396.65
11/27/2003,395.25
11/28/2003,398.15
12/1/2003,402.25
12/2/2003,403.25
12/3/2003,404.75
12/4/2003,402.75
12/5/2003,406.35
12/8/2003,406.75
12/9/2003,408.25
12/10/2003,405.45
12/11/2003,404.95
12/12/2003,408.85
12/15/2003,409.75
12/16/2003,407.25
12/17/2003,412.55
12/18/2003,410.75
12/19/2003,409.35
12/22/2003,410.05
12/23/2003,410.75
12/24/2003,412.05
12/25/2003,412.95
12/26/2003,412.25
12/29/2003,414.58
12/30/2003,416.25
12/31/2003,415.45
1/1/2004,415.85
1/2/2004,415.85
1/5/2004,423.65
1/6/2004,422.35
1/7/2004,420.55
1/8/2004,423.88
1/9/2004,426.38
1/12/2004,424.45
1/13/2004,424.15
1/14/2004,419.95
1/15/2004,408.88
1/16/2004,406.75
1/19/2004,407.25
1/20/2004,412.85
1/21/2004,410.55
1/22/2004,409.35
1/23/2004,408.08
1/26/2004,404.05
1/27/2004,410.35
1/28/2004,410.35
1/29/2004,399.35
1/30/2004,402.45
2/2/2004,398.35
2/3/2004,399.65
2/4/2004,400.75
2/5/2004,396.95
2/6/2004,403.35
2/9/2004,406.75
2/10/2004,406.35
2/11/2004,411.15
2/12/2004,411.85
2/13/2004,410.15
2/16/2004,411.65
2/17/2004,415.55
2/18/2004,410.95
2/19/2004,409.98
2/20/2004,397.55
2/23/2004,398.65
2/24/2004,403.85
2/25/2004,396.05
2/26/2004,395.05
2/27/2004,396.15
3/1/2004,399.55
3/2/2004,393.05
3/3/2004,393.35
3/4/2004,393.05
3/5/2004,401.25
3/8/2004,401.45
3/9/2004,402.75
3/10/2004,400.15
3/11/2004,402.93
3/12/2004,395.25
3/15/2004,399.48
3/16/2004,402.25
3/17/2004,407.35
3/18/2004,411.35
3/19/2004,412.35
3/22/2004,417.25
3/23/2004,419.75
3/24/2004,415.55
3/25/2004,416.25
3/26/2004,422.35
3/29/2004,417.85
3/30/2004,420.85
3/31/2004,426.45
4/1/2004,425.9
4/2/2004,420.65
4/5/2004,415.65
4/6/2004,419.45
4/7/2004,423.05
4/8/2004,420.05
4/9/2004,420.05
4/12/2004,418.65
4/13/2004,406.65
4/14/2004,400.55
4/15/2004,399.35
4/16/2004,400.55
4/19/2004,401.05
4/20/2004,394.85
4/21/2004,390.05
4/22/2004,392.95
4/23/2004,395.05
4/26/2004,396.35
4/27/2004,398.75
4/28/2004,385.65
4/29/2004,387.85
4/30/2004,386.75
5/3/2004,387.15
5/4/2004,392.65
5/5/2004,393.25
5/6/2004,387.75
5/7/2004,378.75
5/10/2004,378.75
5/11/2004,377.85
5/12/2004,378.13
5/13/2004,374.85
5/14/2004,376.65
5/17/2004,379.15
5/18/2004,377.15
5/19/2004,382.45
5/20/2004,379.65
5/21/2004,384.35
5/24/2004,385.55
5/25/2004,388.65
5/26/2004,388.75
5/27/2004,394.75
5/28/2004,393.35
5/31/2004,395.55
6/1/2004,394.65
6/2/2004,391.55
6/3/2004,388.35
6/4/2004,389.95
6/7/2004,393.75
6/8/2004,391.35
6/9/2004,384.65
6/10/2004,386.05
6/11/2004,384.55
6/14/2004,383.55
6/15/2004,389.05
6/16/2004,384.65
6/17/2004,388.88
6/18/2004,394.85
6/21/2004,393.85
6/22/2004,394.95
6/23/2004,395.75
6/24/2004,402.15
6/25/2004,401.55
6/28/2004,400.88
6/29/2004,392.55
6/30/2004,394.25
7/1/2004,395.95
7/2/2004,397.95
7/5/2004,398.25
7/6/2004,392.75
7/7/2004,402.45
7/8/2004,407.95
7/9/2004,407.65
7/12/2004,407.95
7/13/2004,401.65
7/14/2004,405.45
7/15/2004,404.05
7/16/2004,406.65
7/19/2004,405.65
7/20/2004,400.15
7/21/2004,396.75
7/22/2004,395.05
7/23/2004,390.15
7/26/2004,388.95
7/27/2004,387.25
7/28/2004,387.85
7/29/2004,387.55
7/30/2004,391.05
8/2/2004,392.15
8/3/2004,394.05
8/4/2004,391.65
8/5/2004,392.85
8/6/2004,399.75
8/9/2004,400.25
8/10/2004,398.65
8/11/2004,395.45
8/12/2004,393.75
8/13/2004,398.95
8/16/2004,402.25
8/17/2004,405.05
8/18/2004,404.55
8/19/2004,406.65
8/20/2004,412.75
8/23/2004,409.95
8/24/2004,403.15
8/25/2004,406.55
8/26/2004,406.55
8/27/2004,403.25
8/30/2004,408.05
8/31/2004,409.85
9/1/2004,408.85
9/2/2004,406.35
9/3/2004,401.05
9/6/2004,402.55
9/7/2004,397.75
9/8/2004,399.65
9/9/2004,398.95
9/10/2004,402.75
9/13/2004,403.95
9/14/2004,405.43
9/15/2004,405.15
9/16/2004,404.53
9/17/2004,405.65
9/20/2004,405.05
9/21/2004,409.25
9/22/2004,407.35
9/23/2004,410.13
9/24/2004,407.83
9/27/2004,408.63
9/28/2004,412.25
9/29/2004,412.95
9/30/2004,418.25
10/1/2004,419.47
10/4/2004,414.05
10/5/2004,418.75
10/6/2004,417.88
10/7/2004,417.65
10/8/2004,422.78
10/11/2004,422.05
10/12/2004,415.25
10/13/2004,416.25
10/14/2004,417.75
10/15/2004,418.8
10/18/2004,416.25
10/19/2004,419.85
10/20/2004,424.13
10/21/2004,423.75
10/22/2004,424.23
10/25/2004,428.45
10/26/2004,426.85
10/27/2004,424.25
10/28/2004,424.35
10/29/2004,428.55
11/1/2004,427.55
11/2/2004,421.55
11/3/2004,426.85
11/4/2004,429.55
11/5/2004,433.55
11/8/2004,431.95
11/9/2004,435.15
11/10/2004,434.55
11/11/2004,434.88
11/12/2004,437.85
11/15/2004,436.75
11/16/2004,439.45
11/17/2004,444.65
11/18/2004,442.95
11/19/2004,447.05
11/22/2004,448.94
11/23/2004,447.05
11/24/2004,449.55
11/25/2004,451.69
11/26/2004,451.95
11/29/2004,453.95
11/30/2004,450.95
12/1/2004,454.75
12/2/2004,449.25
12/3/2004,455.9
12/6/2004,452.25
12/7/2004,450.9
12/8/2004,440.6
12/9/2004,437.3
12/10/2004,434.2
12/13/2004,438.85
12/14/2004,435.6
12/15/2004,440.6
12/16/2004,437.2
12/17/2004,441.5
12/20/2004,442.99
12/21/2004,441.6
12/22/2004,439.7
12/23/2004,442.25
12/24/2004,442.65
12/27/2004,444.35
12/28/2004,443.75
12/29/2004,436.46
12/30/2004,438
12/31/2004,438.45
1/3/2005,429.55
1/4/2005,427.55
1/5/2005,426.55
1/6/2005,421.4
1/7/2005,419.05
1/10/2005,419.63
1/11/2005,421.65
1/12/2005,426.15
1/13/2005,425.2
1/14/2005,423.15
1/17/2005,422.13
1/18/2005,423.05
1/19/2005,423.15
1/20/2005,422.35
1/21/2005,427.25
1/24/2005,427.35
1/25/2005,422.2
1/26/2005,426.8
1/27/2005,426.2
1/28/2005,427
1/31/2005,422.6
2/1/2005,421.13
2/2/2005,421.97
2/3/2005,417.2
2/4/2005,414.7
2/7/2005,413.4
2/8/2005,412.7
2/9/2005,413.35
2/10/2005,417.8
2/11/2005,420.9
2/14/2005,425.75
2/15/2005,425.75
2/16/2005,425.2
2/17/2005,427.18
2/18/2005,427.42
2/21/2005,427.45
2/22/2005,435.85
2/23/2005,434.55
2/24/2005,433.75
2/25/2005,435.25
2/28/2005,435.65
3/1/2005,432.6
3/2/2005,432.95
3/3/2005,429.65
3/4/2005,434.3
3/7/2005,434.55
3/8/2005,440.55
3/9/2005,440.6
3/10/2005,442.13
3/11/2005,444.95
3/14/2005,440.98
3/15/2005,440.7
3/16/2005,443.16
3/17/2005,438.8
3/18/2005,439.35
3/21/2005,431.2
3/22/2005,427.12
3/23/2005,425.35
3/24/2005,425.05
3/25/2005,424.88
3/28/2005,426.2
3/29/2005,426.1
3/30/2005,426.35
3/31/2005,428.35
4/1/2005,426.25
4/4/2005,424.25
4/5/2005,425.35
4/6/2005,426.7
4/7/2005,425.9
4/8/2005,427.1
4/11/2005,428
4/12/2005,428.2
4/13/2005,428.9
4/14/2005,424
4/15/2005,424.9
4/18/2005,427.35
4/19/2005,434
4/20/2005,434.6
4/21/2005,432.57
4/22/2005,434.6
4/25/2005,434.7
4/26/2005,437.1
4/27/2005,432.47
4/28/2005,431.4
4/29/2005,434.4
5/2/2005,429.8
5/3/2005,427.9
5/4/2005,429.8
5/5/2005,430.4
5/6/2005,426.2
5/9/2005,426.1
5/10/2005,426.6
5/11/2005,427.4
5/12/2005,422.4
5/13/2005,420.4
5/16/2005,419.75
5/17/2005,418.75
5/18/2005,421.75
5/19/2005,420.6
5/20/2005,417.65
5/23/2005,417.55
5/24/2005,418.35
5/25/2005,419.55
5/26/2005,417.8
5/27/2005,420.45
5/30/2005,418.55
5/31/2005,417.25
6/1/2005,415.4
6/2/2005,421.8
6/3/2005,422.45
6/6/2005,425.95
6/7/2005,424.75
6/8/2005,423.15
6/9/2005,423.7
6/10/2005,427.05
6/13/2005,428.9
6/14/2005,426.85
6/15/2005,428.9
6/16/2005,435.65
6/17/2005,437.65
6/20/2005,437.9
6/21/2005,438.6
6/22/2005,438.15
6/23/2005,441.3
6/24/2005,439.95
6/27/2005,439.8
6/28/2005,435.55
6/29/2005,437.25
6/30/2005,435.5
7/1/2005,427.4
7/4/2005,427.9
7/5/2005,423.6
7/6/2005,423.76
7/7/2005,424.2
7/8/2005,423.1
7/11/2005,425.9
7/12/2005,426.95
7/13/2005,424.1
7/14/2005,419.6
7/15/2005,421.55
7/18/2005,421.05
7/19/2005,420.1
7/20/2005,423.15
7/21/2005,425.6
7/22/2005,425
7/25/2005,425.85
7/26/2005,423.5
7/27/2005,425.5
7/28/2005,428
7/29/2005,429.8
8/1/2005,432.2
8/2/2005,432.3
8/3/2005,436.8
8/4/2005,437.6
8/5/2005,437.3
8/8/2005,435
8/9/2005,434.8
8/10/2005,437.6
8/11/2005,445.9
8/12/2005,446.2
8/15/2005,442.4
8/16/2005,446.15
8/17/2005,440.1
8/18/2005,439.7
8/19/2005,436.3
8/22/2005,438.2
8/23/2005,439.2
8/24/2005,437.68
8/25/2005,438.7
8/26/2005,437.7
8/29/2005,436.9
8/30/2005,431.6
8/31/2005,435.2
9/1/2005,443.25
9/2/2005,444.4
9/5/2005,445.35
9/6/2005,444
9/7/2005,444.7
9/8/2005,447.4
9/9/2005,449.2
9/12/2005,449.75
9/13/2005,446.5
9/14/2005,450.3
9/15/2005,455.75
9/16/2005,459.75
9/19/2005,464.75
9/20/2005,463.85
9/21/2005,472.35
9/22/2005,466.05
9/23/2005,463.25
9/26/2005,466.65
9/27/2005,462.5
9/28/2005,469
9/29/2005,472.15
9/30/2005,469.3
10/3/2005,465.95
10/4/2005,466.25
10/5/2005,464.75
10/6/2005,473.45
10/7/2005,474.85
10/10/2005,475.25
10/11/2005,475.5
10/12/2005,470.9
10/13/2005,471.6
10/14/2005,469.7
10/17/2005,474
10/18/2005,472.2
10/19/2005,464.55
10/20/2005,461.2
10/21/2005,466.9
10/24/2005,465.25
10/25/2005,472.6
10/26/2005,470.95
10/27/2005,473.65
10/28/2005,473.5
10/31/2005,465.19
11/1/2005,459.15
11/2/2005,463.2
11/3/2005,461.1
11/4/2005,456.9
11/7/2005,459.6
11/8/2005,460.8
11/9/2005,467.1
11/10/2005,466.85
11/11/2005,468.7
11/14/2005,467.5
11/15/2005,468.53
11/16/2005,479.3
11/17/2005,486
11/18/2005,485.8
11/21/2005,491.76
11/22/2005,494.58
11/23/2005,492.5
11/24/2005,493.5
11/25/2005,496.08
11/28/2005,498.7
11/29/2005,499.8
11/30/2005,493.08
12/1/2005,503.9
12/2/2005,503.38
12/5/2005,509.4
12/6/2005,511.4
12/7/2005,515.2
12/8/2005,521.13
12/9/2005,526.4
12/12/2005,528
12/13/2005,518.7
12/14/2005,506.5
12/15/2005,502.98
12/16/2005,503.25
12/19/2005,503.8
12/20/2005,492.25
12/21/2005,495.33
12/22/2005,504.33
12/23/2005,502.8
12/26/2005,505.13
12/27/2005,507.9
12/28/2005,516.6
12/29/2005,516.9
12/30/2005,517
1/2/2006,516.88
1/3/2006,534.15
1/4/2006,534.4
1/5/2006,524.8
1/6/2006,539.95
1/9/2006,548.95
1/10/2006,542.5
1/11/2006,547.5
1/12/2006,546.4
1/13/2006,557.35
1/16/2006,562.2
1/17/2006,554.8
1/18/2006,542.95
1/19/2006,557.8
1/20/2006,554.5
1/23/2006,559.4
1/24/2006,558.6
1/25/2006,563.4
1/26/2006,560.65
1/27/2006,559.5
1/30/2006,568.35
1/31/2006,568.9
2/1/2006,569.35
2/2/2006,572.2
2/3/2006,568.9
2/6/2006,569.9
2/7/2006,548.45
2/8/2006,551.45
2/9/2006,564.4
2/10/2006,551
2/13/2006,540.35
2/14/2006,547.55
2/15/2006,539.95
2/16/2006,548.15
2/17/2006,552.1
2/20/2006,555.85
2/21/2006,554.35
2/22/2006,555.2
2/23/2006,548.85
2/24/2006,559.05
2/27/2006,553.95
2/28/2006,561.55
3/1/2006,562.95
3/2/2006,569.85
3/3/2006,565.4
3/6/2006,555.35
3/7/2006,552.7
3/8/2006,543.55
3/9/2006,546.05
3/10/2006,541.05
3/13/2006,545.9
3/14/2006,551.05
3/15/2006,552.95
3/16/2006,555.4
3/17/2006,554.1
3/20/2006,554.9
3/21/2006,552.1
3/22/2006,550.8
3/23/2006,549.8
3/24/2006,560.13
3/27/2006,567.3
3/28/2006,563.6
3/29/2006,573.6
3/30/2006,588.65
3/31/2006,583.65
4/3/2006,587.85
4/4/2006,586.7
4/5/2006,588.5
4/6/2006,595.3
4/7/2006,588.85
4/10/2006,599.75
4/11/2006,593.42
4/12/2006,598.38
4/13/2006,596.48
4/14/2006,603
4/17/2006,613.48
4/18/2006,621.08
4/19/2006,640.2
4/20/2006,612.5
4/21/2006,633.98
4/24/2006,620.7
4/25/2006,630.3
4/26/2006,638.63
4/27/2006,633.63
4/28/2006,654.43
5/1/2006,655.1
5/2/2006,668.8
5/3/2006,667
5/4/2006,679.7
5/5/2006,683.8
5/8/2006,678.7
5/9/2006,700.9
5/10/2006,707.9
5/11/2006,714.3
5/12/2006,714.8
5/15/2006,677.4
5/16/2006,690.4
5/17/2006,687.1
5/18/2006,682.3
5/19/2006,657.6
5/22/2006,656.05
5/23/2006,666.5
5/24/2006,640.7
5/25/2006,650.9
5/26/2006,653.7
5/29/2006,647.77
5/30/2006,652.9
5/31/2006,645.2
6/1/2006,629.6
6/2/2006,638.2
6/5/2006,637.15
6/6/2006,630.65
6/7/2006,626.45
6/8/2006,613.25
6/9/2006,607.45
6/12/2006,604.25
6/13/2006,562.05
6/14/2006,559.75
6/15/2006,577.05
6/16/2006,581.15
6/19/2006,565.25
6/20/2006,575.85
6/21/2006,587.55
6/22/2006,580.65
6/23/2006,583.05
6/26/2006,585.25
6/27/2006,579.05
6/28/2006,580.15
6/29/2006,599.65
6/30/2006,615.85
7/3/2006,623.5
7/4/2006,620.25
7/5/2006,628.15
7/6/2006,633.03
7/7/2006,629.25
7/10/2006,624.15
7/11/2006,641.45
7/12/2006,651.53
7/13/2006,660.05
7/14/2006,664.15
7/17/2006,643.03
7/18/2006,633.05
7/19/2006,642.75
7/20/2006,628.15
7/21/2006,619.75
7/24/2006,615.25
7/25/2006,619.13
7/26/2006,624.75
7/27/2006,634.35
7/28/2006,634.75
7/31/2006,636.75
8/1/2006,646.85
8/2/2006,651.25
8/3/2006,644.93
8/4/2006,646.5
8/7/2006,648.65
8/8/2006,642.55
8/9/2006,650.03
8/10/2006,636.25
8/11/2006,632.55
8/14/2006,626.7
8/15/2006,624.8
8/16/2006,629.05
8/17/2006,614
8/18/2006,614.9
8/21/2006,628.1
8/22/2006,625
8/23/2006,622.35
8/24/2006,621.4
8/25/2006,622.53
8/28/2006,614.78
8/29/2006,614.95
8/30/2006,619.28
8/31/2006,627.3
9/1/2006,625.45
9/4/2006,626.5
9/5/2006,638.3
9/6/2006,633.7
9/7/2006,616.8
9/8/2006,610.8
9/11/2006,589.75
9/12/2006,587.45
9/13/2006,590.2
9/14/2006,575.25
9/15/2006,579.34
9/18/2006,587.2
9/19/2006,573.65
9/20/2006,576.8
9/21/2006,584.2
9/22/2006,589.6
9/25/2006,590.8
9/26/2006,592
9/27/2006,603.1
9/28/2006,601.3
9/29/2006,598.3
10/2/2006,596.7
10/3/2006,574.5
10/4/2006,567
10/5/2006,574.3
10/6/2006,574.1
10/9/2006,577.1
10/10/2006,573
10/11/2006,573
10/12/2006,579.3
10/13/2006,590.4
10/16/2006,596
10/17/2006,590.1
10/18/2006,590.2
10/19/2006,599.4
10/20/2006,591.5
10/23/2006,581.95
10/24/2006,586.45
10/25/2006,591.05
10/26/2006,597.15
10/27/2006,599.95
10/30/2006,604.1
10/31/2006,606.6
11/1/2006,617.6
11/2/2006,624.7
11/3/2006,627.4
11/6/2006,623.2
11/7/2006,624.8
11/8/2006,615.8
11/9/2006,633.41
11/10/2006,628.56
11/13/2006,625.7
11/14/2006,620.88
11/15/2006,623.1
11/16/2006,618.25
11/17/2006,621.7
11/20/2006,622.9
11/21/2006,627.5
11/22/2006,630.3
11/23/2006,631.25
11/24/2006,638.2
11/27/2006,640.6
11/28/2006,640
11/29/2006,636.65
11/30/2006,648
12/1/2006,645.6
12/4/2006,646.2
12/5/2006,643.15
12/6/2006,630.95
12/7/2006,633.84
12/8/2006,625.15
12/11/2006,630.45
12/12/2006,630.05
12/13/2006,628.75
12/14/2006,625.85
12/15/2006,615.35
12/18/2006,616.25
12/19/2006,622.95
12/20/2006,620.45
12/21/2006,618.5
12/22/2006,621.01
12/25/2006,620.75
12/26/2006,624.7
12/27/2006,627.2
12/28/2006,634.9
12/29/2006,636.7
1/1/2007,636.8
1/2/2007,640.5
1/3/2007,627.5
1/4/2007,622
1/5/2007,607.4
1/8/2007,610
1/9/2007,613.7
1/10/2007,611.3
1/11/2007,611.6
1/12/2007,627.2
1/15/2007,626.7
1/16/2007,624.8
1/17/2007,631.8
1/18/2007,627.7
1/19/2007,635.4
1/22/2007,633.4
1/23/2007,646.7
1/24/2007,648.8
1/25/2007,646.1
1/26/2007,646
1/29/2007,643.7
1/30/2007,647.3
1/31/2007,653.2
2/1/2007,657.2
2/2/2007,647.85
2/5/2007,648.45
2/6/2007,653.3
2/7/2007,651.45
2/8/2007,660.45
2/9/2007,666.85
2/12/2007,661.1
2/13/2007,664.25
2/14/2007,669.13
2/15/2007,669.75
2/16/2007,669.05
2/19/2007,670.75
2/20/2007,657.25
2/21/2007,678.85
2/22/2007,677.45
2/23/2007,682.55
2/26/2007,686.55
2/27/2007,663.35
2/28/2007,669.35
3/1/2007,664.45
3/2/2007,642.45
3/5/2007,636.6
3/6/2007,646.5
3/7/2007,649
3/8/2007,651.8
3/9/2007,650.28
3/12/2007,650.5
3/13/2007,643.8
3/14/2007,644.7
3/15/2007,646.6
3/16/2007,653.4
3/19/2007,654.2
3/20/2007,658.8
3/21/2007,664.2
3/22/2007,664
3/23/2007,657.4
3/26/2007,664.1
3/27/2007,664.41
3/28/2007,665.56
3/29/2007,661.5
3/30/2007,663.8
4/2/2007,664
4/3/2007,663.95
4/4/2007,674.35
4/5/2007,674.45
4/6/2007,675
4/9/2007,670.75
4/10/2007,677.9
4/11/2007,677.3
4/12/2007,676.1
4/13/2007,685.52
4/16/2007,690.21
4/17/2007,686.55
4/18/2007,690.05
4/19/2007,682.95
4/20/2007,691.95
4/23/2007,689.15
4/24/2007,683.65
4/25/2007,686.25
4/26/2007,674.75
4/27/2007,681.55
4/30/2007,678.45
5/1/2007,673.45
5/2/2007,673.15
5/3/2007,682.35
5/4/2007,688.85
5/7/2007,688.75
5/8/2007,685.65
5/9/2007,680.55
5/10/2007,665.65
5/11/2007,670.85
5/14/2007,669.75
5/15/2007,672.05
5/16/2007,662.15
5/17/2007,657.65
5/18/2007,661.75
5/21/2007,663.25
5/22/2007,659.25
5/23/2007,661.85
5/24/2007,654.65
5/25/2007,656
5/28/2007,655.55
5/29/2007,656.85
5/30/2007,653.45
5/31/2007,660.5
6/1/2007,671.75
6/4/2007,671.15
6/5/2007,670.05
6/6/2007,670.75
6/7/2007,659.15
6/8/2007,648.85
6/11/2007,653.65
6/12/2007,647.25
6/13/2007,651.75
6/14/2007,651.95
6/15/2007,655.35
6/18/2007,656.35
6/19/2007,661.45
6/20/2007,654.55
6/21/2007,652.04
6/22/2007,654.3
6/25/2007,651
6/26/2007,640.9
6/27/2007,643.65
6/28/2007,648.95
6/29/2007,649.65
7/2/2007,657.25
7/3/2007,653.2
7/4/2007,654.2
7/5/2007,649.5
7/6/2007,655.9
7/9/2007,660.4
7/10/2007,663.3
7/11/2007,660.6
7/12/2007,666.8
7/13/2007,666.9
7/16/2007,664.9
7/17/2007,664.9
7/18/2007,673
7/19/2007,677.5
7/20/2007,683.4
7/23/2007,681.6
7/24/2007,681
7/25/2007,674.9
7/26/2007,662.9
7/27/2007,661.2
7/30/2007,665
7/31/2007,664.3
8/1/2007,666.9
8/2/2007,665.6
8/3/2007,673
8/6/2007,672.1
8/7/2007,672.4
8/8/2007,674.8
8/9/2007,662.1
8/10/2007,672.8
8/13/2007,669.5
8/14/2007,669.1
8/15/2007,667.7
8/16/2007,652.3
8/17/2007,657.8
8/20/2007,656.8
8/21/2007,657.3
8/22/2007,660.8
8/23/2007,660.1
8/24/2007,668.2
8/27/2007,667.6
8/28/2007,662.5
8/29/2007,667.5
8/30/2007,665.3
8/31/2007,673.3
9/3/2007,672.3
9/4/2007,681.8
9/5/2007,681.8
9/6/2007,695.4
9/7/2007,700.8
9/10/2007,703.1
9/11/2007,712.6
9/12/2007,711.6
9/13/2007,708.3
9/14/2007,707.6
9/17/2007,717.9
9/18/2007,723.5
9/19/2007,721.3
9/20/2007,733.8
9/21/2007,731.5
9/24/2007,730.5
9/25/2007,731.7
9/26/2007,728.8
9/27/2007,734.5
9/28/2007,743.6
10/1/2007,747.2
10/2/2007,731.6
10/3/2007,727.9
10/4/2007,738
10/5/2007,742.7
10/8/2007,733.3
10/9/2007,737.9
10/10/2007,741.1
10/11/2007,747.85
10/12/2007,749.85
10/15/2007,759.4
10/16/2007,760.5
10/17/2007,754.8
10/18/2007,768.2
10/19/2007,765.2
10/22/2007,754.2
10/23/2007,759.7
10/24/2007,763.7
10/25/2007,769.3
10/26/2007,785.2
10/29/2007,791.8
10/30/2007,782.1
10/31/2007,796.8
11/1/2007,787.3
11/2/2007,807
11/5/2007,806.5
11/6/2007,825
11/7/2007,831.1
11/8/2007,833.6
11/9/2007,832
11/12/2007,793.5
11/13/2007,802
11/14/2007,812
11/15/2007,788.3
11/16/2007,786.3
11/19/2007,782
11/20/2007,802.8
11/21/2007,800.22
11/22/2007,804.6
11/23/2007,823.8
11/26/2007,824.6
11/27/2007,812.6
11/28/2007,804.5
11/29/2007,793.4
11/30/2007,783.55
12/3/2007,794.3
12/4/2007,801.7
12/5/2007,795.4
12/6/2007,802.2
12/7/2007,794.8
12/10/2007,808.2
12/11/2007,797.1
12/12/2007,813.6
12/13/2007,797.3
12/14/2007,794.87
12/17/2007,793.3
12/18/2007,802.75
12/19/2007,802.3
12/20/2007,796.4
12/21/2007,811.8
12/24/2007,811.8
12/25/2007,807
12/26/2007,824.5
12/27/2007,825.6
12/28/2007,840.5
12/31/2007,833.7
1/1/2008,833.7
1/2/2008,857.5
1/3/2008,864.9
1/4/2008,859.6
1/7/2008,858.1
1/8/2008,878
1/9/2008,878.8
1/10/2008,893.3
1/11/2008,895.4
1/14/2008,904
1/15/2008,887.9
1/16/2008,877
1/17/2008,877.8
1/18/2008,883.1
1/21/2008,865
1/22/2008,892.3
1/23/2008,891.07
1/24/2008,912.9
1/25/2008,913.9
1/28/2008,928.38
1/29/2008,923.44
1/30/2008,929.4
1/31/2008,926.1
2/1/2008,905.3
2/4/2008,903.6
2/5/2008,888.2
2/6/2008,900.3
2/7/2008,910.7
2/8/2008,922.95
2/11/2008,923.45
2/12/2008,906.4
2/13/2008,906.6
2/14/2008,908.2
2/15/2008,902.5
2/18/2008,905.2
2/19/2008,927.8
2/20/2008,944
2/21/2008,946.1
2/22/2008,945.2
2/25/2008,939.6
2/26/2008,948.1
2/27/2008,957.9
2/28/2008,970.9
2/29/2008,973.9
3/3/2008,983.7
3/4/2008,964
3/5/2008,989.8
3/6/2008,979
3/7/2008,973.2
3/10/2008,972.9
3/11/2008,973.3
3/12/2008,982.9
3/13/2008,994.8
3/14/2008,1002.9
3/17/2008,1002.7
3/18/2008,981.4
3/19/2008,944.1
3/20/2008,910.4
3/21/2008,919.5
3/24/2008,915.3
3/25/2008,939
3/26/2008,954
3/27/2008,947.3
3/28/2008,931.4
3/31/2008,916.9
4/1/2008,882.7
4/2/2008,904.5
4/3/2008,902.9
4/4/2008,913.8
4/7/2008,920
4/8/2008,914.9
4/9/2008,934
4/10/2008,928.8
4/11/2008,925.3
4/14/2008,924.5
4/15/2008,927.9
4/16/2008,944.4
4/17/2008,938.8
4/18/2008,916.9
4/21/2008,914.2
4/22/2008,915.9
4/23/2008,904.25
4/24/2008,886.25
4/25/2008,886.3
4/28/2008,893.25
4/29/2008,870.5
4/30/2008,877.55
5/1/2008,852.7
5/2/2008,856.45
5/5/2008,874.2
5/6/2008,876.4
5/7/2008,868.75
5/8/2008,881.85
5/9/2008,884.85
5/12/2008,882.7
5/13/2008,866.95
5/14/2008,864
5/15/2008,881.65
5/16/2008,902.4
5/19/2008,905.2
5/20/2008,919.25
5/21/2008,932.55
5/22/2008,921.85
5/23/2008,925.1
5/26/2008,929.1
5/27/2008,906.45
5/28/2008,900.9
5/29/2008,877.9
5/30/2008,886.5
6/2/2008,891.4
6/3/2008,880.55
6/4/2008,879.45
6/5/2008,877.2
6/6/2008,902.25
6/9/2008,892.93
6/10/2008,867
6/11/2008,880.35
6/12/2008,868.2
6/13/2008,871.55
6/16/2008,882.4
6/17/2008,882.75
6/18/2008,894.35
6/19/2008,898.5
6/20/2008,902.3
6/23/2008,883.8
6/24/2008,889.6
6/25/2008,886.4
6/26/2008,917.3
6/27/2008,927.8
6/30/2008,925.4
7/1/2008,939.65
7/2/2008,945.15
7/3/2008,934.17
7/4/2008,933.3
7/7/2008,925.82
7/8/2008,919.6
7/9/2008,928.6
7/10/2008,947.15
7/11/2008,964.2
7/14/2008,972.6
7/15/2008,977.5
7/16/2008,959.95
7/17/2008,957.45
7/18/2008,955
7/21/2008,965.55
7/22/2008,946.35
7/23/2008,920.85
7/24/2008,928.05
7/25/2008,929.85
7/28/2008,930.6
7/29/2008,918.9
7/30/2008,906.1
7/31/2008,914.1
8/1/2008,910.95
8/4/2008,894.8
8/5/2008,874.4
8/6/2008,879.8
8/7/2008,873.07
8/8/2008,856.6
8/11/2008,823.82
8/12/2008,812.93
8/13/2008,826.8
8/14/2008,806.05
8/15/2008,787.7
8/18/2008,800.07
8/19/2008,814.2
8/20/2008,813.55
8/21/2008,836.88
8/22/2008,823.03
8/25/2008,821.95
8/26/2008,824.93
8/27/2008,826.9
8/28/2008,834.03
8/29/2008,831.15
9/1/2008,817.68
9/2/2008,805.35
9/3/2008,801.3
9/4/2008,796.45
9/5/2008,803.5
9/8/2008,802.3
9/9/2008,777.25
9/10/2008,752.45
9/11/2008,746.85
9/12/2008,765.5
9/15/2008,786.65
9/16/2008,779.73
9/17/2008,863.85
9/18/2008,852.8
9/19/2008,873.55
9/22/2008,897
9/23/2008,892.15
9/24/2008,883
9/25/2008,877.83
9/26/2008,878.75
9/29/2008,908.75
9/30/2008,870.95
10/1/2008,870.87
10/2/2008,836.45
10/3/2008,835.58
10/6/2008,859.75
10/7/2008,887.1
10/8/2008,907.62
10/9/2008,913.25
10/10/2008,850.1
10/13/2008,833.07
10/14/2008,836.85
10/15/2008,847.28
10/16/2008,804.6
10/17/2008,783.35
10/20/2008,796.93
10/21/2008,771.65
10/22/2008,730.5
10/23/2008,721.37
10/24/2008,734.7
10/27/2008,730.8
10/28/2008,746.95
10/29/2008,754.95
10/30/2008,738.75
10/31/2008,723.85
11/3/2008,723.55
11/4/2008,763.27
11/5/2008,740.45
11/6/2008,732.8
11/7/2008,736.65
11/10/2008,746.2
11/11/2008,731.65
11/12/2008,712.25
11/13/2008,736.5
11/14/2008,742.1
11/17/2008,738.05
11/18/2008,738.2
11/19/2008,734.62
11/20/2008,746.6
11/21/2008,800.45
11/24/2008,821.62
11/25/2008,821.03
11/26/2008,812.9
11/27/2008,816.2
11/28/2008,818.05
12/1/2008,768.95
12/2/2008,782.37
12/3/2008,773.95
12/4/2008,767
12/5/2008,756.45
12/8/2008,772.7
12/9/2008,776.93
12/10/2008,810.6
12/11/2008,821.35
12/12/2008,822.4
12/15/2008,838.45
12/16/2008,858.1
12/17/2008,867.9
12/18/2008,853.05
12/19/2008,838.25
12/22/2008,848.05
12/23/2008,840.2
12/24/2008,848
12/25/2008,842
12/26/2008,869.3
12/29/2008,880.28
12/30/2008,873.73
12/31/2008,882.05
1/1/2009,881.45
1/2/2009,875.4
1/5/2009,859.48
1/6/2009,863.9
1/7/2009,842.98
1/8/2009,857.4
1/9/2009,854.2
1/12/2009,821
1/13/2009,822
1/14/2009,811.7
1/15/2009,817.8
1/16/2009,843.15
1/19/2009,835.9
1/20/2009,857.33
1/21/2009,854.2
1/22/2009,856.98
1/23/2009,899.78
1/26/2009,903.37
1/27/2009,899.15
1/28/2009,887.47
1/29/2009,908.65
1/30/2009,927.85
2/2/2009,905
2/3/2009,900.35
2/4/2009,905.85
2/5/2009,914.55
2/6/2009,911.5
2/9/2009,894.5
2/10/2009,915.4
2/11/2009,938.85
2/12/2009,946.75
2/13/2009,941.7
2/16/2009,941.75
2/17/2009,970.25
2/18/2009,984.55
2/19/2009,974.7
2/20/2009,992.9
2/23/2009,991.65
2/24/2009,962.45
2/25/2009,953.48
2/26/2009,945.82
2/27/2009,942.32
3/2/2009,926
3/3/2009,916.07
3/4/2009,906.5
3/5/2009,932.4
3/6/2009,939.37
3/9/2009,922.35
3/10/2009,898.15
3/11/2009,909.25
3/12/2009,927.15
3/13/2009,929.73
3/16/2009,923.07
3/17/2009,915.2
3/18/2009,942
3/19/2009,959.85
3/20/2009,952.23
3/23/2009,939.5
3/24/2009,925.75
3/25/2009,934.2
3/26/2009,934.45
3/27/2009,923.15
3/30/2009,917.3
3/31/2009,919.35
4/1/2009,927.4
4/2/2009,904.05
4/3/2009,893.15
4/6/2009,868.9
4/7/2009,881.05
4/8/2009,880.5
4/9/2009,879.35
4/10/2009,881.65
4/13/2009,893.85
4/14/2009,890.45
4/15/2009,891.03
4/16/2009,875.65
4/17/2009,868.85
4/20/2009,884.5
4/21/2009,883.8
4/22/2009,889.75
4/23/2009,904.28
4/24/2009,912.83
4/27/2009,906.48
4/28/2009,893.38
4/29/2009,898
4/30/2009,888.2
5/1/2009,886.55
5/4/2009,902.15
5/5/2009,897.15
5/6/2009,911.35
5/7/2009,910.82
5/8/2009,916.65
5/11/2009,913.6
5/12/2009,923.3
5/13/2009,926.33
5/14/2009,926.5
5/15/2009,931.78
5/18/2009,918.25
5/19/2009,924.98
5/20/2009,938.65
5/21/2009,953.78
5/22/2009,957.35
5/25/2009,958.8
5/26/2009,952
5/27/2009,949.8
5/28/2009,959.43
5/29/2009,979.18
6/1/2009,975.05
6/2/2009,981.85
6/3/2009,963.05
6/4/2009,980.28
6/5/2009,955.33
6/8/2009,951.85
6/9/2009,954.55
6/10/2009,954.5
6/11/2009,954.93
6/12/2009,939.3
6/15/2009,928.3
6/16/2009,934.8
6/17/2009,938.6
6/18/2009,933.2
6/19/2009,934.03
6/22/2009,922.73
6/23/2009,925.9
6/24/2009,931.43
6/25/2009,939.25
6/26/2009,939.6
6/29/2009,937.95
6/30/2009,926.5
7/1/2009,940.8
7/2/2009,929.8
7/3/2009,932.5
7/6/2009,925.1
7/7/2009,924.68
7/8/2009,909.5
7/9/2009,912.28
7/10/2009,913.05
7/13/2009,920.3
7/14/2009,925.68
7/15/2009,939.1
7/16/2009,937.4
7/17/2009,937.5
7/20/2009,948.75
7/21/2009,948.53
7/22/2009,951.25
7/23/2009,949.2
7/24/2009,951.35
7/27/2009,953.82
7/28/2009,937.58
7/29/2009,930
7/30/2009,934.4
7/31/2009,954
8/3/2009,956.8
8/4/2009,966.83
8/5/2009,963.58
8/6/2009,963.15
8/7/2009,954.95
8/10/2009,946.42
8/11/2009,946.1
8/12/2009,947.1
8/13/2009,954.87
8/14/2009,948.67
8/17/2009,934.68
8/18/2009,938.65
8/19/2009,941.97
8/20/2009,940.65
8/21/2009,953.78
8/24/2009,941.55
8/25/2009,944.75
8/26/2009,945.55
8/27/2009,948.08
8/28/2009,955.1
8/31/2009,951.19
9/1/2009,956.47
9/2/2009,978.55
9/3/2009,991.85
9/4/2009,994.4
9/7/2009,995.25
9/8/2009,995.5
9/9/2009,992.3
9/10/2009,996.6
9/11/2009,1005.3
9/14/2009,1000.2
9/15/2009,1007.55
9/16/2009,1017.08
9/17/2009,1013.63
9/18/2009,1007.47
9/21/2009,1003.7
9/22/2009,1014.4
9/23/2009,1008.28
9/24/2009,993.93
9/25/2009,990.9
9/28/2009,990.98
9/29/2009,992.3
9/30/2009,1007.7
10/1/2009,999.15
10/2/2009,1002.75
10/5/2009,1017.3
10/6/2009,1042.1
10/7/2009,1044.05
10/8/2009,1055.11
10/9/2009,1049.25
10/12/2009,1057.03
10/13/2009,1064.2
10/14/2009,1062.25
10/15/2009,1050.4
10/16/2009,1053.55
10/19/2009,1064.2
10/20/2009,1055.03
10/21/2009,1058.9
10/22/2009,1060
10/23/2009,1055.45
10/26/2009,1038.65
10/27/2009,1040
10/28/2009,1028.1
10/29/2009,1046.95
10/30/2009,1045.45
11/2/2009,1059.5
11/3/2009,1084.23
11/4/2009,1092.05
11/5/2009,1090.35
11/6/2009,1095.2
11/9/2009,1104.1
11/10/2009,1105.85
11/11/2009,1117.3
11/12/2009,1103.6
11/13/2009,1118.65
11/16/2009,1139.3
11/17/2009,1141.38
11/18/2009,1145.6
11/19/2009,1144.6
11/20/2009,1150.6
11/23/2009,1166
11/24/2009,1169.41
11/25/2009,1191.66
11/26/2009,1193.06
11/27/2009,1177.63
11/30/2009,1179.63
12/1/2009,1196.51
12/2/2009,1215.85
12/3/2009,1207.45
12/4/2009,1161.43
12/7/2009,1158.1
12/8/2009,1128.4
12/9/2009,1128.6
12/10/2009,1131.03
12/11/2009,1115.38
12/14/2009,1126.78
12/15/2009,1125.1
12/16/2009,1137.9
12/17/2009,1098.9
12/18/2009,1113.2
12/21/2009,1093.45
12/22/2009,1083.9
12/23/2009,1087.65
12/24/2009,1105.5
12/25/2009,1105.45
12/28/2009,1107.1
12/29/2009,1096.83
12/30/2009,1092.9
12/31/2009,1096.98
1/1/2010,1097.35
1/4/2010,1121.28
1/5/2010,1118.05
1/6/2010,1138.25
1/7/2010,1131.75
1/8/2010,1138.23
1/11/2010,1151.85
1/12/2010,1128.48
1/13/2010,1138.18
1/14/2010,1142.75
1/15/2010,1130.93
1/18/2010,1134.1
1/19/2010,1138.35
1/20/2010,1111.3
1/21/2010,1094.05
1/22/2010,1093.23
1/25/2010,1098.4
1/26/2010,1097.65
1/27/2010,1087.95
1/28/2010,1086.95
1/29/2010,1081.2
2/1/2010,1105.55
2/2/2010,1114.45
2/3/2010,1109.8
2/4/2010,1063.53
2/5/2010,1066.25
2/8/2010,1062.85
2/9/2010,1078.1
2/10/2010,1072.1
2/11/2010,1095.47
2/12/2010,1097.1
2/15/2010,1100.9
2/16/2010,1119.4
2/17/2010,1106.85
2/18/2010,1109
2/19/2010,1119.2
2/22/2010,1114.28
2/23/2010,1103.33
2/24/2010,1097.63
2/25/2010,1106.2
2/26/2010,1117.59
3/1/2010,1118.85
3/2/2010,1134.65
3/3/2010,1139.95
3/4/2010,1132.1
3/5/2010,1134.9
3/8/2010,1123.63
3/9/2010,1121.85
3/10/2010,1108.5
3/11/2010,1109.55
3/12/2010,1101.85
3/15/2010,1108.45
3/16/2010,1127.78
3/17/2010,1120.43
3/18/2010,1127.4
3/19/2010,1107.05
3/22/2010,1102.2
3/23/2010,1105.18
3/24/2010,1086.7
3/25/2010,1090.5
3/26/2010,1107.25
3/29/2010,1109.78
3/30/2010,1103.55
3/31/2010,1113.25
4/1/2010,1126.78
4/2/2010,1123.8
4/5/2010,1131.85
4/6/2010,1134.28
4/7/2010,1149.4
4/8/2010,1150.61
4/9/2010,1161.75
4/12/2010,1156.3
4/13/2010,1150.68
4/14/2010,1155.4
4/15/2010,1159.26
4/16/2010,1137.41
4/19/2010,1135.75
4/20/2010,1140.76
4/21/2010,1146.78
4/22/2010,1141.58
4/23/2010,1157.73
4/26/2010,1153.53
4/27/2010,1167.95
4/28/2010,1165.78
4/29/2010,1167.03
4/30/2010,1179.03
5/3/2010,1182.23
5/4/2010,1171.01
5/5/2010,1175.08
5/6/2010,1208.7
5/7/2010,1208.4
5/10/2010,1203.14
5/11/2010,1232.7
5/12/2010,1239
5/13/2010,1232.65
5/14/2010,1232.98
5/17/2010,1222.3
5/18/2010,1225.18
5/19/2010,1193.73
5/20/2010,1182.45
5/21/2010,1177.08
5/24/2010,1191.73
5/25/2010,1204.35
5/26/2010,1211.7
5/27/2010,1212.63
5/28/2010,1214.73
5/31/2010,1216.3
6/1/2010,1225.78
6/2/2010,1223.55
6/3/2010,1206.55
6/4/2010,1220.03
6/7/2010,1240.35
6/8/2010,1236.58
6/9/2010,1233.4
6/10/2010,1216.53
6/11/2010,1226.58
6/14/2010,1221.15
6/15/2010,1234.25
6/16/2010,1229.1
6/17/2010,1245.16
6/18/2010,1256.8
6/21/2010,1233.65
6/22/2010,1239.9
6/23/2010,1237.33
6/24/2010,1243.35
6/25/2010,1255.68
6/28/2010,1238.94
6/29/2010,1240.58
6/30/2010,1242.38
7/1/2010,1198.69
7/2/2010,1211.65
7/5/2010,1208.93
7/6/2010,1192.6
7/7/2010,1202.78
7/8/2010,1198.25
7/9/2010,1211.71
7/12/2010,1196.85
7/13/2010,1212.3
7/14/2010,1208.47
7/15/2010,1208.3
7/16/2010,1193
7/19/2010,1182.93
7/20/2010,1192.2
7/21/2010,1185
7/22/2010,1194.98
7/23/2010,1189.14
7/26/2010,1183.5
7/27/2010,1161.6
7/28/2010,1163.1
7/29/2010,1168.1
7/30/2010,1181
8/2/2010,1182.75
8/3/2010,1186.25
8/4/2010,1194.83
8/5/2010,1194.96
8/6/2010,1205.4
8/9/2010,1201.23
8/10/2010,1204.3
8/11/2010,1198.15
8/12/2010,1213.95
8/13/2010,1215.43
8/16/2010,1225.35
8/17/2010,1224.83
8/18/2010,1229.3
8/19/2010,1231.96
8/20/2010,1227.89
8/23/2010,1226.15
8/24/2010,1230.5
8/25/2010,1240.15
8/26/2010,1237.6
8/27/2010,1237.83
8/30/2010,1237
8/31/2010,1247.4
9/1/2010,1244.3
9/2/2010,1251.06
9/3/2010,1246.55
9/6/2010,1249.95
9/7/2010,1255.7
9/8/2010,1254.95
9/9/2010,1243.6
9/10/2010,1245.98
9/13/2010,1245.55
9/14/2010,1268.33
9/15/2010,1268.15
9/16/2010,1275.25
9/17/2010,1274.18
9/20/2010,1278.25
9/21/2010,1287.38
9/22/2010,1291.41
9/23/2010,1292.4
9/24/2010,1296.63
9/27/2010,1294.5
9/28/2010,1308.95
9/29/2010,1309.8
9/30/2010,1308.54
10/1/2010,1319.03
10/4/2010,1315.35
10/5/2010,1340.54
10/6/2010,1349.01
10/7/2010,1333.55
10/8/2010,1346.85
10/11/2010,1354.15
10/12/2010,1350.55
10/13/2010,1372.28
10/14/2010,1381.25
10/15/2010,1368.4
10/18/2010,1368.6
10/19/2010,1332
10/20/2010,1346.04
10/21/2010,1325.72
10/22/2010,1328.55
10/25/2010,1339.91
10/26/2010,1340.54
10/27/2010,1325.3
10/28/2010,1343.91
10/29/2010,1359.4
11/1/2010,1353.83
11/2/2010,1357.5
11/3/2010,1348.54
11/4/2010,1392.53
11/5/2010,1393.63
11/8/2010,1409.43
11/9/2010,1393.14
11/10/2010,1403.98
11/11/2010,1408.8
11/12/2010,1368.75
11/15/2010,1360.58
11/16/2010,1339.63
11/17/2010,1336.05
11/18/2010,1353.43
11/19/2010,1353.63
11/22/2010,1366.8
11/23/2010,1376.45
11/24/2010,1373.31
11/25/2010,1375.35
11/26/2010,1363.8
11/29/2010,1366.31
11/30/2010,1386.23
12/1/2010,1387.9
12/2/2010,1385.15
12/3/2010,1414.08
12/6/2010,1423.75
12/7/2010,1402.08
12/8/2010,1382.03
12/9/2010,1387.11
12/10/2010,1386.13
12/13/2010,1394.13
12/14/2010,1396.2
12/15/2010,1380.84
12/16/2010,1370.18
12/17/2010,1375.38
12/20/2010,1385.3
12/21/2010,1385.6
12/22/2010,1385.3
12/23/2010,1380
12/24/2010,1384.65
12/27/2010,1383.78
12/28/2010,1405.95
12/29/2010,1411.78
12/30/2010,1404.65
12/31/2010,1421.4
1/3/2011,1414.8
1/4/2011,1380.5
1/5/2011,1378.25
1/6/2011,1371.56
1/7/2011,1369.54
1/10/2011,1375.71
1/11/2011,1381.58
1/12/2011,1387.9
1/13/2011,1373.6
1/14/2011,1361.85
1/17/2011,1361.61
1/18/2011,1368.34
1/19/2011,1369.86
1/20/2011,1346.25
1/21/2011,1342.68
1/24/2011,1334.4
1/25/2011,1332.43
1/26/2011,1346
1/27/2011,1313.53
1/28/2011,1336.78
1/31/2011,1332.68
2/1/2011,1341.4
2/2/2011,1335.25
2/3/2011,1354.35
2/4/2011,1348.93
2/7/2011,1351.28
2/8/2011,1363.98
2/9/2011,1363.73
2/10/2011,1363.8
2/11/2011,1356.95
2/14/2011,1361.78
2/15/2011,1373.85
2/16/2011,1374.39
2/17/2011,1384.08
2/18/2011,1389.99
2/21/2011,1406.45
2/22/2011,1399.14
2/23/2011,1411.64
2/24/2011,1402.66
2/25/2011,1410.65
2/28/2011,1411.33
3/1/2011,1433.38
3/2/2011,1434.4
3/3/2011,1415.88
3/4/2011,1430.95
3/7/2011,1432.05
3/8/2011,1428.88
3/9/2011,1430.75
3/10/2011,1411.85
3/11/2011,1417.65
3/14/2011,1426.43
3/15/2011,1395.7
3/16/2011,1399.03
3/17/2011,1403.81
3/18/2011,1418.56
3/21/2011,1427.79
3/22/2011,1427.85
3/23/2011,1437.43
3/24/2011,1430.43
3/25/2011,1429.88
3/28/2011,1420.3
3/29/2011,1418.45
3/30/2011,1422.98
3/31/2011,1432.2
4/1/2011,1428.73
4/4/2011,1434.03
4/5/2011,1455.85
4/6/2011,1459.75
4/7/2011,1458.2
4/8/2011,1474.91
4/11/2011,1463.15
4/12/2011,1452.98
4/13/2011,1457.36
4/14/2011,1474.15
4/15/2011,1486.88
4/18/2011,1495.3
4/19/2011,1496.4
4/20/2011,1502.4
4/21/2011,1504.88
4/22/2011,1507.04
4/25/2011,1507.23
4/26/2011,1506.25
4/27/2011,1527.05
4/28/2011,1536.2
4/29/2011,1563.7
5/2/2011,1545.45
5/3/2011,1535.9
5/4/2011,1516.22
5/5/2011,1474.3
5/6/2011,1495.58
5/9/2011,1513.73
5/10/2011,1516.26
5/11/2011,1501.41
5/12/2011,1505.88
5/13/2011,1495.15
5/16/2011,1489.33
5/17/2011,1486.7
5/18/2011,1496.98
5/19/2011,1493.28
5/20/2011,1512.23
5/23/2011,1517.1
5/24/2011,1526.64
5/25/2011,1525.35
5/26/2011,1519.2
5/27/2011,1536.4
5/30/2011,1538.46
5/31/2011,1535.73
6/1/2011,1539.83
6/2/2011,1533.65
6/3/2011,1542.28
6/6/2011,1544.58
6/7/2011,1544.13
6/8/2011,1537.6
6/9/2011,1543.98
6/10/2011,1531.27
6/13/2011,1515.65
6/14/2011,1523.98
6/15/2011,1530.98
6/16/2011,1529.58
6/17/2011,1539.4
6/20/2011,1540.6
6/21/2011,1546.28
6/22/2011,1548.95
6/23/2011,1521.4
6/24/2011,1502.55
6/27/2011,1497.93
6/28/2011,1501.25
6/29/2011,1512.33
6/30/2011,1500.18
7/1/2011,1487.43
7/4/2011,1496.2
7/5/2011,1515.7
7/6/2011,1528.98
7/7/2011,1532.36
7/8/2011,1544.15
7/11/2011,1553.48
7/12/2011,1567.76
7/13/2011,1582.38
7/14/2011,1587.23
7/15/2011,1593.6
7/18/2011,1604.79
7/19/2011,1588.5
7/20/2011,1600.4
7/21/2011,1590.55
7/22/2011,1601.33
7/25/2011,1614.02
7/26/2011,1619.32
7/27/2011,1613.47
7/28/2011,1615.95
7/29/2011,1627.05
8/1/2011,1619.38
8/2/2011,1659.4
8/3/2011,1661.72
8/4/2011,1646.52
8/5/2011,1663.95
8/8/2011,1719.45
8/9/2011,1740.95
8/10/2011,1793.27
8/11/2011,1763.92
8/12/2011,1746.68
8/15/2011,1766.02
8/16/2011,1785.55
8/17/2011,1791.25
8/18/2011,1823.9
8/19/2011,1852.07
8/22/2011,1897.46
8/23/2011,1828.63
8/24/2011,1759.13
8/25/2011,1774.45
8/26/2011,1827.15
8/29/2011,1788.4
8/30/2011,1835.52
8/31/2011,1825.55
9/1/2011,1826.1
9/2/2011,1882.96
9/5/2011,1900.2
9/6/2011,1875.25
9/7/2011,1817.71
9/8/2011,1870.2
9/9/2011,1855.57
9/12/2011,1815.25
9/13/2011,1833.67
9/14/2011,1819.8
9/15/2011,1788.72
9/16/2011,1811.38
9/19/2011,1778.85
9/20/2011,1803.69
9/21/2011,1782.3
9/22/2011,1740.39
9/23/2011,1656.74
9/26/2011,1626.88
9/27/2011,1650.72
9/28/2011,1609.16
9/29/2011,1614.69
9/30/2011,1623.79
10/3/2011,1658.3
10/4/2011,1623.82
10/5/2011,1640.85
10/6/2011,1651.36
10/7/2011,1637.85
10/10/2011,1676.65
10/11/2011,1662.3
10/12/2011,1676.3
10/13/2011,1668.05
10/14/2011,1680.95
10/17/2011,1670.8
10/18/2011,1657.97
10/19/2011,1640.75
10/20/2011,1620.66
10/21/2011,1641.85
10/24/2011,1653.48
10/25/2011,1705.27
10/26/2011,1724.64
10/27/2011,1744.95
10/28/2011,1743.42
10/31/2011,1714.7
11/1/2011,1719.55
11/2/2011,1737.8
11/3/2011,1763.67
11/4/2011,1754.65
11/7/2011,1794.9
11/8/2011,1786.32
11/9/2011,1769.7
11/10/2011,1758.5
11/11/2011,1788.63
11/14/2011,1780.3
11/15/2011,1780.9
11/16/2011,1763.35
11/17/2011,1721.52
11/18/2011,1723.92
11/21/2011,1677.57
11/22/2011,1699.9
11/23/2011,1692.41
11/24/2011,1697.42
11/25/2011,1683.52
11/28/2011,1712.35
11/29/2011,1715.67
11/30/2011,1746.35
12/1/2011,1744.8
12/2/2011,1746.59
12/5/2011,1722.67
12/6/2011,1728.55
12/7/2011,1741.89
12/8/2011,1708.27
12/9/2011,1711.47
12/12/2011,1666.49
12/13/2011,1631.5
12/14/2011,1573.9
12/15/2011,1570.52
12/16/2011,1598.95
12/19/2011,1594.35
12/20/2011,1615.69
12/21/2011,1615.17
12/22/2011,1606.07
12/23/2011,1606.88
12/26/2011,1607.25
12/27/2011,1592.95
12/28/2011,1556.8
12/29/2011,1545.65
12/30/2011,1564.91
1/2/2012,1566.37
1/3/2012,1603.95
1/4/2012,1611.95
1/5/2012,1622.71
1/6/2012,1617.08
1/9/2012,1611.15
1/10/2012,1632.33
1/11/2012,1641.99
1/12/2012,1649.99
1/13/2012,1638.92
1/16/2012,1643.88
1/17/2012,1652.38
1/18/2012,1659.84
1/19/2012,1658.5
1/20/2012,1666.6
1/23/2012,1676.85
1/24/2012,1665.25
1/25/2012,1710.8
1/26/2012,1720.08
1/27/2012,1738.95
1/30/2012,1729.85
1/31/2012,1737.76
2/1/2012,1743.53
2/2/2012,1759.55
2/3/2012,1726.33
2/6/2012,1720.25
2/7/2012,1745.45
2/8/2012,1733.13
2/9/2012,1729.54
2/10/2012,1721.85
2/13/2012,1722.25
2/14/2012,1720.23
2/15/2012,1728.18
2/16/2012,1728.25
2/17/2012,1723.49
2/20/2012,1734.93
2/21/2012,1759.25
2/22/2012,1776.3
2/23/2012,1780.78
2/24/2012,1772.35
2/27/2012,1767.65
2/28/2012,1784.25
2/29/2012,1696.76
3/1/2012,1718.25
3/2/2012,1712.45
3/5/2012,1706.32
3/6/2012,1674.38
3/7/2012,1684.91
3/8/2012,1699.85
3/9/2012,1713.85
3/12/2012,1701.34
3/13/2012,1674.03
3/14/2012,1644.79
3/15/2012,1658.66
3/16/2012,1659.98
3/19/2012,1664.5
3/20/2012,1650.86
3/21/2012,1650.55
3/22/2012,1645.91
3/23/2012,1661.7
3/26/2012,1690.18
3/27/2012,1680.75
3/28/2012,1663.55
3/29/2012,1661.57
3/30/2012,1668.15
4/2/2012,1677.75
4/3/2012,1645.85
4/4/2012,1620.55
4/5/2012,1631.15
4/6/2012,1640.3
4/9/2012,1640.26
4/10/2012,1659.93
4/11/2012,1658.98
4/12/2012,1675.78
4/13/2012,1658.38
4/16/2012,1652.01
4/17/2012,1649.59
4/18/2012,1642.24
4/19/2012,1642.82
4/20/2012,1643.05
4/23/2012,1638.84
4/24/2012,1642.25
4/25/2012,1643.72
4/26/2012,1657.35
4/27/2012,1662.85
4/30/2012,1664.75
5/1/2012,1662.4
5/2/2012,1653.45
5/3/2012,1636.05
5/4/2012,1642.35
5/7/2012,1638.45
5/8/2012,1605.4
5/9/2012,1589.55
5/10/2012,1594.01
5/11/2012,1579.35
5/14/2012,1556.73
5/15/2012,1544.1
5/16/2012,1539.75
5/17/2012,1574.14
5/18/2012,1593.03
5/21/2012,1593.33
5/22/2012,1568.5
5/23/2012,1561.53
5/24/2012,1559.3
5/25/2012,1573
5/28/2012,1573.33
5/29/2012,1555.34
5/30/2012,1562.93
5/31/2012,1560.51
6/1/2012,1624
6/4/2012,1619
6/5/2012,1617.05
6/6/2012,1619.55
6/7/2012,1589.32
6/8/2012,1593.4
6/11/2012,1596.8
6/12/2012,1609.71
6/13/2012,1617.16
6/14/2012,1623.6
6/15/2012,1627.1
6/18/2012,1628.09
6/19/2012,1618.39
6/20/2012,1607.5
6/21/2012,1566.37
6/22/2012,1572.43
6/25/2012,1584.38
6/26/2012,1572.86
6/27/2012,1574.19
6/28/2012,1552.68
6/29/2012,1597.45
7/2/2012,1597.01
7/3/2012,1617.45
7/4/2012,1615.65
7/5/2012,1604.58
7/6/2012,1583.85
7/9/2012,1587.65
7/10/2012,1567.15
7/11/2012,1576.38
7/12/2012,1571.73
7/13/2012,1589.6
7/16/2012,1589.4
7/17/2012,1583.41
7/18/2012,1573.45
7/19/2012,1581.54
7/20/2012,1584.53
7/23/2012,1576.75
7/24/2012,1581.18
7/25/2012,1603.85
7/26/2012,1615.85
7/27/2012,1623.2
7/30/2012,1621.96
7/31/2012,1614.58
8/1/2012,1599.58
8/2/2012,1588.05
8/3/2012,1603.55
8/6/2012,1610.68
8/7/2012,1612.35
8/8/2012,1612.55
8/9/2012,1617.18
8/10/2012,1620.15
8/13/2012,1609.75
8/14/2012,1599.05
8/15/2012,1603.1
8/16/2012,1615.13
8/17/2012,1616.4
8/20/2012,1620.5
8/21/2012,1637.8
8/22/2012,1654.5
8/23/2012,1670.53
8/24/2012,1670.5
8/27/2012,1663.97
8/28/2012,1666.75
8/29/2012,1656.5
8/30/2012,1655.6
8/31/2012,1691.85
9/3/2012,1692.33
9/4/2012,1695.88
9/5/2012,1692.93
9/6/2012,1700.33
9/7/2012,1735.85
9/10/2012,1726.06
9/11/2012,1731.88
9/12/2012,1730.75
9/13/2012,1767.12
9/14/2012,1770.5
9/17/2012,1761.25
9/18/2012,1771.31
9/19/2012,1770.3
9/20/2012,1768.53
9/21/2012,1773.1
9/24/2012,1764.4
9/25/2012,1760.64
9/26/2012,1752.75
9/27/2012,1777.38
9/28/2012,1772.25
10/1/2012,1775.43
10/2/2012,1774.57
10/3/2012,1777.88
10/4/2012,1790.15
10/5/2012,1780.7
10/8/2012,1774.55
10/9/2012,1764.2
10/10/2012,1762.29
10/11/2012,1767.18
10/12/2012,1754.03
10/15/2012,1737.4
10/16/2012,1747.47
10/17/2012,1750.15
10/18/2012,1741.4
10/19/2012,1721.75
10/22/2012,1728.6
10/23/2012,1707.63
10/24/2012,1702.04
10/25/2012,1712.1
10/26/2012,1711.2
10/29/2012,1709.25
10/30/2012,1709.6
10/31/2012,1720.65
11/1/2012,1714.2
11/2/2012,1678
11/5/2012,1684.97
11/6/2012,1716
11/7/2012,1717.55
11/8/2012,1731.4
11/9/2012,1731.07
11/12/2012,1728.2
11/13/2012,1724.95
11/14/2012,1726.5
11/15/2012,1715.75
11/16/2012,1713.72
11/19/2012,1731.72
11/20/2012,1727.05
11/21/2012,1728.69
11/22/2012,1729.55
11/23/2012,1753
11/26/2012,1748.7
11/27/2012,1742.09
11/28/2012,1719.69
11/29/2012,1725.74
11/30/2012,1714.98
12/3/2012,1715.96
12/4/2012,1697.59
12/5/2012,1693.9
12/6/2012,1699.88
12/7/2012,1704.07
12/10/2012,1713.11
12/11/2012,1709.95
12/12/2012,1711.71
12/13/2012,1697.1
12/14/2012,1696.15
12/17/2012,1698.32
12/18/2012,1671.23
12/19/2012,1667.18
12/20/2012,1647.92
12/21/2012,1657.22
12/24/2012,1657.84
12/25/2012,1657.98
12/26/2012,1659.45
12/27/2012,1664.1
12/28/2012,1655.7
12/31/2012,1675.35
1/1/2013,1675.92
1/2/2013,1686.89
1/3/2013,1663.99
1/4/2013,1656.1
1/7/2013,1646.92
1/8/2013,1659.13
1/9/2013,1657.63
1/10/2013,1675.36
1/11/2013,1662.98
1/14/2013,1667.8
1/15/2013,1679.62
1/16/2013,1679.93
1/17/2013,1687.64
1/18/2013,1684.25
1/21/2013,1690.05
1/22/2013,1692.75
1/23/2013,1685.84
1/24/2013,1667.97
1/25/2013,1658.65
1/28/2013,1655.61
1/29/2013,1663.8
1/30/2013,1677
1/31/2013,1663.7
2/1/2013,1667.4
2/4/2013,1674.3
2/5/2013,1672.95
2/6/2013,1677.57
2/7/2013,1671.4
2/8/2013,1667.25
2/11/2013,1648.07
2/12/2013,1651.33
2/13/2013,1642.5
2/14/2013,1634.85
2/15/2013,1610.15
2/18/2013,1609.78
2/19/2013,1605.05
2/20/2013,1564.55
2/21/2013,1576.27
2/22/2013,1581.16
2/25/2013,1593.46
2/26/2013,1613.76
2/27/2013,1597.1
2/28/2013,1579.61
3/1/2013,1576.18
3/4/2013,1573.83
3/5/2013,1575.5
3/6/2013,1583.97
3/7/2013,1579
3/8/2013,1578.97
3/11/2013,1581.6
3/12/2013,1592.8
3/13/2013,1587.7
3/14/2013,1590.19
3/15/2013,1592.1
3/18/2013,1605.49
3/19/2013,1612.87
3/20/2013,1606.92
3/21/2013,1614.85
3/22/2013,1608.55
3/25/2013,1605.3
3/26/2013,1600.05
3/27/2013,1605.27
3/28/2013,1596.97
3/29/2013,1597.5
4/1/2013,1599.52
4/2/2013,1575.89
4/3/2013,1557.9
4/4/2013,1554.8
4/5/2013,1581.25
4/8/2013,1573.47
4/9/2013,1585.35
4/10/2013,1558.42
4/11/2013,1561.5
4/12/2013,1482.75
4/15/2013,1348.21
4/16/2013,1367.36
4/17/2013,1376.25
4/18/2013,1390.5
4/19/2013,1403.79
4/22/2013,1426.45
4/23/2013,1413
4/24/2013,1431.99
4/25/2013,1467.9
4/26/2013,1461.92
4/29/2013,1475.84
4/30/2013,1476.71
5/1/2013,1457.64
5/2/2013,1467.07
5/3/2013,1470.75
5/6/2013,1469.46
5/7/2013,1452.7
5/8/2013,1473.94
5/9/2013,1458.15
5/10/2013,1448.55
5/13/2013,1430.59
5/14/2013,1425.46
5/15/2013,1393.03
5/16/2013,1385.97
5/17/2013,1359.5
5/20/2013,1393.85
5/21/2013,1376.29
5/22/2013,1370.27
5/23/2013,1391.05
5/24/2013,1386.64
5/27/2013,1394.78
5/28/2013,1381.12
5/29/2013,1392.95
5/30/2013,1414
5/31/2013,1387.8
6/3/2013,1411.35
6/4/2013,1399.56
6/5/2013,1403.43
6/6/2013,1413.97
6/7/2013,1382.97
6/10/2013,1386.5
6/11/2013,1378.33
6/12/2013,1389.02
6/13/2013,1386.15
6/14/2013,1390.67
6/17/2013,1385.27
6/18/2013,1367.67
6/19/2013,1351.31
6/20/2013,1284.97
6/21/2013,1296.42
6/24/2013,1282.39
6/25/2013,1277.65
6/26/2013,1226.59
6/27/2013,1200.67
6/28/2013,1234.53
7/1/2013,1252.52
7/2/2013,1243.43
7/3/2013,1252.88
7/4/2013,1249.89
7/5/2013,1223.14
7/8/2013,1236.98
7/9/2013,1251.39
7/10/2013,1259.72
7/11/2013,1286.01
7/12/2013,1285.59
7/15/2013,1284.7
7/16/2013,1292.13
7/17/2013,1276.02
7/18/2013,1284.23
7/19/2013,1296.03
7/22/2013,1335.82
7/23/2013,1345.18
7/24/2013,1322.14
7/25/2013,1333.83
7/26/2013,1333.16
7/29/2013,1328.1
7/30/2013,1326.37
7/31/2013,1325.07
8/1/2013,1310.2
8/2/2013,1312.03
8/5/2013,1303.01
8/6/2013,1283.19
8/7/2013,1287.61
8/8/2013,1313.27
8/9/2013,1314.46
8/12/2013,1338.39
8/13/2013,1321.67
8/14/2013,1336.16
8/15/2013,1366.18
8/16/2013,1376.57
8/19/2013,1366
8/20/2013,1371.23
8/21/2013,1366.66
8/22/2013,1376.14
8/23/2013,1397.73
8/26/2013,1404.65
8/27/2013,1415.15
8/28/2013,1417.51
8/29/2013,1407.79
8/30/2013,1395.27
9/2/2013,1389.77
9/3/2013,1412.41
9/4/2013,1391.57
9/5/2013,1367.48
9/6/2013,1391.8
9/9/2013,1386.97
9/10/2013,1363.88
9/11/2013,1365.31
9/12/2013,1321.73
9/13/2013,1326.17
9/16/2013,1312.79
9/17/2013,1310.6
9/18/2013,1363.77
9/19/2013,1366.25
9/20/2013,1325.85
9/23/2013,1322.72
9/24/2013,1323.26
9/25/2013,1334.36
9/26/2013,1324.08
9/27/2013,1336.88
9/30/2013,1329.03
10/1/2013,1287.54
10/2/2013,1316.03
10/3/2013,1316.86
10/4/2013,1311.09
10/7/2013,1323.1
10/8/2013,1319.29
10/9/2013,1305.59
10/10/2013,1287.6
10/11/2013,1272.2
10/14/2013,1272.48
10/15/2013,1282.35
10/16/2013,1282.51
10/17/2013,1320.32
10/18/2013,1316.25
10/21/2013,1316.02
10/22/2013,1340.11
10/23/2013,1333.47
10/24/2013,1346.75
10/25/2013,1350.62
10/28/2013,1352.63
10/29/2013,1345.05
10/30/2013,1344.55
10/31/2013,1323.06
11/1/2013,1316.18
11/4/2013,1314.64
11/5/2013,1311.68
11/6/2013,1317.89
11/7/2013,1307.63
11/8/2013,1288.5
11/11/2013,1282.81
11/12/2013,1268.04
11/13/2013,1281.75
11/14/2013,1287.18
11/15/2013,1290.18
11/18/2013,1275.44
11/19/2013,1275.72
11/20/2013,1244.33
11/21/2013,1242.91
11/22/2013,1243.8
11/25/2013,1251.38
11/26/2013,1242.85
11/27/2013,1237.9
11/28/2013,1244.65
11/29/2013,1253.35
12/2/2013,1219.83
12/3/2013,1223.42
12/4/2013,1243.79
12/5/2013,1225.23
12/6/2013,1229.1
12/9/2013,1240.35
12/10/2013,1262.19
12/11/2013,1252.32
12/12/2013,1225.49
12/13/2013,1238.69
12/16/2013,1241.32
12/17/2013,1230.89
12/18/2013,1218.53
12/19/2013,1188.68
12/20/2013,1203.24
12/23/2013,1198.86
12/24/2013,1204.35
12/25/2013,1204.62
12/26/2013,1210.64
12/27/2013,1213.27
12/30/2013,1196.57
12/31/2013,1201.64
1/1/2014,1205.9
1/2/2014,1224.6
1/3/2014,1236.97
1/6/2014,1238.06
1/7/2014,1232.08
1/8/2014,1225.99
1/9/2014,1227.98
1/10/2014,1248.5
1/13/2014,1253.31
1/14/2014,1245.19
1/15/2014,1241.88
1/16/2014,1242.39
1/17/2014,1254.05
1/20/2014,1254.35
1/21/2014,1241.41
1/22/2014,1237.15
1/23/2014,1264.13
1/24/2014,1270.06
1/27/2014,1257.11
1/28/2014,1256.83
1/29/2014,1267.34
1/30/2014,1243.78
1/31/2014,1244.55
2/3/2014,1257.65
2/4/2014,1254.65
2/5/2014,1257.92
2/6/2014,1258.2
2/7/2014,1267.27
2/10/2014,1274.78
2/11/2014,1291.36
2/12/2014,1291.15
2/13/2014,1302.92
2/14/2014,1318.66
2/17/2014,1331.5
2/18/2014,1322.02
2/19/2014,1311.6
2/20/2014,1322.97
2/21/2014,1324.25
2/24/2014,1336.97
2/25/2014,1340.5
2/26/2014,1330.64
2/27/2014,1331.29
2/28/2014,1326.39
3/3/2014,1350.61
3/4/2014,1334.47
3/5/2014,1336.86
3/6/2014,1350.82
3/7/2014,1339.98
3/10/2014,1339.72
3/11/2014,1349.01
3/12/2014,1366.84
3/13/2014,1370.28
3/14/2014,1382.92
3/17/2014,1367.07
3/18/2014,1355.78
3/19/2014,1329.59
3/20/2014,1327.77
3/21/2014,1334.69
3/24/2014,1308.76
3/25/2014,1311.17
3/26/2014,1304.48
3/27/2014,1291.31
3/28/2014,1295.23
3/31/2014,1284.01
4/1/2014,1278.95
4/2/2014,1289.9
4/3/2014,1286.7
4/4/2014,1303.5
4/7/2014,1297.28
4/8/2014,1308.66
4/9/2014,1311.8
4/10/2014,1318.95
4/11/2014,1318.42
4/14/2014,1327.99
4/15/2014,1302.64
4/16/2014,1302.53
4/17/2014,1295.12
4/18/2014,1294.3
4/21/2014,1289.77
4/22/2014,1283.81
4/23/2014,1283.91
4/24/2014,1293.36
4/25/2014,1303.25
4/28/2014,1296.74
4/29/2014,1295.92
4/30/2014,1291.6
5/1/2014,1284.31
5/2/2014,1299.7
5/5/2014,1310.28
5/6/2014,1308.05
5/7/2014,1289.88
5/8/2014,1289.43
5/9/2014,1288.91
5/12/2014,1295.8
5/13/2014,1293.63
5/14/2014,1305.97
5/15/2014,1296.22
5/16/2014,1293.52
5/19/2014,1292.97
5/20/2014,1294.37
5/21/2014,1292.04
5/22/2014,1294.1
5/23/2014,1292.61
5/26/2014,1292.91
5/27/2014,1264.95
5/28/2014,1258.14
5/29/2014,1255.56
5/30/2014,1249.68
6/2/2014,1243.93
6/3/2014,1244.95
6/4/2014,1243.94
6/5/2014,1253.63
6/6/2014,1253.23
6/9/2014,1252.34
6/10/2014,1259.9
6/11/2014,1261.07
6/12/2014,1273.46
6/13/2014,1276.96
6/16/2014,1272
6/17/2014,1270.58
6/18/2014,1277.71
6/19/2014,1320.39
6/20/2014,1314.82
6/23/2014,1317.52
6/24/2014,1318.29
6/25/2014,1319.18
6/26/2014,1316.58
6/27/2014,1316.17
6/30/2014,1327.33
7/1/2014,1326.46
7/2/2014,1326.86
7/3/2014,1319.53
7/4/2014,1320.55
7/7/2014,1319.94
7/8/2014,1319.24
7/9/2014,1327.83
7/10/2014,1335.75
7/11/2014,1338.7
7/14/2014,1307.15
7/15/2014,1294.05
7/16/2014,1299.21
7/17/2014,1319.2
7/18/2014,1310.88
7/21/2014,1312.49
7/22/2014,1306.42
7/23/2014,1304.59
7/24/2014,1293.66
7/25/2014,1307.22
7/28/2014,1304.05
7/29/2014,1299.11
7/30/2014,1296.3
7/31/2014,1282.59
8/1/2014,1293.75
8/4/2014,1288.25
8/5/2014,1288.78
8/6/2014,1305.9
8/7/2014,1312.63
8/8/2014,1309.58
8/11/2014,1308.48
8/12/2014,1309.51
8/13/2014,1312.92
8/14/2014,1313.52
8/15/2014,1304.7
8/18/2014,1298.4
8/19/2014,1295.73
8/20/2014,1291.94
8/21/2014,1276.78
8/22/2014,1281.1
8/25/2014,1276.84
8/26/2014,1281.2
8/27/2014,1282.63
8/28/2014,1289.65
8/29/2014,1287.32
9/1/2014,1286
9/2/2014,1265.4
9/3/2014,1269.4
9/4/2014,1261.67
9/5/2014,1268.81
9/8/2014,1255.45
9/9/2014,1255.47
9/10/2014,1249.77
9/11/2014,1240.92
9/12/2014,1229.65
9/15/2014,1233.22
9/16/2014,1235.55
9/17/2014,1223.51
9/18/2014,1225.15
9/19/2014,1215.7
9/22/2014,1215.08
9/23/2014,1223.42
9/24/2014,1217.09
9/25/2014,1221.58
9/26/2014,1218.38
9/29/2014,1215.81
9/30/2014,1208.15
10/1/2014,1213.82
10/2/2014,1214.57
10/3/2014,1191.42
10/6/2014,1207.3
10/7/2014,1209.01
10/8/2014,1221.14
10/9/2014,1224.33
10/10/2014,1223.16
10/13/2014,1235.87
10/14/2014,1232.83
10/15/2014,1242.02
10/16/2014,1238.81
10/17/2014,1238.32
10/20/2014,1246.91
10/21/2014,1248.7
10/22/2014,1241.27
10/23/2014,1231.84
10/24/2014,1231.01
10/27/2014,1226.62
10/28/2014,1228.52
10/29/2014,1212.15
10/30/2014,1198.85
10/31/2014,1172.94
11/3/2014,1165.63
11/4/2014,1168.39
11/5/2014,1140.54
11/6/2014,1141.92
11/7/2014,1177.97
11/10/2014,1151.47
11/11/2014,1164.33
11/12/2014,1162.6
11/13/2014,1162.55
11/14/2014,1188.75
11/17/2014,1186.57
11/18/2014,1197.08
11/19/2014,1182.68
11/20/2014,1193.79
11/21/2014,1201.55
11/24/2014,1197.14
11/25/2014,1200.98
11/26/2014,1197.87
11/27/2014,1192.67
11/28/2014,1167.38
12/1/2014,1212.1
12/2/2014,1198.28
12/3/2014,1209.43
12/4/2014,1205.27
12/5/2014,1192.35
12/8/2014,1203.51
12/9/2014,1231.06
12/10/2014,1226.31
12/11/2014,1227.72
12/12/2014,1222.59
12/15/2014,1193.23
12/16/2014,1197.01
12/17/2014,1189.71
12/18/2014,1198.57
12/19/2014,1195.74
12/22/2014,1176.44
12/23/2014,1176.57
12/24/2014,1173.8
12/25/2014,1173.8
12/26/2014,1196
12/29/2014,1183.29
12/30/2014,1200.55
12/31/2014,1184.37
1/1/2015,1181.98
1/2/2015,1188.39
1/5/2015,1204.86
1/6/2015,1218.58
1/7/2015,1211.41
1/8/2015,1208.79
1/9/2015,1223.25
1/12/2015,1233.31
1/13/2015,1230.64
1/14/2015,1228.72
1/15/2015,1262.75
1/16/2015,1280.45
1/19/2015,1275.65
1/20/2015,1295.32
1/21/2015,1293.09
1/22/2015,1302.25
1/23/2015,1294.08
1/26/2015,1281.4
1/27/2015,1292.34
1/28/2015,1284.49
1/29/2015,1257.27
1/30/2015,1283.79
2/2/2015,1274.41
2/3/2015,1260.52
2/4/2015,1269.35
2/5/2015,1264.82
2/6/2015,1234.04
2/9/2015,1239.03
2/10/2015,1233.55
2/11/2015,1218.83
2/12/2015,1221.98
2/13/2015,1229.76
2/16/2015,1232.55
2/17/2015,1209.89
2/18/2015,1212.42
2/19/2015,1206.84
2/20/2015,1201.94
2/23/2015,1201.83
2/24/2015,1200.53
2/25/2015,1205
2/26/2015,1209.49
2/27/2015,1213.18
3/2/2015,1206.83
3/3/2015,1203.74
3/4/2015,1200.34
3/5/2015,1198.4
3/6/2015,1167.29
3/9/2015,1167.21
3/10/2015,1161.84
3/11/2015,1155.31
3/12/2015,1153.73
3/13/2015,1158.48
3/16/2015,1154.81
3/17/2015,1149.57
3/18/2015,1167.61
3/19/2015,1171.18
3/20/2015,1182.54
3/23/2015,1189.54
3/24/2015,1193.28
3/25/2015,1195.47
3/26/2015,1204.81
3/27/2015,1198.55
3/30/2015,1186.07
3/31/2015,1183.57
4/1/2015,1203.98
4/2/2015,1202.61
4/3/2015,1206.91
4/6/2015,1214.84
4/7/2015,1209.22
4/8/2015,1202.57
4/9/2015,1194.81
4/10/2015,1207.59
4/13/2015,1198.88
4/14/2015,1192.78
4/15/2015,1202.58
4/16/2015,1198.55
4/17/2015,1204.22
4/20/2015,1195.89
4/21/2015,1202.41
4/22/2015,1187.13
4/23/2015,1193.97
4/24/2015,1179
4/27/2015,1202.15
4/28/2015,1212.17
4/29/2015,1204.71
4/30/2015,1184.37
5/1/2015,1178.46
5/4/2015,1188.33
5/5/2015,1193.34
5/6/2015,1192.24
5/7/2015,1184.51
5/8/2015,1188.39
5/11/2015,1183.97
5/12/2015,1193.94
5/13/2015,1215.75
5/14/2015,1221.14
5/15/2015,1224.8
5/18/2015,1225.51
5/19/2015,1207.86
5/20/2015,1209.8
5/21/2015,1204.86
5/22/2015,1206.21
5/25/2015,1206.6
5/26/2015,1187.3
5/27/2015,1188.09
5/28/2015,1188.4
5/29/2015,1190.58
6/1/2015,1189.2
6/2/2015,1193.01
6/3/2015,1185.17
6/4/2015,1176.89
6/5/2015,1171.94
6/8/2015,1174.07
6/9/2015,1176.8
6/10/2015,1186.06
6/11/2015,1182.01
6/12/2015,1181.63
6/15/2015,1186.43
6/16/2015,1182.07
6/17/2015,1185.55
6/18/2015,1201.94
6/19/2015,1200.27
6/22/2015,1185.98
6/23/2015,1178.63
6/24/2015,1175.4
6/25/2015,1173.17
6/26/2015,1175.52
6/29/2015,1179.83
6/30/2015,1172.35
7/1/2015,1168.79
7/2/2015,1166.26
7/3/2015,1169.1
7/6/2015,1170.33
7/7/2015,1155.26
7/8/2015,1158.33
7/9/2015,1159.43
7/10/2015,1163.74
7/13/2015,1157.98
7/14/2015,1156.06
7/15/2015,1149.45
7/16/2015,1145.39
7/17/2015,1134.14
7/20/2015,1096.5
7/21/2015,1101.25
7/22/2015,1094.24
7/23/2015,1090.7
7/24/2015,1099.11
7/27/2015,1093.98
7/28/2015,1095.48
7/29/2015,1096.85
7/30/2015,1088.76
7/31/2015,1095.8
8/3/2015,1086.79
8/4/2015,1087.7
8/5/2015,1085.03
8/6/2015,1089.55
8/7/2015,1094.15
8/10/2015,1104.51
8/11/2015,1108.95
8/12/2015,1124.47
8/13/2015,1115.1
8/14/2015,1115.07
8/17/2015,1117.7
8/18/2015,1117.71
8/19/2015,1133.88
8/20/2015,1152.2
8/21/2015,1160.77
8/24/2015,1155.11
8/25/2015,1140.49
8/26/2015,1125.26
8/27/2015,1125
8/28/2015,1133.6
8/31/2015,1134.93
9/1/2015,1140.27
9/2/2015,1134.05
9/3/2015,1125.46
9/4/2015,1121.85
9/7/2015,1119.35
9/8/2015,1121.55
9/9/2015,1107.85
9/10/2015,1110.75
9/11/2015,1107.95
9/14/2015,1109.1
9/15/2015,1105.35
9/16/2015,1119.52
9/17/2015,1131.51
9/18/2015,1139.23
9/21/2015,1133.44
9/22/2015,1124.76
9/23/2015,1130.3
9/24/2015,1153.95
9/25/2015,1146.2
9/28/2015,1131.95
9/29/2015,1127.43
9/30/2015,1115.09
10/1/2015,1113.61
10/2/2015,1138.6
10/5/2015,1135.75
10/6/2015,1147.24
10/7/2015,1145.54
10/8/2015,1139.01
10/9/2015,1156.53
10/12/2015,1163.85
10/13/2015,1168.84
10/14/2015,1184.13
10/15/2015,1183.1
10/16/2015,1177.3
10/19/2015,1170.79
10/20/2015,1176.04
10/21/2015,1167.18
10/22/2015,1166.05
10/23/2015,1164.45
10/26/2015,1163.04
10/27/2015,1166.88
10/28/2015,1156.1
10/29/2015,1145.97
10/30/2015,1142.11
11/2/2015,1133.84
11/3/2015,1117.79
11/4/2015,1107.9
11/5/2015,1103.92
11/6/2015,1089.8
11/9/2015,1092.31
11/10/2015,1089.67
11/11/2015,1086.26
11/12/2015,1085.2
11/13/2015,1083.91
11/16/2015,1082.76
11/17/2015,1070.3
11/18/2015,1070.73
11/19/2015,1082.21
11/20/2015,1078.01
11/23/2015,1069.18
11/24/2015,1075.65
11/25/2015,1071.12
11/26/2015,1072.33
11/27/2015,1057.45
11/30/2015,1064.77
12/1/2015,1069.29
12/2/2015,1053.7
12/3/2015,1062.11
12/4/2015,1086.44
12/7/2015,1071.34
12/8/2015,1074.96
12/9/2015,1072.78
12/10/2015,1071.58
12/11/2015,1074.77
12/14/2015,1059.86
12/15/2015,1061.22
12/16/2015,1072.32
12/17/2015,1051.1
12/18/2015,1066.25
12/21/2015,1078.4
12/22/2015,1072.43
12/23/2015,1070.5
12/24/2015,1076.1
12/28/2015,1069.08
12/29/2015,1069.11
12/30/2015,1061.44
12/31/2015,1061.1
1/4/2016,1074.61
1/5/2016,1077.68
1/6/2016,1093.67
1/7/2016,1108.97
1/8/2016,1104.15
1/11/2016,1094.2
1/12/2016,1086.56
1/13/2016,1093.59
1/14/2016,1078.38
1/15/2016,1088.88
1/18/2016,1089.68
1/19/2016,1087.41
1/20/2016,1100.92
1/21/2016,1101.2
1/22/2016,1097.95
1/25/2016,1107.9
1/26/2016,1119.91
1/27/2016,1124.97
1/28/2016,1115.33
1/29/2016,1118.21
2/1/2016,1128.41
2/2/2016,1129.01
2/3/2016,1142.63
2/4/2016,1155.59
2/5/2016,1173.4
2/8/2016,1189.23
2/9/2016,1189.13
2/10/2016,1197.12
2/11/2016,1246.7
2/12/2016,1237.97
2/15/2016,1209.3
2/16/2016,1200.44
2/17/2016,1208.5
2/18/2016,1230.87
2/19/2016,1226.8
2/22/2016,1208.63
2/23/2016,1226.85
2/24/2016,1228.75
2/25/2016,1232.91
2/26/2016,1223.46
2/29/2016,1238.67
3/1/2016,1232.15
3/2/2016,1239.98
3/3/2016,1264.25
3/4/2016,1258.95
3/7/2016,1267.33
3/8/2016,1261.44
3/9/2016,1253.23
3/10/2016,1272.25
3/11/2016,1249.45
3/14/2016,1235.27
3/15/2016,1232.38
3/16/2016,1262.57
3/17/2016,1257.97
3/18/2016,1255.4
3/21/2016,1243.75
3/22/2016,1248.32
3/23/2016,1220.11
3/24/2016,1216.82
3/25/2016,1217.05
3/28/2016,1221.71
3/29/2016,1242.2
3/30/2016,1225.02
3/31/2016,1232.75
4/1/2016,1222.6
4/4/2016,1215.43
4/5/2016,1231.35
4/6/2016,1222.47
4/7/2016,1240.45
4/8/2016,1240.69
4/11/2016,1257.88
4/12/2016,1255.63
4/13/2016,1242.47
4/14/2016,1227.89
4/15/2016,1233.99
4/18/2016,1232.49
4/19/2016,1250.19
4/20/2016,1244.25
4/21/2016,1248.05
4/22/2016,1233.03
4/25/2016,1237.97
4/26/2016,1243.4
4/27/2016,1245.83
4/28/2016,1266.26
4/29/2016,1293.53
5/2/2016,1291.55
5/3/2016,1286.5
5/4/2016,1279.68
5/5/2016,1277.74
5/6/2016,1288.99
5/9/2016,1263.88
5/10/2016,1265.84
5/11/2016,1277.21
5/12/2016,1263.68
5/13/2016,1273.45
5/16/2016,1274.16
5/17/2016,1278.95
5/18/2016,1258.5
5/19/2016,1254.75
5/20/2016,1251.98
5/23/2016,1249.13
5/24/2016,1227.21
5/25/2016,1224.41
5/26/2016,1219.8
5/27/2016,1212.38
5/30/2016,1204.95
5/31/2016,1215.32
6/1/2016,1212.98
6/2/2016,1211
6/3/2016,1244.2
6/6/2016,1245.34
6/7/2016,1243.81
6/8/2016,1262.8
6/9/2016,1269.8
6/10/2016,1274.24
6/13/2016,1283.86
6/14/2016,1285.72
6/15/2016,1291.75
6/16/2016,1278.43
6/17/2016,1298.65
6/20/2016,1289.9
6/21/2016,1268.12
6/22/2016,1266.22
6/23/2016,1256.84
6/24/2016,1315.75
6/27/2016,1324.6
6/28/2016,1311.79
6/29/2016,1319.15
6/30/2016,1321.9
7/1/2016,1341.35
7/4/2016,1350.79
7/5/2016,1356.45
7/6/2016,1363.78
7/7/2016,1360.45
7/8/2016,1366.33
7/11/2016,1355.4
7/12/2016,1333.1
7/13/2016,1342.64
7/14/2016,1335.23
7/15/2016,1337.45
7/18/2016,1328.85
7/19/2016,1332.01
7/20/2016,1316.06
7/21/2016,1331.43
7/22/2016,1322.73
7/25/2016,1315.6
7/26/2016,1320.26
7/27/2016,1340.08
7/28/2016,1335.75
7/29/2016,1351.28
8/1/2016,1353.15
8/2/2016,1363.57
8/3/2016,1358.18
8/4/2016,1361.15
8/5/2016,1336
8/8/2016,1335.31
8/9/2016,1340.73
8/10/2016,1346.61
8/11/2016,1338.78
8/12/2016,1335.97
8/15/2016,1339.4
8/16/2016,1346.24
8/17/2016,1348.73
8/18/2016,1352.36
8/19/2016,1341.47
8/22/2016,1339.09
8/23/2016,1337.56
8/24/2016,1324.13
8/25/2016,1321.97
8/26/2016,1321.18
8/29/2016,1323.38
8/30/2016,1311.11
8/31/2016,1308.97
9/1/2016,1313.89
9/2/2016,1325.21
9/5/2016,1327.08
9/6/2016,1350
9/7/2016,1345.18
9/8/2016,1338.3
9/9/2016,1327.83
9/12/2016,1327.82
9/13/2016,1319.05
9/14/2016,1322.94
9/15/2016,1314.75
9/16/2016,1310.35
9/19/2016,1313.19
9/20/2016,1314.84
9/21/2016,1335.17
9/22/2016,1337.07
9/23/2016,1337.56
9/26/2016,1337.95
9/27/2016,1327.32
9/28/2016,1321.54
9/29/2016,1320.37
9/30/2016,1315.87
10/3/2016,1311.6
10/4/2016,1268.44
10/5/2016,1266.85
10/6/2016,1254.38
10/7/2016,1257.08
10/10/2016,1259.65
10/11/2016,1252.8
10/12/2016,1255.25
10/13/2016,1258.09
10/14/2016,1251.03
10/17/2016,1255.85
10/18/2016,1262.5
10/19/2016,1269.23
10/20/2016,1265.76
10/21/2016,1266.46
10/24/2016,1264.44
10/25/2016,1273.87
10/26/2016,1267.1
10/27/2016,1268.4
10/28/2016,1275.47
10/31/2016,1277.21
11/1/2016,1288.2
11/2/2016,1296.81
11/3/2016,1302.7
11/4/2016,1305.06
11/7/2016,1281.64
11/8/2016,1275.68
11/9/2016,1277.98
11/10/2016,1259.2
11/11/2016,1227.64
11/14/2016,1221.35
11/15/2016,1228.73
11/16/2016,1224.99
11/17/2016,1216.42
11/18/2016,1207.89
11/21/2016,1214.23
11/22/2016,1212.32
11/23/2016,1188.32
11/24/2016,1181.67
11/25/2016,1183.56
11/28/2016,1194
11/29/2016,1188.31
11/30/2016,1173.2
12/1/2016,1171.69
12/2/2016,1177.43
12/5/2016,1170.38
12/6/2016,1169.85
12/7/2016,1173.98
12/8/2016,1170.78
12/9/2016,1159.86
12/12/2016,1162.22
12/13/2016,1158.54
12/14/2016,1142.95
12/15/2016,1128.5
12/16/2016,1134.88
12/19/2016,1138.21
12/20/2016,1132.35
12/21/2016,1131.61
12/22/2016,1128.38
12/23/2016,1133.3
12/27/2016,1138.78
12/28/2016,1141.67
12/29/2016,1158.19
12/30/2016,1147.5
1/3/2017,1158.84
1/4/2017,1163.65
1/5/2017,1180.12
1/6/2017,1172.63
1/9/2017,1181.1
1/10/2017,1187.88
1/11/2017,1191.62
1/12/2017,1195.43
1/13/2017,1197.34
1/16/2017,1202.73
1/17/2017,1217.07
1/18/2017,1204.3
1/19/2017,1204.85
1/20/2017,1210.32
1/23/2017,1218.23
1/24/2017,1208.94
1/25/2017,1200.69
1/26/2017,1188.5
1/27/2017,1191.2
1/30/2017,1195.7
1/31/2017,1210.72
2/1/2017,1209.84
2/2/2017,1215.96
2/3/2017,1220.3
2/6/2017,1235.53
2/7/2017,1233.85
2/8/2017,1241.53
2/9/2017,1228.36
2/10/2017,1233.62
2/13/2017,1225.26
2/14/2017,1228.13
2/15/2017,1233.7
2/16/2017,1239.04
2/17/2017,1234.6
2/20/2017,1238.47
2/21/2017,1235.74
2/22/2017,1237.44
2/23/2017,1249.56
2/24/2017,1257.19
2/27/2017,1252.73
2/28/2017,1248.44
3/1/2017,1249.69
3/2/2017,1234.25
3/3/2017,1234.81
3/6/2017,1225.29
3/7/2017,1215.86
3/8/2017,1208.31
3/9/2017,1201.24
3/10/2017,1204.64
3/13/2017,1204.3
3/14/2017,1199.12
3/15/2017,1219.88
3/16/2017,1226.61
3/17/2017,1229.26
3/20/2017,1234.24
3/21/2017,1244.81
3/22/2017,1248.84
3/23/2017,1245.2
3/24/2017,1243.57
3/27/2017,1254.86
3/28/2017,1251.82
3/29/2017,1253.45
3/30/2017,1242.64
3/31/2017,1249.2
4/3/2017,1253.5
4/4/2017,1256.28
4/5/2017,1255.76
4/6/2017,1251.7
4/7/2017,1254.53
4/10/2017,1254.68
4/11/2017,1274.86
4/12/2017,1286.78
4/13/2017,1287.92
4/14/2017,1285.69
4/17/2017,1284.71
4/18/2017,1289.76
4/19/2017,1280.21
4/20/2017,1281.9
4/21/2017,1284.44
4/24/2017,1276.31
4/25/2017,1264.13
4/26/2017,1269.22
4/27/2017,1264.3
4/28/2017,1268.28
5/1/2017,1256.58
5/2/2017,1256.76
5/3/2017,1238.17
5/4/2017,1228.16
5/5/2017,1228.01
5/8/2017,1226.23
5/9/2017,1221.23
5/10/2017,1219.1
5/11/2017,1225.04
5/12/2017,1228.43
5/15/2017,1230.82
5/16/2017,1237.24
5/17/2017,1261.36
5/18/2017,1247.07
5/19/2017,1255.93
5/22/2017,1260.63
5/23/2017,1251.22
5/24/2017,1258.73
5/25/2017,1255.67
5/26/2017,1266.76
5/29/2017,1268.1
5/30/2017,1263.09
5/31/2017,1268.92
6/1/2017,1265.96
6/2/2017,1279.17
6/5/2017,1279.8
6/6/2017,1294.39
6/7/2017,1287.15
6/8/2017,1278.01
6/9/2017,1266.76
6/12/2017,1266.18
6/13/2017,1266.55
6/14/2017,1260.86
6/15/2017,1253.98
6/16/2017,1253.73
6/19/2017,1243.84
6/20/2017,1243.01
6/21/2017,1246.48
6/22/2017,1250.51
6/23/2017,1256.71
6/26/2017,1244.72
6/27/2017,1247.17
6/28/2017,1249.27
6/29/2017,1245.51
6/30/2017,1241.61
7/3/2017,1220.2
7/4/2017,1223.42
7/5/2017,1227.04
7/6/2017,1225.22
7/7/2017,1212.46
7/10/2017,1214.36
7/11/2017,1217.72
7/12/2017,1220.51
7/13/2017,1217.58
7/14/2017,1228.7
7/17/2017,1234.11
7/18/2017,1242.47
7/19/2017,1241.25
7/20/2017,1244.49
7/21/2017,1254.98
7/24/2017,1255.3
7/25/2017,1250.06
7/26/2017,1260.53
7/27/2017,1259.15
7/28/2017,1269.64
7/31/2017,1269.44
8/1/2017,1268.76
8/2/2017,1266.65
8/3/2017,1268.6
8/4/2017,1258.88
8/7/2017,1257.85
8/8/2017,1260.96
8/9/2017,1277.3
8/10/2017,1286.53
8/11/2017,1289.31
8/14/2017,1282.15
8/15/2017,1271.53
8/16/2017,1283.11
8/17/2017,1288.15
8/18/2017,1284.13
8/21/2017,1291.88
8/22/2017,1285.08
8/23/2017,1290.96
8/24/2017,1286.4
8/25/2017,1291.35
8/28/2017,1310.13
8/29/2017,1309.23
8/30/2017,1308.6
8/31/2017,1321.43
9/1/2017,1325.23
9/4/2017,1333.87
9/5/2017,1339.71
9/6/2017,1334.22
9/7/2017,1349.22
9/8/2017,1346.59
9/11/2017,1327.54
9/12/2017,1331.81
9/13/2017,1322.37
9/14/2017,1329.74
9/15/2017,1320.18
9/18/2017,1307.44
9/19/2017,1311.15
9/20/2017,1301.1
9/21/2017,1291.2
9/22/2017,1297.3
9/25/2017,1310.78
9/26/2017,1293.98
9/27/2017,1282.78
9/28/2017,1287.3
9/29/2017,1279.75
10/2/2017,1271.13
10/3/2017,1271.66
10/4/2017,1274.85
10/5/2017,1268.22
10/6/2017,1276.68
10/9/2017,1284.05
10/10/2017,1288.03
10/11/2017,1291.72
10/12/2017,1293.72
10/13/2017,1303.82
10/16/2017,1295.79
10/17/2017,1285.12
10/18/2017,1281.08
10/19/2017,1290.13
10/20/2017,1280.47
10/23/2017,1282.27
10/24/2017,1276.58
10/25/2017,1277.53
10/26/2017,1266.99
10/27/2017,1273.35
10/30/2017,1276.29
10/31/2017,1271.45
11/1/2017,1274.66
11/2/2017,1276.13
11/3/2017,1269.91
11/6/2017,1281.95
11/7/2017,1275.3
11/8/2017,1281.36
11/9/2017,1285.07
11/10/2017,1275.07
11/13/2017,1278.31
11/14/2017,1280.25
11/15/2017,1278.14
11/16/2017,1278.58
11/17/2017,1292.42
11/20/2017,1276.92
11/21/2017,1280.61
11/22/2017,1292.12
11/23/2017,1291.47
11/24/2017,1288.37
11/27/2017,1294.52
11/28/2017,1293.98
11/29/2017,1283.64
11/30/2017,1275.01
12/1/2017,1280.62
12/4/2017,1276.18
12/5/2017,1265.77
12/6/2017,1263.37
12/7/2017,1247.22
12/8/2017,1248.49
12/11/2017,1242.02
12/12/2017,1244.49
12/13/2017,1255.5
12/14/2017,1252.96
12/15/2017,1256.44
12/18/2017,1262.26
12/19/2017,1261.7
12/20/2017,1265.57
12/21/2017,1266.6
12/22/2017,1274.16
12/26/2017,1283.1
12/27/2017,1287.18
12/28/2017,1295.04
12/29/2017,1302.8
1/2/2018,1317.56
1/3/2018,1313.21
1/4/2018,1323.01
1/5/2018,1319.59
1/8/2018,1320.4
1/9/2018,1312.85
1/10/2018,1316.89
1/11/2018,1322.44
1/12/2018,1337.64
1/15/2018,1339.99
1/16/2018,1338.41
1/17/2018,1326.84
1/18/2018,1327.03
1/19/2018,1331.84
1/22/2018,1333.92
1/23/2018,1341.21
1/24/2018,1358.46
1/25/2018,1348.26
1/26/2018,1349.12
1/29/2018,1340.33
1/30/2018,1338.59
1/31/2018,1345.14
2/1/2018,1348.79
2/2/2018,1333.39
2/5/2018,1339.67
2/6/2018,1324.16
2/7/2018,1318.39
2/8/2018,1318.76
2/9/2018,1316.65
2/12/2018,1322.7
2/13/2018,1329.55
2/14/2018,1350.73
2/15/2018,1353.67
2/16/2018,1346.96
2/19/2018,1346.46
2/20/2018,1329.19
2/21/2018,1324.63
2/22/2018,1332.05
2/23/2018,1328.71
2/26/2018,1333.68
2/27/2018,1318.36
2/28/2018,1318.31
3/1/2018,1317.03
3/2/2018,1322.75
3/5/2018,1320.11
3/6/2018,1334.56
3/7/2018,1325.57
3/8/2018,1321.99
3/9/2018,1323.93
3/12/2018,1323.1
3/13/2018,1326.51
3/14/2018,1324.85
3/15/2018,1316.1
3/16/2018,1314.24
3/19/2018,1316.85
3/20/2018,1311.31
3/21/2018,1332.24
3/22/2018,1329.03
3/23/2018,1347.33
3/26/2018,1353.5
3/27/2018,1345.05
3/28/2018,1325.01
3/29/2018,1325.5
3/30/2018,1325.48
4/2/2018,1341.29
4/3/2018,1332.74
4/4/2018,1333.19
4/5/2018,1326.57
4/6/2018,1333.03
4/9/2018,1336.35
4/10/2018,1339.64
4/11/2018,1353.38
4/12/2018,1334.94
4/13/2018,1346.2
4/16/2018,1345.93
4/17/2018,1347.52
4/18/2018,1349.41
4/19/2018,1345.53
4/20/2018,1336.36
4/23/2018,1324.83
4/24/2018,1330.35
4/25/2018,1323.13
4/26/2018,1316.8
4/27/2018,1324
4/30/2018,1315.39
5/1/2018,1303.85
5/2/2018,1304.96
5/3/2018,1312.06
5/4/2018,1314.5
5/7/2018,1314.21
5/8/2018,1314.63
5/9/2018,1312.72
5/10/2018,1321.6
5/11/2018,1319.3
5/14/2018,1313.5
5/15/2018,1290.53
5/16/2018,1290.73
5/17/2018,1290.79
5/18/2018,1293.04
5/21/2018,1292.6
5/22/2018,1291.14
5/23/2018,1293.41
5/24/2018,1304.63
5/25/2018,1302.25
5/28/2018,1299.04
5/29/2018,1298.77
5/30/2018,1301.38
5/31/2018,1298.51
6/1/2018,1293.4
6/4/2018,1292.02
6/5/2018,1296.4
6/6/2018,1296.4
6/7/2018,1297.18
6/8/2018,1298.17
6/11/2018,1300.49
6/12/2018,1295.97
6/13/2018,1299.31
6/14/2018,1302.25
6/15/2018,1278.94
6/18/2018,1278.32
6/19/2018,1274.66
6/20/2018,1267.86
6/21/2018,1267.19
6/22/2018,1270.56
6/25/2018,1265.64
6/26/2018,1259.04
6/27/2018,1252.35
6/28/2018,1248.25
6/29/2018,1252.6
7/2/2018,1242.04
7/3/2018,1252.73
7/4/2018,1254.99
7/5/2018,1257.91
7/6/2018,1255.48
7/9/2018,1257.68
7/10/2018,1255.54
7/11/2018,1241.96
7/12/2018,1247.39
7/13/2018,1244.32
7/16/2018,1240.93
7/17/2018,1227.54
7/18/2018,1227.51
7/19/2018,1222.97
7/20/2018,1229.53
7/23/2018,1224.5
7/24/2018,1224.52
7/25/2018,1231.63
7/26/2018,1222.69
7/27/2018,1224.22
7/30/2018,1221.45
7/31/2018,1224.15
8/1/2018,1215.96
8/2/2018,1207.83
8/3/2018,1214.9
8/6/2018,1207.64
8/7/2018,1210.97
8/8/2018,1213.88
8/9/2018,1212.47
8/10/2018,1210.57
8/13/2018,1193.5
8/14/2018,1194.09
8/15/2018,1174.85
8/16/2018,1174.16
8/17/2018,1184.25
8/20/2018,1190.48
8/21/2018,1195.99
8/22/2018,1195.8
8/23/2018,1185.56
8/24/2018,1205.35
8/27/2018,1211.38
8/28/2018,1201
8/29/2018,1206.6
8/30/2018,1199.98
8/31/2018,1201.15
9/3/2018,1201.27
9/4/2018,1191.52
9/5/2018,1196.73
9/6/2018,1199.98
9/7/2018,1196.93
9/10/2018,1195.88
9/11/2018,1198.59
9/12/2018,1206.24
9/13/2018,1201.47
9/14/2018,1194.85
9/17/2018,1201.46
9/18/2018,1198.36
9/19/2018,1204.04
9/20/2018,1207.18
9/21/2018,1200.04
9/24/2018,1199.03
9/25/2018,1201.22
9/26/2018,1194.44
9/27/2018,1182.83
9/28/2018,1190.88
10/1/2018,1188.99
10/2/2018,1203.32
10/3/2018,1197.35
10/4/2018,1199.92
10/5/2018,1203.63
10/8/2018,1188.08
10/9/2018,1189.77
10/10/2018,1194.79
10/11/2018,1224.09
10/12/2018,1217.05
10/15/2018,1227.06
10/16/2018,1224.95
10/17/2018,1222.29
10/18/2018,1225.81
10/19/2018,1226.49
10/22/2018,1222.1
10/23/2018,1230.3
10/24/2018,1233.79
10/25/2018,1232.17
10/26/2018,1233.53
10/29/2018,1229.42
10/30/2018,1222.93
10/31/2018,1214.76
11/1/2018,1233.43
11/2/2018,1232.89
11/5/2018,1231.49
11/6/2018,1227.19
11/7/2018,1226.49
11/8/2018,1224
11/9/2018,1209.65
11/12/2018,1200.37
11/13/2018,1202.23
11/14/2018,1210.88
11/15/2018,1213.36
11/16/2018,1223.36
11/19/2018,1224.17
11/20/2018,1221.66
11/21/2018,1226.04
11/22/2018,1228.64
11/23/2018,1223.05
11/26/2018,1222.4
11/27/2018,1215.05
11/28/2018,1221.23
11/29/2018,1224.21
11/30/2018,1220.52
12/3/2018,1230.67
12/4/2018,1238.54
12/5/2018,1237.29
12/6/2018,1237.78
12/7/2018,1249.31
12/10/2018,1244.46
12/11/2018,1243.25
12/12/2018,1245.66
12/13/2018,1241.99
12/14/2018,1239.02
12/17/2018,1245.85
12/18/2018,1249.42
12/19/2018,1243.08
12/20/2018,1259.86
12/21/2018,1256.94
12/24/2018,1269.22
12/25/2018,1268.54
12/26/2018,1267.14
12/27/2018,1275.71
12/28/2018,1280.71
12/31/2018,1282.49
1/1/2019,1282.6
1/2/2019,1284.59
1/3/2019,1294.28
1/4/2019,1286.05
1/7/2019,1289.21
1/8/2019,1285.39
1/9/2019,1293.56
1/10/2019,1286.65
1/11/2019,1290.25
1/14/2019,1291.72
1/15/2019,1289.51
1/16/2019,1293.67
1/17/2019,1292.05
1/18/2019,1282.11
1/21/2019,1280.47
1/22/2019,1285.22
1/23/2019,1282.72
1/24/2019,1281.21
1/25/2019,1305.25
1/28/2019,1303.36
1/29/2019,1311.79
1/30/2019,1319.91
1/31/2019,1321.25
2/1/2019,1317.98
2/4/2019,1312.25
2/5/2019,1315.32
2/6/2019,1306.6
2/7/2019,1310.11
2/8/2019,1314.29
2/11/2019,1308.12
2/12/2019,1310.8
2/13/2019,1306.27
2/14/2019,1312.57
2/15/2019,1322.49
2/18/2019,1326.89
2/19/2019,1340.94
2/20/2019,1338.44
2/21/2019,1323.63
2/22/2019,1329.4
2/25/2019,1327.58
2/26/2019,1328.96
2/27/2019,1319.86
2/28/2019,1313.32
3/1/2019,1293.44
3/4/2019,1286.74
3/5/2019,1288.01
3/6/2019,1286.36
3/7/2019,1285.61
3/8/2019,1298.3
3/11/2019,1293.35
3/12/2019,1301.58
3/13/2019,1309.12
3/14/2019,1296.17
3/15/2019,1302.4
3/18/2019,1303.71
3/19/2019,1306.56
3/20/2019,1312.53
3/21/2019,1309.36
3/22/2019,1313.68
3/25/2019,1321.9
3/26/2019,1315.71
3/27/2019,1309.55
3/28/2019,1290.42
3/29/2019,1292.38
4/1/2019,1287.72
4/2/2019,1292.46
4/3/2019,1289.93
4/4/2019,1292.21
4/5/2019,1291.76
4/8/2019,1297.48
4/9/2019,1304.1
4/10/2019,1307.99
4/11/2019,1292.52
4/12/2019,1290.43
4/15/2019,1287.95
4/16/2019,1276.79
4/17/2019,1273.98
4/18/2019,1275.82
4/19/2019,1275.52
4/22/2019,1274.99
4/23/2019,1272.42
4/24/2019,1275.76
4/25/2019,1277.17
4/26/2019,1286.16
4/29/2019,1279.9
4/30/2019,1283.53
5/1/2019,1276.76
5/2/2019,1270.69
5/3/2019,1279.11
5/6/2019,1281.1
5/7/2019,1284.43
5/8/2019,1280.88
5/9/2019,1284.08
5/10/2019,1286.05
5/13/2019,1299.91
5/14/2019,1296.92
5/15/2019,1296.49
5/16/2019,1286.72
5/17/2019,1277.53
5/20/2019,1277.82
5/21/2019,1274.68
5/22/2019,1273.34
5/23/2019,1283.45
5/24/2019,1284.93
5/27/2019,1285.36
5/28/2019,1279.33
5/29/2019,1279.78
5/30/2019,1288.65
5/31/2019,1305.58
6/3/2019,1325.31
6/4/2019,1325.52
6/5/2019,1330.32
6/6/2019,1335.33
6/7/2019,1340.86
6/10/2019,1327.98
6/11/2019,1326.84
6/12/2019,1333.58
6/13/2019,1342.31
6/14/2019,1341.7
6/17/2019,1339.66
6/18/2019,1346.61
6/19/2019,1360.38
6/20/2019,1388.44
6/21/2019,1399.63
6/24/2019,1419.72
6/25/2019,1423.44
6/26/2019,1409
6/27/2019,1409.78
6/28/2019,1409.55
7/1/2019,1384.19
7/2/2019,1418.65
7/3/2019,1418.78
7/4/2019,1416.08
7/5/2019,1399.45
7/8/2019,1395.53
7/9/2019,1397.61
7/10/2019,1419.02
7/11/2019,1403.81
7/12/2019,1415.75
7/15/2019,1414.13
7/16/2019,1406.23
7/17/2019,1426.57
7/18/2019,1446.1
7/19/2019,1425.37
7/22/2019,1424.88
7/23/2019,1417.83
7/24/2019,1425.86
7/25/2019,1414.58
7/26/2019,1418.9
7/29/2019,1426.8
7/30/2019,1430.88
7/31/2019,1413.78
8/1/2019,1445.18
8/2/2019,1440.83
8/5/2019,1463.7
8/6/2019,1474.42
8/7/2019,1501.16
8/8/2019,1500.95
8/9/2019,1496.95
8/12/2019,1511.16
8/13/2019,1501.51
8/14/2019,1516.36
8/15/2019,1523.29
8/16/2019,1513.52
8/19/2019,1495.92
8/20/2019,1507.2
8/21/2019,1502.65
8/22/2019,1498.06
8/23/2019,1526.96
8/26/2019,1527.31
8/27/2019,1542.81
8/28/2019,1539.01
8/29/2019,1527.63
8/30/2019,1520.38
9/2/2019,1529.29
9/3/2019,1547.1
9/4/2019,1552.55
9/5/2019,1519.05
9/6/2019,1506.82
9/9/2019,1499.13
9/10/2019,1485.78
9/11/2019,1497.2
9/12/2019,1499.26
9/13/2019,1488.53
9/16/2019,1498.43
9/17/2019,1501.38
9/18/2019,1494
9/19/2019,1499.03
9/20/2019,1516.9
9/23/2019,1522.24
9/24/2019,1531.87
9/25/2019,1504.05
9/26/2019,1504.78
9/27/2019,1497.01
9/30/2019,1472.49
10/1/2019,1479.14
10/2/2019,1499.45
10/3/2019,1505.19
10/4/2019,1504.66
10/7/2019,1493.5
10/8/2019,1505.51
10/9/2019,1505.57
10/10/2019,1493.99
10/11/2019,1489.01
10/14/2019,1493.21
10/15/2019,1481.01
10/16/2019,1490.13
10/17/2019,1491.87
10/18/2019,1490.05
10/21/2019,1484.5
10/22/2019,1487.68
10/23/2019,1492.12
10/24/2019,1503.98
10/25/2019,1504.63
10/28/2019,1492.51
10/29/2019,1487.72
10/30/2019,1495.66
10/31/2019,1512.99
11/1/2019,1514.34
11/4/2019,1509.82
11/5/2019,1483.61
11/6/2019,1490.57
11/7/2019,1468.48
11/8/2019,1459
11/11/2019,1455.86
11/12/2019,1456.32
11/13/2019,1463.58
11/14/2019,1471.4
11/15/2019,1468.21
11/18/2019,1471.51
11/19/2019,1472.46
11/20/2019,1471.61
11/21/2019,1464.41
11/22/2019,1461.93
11/25/2019,1455.26
11/26/2019,1461.39
11/27/2019,1454.44
11/28/2019,1456.27
11/29/2019,1463.98
12/2/2019,1462.44
12/3/2019,1477.61
12/4/2019,1474.59
12/5/2019,1476
12/6/2019,1460.17
12/9/2019,1461.68
12/10/2019,1464.39
12/11/2019,1474.88
12/12/2019,1469.8
12/13/2019,1476.33
12/16/2019,1476.18
12/17/2019,1476.22
12/18/2019,1475.4
12/19/2019,1478.8
12/20/2019,1478.22
12/23/2019,1485.79
12/24/2019,1499.41
12/25/2019,1499.84
12/26/2019,1511.53
12/27/2019,1510.56
12/30/2019,1515.16
12/31/2019,1517.27
1/1/2020,1517.29
1/2/2020,1529.13
1/3/2020,1552.2
1/6/2020,1565.74
1/7/2020,1574.37
1/8/2020,1556.42
1/9/2020,1552.32
1/10/2020,1562.34
1/13/2020,1547.88
1/14/2020,1546.39
1/15/2020,1556.25
1/16/2020,1552.51
1/17/2020,1557.24
1/20/2020,1560.77
1/21/2020,1558.17
1/22/2020,1558.78
1/23/2020,1562.94
1/24/2020,1571.53
1/27/2020,1582.06
1/28/2020,1567.17
1/29/2020,1576.83
1/30/2020,1574.28
1/31/2020,1589.16
2/3/2020,1576.73
2/4/2020,1552.92
2/5/2020,1556.02
2/6/2020,1566.66
2/7/2020,1570.44
2/10/2020,1572.15
2/11/2020,1567.89
2/12/2020,1566.06
2/13/2020,1576
2/14/2020,1584.06
2/17/2020,1581.13
2/18/2020,1601.61
2/19/2020,1611.7
2/20/2020,1619.56
2/21/2020,1643.41
2/24/2020,1659.38
2/25/2020,1635.14
2/26/2020,1640.96
2/27/2020,1645.01
2/28/2020,1585.69
3/2/2020,1589.44
3/3/2020,1640.9
3/4/2020,1636.93
3/5/2020,1672.23
3/6/2020,1673.83
3/9/2020,1680.47
3/10/2020,1649.4
3/11/2020,1635.04
3/12/2020,1576.15
3/13/2020,1529.83
3/16/2020,1514.1
3/17/2020,1528.3
3/18/2020,1486.05
3/19/2020,1471.24
3/20/2020,1498.65
3/23/2020,1553.23
3/24/2020,1632.32
3/25/2020,1616.9
3/26/2020,1631.34
3/27/2020,1628.16
3/30/2020,1622.51
3/31/2020,1577.18
4/1/2020,1591.51
4/2/2020,1613.99
4/3/2020,1620.81
4/6/2020,1660.97
4/7/2020,1647.72
4/8/2020,1646.14
4/9/2020,1683.73
4/10/2020,1696.65
4/13/2020,1715.34
4/14/2020,1726.97
4/15/2020,1717.03
4/16/2020,1717.7
4/17/2020,1682.82
4/20/2020,1695.65
4/21/2020,1686.2
4/22/2020,1714.08
4/23/2020,1730.51
4/24/2020,1729.6
4/27/2020,1713.99
4/28/2020,1707.79
4/29/2020,1713.41
4/30/2020,1686.5
5/1/2020,1700.42
5/4/2020,1702.07
5/5/2020,1705.92
5/6/2020,1685.71
5/7/2020,1716.06
5/8/2020,1702.7
5/11/2020,1697.93
5/12/2020,1702.7
5/13/2020,1716.28
5/14/2020,1730.3
5/15/2020,1743.67
5/18/2020,1732.55
5/19/2020,1745.05
5/20/2020,1748.18
5/21/2020,1727
5/22/2020,1734.68
5/25/2020,1731.95
5/26/2020,1710.58
5/27/2020,1709.47
5/28/2020,1718.33
5/29/2020,1730.27
6/1/2020,1739.55
6/2/2020,1727.7
6/3/2020,1699.67
6/4/2020,1714.01
6/5/2020,1685.06
6/8/2020,1698.53
6/9/2020,1715.33
6/10/2020,1738.7
6/11/2020,1727.7
6/12/2020,1730.75
6/15/2020,1725.16
6/16/2020,1726.53
6/17/2020,1726.95
6/18/2020,1722.93
6/19/2020,1743.87
6/22/2020,1754.43
6/23/2020,1768.41
6/24/2020,1761.17
6/25/2020,1763.79
6/26/2020,1771.29
6/29/2020,1772.82
6/30/2020,1780.96
7/1/2020,1770.09
7/2/2020,1775.38
7/3/2020,1775.95
7/6/2020,1784.68
7/7/2020,1794.86
7/8/2020,1808.89
7/9/2020,1803.55
7/10/2020,1798.7
7/13/2020,1802.76
7/14/2020,1809.36
7/15/2020,1810.29
7/16/2020,1797.16
7/17/2020,1810.42
7/20/2020,1817.77
7/21/2020,1841.91
7/22/2020,1871.41
7/23/2020,1887.44
7/24/2020,1902.02
7/27/2020,1942.24
7/28/2020,1958.43
7/29/2020,1970.79
7/30/2020,1956.64
7/31/2020,1975.86
8/3/2020,1976.98
8/4/2020,2019.21
8/5/2020,2038.12
8/6/2020,2063.54
8/7/2020,2035.55
8/10/2020,2027.34
8/11/2020,1911.89
8/12/2020,1915.83
8/13/2020,1953.71
8/14/2020,1945.12
8/17/2020,1985.3
8/18/2020,2002.44
8/19/2020,1928.98
8/20/2020,1947.26
8/21/2020,1940.48
8/24/2020,1928.88
8/25/2020,1928.18
8/26/2020,1954.46
8/27/2020,1929.54
8/28/2020,1964.83
8/31/2020,1967.8
9/1/2020,1970.18
9/2/2020,1942.92
9/3/2020,1930.91
9/4/2020,1933.94
9/7/2020,1933.64
9/8/2020,1932.03
9/9/2020,1946.84
9/10/2020,1946.09
9/11/2020,1940.55
9/14/2020,1956.86
9/15/2020,1954.15
9/16/2020,1959.26
9/17/2020,1944.44
9/18/2020,1950.86
9/21/2020,1912.51
9/22/2020,1900.21
9/23/2020,1863.34
9/24/2020,1868.07
9/25/2020,1861.58
9/28/2020,1881.48
9/29/2020,1898.07
9/30/2020,1885.82
10/1/2020,1906.01
10/2/2020,1899.84
10/5/2020,1913.53
10/6/2020,1878.18
10/7/2020,1887.42
10/8/2020,1893.82
10/9/2020,1930.4
10/12/2020,1922.77
10/13/2020,1891.36
10/14/2020,1901.52
10/15/2020,1908.71
10/16/2020,1899.29
10/19/2020,1904.08
10/20/2020,1906.95
10/21/2020,1924.33
10/22/2020,1904.11
10/23/2020,1902.05
10/26/2020,1902.08
10/27/2020,1907.99
10/28/2020,1877.19
10/29/2020,1867.59
10/30/2020,1878.81
11/2/2020,1895.48
11/3/2020,1909.17
11/4/2020,1902.92
11/5/2020,1949.66
11/6/2020,1951.35
11/9/2020,1863.04
11/10/2020,1877.32
11/11/2020,1865.73
11/12/2020,1876.83
11/13/2020,1889.2
11/16/2020,1888.95
11/17/2020,1880.38
11/18/2020,1872.24
11/19/2020,1866.54
11/20/2020,1870.99
11/23/2020,1837.86
11/24/2020,1807.59
11/25/2020,1807.56
11/26/2020,1815.8
11/27/2020,1787.79
11/30/2020,1776.95
12/1/2020,1815.24
12/2/2020,1831.28
12/3/2020,1841.08
12/4/2020,1838.86
12/7/2020,1862.73
12/8/2020,1870.56
12/9/2020,1839.55
12/10/2020,1836.57
12/11/2020,1839.85
12/14/2020,1827.35
12/15/2020,1853.64
12/16/2020,1864.8
12/17/2020,1885.42
12/18/2020,1881.35
12/21/2020,1876.89
12/22/2020,1860.84
12/23/2020,1872.89
12/24/2020,1883.46
12/28/2020,1873.69
12/29/2020,1878.18
12/30/2020,1894.39
12/31/2020,1898.36
1/1/2021,1898.67
1/4/2021,1942.9
1/5/2021,1950.01
1/6/2021,1918.61
1/7/2021,1913.95
1/8/2021,1849.01
1/11/2021,1843.89
1/12/2021,1854.77
1/13/2021,1845.51
1/14/2021,1846.53
1/15/2021,1828.45
1/18/2021,1841.26
1/19/2021,1840.28
1/20/2021,1871.84
1/21/2021,1870.02
1/22/2021,1855.61
1/25/2021,1855.93
1/26/2021,1850.92
1/27/2021,1843.98
1/28/2021,1843.17
1/29/2021,1847.65
2/1/2021,1860.78
2/2/2021,1838.03
2/3/2021,1834.04
2/4/2021,1794.03
2/5/2021,1814.11
2/8/2021,1830.81
2/9/2021,1838.32
2/10/2021,1842.89
2/11/2021,1825.51
2/12/2021,1824.23
2/15/2021,1818.86
2/16/2021,1794.47
2/17/2021,1776.13
2/18/2021,1775.67
2/19/2021,1784.25
2/22/2021,1809.67
2/23/2021,1805.73
2/24/2021,1805.06
2/25/2021,1770.56
2/26/2021,1734.04
3/1/2021,1725.04
3/2/2021,1738.36
3/3/2021,1711.23
3/4/2021,1697.52
3/5/2021,1700.64
3/8/2021,1683.54
3/9/2021,1716.1
3/10/2021,1726.71
3/11/2021,1722.6
3/12/2021,1727.11
3/15/2021,1731.67
3/16/2021,1731.4
3/17/2021,1745.33
3/18/2021,1736.42
3/19/2021,1745.23
3/22/2021,1739.03
3/23/2021,1727.07
3/24/2021,1734.69
3/25/2021,1726.93
3/26/2021,1732.52
3/29/2021,1712.2
3/30/2021,1685.2
3/31/2021,1707.71
4/1/2021,1729.31
4/2/2021,1728.87
4/5/2021,1728.27
4/6/2021,1743.27
4/7/2021,1737.72
4/8/2021,1755.84
4/9/2021,1743.88
4/12/2021,1732.76
4/13/2021,1745.51
4/14/2021,1736.43
4/15/2021,1763.95
4/16/2021,1776.51
4/19/2021,1771.43
4/20/2021,1778.75
4/21/2021,1793.79
4/22/2021,1783.94
4/23/2021,1777.2
4/26/2021,1781.38
4/27/2021,1776.6
4/28/2021,1781.68
4/29/2021,1772.18
4/30/2021,1769.13
5/3/2021,1792.88
5/4/2021,1779.06
5/5/2021,1786.87
5/6/2021,1815.22
5/7/2021,1831.24
5/10/2021,1836.07
5/11/2021,1837.47
5/12/2021,1815.69
5/13/2021,1826.72
5/14/2021,1843.43
5/17/2021,1866.9
5/18/2021,1869.44
5/19/2021,1869.62
5/20/2021,1877.21
5/21/2021,1881.25
5/24/2021,1881.02
5/25/2021,1899.25
5/26/2021,1896.67
5/27/2021,1896.54
5/28/2021,1903.77
5/31/2021,1906.87
6/1/2021,1900.44
6/2/2021,1908.38
6/3/2021,1870.76
6/4/2021,1891.59
6/7/2021,1899.21
6/8/2021,1892.89
6/9/2021,1888.57
6/10/2021,1898.51
6/11/2021,1877.53
6/14/2021,1866.18
6/15/2021,1859.02
6/16/2021,1811.47
6/17/2021,1773.5
6/18/2021,1764.16
6/21/2021,1783.27
6/22/2021,1778.74
6/23/2021,1778.68
6/24/2021,1775.17
6/25/2021,1781.44
6/28/2021,1778.48
6/29/2021,1761.24
6/30/2021,1770.11
7/1/2021,1776.84
7/2/2021,1787.3
7/5/2021,1791.77
7/6/2021,1797.08
7/7/2021,1803.63
7/8/2021,1802.83
7/9/2021,1808.32
7/12/2021,1806.28
7/13/2021,1807.76
7/14/2021,1827.53
7/15/2021,1829.47
7/16/2021,1812.05
7/19/2021,1812.64
7/20/2021,1810.36
7/21/2021,1803.66
7/22/2021,1806.92
7/23/2021,1802.15
7/26/2021,1797.63
7/27/2021,1799.09
7/28/2021,1807.11
7/29/2021,1828.17
7/30/2021,1814.19
8/2/2021,1813.47
8/3/2021,1810.44
8/4/2021,1811.74
8/5/2021,1804.41
8/6/2021,1763.03
8/9/2021,1729.94
8/10/2021,1728.93
8/11/2021,1751.7
8/12/2021,1752.9
8/13/2021,1779.74
8/16/2021,1787.45
8/17/2021,1786.19
8/18/2021,1787.82
8/19/2021,1780.38
8/20/2021,1781.11
8/23/2021,1805.43
8/24/2021,1802.9
8/25/2021,1791
8/26/2021,1792.43
8/27/2021,1817.57
8/30/2021,1810.34
8/31/2021,1813.62
9/1/2021,1813.9
9/2/2021,1809.66
9/3/2021,1827.73
9/6/2021,1823.29
9/7/2021,1794.36
9/8/2021,1789.26
9/9/2021,1794.58
9/10/2021,1787.58
9/13/2021,1793.75
9/14/2021,1804.51
9/15/2021,1794.06
9/16/2021,1753.77
9/17/2021,1754.34
9/20/2021,1764.16
9/21/2021,1774.51
9/22/2021,1768.16
9/23/2021,1742.76
9/24/2021,1750.42
9/27/2021,1750.16
9/28/2021,1734.01
9/29/2021,1726.37
9/30/2021,1756.95
10/1/2021,1760.98
10/4/2021,1769.57
10/5/2021,1760.18
10/6/2021,1762.74
10/7/2021,1755.78
10/8/2021,1757.13
10/11/2021,1754.15
10/12/2021,1760.18
10/13/2021,1792.97
10/14/2021,1795.87
10/15/2021,1767.62
10/18/2021,1764.86
10/19/2021,1769.29
10/20/2021,1782.08
10/21/2021,1782.9
10/22/2021,1792.65
10/25/2021,1807.73
10/26/2021,1792.91
10/27/2021,1796.81
10/28/2021,1798.91
10/29/2021,1783.38
11/1/2021,1793.28
11/2/2021,1787.76
11/3/2021,1769.84
11/4/2021,1792.04
11/5/2021,1818.36
11/8/2021,1824.18
11/9/2021,1831.92
11/10/2021,1849.6
11/11/2021,1862.11
11/12/2021,1864.9
11/15/2021,1862.84
11/16/2021,1850.63
11/17/2021,1867.48
11/18/2021,1858.94
11/19/2021,1845.73
11/22/2021,1804.65
11/23/2021,1789.16
11/24/2021,1788.61
11/25/2021,1788.85
11/26/2021,1802.59
11/29/2021,1784.6
11/30/2021,1774.52
12/1/2021,1781.73
12/2/2021,1768.74
12/3/2021,1783.29
12/6/2021,1778.67
12/7/2021,1784.13
12/8/2021,1782.99
12/9/2021,1775.33
12/10/2021,1782.84
12/13/2021,1786.67
12/14/2021,1770.85
12/15/2021,1776.92
12/16/2021,1799.35
12/17/2021,1798.11
12/20/2021,1790.93
12/21/2021,1789.27
12/22/2021,1803.67
12/23/2021,1808.81
12/24/2021,1810.26
12/27/2021,1812.13
12/28/2021,1806.18
12/29/2021,1804.71
12/30/2021,1814.67
12/31/2021,1829.2
1/3/2022,1801.45
1/4/2022,1814.6
1/5/2022,1810.44
1/6/2022,1791.16
1/7/2022,1796.55
1/10/2022,1801.68
1/11/2022,1821.6
1/12/2022,1826.15
1/13/2022,1822.54
1/14/2022,1817.94
1/17/2022,1819.23
1/18/2022,1813.74
1/19/2022,1840.54
1/20/2022,1839.29
1/21/2022,1835.38
1/24/2022,1843.06
1/25/2022,1848.02
1/26/2022,1819.59
1/27/2022,1797.43
1/28/2022,1791.53
1/31/2022,1797.17
2/1/2022,1801.19
2/2/2022,1806.8
2/3/2022,1804.85
2/4/2022,1808.28
2/7/2022,1820.47
2/8/2022,1825.92
2/9/2022,1833.36
2/10/2022,1826.85
2/11/2022,1858.76
2/14/2022,1871.18
2/15/2022,1853.61
2/16/2022,1869.8
2/17/2022,1898.43
2/18/2022,1898.43
2/21/2022,1906.29
2/22/2022,1898.64
2/23/2022,1909.01
2/24/2022,1903.89
2/25/2022,1889.34
2/28/2022,1908.99
3/1/2022,1945.28
3/2/2022,1928.72
3/3/2022,1935.95
3/4/2022,1970.7
3/7/2022,1998.11
3/8/2022,2050.76
3/9/2022,1991.83
3/10/2022,1996.98
3/11/2022,1988.46
3/14/2022,1950.88
3/15/2022,1917.94
3/16/2022,1927.29
3/17/2022,1942.89
3/18/2022,1921.62
3/21/2022,1935.91
3/22/2022,1921.69
3/23/2022,1943.86
3/24/2022,1957.69
3/25/2022,1958.29
3/28/2022,1922.8
3/29/2022,1919.43
3/30/2022,1932.87
3/31/2022,1937.44
4/1/2022,1925.68
4/4/2022,1932.73
4/5/2022,1923.6
4/6/2022,1925.35
4/7/2022,1931.86
4/8/2022,1947.54
4/11/2022,1953.52
4/12/2022,1966.76
4/13/2022,1977.8
4/14/2022,1973.71
4/15/2022,1978.24
4/18/2022,1978.91
4/19/2022,1950.09
4/20/2022,1957.77
4/21/2022,1951.62
4/22/2022,1931.6
4/25/2022,1897.83
4/26/2022,1905.51
4/27/2022,1886.1
4/28/2022,1894.45
4/29/2022,1896.93
5/2/2022,1863.02
5/3/2022,1868.12
5/4/2022,1881.22
5/5/2022,1877.18
5/6/2022,1883.81
5/9/2022,1854.17
5/10/2022,1838.27
5/11/2022,1852.4
5/12/2022,1821.82
5/13/2022,1811.79
5/16/2022,1824.14
5/17/2022,1815.16
5/18/2022,1816.6
5/19/2022,1841.85
5/20/2022,1846.5
5/23/2022,1853.59
5/24/2022,1866.45
5/25/2022,1853.46
5/26/2022,1850.63
5/27/2022,1853.72
5/30/2022,1855.23
5/31/2022,1837.35
6/1/2022,1846.6
6/2/2022,1868.58
6/3/2022,1851.19
6/6/2022,1841.43
6/7/2022,1852.37
6/8/2022,1853.36
6/9/2022,1847.95
6/10/2022,1871.6
6/13/2022,1819.26
6/14/2022,1808.49
6/15/2022,1833.82
6/16/2022,1857.33
6/17/2022,1839.39
6/20/2022,1838.74
6/21/2022,1832.98
6/22/2022,1837.72
6/23/2022,1822.77
6/24/2022,1826.88
6/27/2022,1822.85
6/28/2022,1820.01
6/29/2022,1817.73
6/30/2022,1807.27
7/1/2022,1811.43
7/4/2022,1808.15
7/5/2022,1764.76
7/6/2022,1738.86
7/7/2022,1740.16
7/8/2022,1742.48
7/11/2022,1733.96
7/12/2022,1726
7/13/2022,1735.51
7/14/2022,1709.94
7/15/2022,1708.17
7/18/2022,1709.22
7/19/2022,1711.67
7/20/2022,1696.58
7/21/2022,1718.81
7/22/2022,1727.64
7/25/2022,1719.78
7/26/2022,1717.32
7/27/2022,1734.19
7/28/2022,1755.84
7/29/2022,1765.94
8/1/2022,1772.17
8/2/2022,1760.39
8/3/2022,1765.29
8/4/2022,1791.28
8/5/2022,1775.5
8/8/2022,1788.96
8/9/2022,1794.29
8/10/2022,1792.38
8/11/2022,1789.72
8/12/2022,1802.4
8/15/2022,1779.71
8/16/2022,1775.69
8/17/2022,1761.77
8/18/2022,1758.61
8/19/2022,1747.06
8/22/2022,1736.3
8/23/2022,1748.15
8/24/2022,1751.19
8/25/2022,1758.71
8/26/2022,1738.14
8/29/2022,1737.09
8/30/2022,1724.02
8/31/2022,1711.04
9/1/2022,1697.52
9/2/2022,1712.19
9/5/2022,1710.4
9/6/2022,1702.14
9/7/2022,1718.37
9/8/2022,1708.46
9/9/2022,1716.83
9/12/2022,1724.54
9/13/2022,1702.17
9/14/2022,1697.32
9/15/2022,1665.11
9/16/2022,1675.06
9/19/2022,1675.84
9/20/2022,1664.89
9/21/2022,1673.89
9/22/2022,1671.22
9/23/2022,1643.94
9/26/2022,1622.36
9/27/2022,1628.9
9/28/2022,1659.97
9/29/2022,1660.54
9/30/2022,1660.61
10/3/2022,1699.89
10/4/2022,1726.13
10/5/2022,1716.26
10/6/2022,1712.53
10/7/2022,1694.82
10/10/2022,1668.61
10/11/2022,1666.34
10/12/2022,1673.19
10/13/2022,1666.37
10/14/2022,1644.47
10/17/2022,1650.09
10/18/2022,1652.22
10/19/2022,1629.44
10/20/2022,1628.02
10/21/2022,1657.69
10/24/2022,1649.78
10/25/2022,1653.17
10/26/2022,1664.57
10/27/2022,1663.31
10/28/2022,1644.86
10/31/2022,1633.56
11/1/2022,1647.98
11/2/2022,1635.24
11/3/2022,1629.49
11/4/2022,1681.87
11/7/2022,1675.63
11/8/2022,1712.42
11/9/2022,1706.74
11/10/2022,1755.45
11/11/2022,1771.24
11/14/2022,1771.4
11/15/2022,1778.94
11/16/2022,1773.87
11/17/2022,1760.44
11/18/2022,1750.68
11/21/2022,1738.05
11/22/2022,1740.25
11/23/2022,1749.68
11/24/2022,1755.24
11/25/2022,1754.93
11/28/2022,1741.36
11/29/2022,1749.85
11/30/2022,1768.52
12/1/2022,1803.1
12/2/2022,1797.63
12/5/2022,1768.68
12/6/2022,1771.04
12/7/2022,1786.27
12/8/2022,1789.14
12/9/2022,1797.32
12/12/2022,1781.44
12/13/2022,1810.8
12/14/2022,1807.32
12/15/2022,1776.85
12/16/2022,1793.08
12/19/2022,1787.62
12/20/2022,1817.94
12/21/2022,1814.39
12/22/2022,1792.52
12/23/2022,1798.2
12/27/2022,1813.69
12/28/2022,1804.35
12/29/2022,1814.91
12/30/2022,1824.02
1/3/2023,1839.48
1/4/2023,1854.56
1/5/2023,1832.89
1/6/2023,1865.69
1/9/2023,1871.81
1/10/2023,1877.03
1/11/2023,1875.69
1/12/2023,1897.09
1/13/2023,1920.23
1/16/2023,1916.02
1/17/2023,1908.69
1/18/2023,1904.11
1/19/2023,1932.24
1/20/2023,1926.08
1/23/2023,1931.04
1/24/2023,1937.36
1/25/2023,1946.11
1/26/2023,1929.21
1/27/2023,1928.04
1/30/2023,1923.17
1/31/2023,1928.36
2/1/2023,1950.52
2/2/2023,1912.72
2/3/2023,1864.97
2/6/2023,1867.48
2/7/2023,1873.1
2/8/2023,1875.49
2/9/2023,1861.78
2/10/2023,1865.57
2/13/2023,1853.49
2/14/2023,1854.31
2/15/2023,1836.01
2/16/2023,1836.36
2/17/2023,1842.36
2/20/2023,1841.38
2/21/2023,1835.09
2/22/2023,1825.39
2/23/2023,1822.28
2/24/2023,1811.04
2/27/2023,1817.14
2/28/2023,1826.92
3/1/2023,1836.72
3/2/2023,1835.87
3/3/2023,1856.48
3/6/2023,1846.86
3/7/2023,1813.45
3/8/2023,1813.8
3/9/2023,1831.03
3/10/2023,1868.26
3/13/2023,1913.7
3/14/2023,1904.01
3/15/2023,1918.58
3/16/2023,1919.52
3/17/2023,1989.25
3/20/2023,1978.84
3/21/2023,1940.07
3/22/2023,1970.11
3/23/2023,1993.4
3/24/2023,1978.21
3/27/2023,1956.67
3/28/2023,1973.54
3/29/2023,1964.7
3/30/2023,1980.37
3/31/2023,1969.28
4/3/2023,1984.65
4/4/2023,2020.42
4/5/2023,2020.73
4/6/2023,2007.91
4/10/2023,1991.48
4/11/2023,2003.62
4/12/2023,2014.93
4/13/2023,2040.22
4/14/2023,2004.17
4/17/2023,1995.19
4/18/2023,2005.45
4/19/2023,1994.93
4/20/2023,2004.8
4/21/2023,1983.06
4/24/2023,1989.14
4/25/2023,1997.39
4/26/2023,1989.04
4/27/2023,1987.78
4/28/2023,1990
5/1/2023,1982.56
5/2/2023,2016.68
5/3/2023,2038.97
5/4/2023,2050.28
5/5/2023,2016.79
5/8/2023,2021.16
5/9/2023,2034.56
5/10/2023,2030.09
5/11/2023,2015.05
5/12/2023,2010.77
5/15/2023,2016.49
5/16/2023,1989.17
5/17/2023,1981.84
5/18/2023,1957.55
5/19/2023,1977.81
5/22/2023,1971.86
5/23/2023,1975.23
5/24/2023,1957.16
5/25/2023,1941.41
5/26/2023,1946.46
5/29/2023,1943.19
5/30/2023,1959.33
5/31/2023,1962.73
6/1/2023,1977.61
6/2/2023,1947.97
6/5/2023,1961.86
6/6/2023,1963.52
6/7/2023,1940.02
6/8/2023,1965.46
6/9/2023,1961.19
6/12/2023,1957.84
6/13/2023,1943.74
6/14/2023,1942.52
6/15/2023,1958.01
6/16/2023,1957.98
6/19/2023,1950.48
6/20/2023,1936.42
6/21/2023,1932.55
6/22/2023,1914.01
6/23/2023,1921.2
6/26/2023,1923.26
6/27/2023,1913.69
6/28/2023,1907.32
6/29/2023,1908.2
6/30/2023,1919.35
7/3/2023,1921.64
7/4/2023,1925.48
7/5/2023,1915.3
7/6/2023,1910.9
7/7/2023,1925.05
7/10/2023,1925.35
7/11/2023,1932.23
7/12/2023,1957.35
7/13/2023,1960.51
7/14/2023,1955.21
7/17/2023,1955.04
7/18/2023,1978.72
7/19/2023,1976.64
7/20/2023,1969.53
7/21/2023,1961.94
7/24/2023,1954.73
7/25/2023,1964.96
7/26/2023,1972.07
7/27/2023,1946
7/28/2023,1959.49
7/31/2023,1965.09
8/1/2023,1944.29
8/2/2023,1934.45
8/3/2023,1934.06
8/4/2023,1942.91
8/7/2023,1936.56
8/8/2023,1925.24
8/9/2023,1914.46
8/10/2023,1912.48
8/11/2023,1913.76
8/14/2023,1907.1
8/15/2023,1902
8/16/2023,1891.81
8/17/2023,1889.43
8/18/2023,1889.31
8/21/2023,1894.93
8/22/2023,1897.48
8/23/2023,1915.48
8/24/2023,1916.91
8/25/2023,1914.96
8/28/2023,1920.17
8/29/2023,1937.54
8/30/2023,1942.32
8/31/2023,1940.19
9/1/2023,1940.06
9/4/2023,1942.69
9/5/2023,1926.12
9/6/2023,1916.56
9/7/2023,1919.68
9/8/2023,1919.08
9/11/2023,1922.3
9/12/2023,1913.67
9/13/2023,1908.12
9/14/2023,1910.79
9/15/2023,1923.91
9/18/2023,1933.84
9/19/2023,1931.36
9/20/2023,1930.3
9/21/2023,1920.02
9/22/2023,1925.23
9/25/2023,1915.92
9/26/2023,1900.65
9/27/2023,1875.12
9/28/2023,1864.87
9/29/2023,1848.63
10/2/2023,1828.03
10/3/2023,1823.02
10/4/2023,1821.36
10/5/2023,1820.3
10/6/2023,1833.01
10/9/2023,1861.41
10/10/2023,1860.4
10/11/2023,1874.36
10/12/2023,1868.9
10/13/2023,1932.82
10/16/2023,1920.2
10/17/2023,1923.18
10/18/2023,1947.55
10/19/2023,1974.46
10/20/2023,1981.4
10/23/2023,1972.85
10/24/2023,1970.97
10/25/2023,1979.72
10/26/2023,1984.71
10/27/2023,2006.37
10/30/2023,1996.1
10/31/2023,1983.88
11/1/2023,1982.53
11/2/2023,1985.78
11/3/2023,1992.65
11/6/2023,1978.14
11/7/2023,1969.45
11/8/2023,1950.2
11/9/2023,1958.55
11/10/2023,1940.2
11/13/2023,1946.92
11/14/2023,1964.29
11/15/2023,1959.85
11/16/2023,1980.9
11/17/2023,1980.82
11/20/2023,1978.07
11/21/2023,1998.29
11/22/2023,1990.17
11/23/2023,1992.25
11/24/2023,2000.82
11/27/2023,2014.13
11/28/2023,2040.97
11/29/2023,2044.24
11/30/2023,2036.41
12/1/2023,2072.22
12/4/2023,2029.42
12/5/2023,2019.36
12/6/2023,2025.55
12/7/2023,2028.47
12/8/2023,2004.67
12/11/2023,1981.95
12/12/2023,1979.54
12/13/2023,2027.74
12/14/2023,2036.36
12/15/2023,2019.62
12/18/2023,2027.19
12/19/2023,2040.35
12/20/2023,2031.39
12/21/2023,2045.95
12/22/2023,2053.08
12/26/2023,2067.81
12/27/2023,2077.49
12/28/2023,2065.61
12/29/2023,2062.98
1/2/2024,2058.96
1/3/2024,2041.49
1/4/2024,2043.65
1/5/2024,2045.45
1/8/2024,2028.07
1/9/2024,2030.2
1/10/2024,2024.41
1/11/2024,2028.91
1/12/2024,2049.06
1/15/2024,2056.55
1/16/2024,2028.44
1/17/2024,2006.25
1/18/2024,2023.34
1/19/2024,2029.49
1/22/2024,2021.7
1/23/2024,2029.28
1/24/2024,2013.89
1/25/2024,2020.84
1/26/2024,2018.52
1/29/2024,2033.23
1/30/2024,2037.01
1/31/2024,2039.52
2/1/2024,2054.99
2/2/2024,2039.76
2/5/2024,2025.11
2/6/2024,2036.14
2/7/2024,2035.36
2/8/2024,2034.52
2/9/2024,2024.26
2/12/2024,2020.05
2/13/2024,1993.15
2/14/2024,1992.33
2/15/2024,2004.4
2/16/2024,2013.59
2/19/2024,2017.21
2/20/2024,2024.41
2/21/2024,2025.99
2/22/2024,2024.39
2/23/2024,2035.4
2/26/2024,2031.24
2/27/2024,2030.48
2/28/2024,2034.55
2/29/2024,2044.3
3/1/2024,2082.92
3/4/2024,2114.48
3/5/2024,2128.04
3/6/2024,2148.18
3/7/2024,2159.98
3/8/2024,2178.95
3/11/2024,2182.75
3/12/2024,2158.34
3/13/2024,2174.41
3/14/2024,2162.19
3/15/2024,2155.9
3/18/2024,2160.36
3/19/2024,2157.59
3/20/2024,2186.39
3/21/2024,2181.33
3/22/2024,2165.44
3/25/2024,2171.83
3/26/2024,2178.8
3/27/2024,2194.79
3/28/2024,2229.87
4/1/2024,2251.44
4/2/2024,2280.67
4/3/2024,2300
4/4/2024,2290.94
4/5/2024,2329.75
4/8/2024,2339.03
4/9/2024,2352.78
4/10/2024,2334.04
4/11/2024,2372.52
4/12/2024,2344.37
4/15/2024,2383.34
4/16/2024,2382.89
4/17/2024,2361.02
4/18/2024,2379.04
4/19/2024,2391.93
4/22/2024,2327.3
4/23/2024,2322.02
4/24/2024,2316.17
4/25/2024,2332.46
4/26/2024,2337.96
4/29/2024,2335.66
4/30/2024,2286.25
5/1/2024,2319.56
5/2/2024,2303.83
5/3/2024,2301.74
5/6/2024,2323.97
5/7/2024,2314.1
5/8/2024,2308.85
5/9/2024,2346.33
5/10/2024,2360.5
5/13/2024,2336.32
5/14/2024,2358.12
5/15/2024,2385.99
5/16/2024,2376.86
5/17/2024,2415.22
5/20/2024,2425.31
5/21/2024,2421.05
5/22/2024,2378.85
5/23/2024,2329.27
5/24/2024,2333.83
5/27/2024,2350.97
5/28/2024,2361.31
5/29/2024,2338.12
5/30/2024,2343.07
5/31/2024,2327.33
6/3/2024,2350.75
6/4/2024,2327.01
6/5/2024,2355.32
6/6/2024,2376.06
6/7/2024,2293.78
6/10/2024,2310.88
6/11/2024,2317.01
6/12/2024,2324.98
6/13/2024,2304.21
6/14/2024,2333.04
6/17/2024,2319.14
6/18/2024,2329.46
6/19/2024,2328.16
6/20/2024,2360.09
6/21/2024,2321.98
6/24/2024,2334.65
6/25/2024,2319.62
6/26/2024,2298.23
6/27/2024,2327.73
6/28/2024,2326.75
7/1/2024,2331.9
7/2/2024,2329.46
7/3/2024,2356.2
7/4/2024,2356.69
7/5/2024,2392.16
7/8/2024,2359.13
7/9/2024,2364.09
7/10/2024,2371.26
7/11/2024,2415.48
7/12/2024,2411.43
7/15/2024,2422.27
7/16/2024,2469.08
7/17/2024,2458.79
7/18/2024,2445.08
7/19/2024,2400.83
7/22/2024,2396.59
7/23/2024,2409.64
7/24/2024,2397.7
7/25/2024,2364.56
7/26/2024,2387.19
7/29/2024,2384.19
7/30/2024,2410.78
7/31/2024,2447.6
8/1/2024,2446.26
8/2/2024,2443.24
8/5/2024,2410.79
8/6/2024,2390.82
8/7/2024,2382.92
8/8/2024,2427.53
8/9/2024,2431.32
8/12/2024,2472.9
8/13/2024,2465.16
8/14/2024,2447.85
8/15/2024,2456.79
8/16/2024,2508.01
8/19/2024,2504.28
8/20/2024,2513.99
8/21/2024,2512.56
8/22/2024,2484.75
8/23/2024,2512.59
8/26/2024,2518.03
8/27/2024,2524.64
8/28/2024,2504.61
8/29/2024,2521.4
8/30/2024,2503.39
9/2/2024,2499.51
9/3/2024,2492.91
9/4/2024,2495.72
9/5/2024,2516.76
9/6/2024,2497.41
9/9/2024,2506.38
9/10/2024,2516.73
9/11/2024,2511.76
9/12/2024,2557.9
9/13/2024,2577.7
9/16/2024,2582.45
9/17/2024,2569.5
9/18/2024,2558.91
9/19/2024,2586.74
9/20/2024,2621.88
9/23/2024,2628.72
9/24/2024,2657.1
9/25/2024,2656.89
9/26/2024,2672.38
9/27/2024,2658.24
9/30/2024,2634.58
10/1/2024,2663.23
10/2/2024,2658.69
10/3/2024,2655.89
10/4/2024,2653.6
10/7/2024,2642.59
10/8/2024,2621.83
10/9/2024,2607.77
10/10/2024,2629.74
10/11/2024,2656.59
10/14/2024,2648.54
10/15/2024,2662.58
10/16/2024,2673.83
10/17/2024,2692.71
10/18/2024,2721.46
10/21/2024,2719.85
10/22/2024,2749.01
10/23/2024,2715.55
10/24/2024,2736.17
10/25/2024,2747.56
10/28/2024,2742.46
10/29/2024,2774.74
10/30/2024,2787.61
10/31/2024,2743.97
11/1/2024,2736.53
11/4/2024,2736.78
11/5/2024,2743.99
11/6/2024,2659.06
11/7/2024,2706.71
11/8/2024,2684.77
11/11/2024,2618.82
11/12/2024,2598.39
11/13/2024,2572.98
11/14/2024,2564.85
11/15/2024,2563.25
11/18/2024,2611.83
11/19/2024,2632.08
11/20/2024,2650.6
11/21/2024,2669.72
11/22/2024,2716.19
11/25/2024,2625.01
11/26/2024,2633.15
11/27/2024,2636.02
11/28/2024,2637.92
11/29/2024,2643.15
12/2/2024,2639.13
12/3/2024,2643.49
12/4/2024,2649.9
12/5/2024,2631.67
12/6/2024,2633.37
12/9/2024,2660.3
12/10/2024,2694.25
12/11/2024,2718.23
12/12/2024,2680.73
12/13/2024,2648.23
12/16/2024,2652.72
12/17/2024,2646.83
12/18/2024,2585.35
12/19/2024,2594.01
12/20/2024,2622.91
12/23/2024,2612.56
12/24/2024,2616.87
12/26/2024,2633.58
12/27/2024,2621.4
12/30/2024,2606.5
12/31/2024,2624.5
1/2/2025,2657.9
1/3/2025,2640.22
1/6/2025,2636.47
1/7/2025,2648.59
1/8/2025,2661.94
1/9/2025,2667.25
1/10/2025,2689.76
1/13/2025,2663.16
1/14/2025,2677.46
1/15/2025,2696.32
1/16/2025,2714.31
1/17/2025,2703.25
1/20/2025,2708.21
1/21/2025,2744.81
1/22/2025,2756.48
1/23/2025,2754.87
1/24/2025,2770.58
1/27/2025,2740.81
1/28/2025,2763.51
1/29/2025,2759.36
1/30/2025,2794.59
1/31/2025,2798.41
2/3/2025,2815.21
2/4/2025,2842.71
2/5/2025,2867.24
2/6/2025,2856.28
2/7/2025,2861.07
2/10/2025,2908.26
2/11/2025,2897.91
2/12/2025,2904.04
2/13/2025,2928.21
2/14/2025,2882.53
2/17/2025,2896.56
2/18/2025,2936.02
2/19/2025,2933.39
2/20/2025,2938.98
2/21/2025,2936.05
2/24/2025,2951.73
2/25/2025,2914.98
2/26/2025,2916.39
2/27/2025,2877.52
2/28/2025,2857.83
3/3/2025,2892.73
3/4/2025,2917.89
3/5/2025,2919.39
3/6/2025,2911.8
3/7/2025,2909.1
3/10/2025,2888.71
3/11/2025,2915.9
3/12/2025,2934.77
3/13/2025,2989.18
3/14/2025,2984.16
3/17/2025,3000.6
3/18/2025,3034.73
3/19/2025,3047.79
3/20/2025,3044.9
3/21/2025,3022.15
3/24/2025,3011.04
3/25/2025,3020.09
3/26/2025,3019.38
3/27/2025,3057.29
3/28/2025,3085.12
3/31/2025,3123.57
4/1/2025,3113.38
4/2/2025,3134.17
4/3/2025,3115.34
4/4/2025,3038.24
4/7/2025,2983.28
4/8/2025,2983.27
4/9/2025,3082.7
4/10/2025,3176.23
4/11/2025,3237.61
4/14/2025,3210.93
4/15/2025,3230.72
4/16/2025,3343.12
4/17/2025,3326.85
4/21/2025,3423.98
4/22/2025,3380.63
4/23/2025,3288.34
4/24/2025,3349.43
4/25/2025,3319.72
4/28/2025,3343.98
4/29/2025,3317.41
4/30/2025,3288.71
5/1/2025,3239.2
5/2/2025,3240.49
5/5/2025,3334.12
5/6/2025,3431.77
5/7/2025,3364.5
5/8/2025,3305.72
5/9/2025,3324.98
5/12/2025,3236.39
5/13/2025,3250.31
5/14/2025,3177.25
5/15/2025,3240.1
5/16/2025,3203.65
5/19/2025,3229.56
5/20/2025,3290.13
5/21/2025,3314.96
5/22/2025,3294.52
5/23/2025,3357.51
5/26/2025,3343.84
5/27/2025,3300.87
5/28/2025,3287.48
5/29/2025,3317.94
5/30/2025,3289.25
6/2/2025,3381.59
6/3/2025,3353.43
6/4/2025,3372.72
6/5/2025,3352.65
6/6/2025,3310.42
6/9/2025,3326.19
6/10/2025,3323.69
6/11/2025,3355.12
6/12/2025,3385.92
6/13/2025,3432.34
6/16/2025,3385.23
6/17/2025,3388.11
6/18/2025,3369.38
6/19/2025,3370.9
6/20/2025,3368.39
6/23/2025,3368.48
6/24/2025,3323.67
6/25/2025,3332.33
6/26/2025,3327.92
6/27/2025,3274.33
6/30/2025,3303.14
7/1/2025,3338.84
7/2/2025,3357.45
7/3/2025,3326.12
7/4/2025,3337.15
7/7/2025,3336.5
7/8/2025,3301.92
7/9/2025,3313.66
7/10/2025,3324.05
7/11/2025,3355.59
7/14/2025,3343.51
7/15/2025,3324.55
7/16/2025,3347.13
7/17/2025,3338.97
7/18/2025,3349.94
7/21/2025,3397.05
7/22/2025,3431.48
7/23/2025,3387.29
7/24/2025,3368.68
7/25/2025,3337.3
7/28/2025,3314.61
7/29/2025,3326.62
7/30/2025,3275.18
7/31/2025,3289.93
8/1/2025,3363.48
8/4/2025,3373.59
8/5/2025,3380.6
8/6/2025,3369.33
8/7/2025,3396.38
8/8/2025,3397.75
8/11/2025,3342.37
8/12/2025,3348.26
8/13/2025,3355.86
8/14/2025,3335.39
8/15/2025,3336.19
8/18/2025,3332.72
8/19/2025,3315.78
8/20/2025,3348.43
8/21/2025,3338.71
8/22/2025,3371.86
8/25/2025,3365.89
8/26/2025,3393.57
8/27/2025,3397.37
8/28/2025,3417.08
8/29/2025,3447.95
9/1/2025,3476.07
9/2/2025,3533.16
9/3/2025,3559.42
9/4/2025,3545.85
9/5/2025,3586.69
9/8/2025,3635.98
9/9/2025,3626.63
9/10/2025,3640.75
9/11/2025,3634.07
9/12/2025,3643.14
9/15/2025,3678.99
9/16/2025,3689.98
9/17/2025,3659.9
9/18/2025,3644.28
9/19/2025,3685.3
9/22/2025,3746.7
9/23/2025,3764.01
9/24/2025,3736.16
9/25/2025,3749.44
9/26/2025,3759.98
9/29/2025,3833.55
9/30/2025,3858.96
10/1/2025,3865.74
10/2/2025,3856.58
10/3/2025,3886.54
10/6/2025,3960.98
10/7/2025,3984.85
10/8/2025,4042.03
10/9/2025,3976.86
10/10/2025,4017.79
10/13/2025,4110.27
10/14/2025,4142.94
10/15/2025,4207.48
10/16/2025,4326.58
10/17/2025,4251.82
10/20/2025,4356.3
10/21/2025,4125.22
10/22/2025,4098.42
10/23/2025,4126.28
10/24/2025,4113.05
10/27/2025,3982.21
10/28/2025,3952.14
10/29/2025,3930.07
10/30/2025,4024.54
10/31/2025,4002.92
11/3/2025,4001.42
11/4/2025,3932.09
11/5/2025,3979.57
11/6/2025,3977.21
11/7/2025,4001.26
11/10/2025,4115.76
11/11/2025,4126.85
11/12/2025,4195.39
11/13/2025,4171.52
11/14/2025,4084.06
11/17/2025,4044.96
11/18/2025,4067.24
11/19/2025,4077.98
11/20/2025,4077.19
11/21/2025,4065.14
11/24/2025,4136.31
11/25/2025,4130.69
11/26/2025,4162.15
11/27/2025,4157.61
11/28/2025,4239.43
12/1/2025,4232.21
12/2/2025,4205.85
12/3/2025,4218.86
