Date,LBMA-Gold Bullion ($/oz)
1/4/1971,37.4
1/5/1971,37.4
1/6/1971,37.47
1/7/1971,37.47
1/8/1971,37.47
1/9/1971,
1/10/1971,
1/11/1971,37.47
1/12/1971,37.47
1/13/1971,38.17
1/14/1971,38.17
1/15/1971,38.17
1/16/1971,
1/17/1971,
1/18/1971,38.17
1/19/1971,38.17
1/20/1971,38.1
1/21/1971,38.1
1/22/1971,38.1
1/23/1971,
1/24/1971,
1/25/1971,38.1
1/26/1971,38.1
1/27/1971,38.05
1/28/1971,38.05
1/29/1971,38.05
1/30/1971,
1/31/1971,
2/1/1971,38.05
2/2/1971,38.05
2/3/1971,38.92
2/4/1971,38.92
2/5/1971,38.92
2/6/1971,
2/7/1971,
2/8/1971,38.92
2/9/1971,38.92
2/10/1971,38.85
2/11/1971,38.85
2/12/1971,38.85
2/13/1971,
2/14/1971,
2/15/1971,38.85
2/16/1971,38.85
2/17/1971,38.9
2/18/1971,38.9
2/19/1971,38.9
2/20/1971,
2/21/1971,
2/22/1971,38.9
2/23/1971,38.9
2/24/1971,38.75
2/25/1971,38.75
2/26/1971,38.75
2/27/1971,
2/28/1971,
3/1/1971,38.75
3/2/1971,38.75
3/3/1971,38.8
3/4/1971,38.8
3/5/1971,38.8
3/6/1971,
3/7/1971,
3/8/1971,38.8
3/9/1971,38.8
3/10/1971,38.84
3/11/1971,38.84
3/12/1971,38.84
3/13/1971,
3/14/1971,
3/15/1971,38.84
3/16/1971,38.84
3/17/1971,38.92
3/18/1971,38.92
3/19/1971,38.92
3/20/1971,
3/21/1971,
3/22/1971,38.92
3/23/1971,38.92
3/24/1971,38.9
3/25/1971,38.9
3/26/1971,38.9
3/27/1971,
3/28/1971,
3/29/1971,38.9
3/30/1971,38.9
3/31/1971,38.82
4/1/1971,38.82
4/2/1971,38.82
4/3/1971,
4/4/1971,
4/5/1971,38.82
4/6/1971,38.82
4/7/1971,38.9
4/8/1971,38.9
4/9/1971,38.9
4/10/1971,
4/11/1971,
4/12/1971,38.9
4/13/1971,38.9
4/14/1971,38.9
4/15/1971,38.9
4/16/1971,38.9
4/17/1971,
4/18/1971,
4/19/1971,38.9
4/20/1971,38.9
4/21/1971,38.9
4/22/1971,38.9
4/23/1971,38.9
4/24/1971,
4/25/1971,
4/26/1971,38.9
4/27/1971,38.9
4/28/1971,39.2
4/29/1971,39.2
4/30/1971,39.2
5/1/1971,
5/2/1971,
5/3/1971,39.2
5/4/1971,39.2
5/5/1971,40
5/6/1971,40
5/7/1971,40
5/8/1971,
5/9/1971,
5/10/1971,40
5/11/1971,40
5/12/1971,40.55
5/13/1971,40.55
5/14/1971,40.55
5/15/1971,
5/16/1971,
5/17/1971,40.55
5/18/1971,40.55
5/19/1971,40.55
5/20/1971,40.55
5/21/1971,40.55
5/22/1971,
5/23/1971,
5/24/1971,40.55
5/25/1971,40.55
5/26/1971,40.92
5/27/1971,40.92
5/28/1971,40.92
5/29/1971,
5/30/1971,
5/31/1971,40.92
6/1/1971,40.92
6/2/1971,40.6
6/3/1971,40.6
6/4/1971,40.6
6/5/1971,
6/6/1971,
6/7/1971,40.6
6/8/1971,40.6
6/9/1971,39.93
6/10/1971,39.93
6/11/1971,39.93
6/12/1971,
6/13/1971,
6/14/1971,39.93
6/15/1971,39.93
6/16/1971,39.95
6/17/1971,39.95
6/18/1971,39.95
6/19/1971,
6/20/1971,
6/21/1971,39.95
6/22/1971,39.95
6/23/1971,40.3
6/24/1971,40.3
6/25/1971,40.3
6/26/1971,
6/27/1971,
6/28/1971,40.3
6/29/1971,40.3
6/30/1971,40.15
7/1/1971,40.15
7/2/1971,40.15
7/3/1971,
7/4/1971,
7/5/1971,40.15
7/6/1971,40.15
7/7/1971,40.22
7/8/1971,40.22
7/9/1971,40.22
7/10/1971,
7/11/1971,
7/12/1971,40.22
7/13/1971,40.22
7/14/1971,40.4
7/15/1971,40.4
7/16/1971,40.4
7/17/1971,
7/18/1971,
7/19/1971,40.4
7/20/1971,40.4
7/21/1971,41.2
7/22/1971,41.2
7/23/1971,41.2
7/24/1971,
7/25/1971,
7/26/1971,41.2
7/27/1971,41.2
7/28/1971,42.9
7/29/1971,42.9
7/30/1971,42.9
7/31/1971,
8/1/1971,
8/2/1971,42.9
8/3/1971,42.9
8/4/1971,42.5
8/5/1971,42.5
8/6/1971,42.5
8/7/1971,
8/8/1971,
8/9/1971,42.5
8/10/1971,42.5
8/11/1971,42.8
8/12/1971,42.8
8/13/1971,42.8
8/14/1971,
8/15/1971,
8/16/1971,42.8
8/17/1971,42.8
8/18/1971,43.1
8/19/1971,43.1
8/20/1971,43.1
8/21/1971,
8/22/1971,
8/23/1971,43.1
8/24/1971,43.1
8/25/1971,42.85
8/26/1971,42.85
8/27/1971,42.85
8/28/1971,
8/29/1971,
8/30/1971,42.85
8/31/1971,42.85
9/1/1971,41
9/2/1971,41
9/3/1971,41
9/4/1971,
9/5/1971,
9/6/1971,41
9/7/1971,41
9/8/1971,41.4
9/9/1971,41.4
9/10/1971,41.4
9/11/1971,
9/12/1971,
9/13/1971,41.4
9/14/1971,41.4
9/15/1971,41.92
9/16/1971,41.92
9/17/1971,41.92
9/18/1971,
9/19/1971,
9/20/1971,41.92
9/21/1971,41.92
9/22/1971,42.25
9/23/1971,42.25
9/24/1971,42.25
9/25/1971,
9/26/1971,
9/27/1971,42.25
9/28/1971,42.25
9/29/1971,42.65
9/30/1971,42.65
10/1/1971,42.65
10/2/1971,
10/3/1971,
10/4/1971,42.65
10/5/1971,42.65
10/6/1971,42.65
10/7/1971,42.65
10/8/1971,42.65
10/9/1971,
10/10/1971,
10/11/1971,42.65
10/12/1971,42.65
10/13/1971,42.65
10/14/1971,42.65
10/15/1971,42.65
10/16/1971,
10/17/1971,
10/18/1971,42.65
10/19/1971,42.65
10/20/1971,42.5
10/21/1971,42.5
10/22/1971,42.5
10/23/1971,
10/24/1971,
10/25/1971,42.5
10/26/1971,42.5
10/27/1971,42.5
10/28/1971,42.5
10/29/1971,42.5
10/30/1971,
10/31/1971,
11/1/1971,42.5
11/2/1971,42.5
11/3/1971,42.2
11/4/1971,42.2
11/5/1971,42.2
11/6/1971,
11/7/1971,
11/8/1971,42.2
11/9/1971,42.2
11/10/1971,42.62
11/11/1971,42.62
11/12/1971,42.62
11/13/1971,
11/14/1971,
11/15/1971,42.62
11/16/1971,42.62
11/17/1971,42.83
11/18/1971,42.83
11/19/1971,42.83
11/20/1971,
11/21/1971,
11/22/1971,42.83
11/23/1971,42.83
11/24/1971,43.4
11/25/1971,43.4
11/26/1971,43.4
11/27/1971,
11/28/1971,
11/29/1971,43.4
11/30/1971,43.4
12/1/1971,43.52
12/2/1971,43.52
12/3/1971,43.52
12/4/1971,
12/5/1971,
12/6/1971,43.52
12/7/1971,43.52
12/8/1971,43.52
12/9/1971,43.52
12/10/1971,43.52
12/11/1971,
12/12/1971,
12/13/1971,43.52
12/14/1971,43.52
12/15/1971,43.6
12/16/1971,43.6
12/17/1971,43.6
12/18/1971,
12/19/1971,
12/20/1971,43.6
12/21/1971,43.6
12/22/1971,43.22
12/23/1971,43.22
12/24/1971,43.22
12/25/1971,
12/26/1971,
12/27/1971,43.22
12/28/1971,43.22
12/29/1971,43.55
12/30/1971,43.55
12/31/1971,43.55
1/1/1972,
1/2/1972,
1/3/1972,43.55
1/4/1972,43.55
1/5/1972,44.5
1/6/1972,44.5
1/7/1972,44.5
1/8/1972,
1/9/1972,
1/10/1972,44.5
1/11/1972,44.5
1/12/1972,45.27
1/13/1972,45.27
1/14/1972,45.27
1/15/1972,
1/16/1972,
1/17/1972,45.27
1/18/1972,45.27
1/19/1972,45.87
1/20/1972,45.87
1/21/1972,45.87
1/22/1972,
1/23/1972,
1/24/1972,45.87
1/25/1972,45.87
1/26/1972,46.2
1/27/1972,46.2
1/28/1972,46.2
1/29/1972,
1/30/1972,
1/31/1972,46.2
2/1/1972,46.2
2/2/1972,49
2/3/1972,49
2/4/1972,49
2/5/1972,
2/6/1972,
2/7/1972,49
2/8/1972,49
2/9/1972,48
2/10/1972,48
2/11/1972,48
2/12/1972,
2/13/1972,
2/14/1972,48
2/15/1972,48
2/16/1972,48.18
2/17/1972,48.18
2/18/1972,48.18
2/19/1972,
2/20/1972,
2/21/1972,48.18
2/22/1972,48.18
2/23/1972,48.64
2/24/1972,48.64
2/25/1972,48.64
2/26/1972,
2/27/1972,
2/28/1972,48.64
2/29/1972,48.64
3/1/1972,48
3/2/1972,48
3/3/1972,48
3/4/1972,
3/5/1972,
3/6/1972,48
3/7/1972,48
3/8/1972,48.2
3/9/1972,48.2
3/10/1972,48.2
3/11/1972,
3/12/1972,
3/13/1972,48.2
3/14/1972,48.2
3/15/1972,48.33
3/16/1972,48.33
3/17/1972,48.33
3/18/1972,
3/19/1972,
3/20/1972,48.33
3/21/1972,48.33
3/22/1972,48.4
3/23/1972,48.4
3/24/1972,48.4
3/25/1972,
3/26/1972,
3/27/1972,48.4
3/28/1972,48.4
3/29/1972,48.4
3/30/1972,48.4
3/31/1972,48.4
4/1/1972,
4/2/1972,
4/3/1972,48.4
4/4/1972,48.4
4/5/1972,48.4
4/6/1972,48.4
4/7/1972,48.4
4/8/1972,
4/9/1972,
4/10/1972,48.4
4/11/1972,48.4
4/12/1972,49
4/13/1972,49
4/14/1972,49
4/15/1972,
4/16/1972,
4/17/1972,49
4/18/1972,49
4/19/1972,49.4
4/20/1972,49.4
4/21/1972,49.4
4/22/1972,
4/23/1972,
4/24/1972,49.4
4/25/1972,49.4
4/26/1972,49.3
4/27/1972,49.3
4/28/1972,49.3
4/29/1972,
4/30/1972,
5/1/1972,49.3
5/2/1972,49.3
5/3/1972,50.4
5/4/1972,50.4
5/5/1972,50.4
5/6/1972,
5/7/1972,
5/8/1972,50.4
5/9/1972,50.4
5/10/1972,52.2
5/11/1972,52.2
5/12/1972,52.2
5/13/1972,
5/14/1972,
5/15/1972,52.2
5/16/1972,52.2
5/17/1972,57.75
5/18/1972,57.75
5/19/1972,57.75
5/20/1972,
5/21/1972,
5/22/1972,57.75
5/23/1972,57.75
5/24/1972,57
5/25/1972,57
5/26/1972,57
5/27/1972,
5/28/1972,
5/29/1972,57
5/30/1972,57
5/31/1972,59.4
6/1/1972,59.4
6/2/1972,59.4
6/3/1972,
6/4/1972,
6/5/1972,59.4
6/6/1972,59.4
6/7/1972,64.8
6/8/1972,64.8
6/9/1972,64.8
6/10/1972,
6/11/1972,
6/12/1972,64.8
6/13/1972,64.8
6/14/1972,61
6/15/1972,61
6/16/1972,61
6/17/1972,
6/18/1972,
6/19/1972,61
6/20/1972,61
6/21/1972,61.2
6/22/1972,61.2
6/23/1972,61.2
6/24/1972,
6/25/1972,
6/26/1972,61.2
6/27/1972,61.2
6/28/1972,64
6/29/1972,64
6/30/1972,64
7/1/1972,
7/2/1972,
7/3/1972,64
7/4/1972,64
7/5/1972,65.75
7/6/1972,65.75
7/7/1972,65.75
7/8/1972,
7/9/1972,
7/10/1972,65.75
7/11/1972,65.75
7/12/1972,65
7/13/1972,65
7/14/1972,65
7/15/1972,
7/16/1972,
7/17/1972,65
7/18/1972,65
7/19/1972,65
7/20/1972,65
7/21/1972,65
7/22/1972,
7/23/1972,
7/24/1972,65
7/25/1972,65
7/26/1972,66.5
7/27/1972,66.5
7/28/1972,66.5
7/29/1972,
7/30/1972,
7/31/1972,66.5
8/1/1972,66.5
8/2/1972,70
8/3/1972,70
8/4/1972,70
8/5/1972,
8/6/1972,
8/7/1972,70
8/8/1972,70
8/9/1972,65
8/10/1972,65
8/11/1972,65
8/12/1972,
8/13/1972,
8/14/1972,65
8/15/1972,65
8/16/1972,66.5
8/17/1972,66.5
8/18/1972,66.5
8/19/1972,
8/20/1972,
8/21/1972,66.5
8/22/1972,66.5
8/23/1972,67.2
8/24/1972,67.2
8/25/1972,67.2
8/26/1972,
8/27/1972,
8/28/1972,67.2
8/29/1972,67.2
8/30/1972,66.85
8/31/1972,66.85
9/1/1972,66.85
9/2/1972,
9/3/1972,
9/4/1972,66.85
9/5/1972,66.85
9/6/1972,67
9/7/1972,67
9/8/1972,67
9/9/1972,
9/10/1972,
9/11/1972,67
9/12/1972,67
9/13/1972,67
9/14/1972,67
9/15/1972,67
9/16/1972,
9/17/1972,
9/18/1972,67
9/19/1972,67
9/20/1972,64.75
9/21/1972,64.75
9/22/1972,64.75
9/23/1972,
9/24/1972,
9/25/1972,64.75
9/26/1972,64.75
9/27/1972,68.75
9/28/1972,68.75
9/29/1972,68.75
9/30/1972,
10/1/1972,
10/2/1972,68.75
10/3/1972,68.75
10/4/1972,65
10/5/1972,65
10/6/1972,65
10/7/1972,
10/8/1972,
10/9/1972,65
10/10/1972,65
10/11/1972,65
10/12/1972,65
10/13/1972,65
10/14/1972,
10/15/1972,
10/16/1972,65
10/17/1972,65
10/18/1972,64.82
10/19/1972,64.82
10/20/1972,64.82
10/21/1972,
10/22/1972,
10/23/1972,64.82
10/24/1972,64.82
10/25/1972,64.75
10/26/1972,64.75
10/27/1972,64.75
10/28/1972,
10/29/1972,
10/30/1972,64.75
10/31/1972,64.75
11/1/1972,63.9
11/2/1972,63.9
11/3/1972,63.9
11/4/1972,
11/5/1972,
11/6/1972,63.9
11/7/1972,63.9
11/8/1972,63.75
11/9/1972,63.75
11/10/1972,63.75
11/11/1972,
11/12/1972,
11/13/1972,63.75
11/14/1972,63.75
11/15/1972,61.92
11/16/1972,61.92
11/17/1972,61.92
11/18/1972,
11/19/1972,
11/20/1972,61.92
11/21/1972,61.92
11/22/1972,62.35
11/23/1972,62.35
11/24/1972,62.35
11/25/1972,
11/26/1972,
11/27/1972,62.35
11/28/1972,62.35
11/29/1972,63.55
11/30/1972,63.55
12/1/1972,63.55
12/2/1972,
12/3/1972,
12/4/1972,63.55
12/5/1972,63.55
12/6/1972,63.1
12/7/1972,63.1
12/8/1972,63.1
12/9/1972,
12/10/1972,
12/11/1972,63.1
12/12/1972,63.1
12/13/1972,63
12/14/1972,63
12/15/1972,63
12/16/1972,
12/17/1972,
12/18/1972,63
12/19/1972,63
12/20/1972,64.55
12/21/1972,64.55
12/22/1972,64.55
12/23/1972,
12/24/1972,
12/25/1972,64.55
12/26/1972,64.55
12/27/1972,65
12/28/1972,65
12/29/1972,65
12/30/1972,
12/31/1972,
1/1/1973,65
1/2/1973,65
1/3/1973,65.3
1/4/1973,65.3
1/5/1973,65.3
1/6/1973,
1/7/1973,
1/8/1973,65.3
1/9/1973,65.3
1/10/1973,65.05
1/11/1973,65.05
1/12/1973,65.05
1/13/1973,
1/14/1973,
1/15/1973,65.05
1/16/1973,65.05
1/17/1973,64.75
1/18/1973,64.75
1/19/1973,64.75
1/20/1973,
1/21/1973,
1/22/1973,64.75
1/23/1973,64.75
1/24/1973,64.85
1/25/1973,64.85
1/26/1973,64.85
1/27/1973,
1/28/1973,
1/29/1973,64.85
1/30/1973,64.85
1/31/1973,68.8
2/1/1973,68.8
2/2/1973,68.8
2/3/1973,
2/4/1973,
2/5/1973,68.8
2/6/1973,68.8
2/7/1973,72.3
2/8/1973,72.3
2/9/1973,72.3
2/10/1973,
2/11/1973,
2/12/1973,72.3
2/13/1973,72.3
2/14/1973,79.3
2/15/1973,79.3
2/16/1973,79.3
2/17/1973,
2/18/1973,
2/19/1973,79.3
2/20/1973,79.3
2/21/1973,85.25
2/22/1973,85.25
2/23/1973,85.25
2/24/1973,
2/25/1973,
2/26/1973,85.25
2/27/1973,85.25
2/28/1973,82
3/1/1973,82
3/2/1973,82
3/3/1973,
3/4/1973,
3/5/1973,82
3/6/1973,82
3/7/1973,80.1
3/8/1973,80.1
3/9/1973,80.1
3/10/1973,
3/11/1973,
3/12/1973,80.1
3/13/1973,80.1
3/14/1973,81.7
3/15/1973,81.7
3/16/1973,81.7
3/17/1973,
3/18/1973,
3/19/1973,81.7
3/20/1973,81.7
3/21/1973,90
3/22/1973,90
3/23/1973,90
3/24/1973,
3/25/1973,
3/26/1973,90
3/27/1973,90
3/28/1973,90.75
3/29/1973,90.75
3/30/1973,90.75
3/31/1973,
4/1/1973,
4/2/1973,90.75
4/3/1973,90.75
4/4/1973,91.5
4/5/1973,91.5
4/6/1973,91.5
4/7/1973,
4/8/1973,
4/9/1973,91.5
4/10/1973,91.5
4/11/1973,91.25
4/12/1973,91.25
4/13/1973,91.25
4/14/1973,
4/15/1973,
4/16/1973,91.25
4/17/1973,91.25
4/18/1973,90.4
4/19/1973,90.4
4/20/1973,90.4
4/21/1973,
4/22/1973,
4/23/1973,90.4
4/24/1973,90.4
4/25/1973,90.7
4/26/1973,90.7
4/27/1973,90.7
4/28/1973,
4/29/1973,
4/30/1973,90.7
5/1/1973,90.7
5/2/1973,91.4
5/3/1973,91.4
5/4/1973,91.4
5/5/1973,
5/6/1973,
5/7/1973,91.4
5/8/1973,91.4
5/9/1973,110
5/10/1973,110
5/11/1973,110
5/12/1973,
5/13/1973,
5/14/1973,110
5/15/1973,110
5/16/1973,110.5
5/17/1973,110.5
5/18/1973,110.5
5/19/1973,
5/20/1973,
5/21/1973,110.5
5/22/1973,110.5
5/23/1973,110
5/24/1973,110
5/25/1973,110
5/26/1973,
5/27/1973,
5/28/1973,110
5/29/1973,110
5/30/1973,126
5/31/1973,126
6/1/1973,126
6/2/1973,
6/3/1973,
6/4/1973,126
6/5/1973,126
6/6/1973,117.25
6/7/1973,117.25
6/8/1973,117.25
6/9/1973,
6/10/1973,
6/11/1973,117.25
6/12/1973,117.25
6/13/1973,120.25
6/14/1973,120.25
6/15/1973,120.25
6/16/1973,
6/17/1973,
6/18/1973,120.25
6/19/1973,120.25
6/20/1973,123.25
6/21/1973,123.25
6/22/1973,123.25
6/23/1973,
6/24/1973,
6/25/1973,123.25
6/26/1973,123.25
6/27/1973,122
6/28/1973,122
6/29/1973,122
6/30/1973,
7/1/1973,
7/2/1973,122
7/3/1973,122
7/4/1973,123
7/5/1973,123
7/6/1973,123
7/7/1973,
7/8/1973,
7/9/1973,123
7/10/1973,123
7/11/1973,121
7/12/1973,121
7/13/1973,121
7/14/1973,
7/15/1973,
7/16/1973,121
7/17/1973,121
7/18/1973,119
7/19/1973,119
7/20/1973,119
7/21/1973,
7/22/1973,
7/23/1973,119
7/24/1973,119
7/25/1973,115.6
7/26/1973,115.6
7/27/1973,115.6
7/28/1973,
7/29/1973,
7/30/1973,115.6
7/31/1973,115.6
8/1/1973,114.9
8/2/1973,114.9
8/3/1973,114.9
8/4/1973,
8/5/1973,
8/6/1973,114.9
8/7/1973,114.9
8/8/1973,95.5
8/9/1973,95.5
8/10/1973,95.5
8/11/1973,
8/12/1973,
8/13/1973,95.5
8/14/1973,95.5
8/15/1973,105.7
8/16/1973,105.7
8/17/1973,105.7
8/18/1973,
8/19/1973,
8/20/1973,105.7
8/21/1973,105.7
8/22/1973,104
8/23/1973,104
8/24/1973,104
8/25/1973,
8/26/1973,
8/27/1973,104
8/28/1973,104
8/29/1973,105.1
8/30/1973,105.1
8/31/1973,105.1
9/1/1973,
9/2/1973,
9/3/1973,105.1
9/4/1973,105.1
9/5/1973,102.75
9/6/1973,102.75
9/7/1973,102.75
9/8/1973,
9/9/1973,
9/10/1973,102.75
9/11/1973,102.75
9/12/1973,103
9/13/1973,103
9/14/1973,103
9/15/1973,
9/16/1973,
9/17/1973,103
9/18/1973,103
9/19/1973,101.75
9/20/1973,101.75
9/21/1973,101.75
9/22/1973,
9/23/1973,
9/24/1973,101.75
9/25/1973,101.75
9/26/1973,97.75
9/27/1973,97.75
9/28/1973,97.75
9/29/1973,
9/30/1973,
10/1/1973,97.75
10/2/1973,97.75
10/3/1973,99.6
10/4/1973,99.6
10/5/1973,99.6
10/6/1973,
10/7/1973,
10/8/1973,99.6
10/9/1973,99.6
10/10/1973,101.85
10/11/1973,101.85
10/12/1973,101.85
10/13/1973,
10/14/1973,
10/15/1973,101.85
10/16/1973,101.85
10/17/1973,100.75
10/18/1973,100.75
10/19/1973,100.75
10/20/1973,
10/21/1973,
10/22/1973,100.75
10/23/1973,100.75
10/24/1973,97.25
10/25/1973,97.25
10/26/1973,97.25
10/27/1973,
10/28/1973,
10/29/1973,97.25
10/30/1973,97.25
10/31/1973,98
11/1/1973,98
11/2/1973,98
11/3/1973,
11/4/1973,
11/5/1973,98
11/6/1973,98
11/7/1973,96.9
11/8/1973,96.9
11/9/1973,96.9
11/10/1973,
11/11/1973,
11/12/1973,96.9
11/13/1973,96.9
11/14/1973,90.5
11/15/1973,90.5
11/16/1973,90.5
11/17/1973,
11/18/1973,
11/19/1973,90.5
11/20/1973,90.5
11/21/1973,92
11/22/1973,92
11/23/1973,92
11/24/1973,
11/25/1973,
11/26/1973,92
11/27/1973,92
11/28/1973,105.5
11/29/1973,105.5
11/30/1973,105.5
12/1/1973,
12/2/1973,
12/3/1973,105.5
12/4/1973,105.5
12/5/1973,104.15
12/6/1973,104.15
12/7/1973,104.15
12/8/1973,
12/9/1973,
12/10/1973,104.15
12/11/1973,104.15
12/12/1973,109
12/13/1973,109
12/14/1973,109
12/15/1973,
12/16/1973,
12/17/1973,109
12/18/1973,109
12/19/1973,111.75
12/20/1973,111.75
12/21/1973,111.75
12/22/1973,
12/23/1973,
12/24/1973,111.75
12/25/1973,111.75
12/26/1973,111.75
12/27/1973,111.75
12/28/1973,111.75
12/29/1973,
12/30/1973,
12/31/1973,111.75
1/1/1974,111.75
1/2/1974,112.25
1/3/1974,112.25
1/4/1974,112.25
1/5/1974,
1/6/1974,
1/7/1974,112.25
1/8/1974,112.25
1/9/1974,126.5
1/10/1974,126.5
1/11/1974,126.5
1/12/1974,
1/13/1974,
1/14/1974,126.5
1/15/1974,126.5
1/16/1974,125.5
1/17/1974,125.5
1/18/1974,125.5
1/19/1974,
1/20/1974,
1/21/1974,125.5
1/22/1974,125.5
1/23/1974,137.4
1/24/1974,137.4
1/25/1974,137.4
1/26/1974,
1/27/1974,
1/28/1974,137.4
1/29/1974,137.4
1/30/1974,137.5
1/31/1974,137.5
2/1/1974,137.5
2/2/1974,
2/3/1974,
2/4/1974,137.5
2/5/1974,137.5
2/6/1974,140
2/7/1974,140
2/8/1974,140
2/9/1974,
2/10/1974,
2/11/1974,140
2/12/1974,140
2/13/1974,146.5
2/14/1974,146.5
2/15/1974,146.5
2/16/1974,
2/17/1974,
2/18/1974,146.5
2/19/1974,146.5
2/20/1974,149.5
2/21/1974,149.5
2/22/1974,149.5
2/23/1974,
2/24/1974,
2/25/1974,149.5
2/26/1974,149.5
2/27/1974,175
2/28/1974,175
3/1/1974,175
3/2/1974,
3/3/1974,
3/4/1974,175
3/5/1974,175
3/6/1974,159
3/7/1974,159
3/8/1974,159
3/9/1974,
3/10/1974,
3/11/1974,159
3/12/1974,159
3/13/1974,163
3/14/1974,163
3/15/1974,163
3/16/1974,
3/17/1974,
3/18/1974,163
3/19/1974,163
3/20/1974,169
3/21/1974,169
3/22/1974,169
3/23/1974,
3/24/1974,
3/25/1974,169
3/26/1974,169
3/27/1974,172.25
3/28/1974,172.25
3/29/1974,172.25
3/30/1974,
3/31/1974,
4/1/1974,172.25
4/2/1974,172.25
4/3/1974,177
4/4/1974,177
4/5/1974,177
4/6/1974,
4/7/1974,
4/8/1974,177
4/9/1974,177
4/10/1974,170
4/11/1974,170
4/12/1974,170
4/13/1974,
4/14/1974,
4/15/1974,170
4/16/1974,170
4/17/1974,172.25
4/18/1974,172.25
4/19/1974,172.25
4/20/1974,
4/21/1974,
4/22/1974,172.25
4/23/1974,172.25
4/24/1974,174.7
4/25/1974,174.7
4/26/1974,174.7
4/27/1974,
4/28/1974,
4/29/1974,174.7
4/30/1974,174.7
5/1/1974,169.25
5/2/1974,169.25
5/3/1974,169.25
5/4/1974,
5/5/1974,
5/6/1974,169.25
5/7/1974,169.25
5/8/1974,157.75
5/9/1974,157.75
5/10/1974,157.75
5/11/1974,
5/12/1974,
5/13/1974,157.75
5/14/1974,157.75
5/15/1974,166.25
5/16/1974,166.25
5/17/1974,166.25
5/18/1974,
5/19/1974,
5/20/1974,166.25
5/21/1974,166.25
5/22/1974,161
5/23/1974,161
5/24/1974,161
5/25/1974,
5/26/1974,
5/27/1974,161
5/28/1974,161
5/29/1974,154
5/30/1974,154
5/31/1974,154
6/1/1974,
6/2/1974,
6/3/1974,154
6/4/1974,154
6/5/1974,153
6/6/1974,153
6/7/1974,153
6/8/1974,
6/9/1974,
6/10/1974,153
6/11/1974,153
6/12/1974,157.25
6/13/1974,157.25
6/14/1974,157.25
6/15/1974,
6/16/1974,
6/17/1974,157.25
6/18/1974,157.25
6/19/1974,155.5
6/20/1974,155.5
6/21/1974,155.5
6/22/1974,
6/23/1974,
6/24/1974,155.5
6/25/1974,155.5
6/26/1974,149.75
6/27/1974,149.75
6/28/1974,149.75
6/29/1974,
6/30/1974,
7/1/1974,149.75
7/2/1974,149.75
7/3/1974,139
7/4/1974,139
7/5/1974,139
7/6/1974,
7/7/1974,
7/8/1974,139
7/9/1974,139
7/10/1974,145.5
7/11/1974,145.5
7/12/1974,145.5
7/13/1974,
7/14/1974,
7/15/1974,145.5
7/16/1974,145.5
7/17/1974,141
7/18/1974,141
7/19/1974,141
7/20/1974,
7/21/1974,
7/22/1974,141
7/23/1974,141
7/24/1974,144
7/25/1974,144
7/26/1974,144
7/27/1974,
7/28/1974,
7/29/1974,144
7/30/1974,144
7/31/1974,159
8/1/1974,159
8/2/1974,159
8/3/1974,
8/4/1974,
8/5/1974,159
8/6/1974,159
8/7/1974,155
8/8/1974,155
8/9/1974,155
8/10/1974,
8/11/1974,
8/12/1974,155
8/13/1974,155
8/14/1974,151.5
8/15/1974,151.5
8/16/1974,151.5
8/17/1974,
8/18/1974,
8/19/1974,151.5
8/20/1974,151.5
8/21/1974,156
8/22/1974,156
8/23/1974,156
8/24/1974,
8/25/1974,
8/26/1974,156
8/27/1974,156
8/28/1974,152.5
8/29/1974,152.5
8/30/1974,152.5
8/31/1974,
9/1/1974,
9/2/1974,152.5
9/3/1974,152.5
9/4/1974,159.75
9/5/1974,159.75
9/6/1974,159.75
9/7/1974,
9/8/1974,
9/9/1974,159.75
9/10/1974,159.75
9/11/1974,154.5
9/12/1974,154.5
9/13/1974,154.5
9/14/1974,
9/15/1974,
9/16/1974,154.5
9/17/1974,154.5
9/18/1974,147.75
9/19/1974,147.75
9/20/1974,147.75
9/21/1974,
9/22/1974,
9/23/1974,147.75
9/24/1974,147.75
9/25/1974,147.5
9/26/1974,147.5
9/27/1974,147.5
9/28/1974,
9/29/1974,
9/30/1974,147.5
10/1/1974,147.5
10/2/1974,155.75
10/3/1974,155.75
10/4/1974,155.75
10/5/1974,
10/6/1974,
10/7/1974,155.75
10/8/1974,155.75
10/9/1974,155.1
10/10/1974,155.1
10/11/1974,155.1
10/12/1974,
10/13/1974,
10/14/1974,155.1
10/15/1974,155.1
10/16/1974,155
10/17/1974,155
10/18/1974,155
10/19/1974,
10/20/1974,
10/21/1974,155
10/22/1974,155
10/23/1974,158
10/24/1974,158
10/25/1974,158
10/26/1974,
10/27/1974,
10/28/1974,158
10/29/1974,158
10/30/1974,168.25
10/31/1974,168.25
11/1/1974,168.25
11/2/1974,
11/3/1974,
11/4/1974,168.25
11/5/1974,168.25
11/6/1974,173.75
11/7/1974,173.75
11/8/1974,173.75
11/9/1974,
11/10/1974,
11/11/1974,173.75
11/12/1974,173.75
11/13/1974,180
11/14/1974,180
11/15/1974,180
11/16/1974,
11/17/1974,
11/18/1974,180
11/19/1974,180
11/20/1974,187.75
11/21/1974,187.75
11/22/1974,187.75
11/23/1974,
11/24/1974,
11/25/1974,187.75
11/26/1974,187.75
11/27/1974,186
11/28/1974,186
11/29/1974,186
11/30/1974,
12/1/1974,
12/2/1974,186
12/3/1974,186
12/4/1974,175
12/5/1974,175
12/6/1974,175
12/7/1974,
12/8/1974,
12/9/1974,175
12/10/1974,175
12/11/1974,178
12/12/1974,178
12/13/1974,178
12/14/1974,
12/15/1974,
12/16/1974,178
12/17/1974,178
12/18/1974,188.5
12/19/1974,188.5
12/20/1974,188.5
12/21/1974,
12/22/1974,
12/23/1974,188.5
12/24/1974,188.5
12/25/1974,193
12/26/1974,193
12/27/1974,193
12/28/1974,
12/29/1974,
12/30/1974,193
12/31/1974,193
1/1/1975,193
1/2/1975,193
1/3/1975,193
1/4/1975,
1/5/1975,
1/6/1975,193
1/7/1975,193
1/8/1975,193
1/9/1975,193
1/10/1975,193
1/11/1975,
1/12/1975,
1/13/1975,193
1/14/1975,193
1/15/1975,193
1/16/1975,193
1/17/1975,193
1/18/1975,
1/19/1975,
1/20/1975,193
1/21/1975,193
1/22/1975,175.75
1/23/1975,175.75
1/24/1975,175.75
1/25/1975,
1/26/1975,
1/27/1975,175.75
1/28/1975,175.75
1/29/1975,176.5
1/30/1975,176.5
1/31/1975,176.5
2/1/1975,
2/2/1975,
2/3/1975,176.5
2/4/1975,176.5
2/5/1975,174.25
2/6/1975,174.25
2/7/1975,174.25
2/8/1975,
2/9/1975,
2/10/1975,174.25
2/11/1975,174.25
2/12/1975,174.5
2/13/1975,174.5
2/14/1975,174.5
2/15/1975,
2/16/1975,
2/17/1975,174.5
2/18/1975,174.5
2/19/1975,181
2/20/1975,181
2/21/1975,181
2/22/1975,
2/23/1975,
2/24/1975,181
2/25/1975,181
2/26/1975,185
2/27/1975,185
2/28/1975,185
3/1/1975,
3/2/1975,
3/3/1975,185
3/4/1975,185
3/5/1975,179.5
3/6/1975,179.5
3/7/1975,179.5
3/8/1975,
3/9/1975,
3/10/1975,179.5
3/11/1975,179.5
3/12/1975,178.9
3/13/1975,178.9
3/14/1975,178.9
3/15/1975,
3/16/1975,
3/17/1975,178.9
3/18/1975,178.9
3/19/1975,178.5
3/20/1975,178.5
3/21/1975,178.5
3/22/1975,
3/23/1975,
3/24/1975,178.5
3/25/1975,178.5
3/26/1975,176.75
3/27/1975,176.75
3/28/1975,176.75
3/29/1975,
3/30/1975,
3/31/1975,176.75
4/1/1975,176.75
4/2/1975,177.25
4/3/1975,177.25
4/4/1975,177.25
4/5/1975,
4/6/1975,
4/7/1975,177.25
4/8/1975,177.25
4/9/1975,174
4/10/1975,174
4/11/1975,174
4/12/1975,
4/13/1975,
4/14/1975,174
4/15/1975,174
4/16/1975,164
4/17/1975,164
4/18/1975,164
4/19/1975,
4/20/1975,
4/21/1975,164
4/22/1975,164
4/23/1975,165.5
4/24/1975,165.5
4/25/1975,165.5
4/26/1975,
4/27/1975,
4/28/1975,165.5
4/29/1975,165.5
4/30/1975,167.05
5/1/1975,167.05
5/2/1975,167.05
5/3/1975,
5/4/1975,
5/5/1975,167.05
5/6/1975,167.05
5/7/1975,164
5/8/1975,164
5/9/1975,164
5/10/1975,
5/11/1975,
5/12/1975,164
5/13/1975,164
5/14/1975,165.5
5/15/1975,165.5
5/16/1975,165.5
5/17/1975,
5/18/1975,
5/19/1975,165.5
5/20/1975,165.5
5/21/1975,166.75
5/22/1975,166.75
5/23/1975,166.75
5/24/1975,
5/25/1975,
5/26/1975,166.75
5/27/1975,166.75
5/28/1975,172
5/29/1975,172
5/30/1975,172
5/31/1975,
6/1/1975,
6/2/1975,172
6/3/1975,172
6/4/1975,165.25
6/5/1975,165.25
6/6/1975,165.25
6/7/1975,
6/8/1975,
6/9/1975,165.25
6/10/1975,165.25
6/11/1975,165.9
6/12/1975,165.9
6/13/1975,165.9
6/14/1975,
6/15/1975,
6/16/1975,165.9
6/17/1975,165.9
6/18/1975,164
6/19/1975,164
6/20/1975,164
6/21/1975,
6/22/1975,
6/23/1975,164
6/24/1975,164
6/25/1975,162.4
6/26/1975,162.4
6/27/1975,162.4
6/28/1975,
6/29/1975,
6/30/1975,162.4
7/1/1975,162.4
7/2/1975,166.5
7/3/1975,166.5
7/4/1975,166.5
7/5/1975,
7/6/1975,
7/7/1975,166.5
7/8/1975,166.5
7/9/1975,164
7/10/1975,164
7/11/1975,164
7/12/1975,
7/13/1975,
7/14/1975,164
7/15/1975,164
7/16/1975,165
7/17/1975,165
7/18/1975,165
7/19/1975,
7/20/1975,
7/21/1975,165
7/22/1975,165
7/23/1975,165.25
7/24/1975,165.25
7/25/1975,165.25
7/26/1975,
7/27/1975,
7/28/1975,165.25
7/29/1975,165.25
7/30/1975,168.4
7/31/1975,168.4
8/1/1975,168.4
8/2/1975,
8/3/1975,
8/4/1975,168.4
8/5/1975,168.4
8/6/1975,166.05
8/7/1975,166.05
8/8/1975,166.05
8/9/1975,
8/10/1975,
8/11/1975,166.05
8/12/1975,166.05
8/13/1975,163.5
8/14/1975,163.5
8/15/1975,163.5
8/16/1975,
8/17/1975,
8/18/1975,163.5
8/19/1975,163.5
8/20/1975,161.35
8/21/1975,161.35
8/22/1975,161.35
8/23/1975,
8/24/1975,
8/25/1975,161.35
8/26/1975,161.35
8/27/1975,161.85
8/28/1975,161.85
8/29/1975,161.85
8/30/1975,
8/31/1975,
9/1/1975,161.85
9/2/1975,161.85
9/3/1975,149.25
9/4/1975,149.25
9/5/1975,149.25
9/6/1975,
9/7/1975,
9/8/1975,149.25
9/9/1975,149.25
9/10/1975,148.5
9/11/1975,148.5
9/12/1975,148.5
9/13/1975,
9/14/1975,
9/15/1975,148.5
9/16/1975,148.5
9/17/1975,147.1
9/18/1975,147.1
9/19/1975,147.1
9/20/1975,
9/21/1975,
9/22/1975,147.1
9/23/1975,147.1
9/24/1975,128.75
9/25/1975,128.75
9/26/1975,128.75
9/27/1975,
9/28/1975,
9/29/1975,128.75
9/30/1975,128.75
10/1/1975,141.25
10/2/1975,141.25
10/3/1975,141.25
10/4/1975,
10/5/1975,
10/6/1975,141.25
10/7/1975,141.25
10/8/1975,142.5
10/9/1975,142.5
10/10/1975,142.5
10/11/1975,
10/12/1975,
10/13/1975,142.5
10/14/1975,142.5
10/15/1975,140.5
10/16/1975,140.5
10/17/1975,140.5
10/18/1975,
10/19/1975,
10/20/1975,140.5
10/21/1975,140.5
10/22/1975,146.25
10/23/1975,146.25
10/24/1975,146.25
10/25/1975,
10/26/1975,
10/27/1975,146.25
10/28/1975,146.25
10/29/1975,142.7
10/30/1975,142.7
10/31/1975,142.7
11/1/1975,
11/2/1975,
11/3/1975,142.7
11/4/1975,142.7
11/5/1975,144
11/6/1975,144
11/7/1975,144
11/8/1975,
11/9/1975,
11/10/1975,144
11/11/1975,144
11/12/1975,144.25
11/13/1975,144.25
11/14/1975,144.25
11/15/1975,
11/16/1975,
11/17/1975,144.25
11/18/1975,144.25
11/19/1975,139.25
11/20/1975,139.25
11/21/1975,139.25
11/22/1975,
11/23/1975,
11/24/1975,139.25
11/25/1975,139.25
11/26/1975,141.4
11/27/1975,141.4
11/28/1975,141.4
11/29/1975,
11/30/1975,
12/1/1975,141.4
12/2/1975,141.4
12/3/1975,139.3
12/4/1975,139.3
12/5/1975,139.3
12/6/1975,
12/7/1975,
12/8/1975,139.3
12/9/1975,139.3
12/10/1975,137.25
12/11/1975,137.25
12/12/1975,137.25
12/13/1975,
12/14/1975,
12/15/1975,137.25
12/16/1975,137.25
12/17/1975,138.8
12/18/1975,138.8
12/19/1975,138.8
12/20/1975,
12/21/1975,
12/22/1975,138.8
12/23/1975,138.8
12/24/1975,140.8
12/25/1975,140.8
12/26/1975,140.8
12/27/1975,
12/28/1975,
12/29/1975,140.8
12/30/1975,140.8
12/31/1975,140.75
1/1/1976,140.75
1/2/1976,140.75
1/3/1976,
1/4/1976,
1/5/1976,140.75
1/6/1976,140.75
1/7/1976,139
1/8/1976,139
1/9/1976,139
1/10/1976,
1/11/1976,
1/12/1976,139
1/13/1976,139
1/14/1976,132
1/15/1976,132
1/16/1976,132
1/17/1976,
1/18/1976,
1/19/1976,132
1/20/1976,132
1/21/1976,124.6
1/22/1976,124.6
1/23/1976,124.6
1/24/1976,
1/25/1976,
1/26/1976,124.6
1/27/1976,124.6
1/28/1976,126.25
1/29/1976,126.25
1/30/1976,126.25
1/31/1976,
2/1/1976,
2/2/1976,126.25
2/3/1976,126.25
2/4/1976,131.75
2/5/1976,131.75
2/6/1976,131.75
2/7/1976,
2/8/1976,
2/9/1976,131.75
2/10/1976,131.75
2/11/1976,129.5
2/12/1976,129.5
2/13/1976,129.5
2/14/1976,
2/15/1976,
2/16/1976,129.5
2/17/1976,129.5
2/18/1976,130.15
2/19/1976,130.15
2/20/1976,130.15
2/21/1976,
2/22/1976,
2/23/1976,130.15
2/24/1976,130.15
2/25/1976,132.45
2/26/1976,132.45
2/27/1976,132.45
2/28/1976,
2/29/1976,
3/1/1976,132.45
3/2/1976,132.45
3/3/1976,131.4
3/4/1976,131.4
3/5/1976,131.4
3/6/1976,
3/7/1976,
3/8/1976,131.4
3/9/1976,131.4
3/10/1976,132.9
3/11/1976,132.9
3/12/1976,132.9
3/13/1976,
3/14/1976,
3/15/1976,132.9
3/16/1976,132.9
3/17/1976,132.5
3/18/1976,132.5
3/19/1976,132.5
3/20/1976,
3/21/1976,
3/22/1976,132.5
3/23/1976,132.5
3/24/1976,133.1
3/25/1976,133.1
3/26/1976,133.1
3/27/1976,
3/28/1976,
3/29/1976,133.1
3/30/1976,133.1
3/31/1976,128.7
4/1/1976,128.7
4/2/1976,128.7
4/3/1976,
4/4/1976,
4/5/1976,128.7
4/6/1976,128.7
4/7/1976,128.3
4/8/1976,128.3
4/9/1976,128.3
4/10/1976,
4/11/1976,
4/12/1976,128.3
4/13/1976,128.3
4/14/1976,128.1
4/15/1976,128.1
4/16/1976,128.1
4/17/1976,
4/18/1976,
4/19/1976,128.1
4/20/1976,128.1
4/21/1976,127.85
4/22/1976,127.85
4/23/1976,127.85
4/24/1976,
4/25/1976,
4/26/1976,127.85
4/27/1976,127.85
4/28/1976,128.7
4/29/1976,128.7
4/30/1976,128.7
5/1/1976,
5/2/1976,
5/3/1976,128.7
5/4/1976,128.7
5/5/1976,127.75
5/6/1976,127.75
5/7/1976,127.75
5/8/1976,
5/9/1976,
5/10/1976,127.75
5/11/1976,127.75
5/12/1976,127.85
5/13/1976,127.85
5/14/1976,127.85
5/15/1976,
5/16/1976,
5/17/1976,127.85
5/18/1976,127.85
5/19/1976,127.5
5/20/1976,127.5
5/21/1976,127.5
5/22/1976,
5/23/1976,
5/24/1976,127.5
5/25/1976,127.5
5/26/1976,124.5
5/27/1976,124.5
5/28/1976,124.5
5/29/1976,
5/30/1976,
5/31/1976,124.5
6/1/1976,124.5
6/2/1976,126.65
6/3/1976,126.65
6/4/1976,126.65
6/5/1976,
6/6/1976,
6/7/1976,126.65
6/8/1976,126.65
6/9/1976,127.4
6/10/1976,127.4
6/11/1976,127.4
6/12/1976,
6/13/1976,
6/14/1976,127.4
6/15/1976,127.4
6/16/1976,125.7
6/17/1976,125.7
6/18/1976,125.7
6/19/1976,
6/20/1976,
6/21/1976,125.7
6/22/1976,125.7
6/23/1976,125.2
6/24/1976,125.2
6/25/1976,125.2
6/26/1976,
6/27/1976,
6/28/1976,125.2
6/29/1976,125.2
6/30/1976,123.7
7/1/1976,123.7
7/2/1976,123.7
7/3/1976,
7/4/1976,
7/5/1976,123.7
7/6/1976,123.7
7/7/1976,123.3
7/8/1976,123.3
7/9/1976,123.3
7/10/1976,
7/11/1976,
7/12/1976,123.3
7/13/1976,123.3
7/14/1976,122.25
7/15/1976,122.25
7/16/1976,122.25
7/17/1976,
7/18/1976,
7/19/1976,122.25
7/20/1976,122.25
7/21/1976,107.75
7/22/1976,107.75
7/23/1976,107.75
7/24/1976,
7/25/1976,
7/26/1976,107.75
7/27/1976,107.75
7/28/1976,114.15
7/29/1976,114.15
7/30/1976,114.15
7/31/1976,
8/1/1976,
8/2/1976,112.63
8/3/1976,111.88
8/4/1976,112.13
8/5/1976,113.38
8/6/1976,112.38
8/7/1976,
8/8/1976,
8/9/1976,112.63
8/10/1976,112.63
8/11/1976,113.38
8/12/1976,113.63
8/13/1976,113.38
8/14/1976,
8/15/1976,
8/16/1976,113.38
8/17/1976,113.13
8/18/1976,111.88
8/19/1976,108.63
8/20/1976,109.38
8/21/1976,
8/22/1976,
8/23/1976,108.88
8/24/1976,106.13
8/25/1976,104.63
8/26/1976,104.63
8/27/1976,104.63
8/28/1976,
8/29/1976,
8/30/1976,104.63
8/31/1976,104.38
9/1/1976,105.63
9/2/1976,106.13
9/3/1976,107.13
9/4/1976,
9/5/1976,
9/6/1976,115
9/7/1976,110.5
9/8/1976,111.5
9/9/1976,112.5
9/10/1976,116.5
9/11/1976,
9/12/1976,
9/13/1976,114.5
9/14/1976,111.5
9/15/1976,111.75
9/16/1976,115.25
9/17/1976,118.5
9/18/1976,
9/19/1976,
9/20/1976,115.25
9/21/1976,119.5
9/22/1976,118
9/23/1976,118.25
9/24/1976,119.25
9/25/1976,
9/26/1976,
9/27/1976,118.5
9/28/1976,116.75
9/29/1976,116.25
9/30/1976,116.25
10/1/1976,116.13
10/2/1976,
10/3/1976,
10/4/1976,114.38
10/5/1976,114.63
10/6/1976,115.38
10/7/1976,115.63
10/8/1976,114.13
10/9/1976,
10/10/1976,
10/11/1976,114.63
10/12/1976,114.63
10/13/1976,114.88
10/14/1976,114.88
10/15/1976,116.13
10/16/1976,
10/17/1976,
10/18/1976,116.38
10/19/1976,115.63
10/20/1976,115.13
10/21/1976,116.13
10/22/1976,115.88
10/23/1976,
10/24/1976,
10/25/1976,116.13
10/26/1976,117.63
10/27/1976,117.88
10/28/1976,123
10/29/1976,124
10/30/1976,
10/31/1976,
11/1/1976,122.88
11/2/1976,122.63
11/3/1976,125.63
11/4/1976,124.88
11/5/1976,126.88
11/6/1976,
11/7/1976,
11/8/1976,131.75
11/9/1976,131.38
11/10/1976,136.5
11/11/1976,134
11/12/1976,135.75
11/13/1976,
11/14/1976,
11/15/1976,139.25
11/16/1976,133.75
11/17/1976,132
11/18/1976,128.75
11/19/1976,130.5
11/20/1976,
11/21/1976,
11/22/1976,135
11/23/1976,132.75
11/24/1976,130.75
11/25/1976,130.75
11/26/1976,130.5
11/27/1976,
11/28/1976,
11/29/1976,129.75
11/30/1976,130.5
12/1/1976,130.63
12/2/1976,130.88
12/3/1976,131.13
12/4/1976,
12/5/1976,
12/6/1976,134.63
12/7/1976,134.13
12/8/1976,136.13
12/9/1976,136.13
12/10/1976,138.13
12/11/1976,
12/12/1976,
12/13/1976,135.13
12/14/1976,135.38
12/15/1976,134.88
12/16/1976,133.88
12/17/1976,131.88
12/18/1976,
12/19/1976,
12/20/1976,132.13
12/21/1976,133.63
12/22/1976,133.63
12/23/1976,132.63
12/24/1976,133.13
12/25/1976,
12/26/1976,
12/27/1976,133.13
12/28/1976,133.13
12/29/1976,134.38
12/30/1976,135.13
12/31/1976,134.63
1/1/1977,
1/2/1977,
1/3/1977,134.63
1/4/1977,135.63
1/5/1977,133.38
1/6/1977,132.63
1/7/1977,132.88
1/8/1977,
1/9/1977,
1/10/1977,131.38
1/11/1977,129.13
1/12/1977,130.63
1/13/1977,130.63
1/14/1977,131.63
1/15/1977,
1/16/1977,
1/17/1977,132.38
1/18/1977,133.13
1/19/1977,132.88
1/20/1977,132.13
1/21/1977,131.88
1/22/1977,
1/23/1977,
1/24/1977,131.88
1/25/1977,134.13
1/26/1977,132.38
1/27/1977,132.38
1/28/1977,131.63
1/29/1977,
1/30/1977,
1/31/1977,132.38
2/1/1977,132.63
2/2/1977,132.13
2/3/1977,132.88
2/4/1977,132.38
2/5/1977,
2/6/1977,
2/7/1977,134.38
2/8/1977,134.38
2/9/1977,136.63
2/10/1977,135.63
2/11/1977,135.13
2/12/1977,
2/13/1977,
2/14/1977,136.38
2/15/1977,135.88
2/16/1977,136.13
2/17/1977,136.13
2/18/1977,136.63
2/19/1977,
2/20/1977,
2/21/1977,137.63
2/22/1977,137.88
2/23/1977,139.63
2/24/1977,140
2/25/1977,140.13
2/26/1977,
2/27/1977,
2/28/1977,143.13
3/1/1977,141.63
3/2/1977,144.63
3/3/1977,144.88
3/4/1977,145.88
3/5/1977,
3/6/1977,
3/7/1977,148.63
3/8/1977,146.63
3/9/1977,146.63
3/10/1977,146.63
3/11/1977,146.13
3/12/1977,
3/13/1977,
3/14/1977,144.88
3/15/1977,146.63
3/16/1977,147.88
3/17/1977,148.88
3/18/1977,149.88
3/19/1977,
3/20/1977,
3/21/1977,151.88
3/22/1977,150.88
3/23/1977,153.63
3/24/1977,152.67
3/25/1977,153.67
3/26/1977,
3/27/1977,
3/28/1977,149.88
3/29/1977,147.88
3/30/1977,149.69
3/31/1977,148.88
4/1/1977,149.13
4/2/1977,
4/3/1977,
4/4/1977,150.38
4/5/1977,148.38
4/6/1977,148.67
4/7/1977,148.88
4/8/1977,148.88
4/9/1977,
4/10/1977,
4/11/1977,148.88
4/12/1977,149.88
4/13/1977,151.38
4/14/1977,151.88
4/15/1977,150.88
4/16/1977,
4/17/1977,
4/18/1977,151.38
4/19/1977,150.88
4/20/1977,149.13
4/21/1977,148.63
4/22/1977,150.13
4/23/1977,
4/24/1977,
4/25/1977,148.38
4/26/1977,147.13
4/27/1977,147.63
4/28/1977,146.63
4/29/1977,147.38
4/30/1977,
5/1/1977,
5/2/1977,147.38
5/3/1977,147.88
5/4/1977,147.88
5/5/1977,146.88
5/6/1977,148.63
5/7/1977,
5/8/1977,
5/9/1977,147.38
5/10/1977,147.38
5/11/1977,147.88
5/12/1977,146.63
5/13/1977,148.13
5/14/1977,
5/15/1977,
5/16/1977,147.88
5/17/1977,147.88
5/18/1977,146.88
5/19/1977,147.38
5/20/1977,147.38
5/21/1977,
5/22/1977,
5/23/1977,147.38
5/24/1977,145.13
5/25/1977,144.38
5/26/1977,144.38
5/27/1977,143.63
5/28/1977,
5/29/1977,
5/30/1977,144.13
5/31/1977,143.2
6/1/1977,143.57
6/2/1977,142.13
6/3/1977,141.88
6/4/1977,
6/5/1977,
6/6/1977,141.88
6/7/1977,141.88
6/8/1977,142.63
6/9/1977,140.88
6/10/1977,140.63
6/11/1977,
6/12/1977,
6/13/1977,140.25
6/14/1977,137.63
6/15/1977,139.13
6/16/1977,139.63
6/17/1977,139.13
6/18/1977,
6/19/1977,
6/20/1977,139.88
6/21/1977,141.38
6/22/1977,139.38
6/23/1977,140.38
6/24/1977,140.63
6/25/1977,
6/26/1977,
6/27/1977,142.88
6/28/1977,142.63
6/29/1977,142.63
6/30/1977,143.13
7/1/1977,142.38
7/2/1977,
7/3/1977,
7/4/1977,140.88
7/5/1977,141.38
7/6/1977,140.88
7/7/1977,141.63
7/8/1977,142.13
7/9/1977,
7/10/1977,
7/11/1977,141.38
7/12/1977,141.88
7/13/1977,143.38
7/14/1977,143.88
7/15/1977,144.38
7/16/1977,
7/17/1977,
7/18/1977,143.88
7/19/1977,145.63
7/20/1977,144.63
7/21/1977,143.88
7/22/1977,144.88
7/23/1977,
7/24/1977,
7/25/1977,146.38
7/26/1977,145.88
7/27/1977,145.63
7/28/1977,144.63
7/29/1977,144.38
7/30/1977,
7/31/1977,
8/1/1977,144.38
8/2/1977,145.63
8/3/1977,146.38
8/4/1977,146.38
8/5/1977,146.38
8/6/1977,
8/7/1977,
8/8/1977,145.88
8/9/1977,146.63
8/10/1977,146.13
8/11/1977,145.38
8/12/1977,145.13
8/13/1977,
8/14/1977,
8/15/1977,144.13
8/16/1977,143.38
8/17/1977,143.88
8/18/1977,144.13
8/19/1977,150
8/20/1977,
8/21/1977,
8/22/1977,149.25
8/23/1977,148.5
8/24/1977,144.13
8/25/1977,144.63
8/26/1977,145.13
8/27/1977,
8/28/1977,
8/29/1977,145.13
8/30/1977,146.38
8/31/1977,146.13
9/1/1977,145.63
9/2/1977,146.38
9/3/1977,
9/4/1977,
9/5/1977,147.88
9/6/1977,147.38
9/7/1977,148.13
9/8/1977,147.63
9/9/1977,147.63
9/10/1977,
9/11/1977,
9/12/1977,148.38
9/13/1977,147.63
9/14/1977,148.13
9/15/1977,147.88
9/16/1977,148.38
9/17/1977,
9/18/1977,
9/19/1977,149.63
9/20/1977,150.63
9/21/1977,151.13
9/22/1977,151.38
9/23/1977,150.88
9/24/1977,
9/25/1977,
9/26/1977,153.13
9/27/1977,152.63
9/28/1977,153.88
9/29/1977,153.13
9/30/1977,154.38
10/1/1977,
10/2/1977,
10/3/1977,155.38
10/4/1977,155.13
10/5/1977,155.13
10/6/1977,154.38
10/7/1977,154.13
10/8/1977,
10/9/1977,
10/10/1977,157.13
10/11/1977,156.88
10/12/1977,158.13
10/13/1977,157.88
10/14/1977,158.38
10/15/1977,
10/16/1977,
10/17/1977,160.13
10/18/1977,160.38
10/19/1977,161.38
10/20/1977,159.88
10/21/1977,160.88
10/22/1977,
10/23/1977,
10/24/1977,163.88
10/25/1977,163.13
10/26/1977,162.88
10/27/1977,162.13
10/28/1977,161.13
10/29/1977,
10/30/1977,
10/31/1977,161.63
11/1/1977,162.13
11/2/1977,161.38
11/3/1977,164.38
11/4/1977,165.88
11/5/1977,
11/6/1977,
11/7/1977,166.63
11/8/1977,165.88
11/9/1977,167.88
11/10/1977,166.88
11/11/1977,167.63
11/12/1977,
11/13/1977,
11/14/1977,165.38
11/15/1977,161.38
11/16/1977,159.13
11/17/1977,159.38
11/18/1977,161.63
11/19/1977,
11/20/1977,
11/21/1977,157.38
11/22/1977,156.88
11/23/1977,159.38
11/24/1977,158.38
11/25/1977,158.38
11/26/1977,
11/27/1977,
11/28/1977,161.63
11/29/1977,159.88
11/30/1977,160.13
12/1/1977,160.13
12/2/1977,158.63
12/3/1977,
12/4/1977,
12/5/1977,158.13
12/6/1977,159.88
12/7/1977,160.63
12/8/1977,161.38
12/9/1977,158.88
12/10/1977,
12/11/1977,
12/12/1977,158.13
12/13/1977,157.63
12/14/1977,160.13
12/15/1977,158.88
12/16/1977,160.38
12/17/1977,
12/18/1977,
12/19/1977,160.38
12/20/1977,159.63
12/21/1977,160.38
12/22/1977,159.88
12/23/1977,162.13
12/24/1977,
12/25/1977,
12/26/1977,162.13
12/27/1977,162.13
12/28/1977,164.88
12/29/1977,166.13
12/30/1977,165.13
12/31/1977,
1/1/1978,
1/2/1978,165.13
1/3/1978,169.25
1/4/1978,171.88
1/5/1978,166.13
1/6/1978,169.88
1/7/1978,
1/8/1978,
1/9/1978,171.13
1/10/1978,173.13
1/11/1978,172.38
1/12/1978,173.13
1/13/1978,172.63
1/14/1978,
1/15/1978,
1/16/1978,174.38
1/17/1978,172.88
1/18/1978,171.88
1/19/1978,173.38
1/20/1978,173.13
1/21/1978,
1/22/1978,
1/23/1978,175.63
1/24/1978,176.38
1/25/1978,177.38
1/26/1978,175.38
1/27/1978,176.38
1/28/1978,
1/29/1978,
1/30/1978,175.13
1/31/1978,175.88
2/1/1978,182.63
2/2/1978,174.63
2/3/1978,174.88
2/4/1978,
2/5/1978,
2/6/1978,175.63
2/7/1978,175.38
2/8/1978,174.63
2/9/1978,173.02
2/10/1978,175.13
2/11/1978,
2/12/1978,
2/13/1978,176.88
2/14/1978,177.13
2/15/1978,178.88
2/16/1978,179.63
2/17/1978,179.38
2/18/1978,
2/19/1978,
2/20/1978,182.38
2/21/1978,181.13
2/22/1978,181.38
2/23/1978,183.13
2/24/1978,180.38
2/25/1978,
2/26/1978,
2/27/1978,181.13
2/28/1978,182.63
3/1/1978,182.63
3/2/1978,184.38
3/3/1978,183.88
3/4/1978,
3/5/1978,
3/6/1978,184.75
3/7/1978,186.88
3/8/1978,189.63
3/9/1978,188.63
3/10/1978,186.13
3/11/1978,
3/12/1978,
3/13/1978,187.38
3/14/1978,188
3/15/1978,186.13
3/16/1978,183.63
3/17/1978,183.63
3/18/1978,
3/19/1978,
3/20/1978,179.63
3/21/1978,177.38
3/22/1978,180.38
3/23/1978,179.38
3/24/1978,179.38
3/25/1978,
3/26/1978,
3/27/1978,179.38
3/28/1978,183.38
3/29/1978,181.13
3/30/1978,179.88
3/31/1978,183.63
4/1/1978,
4/2/1978,
4/3/1978,182.38
4/4/1978,179.63
4/5/1978,178.88
4/6/1978,180.13
4/7/1978,179.38
4/8/1978,
4/9/1978,
4/10/1978,178.88
4/11/1978,179.88
4/12/1978,179.38
4/13/1978,178.13
4/14/1978,178.38
4/15/1978,
4/16/1978,
4/17/1978,176.13
4/18/1978,173.63
4/19/1978,174.38
4/20/1978,168.88
4/21/1978,171.13
4/22/1978,
4/23/1978,
4/24/1978,168.63
4/25/1978,168.38
4/26/1978,168.38
4/27/1978,170.63
4/28/1978,170.63
4/29/1978,
4/30/1978,
5/1/1978,170.63
5/2/1978,169.13
5/3/1978,171.13
5/4/1978,173.88
5/5/1978,172.88
5/6/1978,
5/7/1978,
5/8/1978,172.38
5/9/1978,173.13
5/10/1978,174.13
5/11/1978,175.38
5/12/1978,174.63
5/13/1978,
5/14/1978,
5/15/1978,175.38
5/16/1978,175.38
5/17/1978,175.38
5/18/1978,177.63
5/19/1978,178.63
5/20/1978,
5/21/1978,
5/22/1978,179.38
5/23/1978,181.13
5/24/1978,180.13
5/25/1978,178.38
5/26/1978,179.88
5/27/1978,
5/28/1978,
5/29/1978,179.88
5/30/1978,182.88
5/31/1978,184.38
6/1/1978,183.38
6/2/1978,185.38
6/3/1978,
6/4/1978,
6/5/1978,182.63
6/6/1978,181.38
6/7/1978,183.13
6/8/1978,182.63
6/9/1978,181.63
6/10/1978,
6/11/1978,
6/12/1978,181.63
6/13/1978,182.63
6/14/1978,183.88
6/15/1978,182.63
6/16/1978,184.88
6/17/1978,
6/18/1978,
6/19/1978,185.13
6/20/1978,186.38
6/21/1978,186.88
6/22/1978,185.13
6/23/1978,186.13
6/24/1978,
6/25/1978,
6/26/1978,185.13
6/27/1978,184.88
6/28/1978,185.38
6/29/1978,184.38
6/30/1978,183.38
7/1/1978,
7/2/1978,
7/3/1978,184
7/4/1978,184.88
7/5/1978,184.38
7/6/1978,182.63
7/7/1978,183.88
7/8/1978,
7/9/1978,
7/10/1978,186.88
7/11/1978,185.63
7/12/1978,186.63
7/13/1978,186.38
7/14/1978,185.88
7/15/1978,
7/16/1978,
7/17/1978,184.38
7/18/1978,184.88
7/19/1978,185.88
7/20/1978,187.63
7/21/1978,191.88
7/22/1978,
7/23/1978,
7/24/1978,195.13
7/25/1978,194.38
7/26/1978,194.38
7/27/1978,194.13
7/28/1978,201.63
7/29/1978,
7/30/1978,
7/31/1978,200.63
8/1/1978,202.88
8/2/1978,203.63
8/3/1978,202.63
8/4/1978,201.38
8/5/1978,
8/6/1978,
8/7/1978,203.88
8/8/1978,206.88
8/9/1978,207.13
8/10/1978,207.63
8/11/1978,211.13
8/12/1978,
8/13/1978,
8/14/1978,214.63
8/15/1978,213.38
8/16/1978,214.75
8/17/1978,208.38
8/18/1978,210.38
8/19/1978,
8/20/1978,
8/21/1978,205.63
8/22/1978,206.63
8/23/1978,200.38
8/24/1978,202.63
8/25/1978,198.38
8/26/1978,
8/27/1978,
8/28/1978,198.38
8/29/1978,204.75
8/30/1978,206.38
8/31/1978,208.13
9/1/1978,208.88
9/2/1978,
9/3/1978,
9/4/1978,211.38
9/5/1978,209.88
9/6/1978,213.13
9/7/1978,211.13
9/8/1978,205.38
9/9/1978,
9/10/1978,
9/11/1978,207.13
9/12/1978,207.63
9/13/1978,210.63
9/14/1978,210.88
9/15/1978,211.88
9/16/1978,
9/17/1978,
9/18/1978,208.38
9/19/1978,212.88
9/20/1978,213.88
9/21/1978,215.88
9/22/1978,214.88
9/23/1978,
9/24/1978,
9/25/1978,219.88
9/26/1978,217.38
9/27/1978,215.38
9/28/1978,217.38
9/29/1978,217.38
9/30/1978,
10/1/1978,
10/2/1978,217.63
10/3/1978,222.13
10/4/1978,222.38
10/5/1978,223.63
10/6/1978,223.38
10/7/1978,
10/8/1978,
10/9/1978,221.88
10/10/1978,225.63
10/11/1978,226.88
10/12/1978,227.13
10/13/1978,224.88
10/14/1978,
10/15/1978,
10/16/1978,224.38
10/17/1978,228.13
10/18/1978,228.63
10/19/1978,226.63
10/20/1978,228.13
10/21/1978,
10/22/1978,
10/23/1978,227.63
10/24/1978,226.63
10/25/1978,230.38
10/26/1978,225.13
10/27/1978,234.38
10/28/1978,
10/29/1978,
10/30/1978,239.38
10/31/1978,241.13
11/1/1978,227
11/2/1978,221.38
11/3/1978,215.38
11/4/1978,
11/5/1978,
11/6/1978,210.88
11/7/1978,216.38
11/8/1978,219.38
11/9/1978,219.88
11/10/1978,207.63
11/11/1978,
11/12/1978,
11/13/1978,210.13
11/14/1978,210.38
11/15/1978,203.88
11/16/1978,196
11/17/1978,198.63
11/18/1978,
11/19/1978,
11/20/1978,199.88
11/21/1978,200.5
11/22/1978,200.63
11/23/1978,202.63
11/24/1978,201.63
11/25/1978,
11/26/1978,
11/27/1978,197.88
11/28/1978,195.38
11/29/1978,196.5
11/30/1978,193.38
12/1/1978,194.25
12/2/1978,
12/3/1978,
12/4/1978,199.38
12/5/1978,197.63
12/6/1978,196.38
12/7/1978,198.63
12/8/1978,202.38
12/9/1978,
12/10/1978,
12/11/1978,207.88
12/12/1978,204.88
12/13/1978,202.88
12/14/1978,203.88
12/15/1978,207.13
12/16/1978,
12/17/1978,
12/18/1978,212.88
12/19/1978,216.5
12/20/1978,215.63
12/21/1978,213.38
12/22/1978,215.38
12/23/1978,
12/24/1978,
12/25/1978,215.38
12/26/1978,215.38
12/27/1978,222.63
12/28/1978,221.63
12/29/1978,226.38
12/30/1978,
12/31/1978,
1/1/1979,226.38
1/2/1979,225.5
1/3/1979,219.38
1/4/1979,225.63
1/5/1979,224.88
1/6/1979,
1/7/1979,
1/8/1979,225.38
1/9/1979,222.88
1/10/1979,220.88
1/11/1979,221.88
1/12/1979,217.88
1/13/1979,
1/14/1979,
1/15/1979,216.63
1/16/1979,221.38
1/17/1979,228.63
1/18/1979,228.63
1/19/1979,229.63
1/20/1979,
1/21/1979,
1/22/1979,234.13
1/23/1979,230.63
1/24/1979,236.88
1/25/1979,235.38
1/26/1979,235.13
1/27/1979,
1/28/1979,
1/29/1979,236.13
1/30/1979,231.38
1/31/1979,233.88
2/1/1979,231.63
2/2/1979,231.38
2/3/1979,
2/4/1979,
2/5/1979,244.63
2/6/1979,244.13
2/7/1979,250.5
2/8/1979,250.5
2/9/1979,243
2/10/1979,
2/11/1979,
2/12/1979,244.75
2/13/1979,241.38
2/14/1979,240.38
2/15/1979,247.63
2/16/1979,246.38
2/17/1979,
2/18/1979,
2/19/1979,248.38
2/20/1979,248.13
2/21/1979,250.38
2/22/1979,253.63
2/23/1979,251.88
2/24/1979,
2/25/1979,
2/26/1979,251.88
2/27/1979,247.63
2/28/1979,251.63
3/1/1979,249.13
3/2/1979,247.13
3/3/1979,
3/4/1979,
3/5/1979,238.25
3/6/1979,239.13
3/7/1979,241.13
3/8/1979,239.13
3/9/1979,240.88
3/10/1979,
3/11/1979,
3/12/1979,238.88
3/13/1979,240.13
3/14/1979,239.63
3/15/1979,239.88
3/16/1979,244.38
3/17/1979,
3/18/1979,
3/19/1979,242.88
3/20/1979,243.13
3/21/1979,240.63
3/22/1979,242.13
3/23/1979,243.63
3/24/1979,
3/25/1979,
3/26/1979,245.63
3/27/1979,243.63
3/28/1979,244.63
3/29/1979,241.38
3/30/1979,238.63
3/31/1979,
4/1/1979,
4/2/1979,239.63
4/3/1979,240.63
4/4/1979,239.13
4/5/1979,241.13
4/6/1979,239.63
4/7/1979,
4/8/1979,
4/9/1979,240.38
4/10/1979,239.13
4/11/1979,236.38
4/12/1979,233.63
4/13/1979,233.63
4/14/1979,
4/15/1979,
4/16/1979,233.63
4/17/1979,232.13
4/18/1979,237.88
4/19/1979,240.38
4/20/1979,236.13
4/21/1979,
4/22/1979,
4/23/1979,236.63
4/24/1979,241.38
4/25/1979,242.63
4/26/1979,242.63
4/27/1979,244.88
4/28/1979,
4/29/1979,
4/30/1979,246.38
5/1/1979,246.38
5/2/1979,246.88
5/3/1979,246.63
5/4/1979,248.63
5/5/1979,
5/6/1979,
5/7/1979,248.63
5/8/1979,247.63
5/9/1979,247.63
5/10/1979,252.38
5/11/1979,250.88
5/12/1979,
5/13/1979,
5/14/1979,251.38
5/15/1979,254.38
5/16/1979,256.38
5/17/1979,256.88
5/18/1979,256.88
5/19/1979,
5/20/1979,
5/21/1979,263.88
5/22/1979,265.88
5/23/1979,264.13
5/24/1979,264.63
5/25/1979,270.63
5/26/1979,
5/27/1979,
5/28/1979,270.63
5/29/1979,273.38
5/30/1979,270.63
5/31/1979,275.63
6/1/1979,275.63
6/2/1979,
6/3/1979,
6/4/1979,275.13
6/5/1979,279.13
6/6/1979,278.88
6/7/1979,277.13
6/8/1979,279.63
6/9/1979,
6/10/1979,
6/11/1979,282.13
6/12/1979,278.38
6/13/1979,276.88
6/14/1979,278.88
6/15/1979,280.13
6/16/1979,
6/17/1979,
6/18/1979,278.13
6/19/1979,280.88
6/20/1979,281.63
6/21/1979,282.38
6/22/1979,282.63
6/23/1979,
6/24/1979,
6/25/1979,283.38
6/26/1979,281.88
6/27/1979,281.88
6/28/1979,277.38
6/29/1979,279.88
6/30/1979,
7/1/1979,
7/2/1979,282.13
7/3/1979,282.13
7/4/1979,283.63
7/5/1979,287.88
7/6/1979,289.88
7/7/1979,
7/8/1979,
7/9/1979,288.13
7/10/1979,291.13
7/11/1979,289.63
7/12/1979,290.88
7/13/1979,288.13
7/14/1979,
7/15/1979,
7/16/1979,292.88
7/17/1979,297.88
7/18/1979,301.38
7/19/1979,299.13
7/20/1979,298.63
7/21/1979,
7/22/1979,
7/23/1979,304.63
7/24/1979,305.88
7/25/1979,303.88
7/26/1979,306.38
7/27/1979,305.88
7/28/1979,
7/29/1979,
7/30/1979,301.13
7/31/1979,298.88
8/1/1979,289.88
8/2/1979,288.88
8/3/1979,287.38
8/4/1979,
8/5/1979,
8/6/1979,282.13
8/7/1979,283.88
8/8/1979,283.88
8/9/1979,296.38
8/10/1979,302.38
8/11/1979,
8/12/1979,
8/13/1979,297.63
8/14/1979,296.63
8/15/1979,300.13
8/16/1979,298.13
8/17/1979,299.88
8/18/1979,
8/19/1979,
8/20/1979,298.63
8/21/1979,302.63
8/22/1979,309.38
8/23/1979,309.88
8/24/1979,313.38
8/25/1979,
8/26/1979,
8/27/1979,313.38
8/28/1979,314.88
8/29/1979,316.13
8/30/1979,319.38
8/31/1979,316.38
9/1/1979,
9/2/1979,
9/3/1979,322.88
9/4/1979,325.13
9/5/1979,329.38
9/6/1979,334.88
9/7/1979,331.38
9/8/1979,
9/9/1979,
9/10/1979,335.63
9/11/1979,339.38
9/12/1979,337.88
9/13/1979,334.13
9/14/1979,344.88
9/15/1979,
9/16/1979,
9/17/1979,353.63
9/18/1979,374
9/19/1979,372
9/20/1979,385.5
9/21/1979,369.5
9/22/1979,
9/23/1979,
9/24/1979,378.5
9/25/1979,377
9/26/1979,377
9/27/1979,395.5
9/28/1979,398
9/29/1979,
9/30/1979,
10/1/1979,414.25
10/2/1979,424
10/3/1979,397.5
10/4/1979,382.5
10/5/1979,387.5
10/6/1979,
10/7/1979,
10/8/1979,374.5
10/9/1979,391.5
10/10/1979,412
10/11/1979,397
10/12/1979,396.5
10/13/1979,
10/14/1979,
10/15/1979,400.5
10/16/1979,391.5
10/17/1979,383.5
10/18/1979,383.5
10/19/1979,391.5
10/20/1979,
10/21/1979,
10/22/1979,393
10/23/1979,385
10/24/1979,394.5
10/25/1979,392
10/26/1979,392
10/27/1979,
10/28/1979,
10/29/1979,374
10/30/1979,379
10/31/1979,382.5
11/1/1979,380
11/2/1979,372.75
11/3/1979,
11/4/1979,
11/5/1979,381
11/6/1979,384
11/7/1979,395.5
11/8/1979,390
11/9/1979,390.5
11/10/1979,
11/11/1979,
11/12/1979,393.5
11/13/1979,387.5
11/14/1979,390.5
11/15/1979,384
11/16/1979,390.5
11/17/1979,
11/18/1979,
11/19/1979,390.5
11/20/1979,388.5
11/21/1979,396.75
11/22/1979,392.75
11/23/1979,392.5
11/24/1979,
11/25/1979,
11/26/1979,394.75
11/27/1979,394.75
11/28/1979,409.5
11/29/1979,409
11/30/1979,415.75
12/1/1979,
12/2/1979,
12/3/1979,432.25
12/4/1979,429
12/5/1979,427
12/6/1979,433
12/7/1979,426
12/8/1979,
12/9/1979,
12/10/1979,431.5
12/11/1979,447.5
12/12/1979,447
12/13/1979,461
12/14/1979,457.25
12/15/1979,
12/16/1979,
12/17/1979,470
12/18/1979,479.5
12/19/1979,489
12/20/1979,469
12/21/1979,478
12/22/1979,
12/23/1979,
12/24/1979,478
12/25/1979,478
12/26/1979,478
12/27/1979,511
12/28/1979,510
12/29/1979,
12/30/1979,
12/31/1979,526.5
1/1/1980,526.5
1/2/1980,567.5
1/3/1980,623
1/4/1980,590
1/5/1980,
1/6/1980,
1/7/1980,630
1/8/1980,617
1/9/1980,610
1/10/1980,600.5
1/11/1980,623.5
1/12/1980,
1/13/1980,
1/14/1980,656.5
1/15/1980,687.5
1/16/1980,755
1/17/1980,760
1/18/1980,835
1/19/1980,
1/20/1980,
1/21/1980,825
1/22/1980,690
1/23/1980,700
1/24/1980,705
1/25/1980,670
1/26/1980,
1/27/1980,
1/28/1980,630.5
1/29/1980,670
1/30/1980,690
1/31/1980,650
2/1/1980,677.5
2/2/1980,
2/3/1980,
2/4/1980,667
2/5/1980,685.5
2/6/1980,717.5
2/7/1980,697.5
2/8/1980,697.5
2/9/1980,
2/10/1980,
2/11/1980,712.5
2/12/1980,697.5
2/13/1980,695
2/14/1980,667.5
2/15/1980,658.5
2/16/1980,
2/17/1980,
2/18/1980,662.5
2/19/1980,648.5
2/20/1980,627.5
2/21/1980,657.5
2/22/1980,629.5
2/23/1980,
2/24/1980,
2/25/1980,627.5
2/26/1980,640.5
2/27/1980,642.5
2/28/1980,641.5
2/29/1980,640.5
3/1/1980,
3/2/1980,
3/3/1980,637.5
3/4/1980,637.5
3/5/1980,646.5
3/6/1980,627.5
3/7/1980,613.5
3/8/1980,
3/9/1980,
3/10/1980,585.5
3/11/1980,568.5
3/12/1980,587.5
3/13/1980,555.5
3/14/1980,530
3/15/1980,
3/16/1980,
3/17/1980,479
3/18/1980,481
3/19/1980,520
3/20/1980,553
3/21/1980,529
3/22/1980,
3/23/1980,
3/24/1980,565.5
3/25/1980,540.5
3/26/1980,507.5
3/27/1980,473
3/28/1980,485
3/29/1980,
3/30/1980,
3/31/1980,504
4/1/1980,503
4/2/1980,501
4/3/1980,477.5
4/4/1980,477.5
4/5/1980,
4/6/1980,
4/7/1980,477.5
4/8/1980,539.5
4/9/1980,547.5
4/10/1980,527.5
4/11/1980,527.5
4/12/1980,
4/13/1980,
4/14/1980,524.5
4/15/1980,497.5
4/16/1980,529.5
4/17/1980,511.5
4/18/1980,512.5
4/19/1980,
4/20/1980,
4/21/1980,512.5
4/22/1980,505.5
4/23/1980,507.5
4/24/1980,522.5
4/25/1980,550.5
4/26/1980,
4/27/1980,
4/28/1980,525.5
4/29/1980,518.5
4/30/1980,514.5
5/1/1980,497.5
5/2/1980,512.5
5/3/1980,
5/4/1980,
5/5/1980,512.5
5/6/1980,512.5
5/7/1980,510.5
5/8/1980,516.5
5/9/1980,512.5
5/10/1980,
5/11/1980,
5/12/1980,513.5
5/13/1980,515
5/14/1980,525.5
5/15/1980,518.5
5/16/1980,516.5
5/17/1980,
5/18/1980,
5/19/1980,514.5
5/20/1980,507
5/21/1980,514
5/22/1980,502
5/23/1980,502
5/24/1980,
5/25/1980,
5/26/1980,502
5/27/1980,514.5
5/28/1980,523.5
5/29/1980,518.5
5/30/1980,535.5
5/31/1980,
6/1/1980,
6/2/1980,558.5
6/3/1980,553
6/4/1980,577
6/5/1980,587
6/6/1980,599
6/7/1980,
6/8/1980,
6/9/1980,626
6/10/1980,604
6/11/1980,602
6/12/1980,591
6/13/1980,607
6/14/1980,
6/15/1980,
6/16/1980,595
6/17/1980,591.5
6/18/1980,604.5
6/19/1980,600.5
6/20/1980,603.5
6/21/1980,
6/22/1980,
6/23/1980,596.5
6/24/1980,604.5
6/25/1980,625.5
6/26/1980,623.5
6/27/1980,637.5
6/28/1980,
6/29/1980,
6/30/1980,651.5
7/1/1980,660.5
7/2/1980,663.5
7/3/1980,663.5
7/4/1980,666.5
7/5/1980,
7/6/1980,
7/7/1980,676.5
7/8/1980,682.5
7/9/1980,663.5
7/10/1980,660.5
7/11/1980,669.5
7/12/1980,
7/13/1980,
7/14/1980,644.5
7/15/1980,620.5
7/16/1980,625.5
7/17/1980,625.5
7/18/1980,608.5
7/19/1980,
7/20/1980,
7/21/1980,618.5
7/22/1980,614.5
7/23/1980,631.5
7/24/1980,641.5
7/25/1980,650.5
7/26/1980,
7/27/1980,
7/28/1980,644.5
7/29/1980,648.5
7/30/1980,630.5
7/31/1980,617.19
8/1/1980,621.5
8/2/1980,
8/3/1980,
8/4/1980,629.5
8/5/1980,629.5
8/6/1980,627.5
8/7/1980,629.5
8/8/1980,633.5
8/9/1980,
8/10/1980,
8/11/1980,617.5
8/12/1980,610.5
8/13/1980,614.5
8/14/1980,626.5
8/15/1980,624.5
8/16/1980,
8/17/1980,
8/18/1980,612.5
8/19/1980,623.5
8/20/1980,624.5
8/21/1980,643.5
8/22/1980,637.5
8/23/1980,
8/24/1980,
8/25/1980,637.5
8/26/1980,631.5
8/27/1980,634.5
8/28/1980,635.5
8/29/1980,632.5
8/30/1980,
8/31/1980,
9/1/1980,628.5
9/2/1980,640.5
9/3/1980,637.5
9/4/1980,647.5
9/5/1980,651.5
9/6/1980,
9/7/1980,
9/8/1980,672.5
9/9/1980,669
9/10/1980,684.5
9/11/1980,681.5
9/12/1980,687.5
9/13/1980,
9/14/1980,
9/15/1980,669.5
9/16/1980,669.5
9/17/1980,675.5
9/18/1980,672.5
9/19/1980,677.5
9/20/1980,
9/21/1980,
9/22/1980,711.5
9/23/1980,716
9/24/1980,708.5
9/25/1980,695.5
9/26/1980,698.5
9/27/1980,
9/28/1980,
9/29/1980,681.5
9/30/1980,670.5
10/1/1980,676.5
10/2/1980,670.5
10/3/1980,663.5
10/4/1980,
10/5/1980,
10/6/1980,678.5
10/7/1980,678.5
10/8/1980,676.5
10/9/1980,689.5
10/10/1980,684.5
10/11/1980,
10/12/1980,
10/13/1980,676.5
10/14/1980,669.5
10/15/1980,678.5
10/16/1980,673.5
10/17/1980,666.5
10/18/1980,
10/19/1980,
10/20/1980,651.5
10/21/1980,652.5
10/22/1980,659.5
10/23/1980,636.5
10/24/1980,632.5
10/25/1980,
10/26/1980,
10/27/1980,635.5
10/28/1980,631.5
10/29/1980,643.5
10/30/1980,642.5
10/31/1980,629.5
11/1/1980,
11/2/1980,
11/3/1980,642.5
11/4/1980,646.5
11/5/1980,648.5
11/6/1980,625.5
11/7/1980,598.5
11/8/1980,
11/9/1980,
11/10/1980,612.5
11/11/1980,599.5
11/12/1980,622.5
11/13/1980,621.5
11/14/1980,611.5
11/15/1980,
11/16/1980,
11/17/1980,611.5
11/18/1980,619.5
11/19/1980,628.5
11/20/1980,630.5
11/21/1980,636.5
11/22/1980,
11/23/1980,
11/24/1980,629.5
11/25/1980,621.5
11/26/1980,624.5
11/27/1980,622.5
11/28/1980,622.5
11/29/1980,
11/30/1980,
12/1/1980,633.5
12/2/1980,622.5
12/3/1980,627.5
12/4/1980,630.5
12/5/1980,613.5
12/6/1980,
12/7/1980,
12/8/1980,616.25
12/9/1980,607.5
12/10/1980,582.5
12/11/1980,554.5
12/12/1980,560.5
12/13/1980,
12/14/1980,
12/15/1980,575.5
12/16/1980,557.5
12/17/1980,580.5
12/18/1980,574.5
12/19/1980,584.5
12/20/1980,
12/21/1980,
12/22/1980,595.5
12/23/1980,604.5
12/24/1980,604.5
12/25/1980,604.5
12/26/1980,604.5
12/27/1980,
12/28/1980,
12/29/1980,592.5
12/30/1980,586.5
12/31/1980,589.5
1/1/1981,589.5
1/2/1981,589.5
1/3/1981,
1/4/1981,
1/5/1981,599.5
1/6/1981,601.5
1/7/1981,577.5
1/8/1981,575
1/9/1981,577.5
1/10/1981,
1/11/1981,
1/12/1981,562.5
1/13/1981,564.5
1/14/1981,559.5
1/15/1981,573.5
1/16/1981,561.5
1/17/1981,
1/18/1981,
1/19/1981,567.5
1/20/1981,564.5
1/21/1981,577.5
1/22/1981,558.5
1/23/1981,552.5
1/24/1981,
1/25/1981,
1/26/1981,579.5
1/27/1981,517.5
1/28/1981,524.5
1/29/1981,490.5
1/30/1981,506.5
1/31/1981,
2/1/1981,
2/2/1981,496.5
2/3/1981,488.5
2/4/1981,505.5
2/5/1981,491.5
2/6/1981,502.5
2/7/1981,
2/8/1981,
2/9/1981,516.5
2/10/1981,514.5
2/11/1981,500.5
2/12/1981,486.5
2/13/1981,493.5
2/14/1981,
2/15/1981,
2/16/1981,490.5
2/17/1981,504.5
2/18/1981,497.5
2/19/1981,502.5
2/20/1981,507.5
2/21/1981,
2/22/1981,
2/23/1981,502.5
2/24/1981,501.5
2/25/1981,499.5
2/26/1981,491.5
2/27/1981,490.5
2/28/1981,
3/1/1981,
3/2/1981,466.5
3/3/1981,472.5
3/4/1981,464.5
3/5/1981,463.5
3/6/1981,468.5
3/7/1981,
3/8/1981,
3/9/1981,477.5
3/10/1981,485.5
3/11/1981,473.5
3/12/1981,476.5
3/13/1981,492.5
3/14/1981,
3/15/1981,
3/16/1981,498.5
3/17/1981,492.5
3/18/1981,509.5
3/19/1981,508.5
3/20/1981,517.5
3/21/1981,
3/22/1981,
3/23/1981,531.5
3/24/1981,540.5
3/25/1981,528.5
3/26/1981,539.5
3/27/1981,539.5
3/28/1981,
3/29/1981,
3/30/1981,522.5
3/31/1981,507.5
4/1/1981,517.5
4/2/1981,520.5
4/3/1981,523.5
4/4/1981,
4/5/1981,
4/6/1981,531.5
4/7/1981,512.5
4/8/1981,509.5
4/9/1981,498.5
4/10/1981,492.5
4/11/1981,
4/12/1981,
4/13/1981,471.5
4/14/1981,485.5
4/15/1981,474.5
4/16/1981,474.5
4/17/1981,474.5
4/18/1981,
4/19/1981,
4/20/1981,482.5
4/21/1981,484.5
4/22/1981,500.5
4/23/1981,491.5
4/24/1981,495.5
4/25/1981,
4/26/1981,
4/27/1981,483.5
4/28/1981,482.5
4/29/1981,477.5
4/30/1981,482
5/1/1981,489.5
5/2/1981,
5/3/1981,
5/4/1981,489.5
5/5/1981,476.5
5/6/1981,480.5
5/7/1981,478.5
5/8/1981,488.5
5/9/1981,
5/10/1981,
5/11/1981,491.5
5/12/1981,482.5
5/13/1981,483.5
5/14/1981,477.5
5/15/1981,484.5
5/16/1981,
5/17/1981,
5/18/1981,481.5
5/19/1981,479
5/20/1981,479
5/21/1981,474
5/22/1981,473.5
5/23/1981,
5/24/1981,
5/25/1981,473.5
5/26/1981,468
5/27/1981,467
5/28/1981,478.5
5/29/1981,479.5
5/30/1981,
5/31/1981,
6/1/1981,482.5
6/2/1981,476.5
6/3/1981,474
6/4/1981,461
6/5/1981,461.5
6/6/1981,
6/7/1981,
6/8/1981,472.5
6/9/1981,456.5
6/10/1981,465.5
6/11/1981,465.5
6/12/1981,471.5
6/13/1981,
6/14/1981,
6/15/1981,470.5
6/16/1981,462.5
6/17/1981,475.5
6/18/1981,459.5
6/19/1981,462
6/20/1981,
6/21/1981,
6/22/1981,462.5
6/23/1981,465.5
6/24/1981,463
6/25/1981,445.5
6/26/1981,444
6/27/1981,
6/28/1981,
6/29/1981,429.5
6/30/1981,427.5
7/1/1981,425.5
7/2/1981,414.5
7/3/1981,414
7/4/1981,
7/5/1981,
7/6/1981,404
7/7/1981,407
7/8/1981,398
7/9/1981,406
7/10/1981,418
7/11/1981,
7/12/1981,
7/13/1981,414
7/14/1981,401
7/15/1981,415
7/16/1981,417.5
7/17/1981,418
7/18/1981,
7/19/1981,
7/20/1981,412
7/21/1981,407
7/22/1981,407
7/23/1981,407.5
7/24/1981,408.5
7/25/1981,
7/26/1981,
7/27/1981,403.5
7/28/1981,402.5
7/29/1981,402.5
7/30/1981,403
7/31/1981,406
8/1/1981,
8/2/1981,
8/3/1981,392
8/4/1981,390
8/5/1981,392.5
8/6/1981,395.5
8/7/1981,399
8/8/1981,
8/9/1981,
8/10/1981,396
8/11/1981,405.5
8/12/1981,416
8/13/1981,405.5
8/14/1981,414
8/15/1981,
8/16/1981,
8/17/1981,412
8/18/1981,419.5
8/19/1981,433
8/20/1981,430
8/21/1981,431
8/22/1981,
8/23/1981,
8/24/1981,420
8/25/1981,409.5
8/26/1981,415
8/27/1981,412
8/28/1981,412
8/29/1981,
8/30/1981,
8/31/1981,427
9/1/1981,425
9/2/1981,429.5
9/3/1981,436
9/4/1981,438
9/5/1981,
9/6/1981,
9/7/1981,437
9/8/1981,438.5
9/9/1981,436.5
9/10/1981,452.5
9/11/1981,450
9/12/1981,
9/13/1981,
9/14/1981,451
9/15/1981,459
9/16/1981,451
9/17/1981,456.25
9/18/1981,447.5
9/19/1981,
9/20/1981,
9/21/1981,466
9/22/1981,464
9/23/1981,455.5
9/24/1981,448
9/25/1981,446.5
9/26/1981,
9/27/1981,
9/28/1981,423
9/29/1981,431
9/30/1981,430.5
10/1/1981,435
10/2/1981,435.75
10/3/1981,
10/4/1981,
10/5/1981,455.5
10/6/1981,450
10/7/1981,444.5
10/8/1981,446
10/9/1981,453
10/10/1981,
10/11/1981,
10/12/1981,448.5
10/13/1981,443.25
10/14/1981,444.5
10/15/1981,444.5
10/16/1981,445
10/17/1981,
10/18/1981,
10/19/1981,436
10/20/1981,437
10/21/1981,430
10/22/1981,432
10/23/1981,430.5
10/24/1981,
10/25/1981,
10/26/1981,425.5
10/27/1981,428
10/28/1981,431
10/29/1981,424
10/30/1981,428
10/31/1981,
11/1/1981,
11/2/1981,432
11/3/1981,428
11/4/1981,431.25
11/5/1981,429.25
11/6/1981,428
11/7/1981,
11/8/1981,
11/9/1981,429.5
11/10/1981,415
11/11/1981,412.75
11/12/1981,410.5
11/13/1981,412
11/14/1981,
11/15/1981,
11/16/1981,404.5
11/17/1981,399.5
11/18/1981,402.5
11/19/1981,398.5
11/20/1981,415
11/21/1981,
11/22/1981,
11/23/1981,395.5
11/24/1981,400
11/25/1981,410.25
11/26/1981,409.5
11/27/1981,412.5
11/28/1981,
11/29/1981,
11/30/1981,409
12/1/1981,402.5
12/2/1981,409.75
12/3/1981,416
12/4/1981,425.5
12/5/1981,
12/6/1981,
12/7/1981,416.5
12/8/1981,418.5
12/9/1981,418.5
12/10/1981,407
12/11/1981,411
12/12/1981,
12/13/1981,
12/14/1981,418.5
12/15/1981,414.5
12/16/1981,416.5
12/17/1981,429.75
12/18/1981,416.75
12/19/1981,
12/20/1981,
12/21/1981,407.5
12/22/1981,404.25
12/23/1981,401.5
12/24/1981,401.5
12/25/1981,401.5
12/26/1981,
12/27/1981,
12/28/1981,404
12/29/1981,394.5
12/30/1981,398.25
12/31/1981,400
1/1/1982,400
1/2/1982,
1/3/1982,
1/4/1982,395.5
1/5/1982,384.25
1/6/1982,402.5
1/7/1982,397
1/8/1982,400.5
1/9/1982,
1/10/1982,
1/11/1982,389
1/12/1982,381.5
1/13/1982,380.5
1/14/1982,376
1/15/1982,376.5
1/16/1982,
1/17/1982,
1/18/1982,372.5
1/19/1982,375.5
1/20/1982,373
1/21/1982,377.75
1/22/1982,375
1/23/1982,
1/24/1982,
1/25/1982,372
1/26/1982,377.75
1/27/1982,381.5
1/28/1982,383.75
1/29/1982,387
1/30/1982,
1/31/1982,
2/1/1982,379
2/2/1982,380.5
2/3/1982,378.25
2/4/1982,384.5
2/5/1982,384.25
2/6/1982,
2/7/1982,
2/8/1982,378.75
2/9/1982,379.5
2/10/1982,381.5
2/11/1982,380.5
2/12/1982,378.75
2/13/1982,
2/14/1982,
2/15/1982,375.5
2/16/1982,375.5
2/17/1982,372.75
2/18/1982,369.75
2/19/1982,369.75
2/20/1982,
2/21/1982,
2/22/1982,365.5
2/23/1982,361.5
2/24/1982,363.75
2/25/1982,366.25
2/26/1982,363
2/27/1982,
2/28/1982,
3/1/1982,359.75
3/2/1982,360.5
3/3/1982,353.5
3/4/1982,344.25
3/5/1982,343.25
3/6/1982,
3/7/1982,
3/8/1982,326.5
3/9/1982,327.25
3/10/1982,332.5
3/11/1982,330.5
3/12/1982,323.75
3/13/1982,
3/14/1982,
3/15/1982,313.5
3/16/1982,323
3/17/1982,313
3/18/1982,323
3/19/1982,316.5
3/20/1982,
3/21/1982,
3/22/1982,321.5
3/23/1982,329.5
3/24/1982,332
3/25/1982,327
3/26/1982,323
3/27/1982,
3/28/1982,
3/29/1982,318.75
3/30/1982,325.75
3/31/1982,320
4/1/1982,326
4/2/1982,328
4/3/1982,
4/4/1982,
4/5/1982,337.75
4/6/1982,349.5
4/7/1982,353
4/8/1982,354
4/9/1982,354
4/10/1982,
4/11/1982,
4/12/1982,354
4/13/1982,356.75
4/14/1982,365
4/15/1982,363.25
4/16/1982,362.5
4/17/1982,
4/18/1982,
4/19/1982,348
4/20/1982,342.75
4/21/1982,343.5
4/22/1982,344.25
4/23/1982,352.5
4/24/1982,
4/25/1982,
4/26/1982,355.25
4/27/1982,352
4/28/1982,352
4/29/1982,350.5
4/30/1982,362
5/1/1982,
5/2/1982,
5/3/1982,362
5/4/1982,342.5
5/5/1982,336.5
5/6/1982,336.25
5/7/1982,334.25
5/8/1982,
5/9/1982,
5/10/1982,329.75
5/11/1982,332.25
5/12/1982,332
5/13/1982,332.13
5/14/1982,335.13
5/15/1982,
5/16/1982,
5/17/1982,338
5/18/1982,337.25
5/19/1982,342.5
5/20/1982,342.25
5/21/1982,338
5/22/1982,
5/23/1982,
5/24/1982,328.5
5/25/1982,328.25
5/26/1982,330.25
5/27/1982,323.5
5/28/1982,324
5/29/1982,
5/30/1982,
5/31/1982,324
6/1/1982,318.13
6/2/1982,320.88
6/3/1982,320.38
6/4/1982,318.63
6/5/1982,
6/6/1982,
6/7/1982,324.38
6/8/1982,330.38
6/9/1982,328.38
6/10/1982,326.88
6/11/1982,326.5
6/12/1982,
6/13/1982,
6/14/1982,318.5
6/15/1982,315.5
6/16/1982,317.25
6/17/1982,305.5
6/18/1982,307.5
6/19/1982,
6/20/1982,
6/21/1982,296
6/22/1982,306.25
6/23/1982,302
6/24/1982,307.5
6/25/1982,305
6/26/1982,
6/27/1982,
6/28/1982,303.75
6/29/1982,311
6/30/1982,318
7/1/1982,311
7/2/1982,313
7/3/1982,
7/4/1982,
7/5/1982,315.25
7/6/1982,310.5
7/7/1982,307
7/8/1982,314.5
7/9/1982,328
7/10/1982,
7/11/1982,
7/12/1982,343
7/13/1982,348.5
7/14/1982,349.5
7/15/1982,350
7/16/1982,345
7/17/1982,
7/18/1982,
7/19/1982,347.5
7/20/1982,350
7/21/1982,366
7/22/1982,352.5
7/23/1982,363.75
7/24/1982,
7/25/1982,
7/26/1982,353.5
7/27/1982,352.75
7/28/1982,346.5
7/29/1982,352.75
7/30/1982,342.5
7/31/1982,
8/1/1982,
8/2/1982,350
8/3/1982,350.75
8/4/1982,345.5
8/5/1982,345.5
8/6/1982,346.5
8/7/1982,
8/8/1982,
8/9/1982,336.5
8/10/1982,336.5
8/11/1982,332.5
8/12/1982,335.5
8/13/1982,338.5
8/14/1982,
8/15/1982,
8/16/1982,342.5
8/17/1982,338.5
8/18/1982,357.5
8/19/1982,357
8/20/1982,384.5
8/21/1982,
8/22/1982,
8/23/1982,393.5
8/24/1982,411.5
8/25/1982,399
8/26/1982,416.5
8/27/1982,416.5
8/28/1982,
8/29/1982,
8/30/1982,416.5
8/31/1982,413.5
9/1/1982,402.5
9/2/1982,413.5
9/3/1982,457.5
9/4/1982,
9/5/1982,
9/6/1982,473.5
9/7/1982,482
9/8/1982,461
9/9/1982,480
9/10/1982,454.5
9/11/1982,
9/12/1982,
9/13/1982,439
9/14/1982,453.5
9/15/1982,443.5
9/16/1982,447.5
9/17/1982,441.5
9/18/1982,
9/19/1982,
9/20/1982,426
9/21/1982,426
9/22/1982,443.5
9/23/1982,437.5
9/24/1982,428
9/25/1982,
9/26/1982,
9/27/1982,412.5
9/28/1982,412.5
9/29/1982,402.5
9/30/1982,395.5
10/1/1982,395.5
10/2/1982,
10/3/1982,
10/4/1982,387.5
10/5/1982,391.5
10/6/1982,403
10/7/1982,426
10/8/1982,426
10/9/1982,
10/10/1982,
10/11/1982,438.5
10/12/1982,436.5
10/13/1982,431.5
10/14/1982,451.5
10/15/1982,434.5
10/16/1982,
10/17/1982,
10/18/1982,432
10/19/1982,440
10/20/1982,424.5
10/21/1982,429
10/22/1982,429.5
10/23/1982,
10/24/1982,
10/25/1982,418.5
10/26/1982,414
10/27/1982,419
10/28/1982,418.5
10/29/1982,423
10/30/1982,
10/31/1982,
11/1/1982,426.5
11/2/1982,431
11/3/1982,430.5
11/4/1982,421.5
11/5/1982,421.5
11/6/1982,
11/7/1982,
11/8/1982,406.5
11/9/1982,410.5
11/10/1982,412.5
11/11/1982,403
11/12/1982,399.5
11/13/1982,
11/14/1982,
11/15/1982,402.5
11/16/1982,408
11/17/1982,411
11/18/1982,409.5
11/19/1982,418.5
11/20/1982,
11/21/1982,
11/22/1982,408
11/23/1982,407.5
11/24/1982,411.75
11/25/1982,410.5
11/26/1982,417.75
11/27/1982,
11/28/1982,
11/29/1982,435
11/30/1982,438
12/1/1982,435.5
12/2/1982,447
12/3/1982,440
12/4/1982,
12/5/1982,
12/6/1982,444
12/7/1982,454.5
12/8/1982,444.5
12/9/1982,437
12/10/1982,437
12/11/1982,
12/12/1982,
12/13/1982,438.75
12/14/1982,448
12/15/1982,435.25
12/16/1982,438
12/17/1982,436
12/18/1982,
12/19/1982,
12/20/1982,440.5
12/21/1982,442.5
12/22/1982,447.5
12/23/1982,445.5
12/24/1982,445.5
12/25/1982,
12/26/1982,
12/27/1982,445.5
12/28/1982,445.5
12/29/1982,462.5
12/30/1982,454.5
12/31/1982,448
1/1/1983,
1/2/1983,
1/3/1983,448
1/4/1983,449.5
1/5/1983,456.5
1/6/1983,454
1/7/1983,465.5
1/8/1983,
1/9/1983,
1/10/1983,474.5
1/11/1983,481.5
1/12/1983,481.5
1/13/1983,487.5
1/14/1983,483
1/15/1983,
1/16/1983,
1/17/1983,494.5
1/18/1983,486
1/19/1983,497
1/20/1983,492.5
1/21/1983,483.5
1/22/1983,
1/23/1983,
1/24/1983,476
1/25/1983,489
1/26/1983,486.5
1/27/1983,495
1/28/1983,494.5
1/29/1983,
1/30/1983,
1/31/1983,500
2/1/1983,507.5
2/2/1983,499.5
2/3/1983,502.5
2/4/1983,499
2/5/1983,
2/6/1983,
2/7/1983,493
2/8/1983,497.25
2/9/1983,492.5
2/10/1983,496
2/11/1983,503
2/12/1983,
2/13/1983,
2/14/1983,502.25
2/15/1983,507.5
2/16/1983,508.5
2/17/1983,504
2/18/1983,503.5
2/19/1983,
2/20/1983,
2/21/1983,504.5
2/22/1983,488
2/23/1983,472.3
2/24/1983,474.5
2/25/1983,463.5
2/26/1983,
2/27/1983,
2/28/1983,413
3/1/1983,418.9
3/2/1983,427.5
3/3/1983,430
3/4/1983,412.5
3/5/1983,
3/6/1983,
3/7/1983,421.5
3/8/1983,421.5
3/9/1983,425
3/10/1983,435
3/11/1983,422.5
3/12/1983,
3/13/1983,
3/14/1983,427.5
3/15/1983,432.5
3/16/1983,419.5
3/17/1983,415.5
3/18/1983,421.5
3/19/1983,
3/20/1983,
3/21/1983,414.5
3/22/1983,420.75
3/23/1983,409.25
3/24/1983,415
3/25/1983,413
3/26/1983,
3/27/1983,
3/28/1983,409.5
3/29/1983,414.5
3/30/1983,418
3/31/1983,418
4/1/1983,418
4/2/1983,
4/3/1983,
4/4/1983,418
4/5/1983,430
4/6/1983,427.5
4/7/1983,425.5
4/8/1983,425.5
4/9/1983,
4/10/1983,
4/11/1983,430
4/12/1983,432.25
4/13/1983,443
4/14/1983,436
4/15/1983,435.5
4/16/1983,
4/17/1983,
4/18/1983,441.5
4/19/1983,439.5
4/20/1983,434.5
4/21/1983,437.5
4/22/1983,437.5
4/23/1983,
4/24/1983,
4/25/1983,440
4/26/1983,436
4/27/1983,431.5
4/28/1983,429
4/29/1983,429
4/30/1983,
5/1/1983,
5/2/1983,429
5/3/1983,433.25
5/4/1983,432.5
5/5/1983,434.5
5/6/1983,432.25
5/7/1983,
5/8/1983,
5/9/1983,434.5
5/10/1983,438.5
5/11/1983,443.75
5/12/1983,439.5
5/13/1983,439.5
5/14/1983,
5/15/1983,
5/16/1983,437.75
5/17/1983,443
5/18/1983,443.5
5/19/1983,440.5
5/20/1983,439.5
5/21/1983,
5/22/1983,
5/23/1983,441.5
5/24/1983,436.5
5/25/1983,440.75
5/26/1983,440
5/27/1983,437
5/28/1983,
5/29/1983,
5/30/1983,437
5/31/1983,436.5
6/1/1983,413
6/2/1983,412.5
6/3/1983,412
6/4/1983,
6/5/1983,
6/6/1983,407
6/7/1983,412
6/8/1983,402.75
6/9/1983,407.75
6/10/1983,411.5
6/11/1983,
6/12/1983,
6/13/1983,412
6/14/1983,408
6/15/1983,409.5
6/16/1983,415
6/17/1983,413
6/18/1983,
6/19/1983,
6/20/1983,418.5
6/21/1983,413.75
6/22/1983,420.5
6/23/1983,420.5
6/24/1983,423.5
6/25/1983,
6/26/1983,
6/27/1983,415.75
6/28/1983,416.5
6/29/1983,415
6/30/1983,416
7/1/1983,416.5
7/2/1983,
7/3/1983,
7/4/1983,416.25
7/5/1983,411.5
7/6/1983,412
7/7/1983,412
7/8/1983,426.25
7/9/1983,
7/10/1983,
7/11/1983,429.5
7/12/1983,428.5
7/13/1983,425.5
7/14/1983,425.5
7/15/1983,423.5
7/16/1983,
7/17/1983,
7/18/1983,422
7/19/1983,423.5
7/20/1983,428.25
7/21/1983,428
7/22/1983,424.5
7/23/1983,
7/24/1983,
7/25/1983,425
7/26/1983,425.75
7/27/1983,428.75
7/28/1983,425.38
7/29/1983,421.63
7/30/1983,
7/31/1983,
8/1/1983,408.63
8/2/1983,414
8/3/1983,411.38
8/4/1983,413.38
8/5/1983,411.13
8/6/1983,
8/7/1983,
8/8/1983,408.63
8/9/1983,412.63
8/10/1983,408.88
8/11/1983,412.63
8/12/1983,414.63
8/13/1983,
8/14/1983,
8/15/1983,418.13
8/16/1983,422.63
8/17/1983,421.63
8/18/1983,422.38
8/19/1983,422.38
8/20/1983,
8/21/1983,
8/22/1983,424.63
8/23/1983,425.63
8/24/1983,423.88
8/25/1983,423.75
8/26/1983,423.75
8/27/1983,
8/28/1983,
8/29/1983,423.75
8/30/1983,417.88
8/31/1983,414.63
9/1/1983,416.63
9/2/1983,417.63
9/3/1983,
9/4/1983,
9/5/1983,419.38
9/6/1983,417.63
9/7/1983,413.63
9/8/1983,414.38
9/9/1983,414.63
9/10/1983,
9/11/1983,
9/12/1983,414.38
9/13/1983,406.88
9/14/1983,403.38
9/15/1983,406.63
9/16/1983,406.13
9/17/1983,
9/18/1983,
9/19/1983,412.63
9/20/1983,411.88
9/21/1983,411.13
9/22/1983,408.63
9/23/1983,413.13
9/24/1983,
9/25/1983,
9/26/1983,415.63
9/27/1983,412.63
9/28/1983,413.38
9/29/1983,409.63
9/30/1983,406.88
10/1/1983,
10/2/1983,
10/3/1983,391.63
10/4/1983,394.38
10/5/1983,392.88
10/6/1983,395.38
10/7/1983,399.88
10/8/1983,
10/9/1983,
10/10/1983,400
10/11/1983,398.63
10/12/1983,394.88
10/13/1983,398.25
10/14/1983,399.25
10/15/1983,
10/16/1983,
10/17/1983,394.63
10/18/1983,396.63
10/19/1983,394.38
10/20/1983,393
10/21/1983,394
10/22/1983,
10/23/1983,
10/24/1983,396.13
10/25/1983,398.63
10/26/1983,388
10/27/1983,383.63
10/28/1983,386.63
10/29/1983,
10/30/1983,
10/31/1983,382.88
11/1/1983,377.63
11/2/1983,382.13
11/3/1983,377.63
11/4/1983,382.38
11/5/1983,
11/6/1983,
11/7/1983,378.63
11/8/1983,381.63
11/9/1983,383.38
11/10/1983,382.63
11/11/1983,382.13
11/12/1983,
11/13/1983,
11/14/1983,382.13
11/15/1983,383.13
11/16/1983,383.13
11/17/1983,374.88
11/18/1983,376.13
11/19/1983,
11/20/1983,
11/21/1983,374.63
11/22/1983,376.38
11/23/1983,376.13
11/24/1983,375.63
11/25/1983,376.13
11/26/1983,
11/27/1983,
11/28/1983,393
11/29/1983,392.63
11/30/1983,403.5
12/1/1983,397.88
12/2/1983,398.38
12/3/1983,
12/4/1983,
12/5/1983,397.38
12/6/1983,397.88
12/7/1983,399.88
12/8/1983,401.81
12/9/1983,388.88
12/10/1983,
12/11/1983,
12/12/1983,391.63
12/13/1983,389.38
12/14/1983,388.38
12/15/1983,389.13
12/16/1983,374
12/17/1983,
12/18/1983,
12/19/1983,375.13
12/20/1983,377.88
12/21/1983,378.38
12/22/1983,377.88
12/23/1983,379.63
12/24/1983,
12/25/1983,
12/26/1983,379.63
12/27/1983,379.63
12/28/1983,377.88
12/29/1983,382.13
12/30/1983,382
12/31/1983,
1/1/1984,
1/2/1984,382
1/3/1984,380.88
1/4/1984,375.38
1/5/1984,376.63
1/6/1984,375.13
1/7/1984,
1/8/1984,
1/9/1984,367
1/10/1984,370.88
1/11/1984,367.63
1/12/1984,370.13
1/13/1984,371.63
1/14/1984,
1/15/1984,
1/16/1984,367.13
1/17/1984,368.13
1/18/1984,369.13
1/19/1984,374.75
1/20/1984,370.63
1/21/1984,
1/22/1984,
1/23/1984,371.38
1/24/1984,365.13
1/25/1984,366.63
1/26/1984,367.38
1/27/1984,369.38
1/28/1984,
1/29/1984,
1/30/1984,370
1/31/1984,373.13
2/1/1984,377.88
2/2/1984,382.75
2/3/1984,384.13
2/4/1984,
2/5/1984,
2/6/1984,381.5
2/7/1984,381.5
2/8/1984,386.25
2/9/1984,383.5
2/10/1984,378.5
2/11/1984,
2/12/1984,
2/13/1984,377.25
2/14/1984,379.75
2/15/1984,384.75
2/16/1984,384
2/17/1984,383.5
2/18/1984,
2/19/1984,
2/20/1984,385.45
2/21/1984,388.5
2/22/1984,394.75
2/23/1984,398.13
2/24/1984,396.38
2/25/1984,
2/26/1984,
2/27/1984,394.25
2/28/1984,398.75
2/29/1984,395
3/1/1984,393.25
3/2/1984,399.25
3/3/1984,
3/4/1984,
3/5/1984,405.75
3/6/1984,403.5
3/7/1984,399.75
3/8/1984,396.25
3/9/1984,401.75
3/10/1984,
3/11/1984,
3/12/1984,401.75
3/13/1984,397.75
3/14/1984,399.5
3/15/1984,395.25
3/16/1984,394
3/17/1984,
3/18/1984,
3/19/1984,394.5
3/20/1984,392.25
3/21/1984,392.25
3/22/1984,389.75
3/23/1984,387.75
3/24/1984,
3/25/1984,
3/26/1984,387.75
3/27/1984,388.94
3/28/1984,386.25
3/29/1984,389.75
3/30/1984,388.25
3/31/1984,
4/1/1984,
4/2/1984,383.75
4/3/1984,381.25
4/4/1984,381.75
4/5/1984,380.5
4/6/1984,381
4/7/1984,
4/8/1984,
4/9/1984,382.75
4/10/1984,382.25
4/11/1984,383.75
4/12/1984,378.75
4/13/1984,380
4/14/1984,
4/15/1984,
4/16/1984,380.5
4/17/1984,380.25
4/18/1984,378
4/19/1984,385
4/20/1984,385
4/21/1984,
4/22/1984,
4/23/1984,385
4/24/1984,383.75
4/25/1984,382.75
4/26/1984,376.76
4/27/1984,378
4/28/1984,
4/29/1984,
4/30/1984,375.5
5/1/1984,377.5
5/2/1984,377.75
5/3/1984,379.25
5/4/1984,376.75
5/5/1984,
5/6/1984,
5/7/1984,376.75
5/8/1984,372.25
5/9/1984,373
5/10/1984,373.75
5/11/1984,372.75
5/12/1984,
5/13/1984,
5/14/1984,373
5/15/1984,373.5
5/16/1984,375.5
5/17/1984,377.25
5/18/1984,376.5
5/19/1984,
5/20/1984,
5/21/1984,379.75
5/22/1984,378
5/23/1984,377.75
5/24/1984,377
5/25/1984,384.75
5/26/1984,
5/27/1984,
5/28/1984,384.75
5/29/1984,385.88
5/30/1984,385.5
5/31/1984,384.75
6/1/1984,393.75
6/2/1984,
6/3/1984,
6/4/1984,392.75
6/5/1984,394
6/6/1984,392
6/7/1984,392
6/8/1984,386.5
6/9/1984,
6/10/1984,
6/11/1984,378
6/12/1984,371.5
6/13/1984,374.25
6/14/1984,375.13
6/15/1984,368.75
6/16/1984,
6/17/1984,
6/18/1984,369
6/19/1984,371.5
6/20/1984,370.25
6/21/1984,373.75
6/22/1984,374.5
6/23/1984,
6/24/1984,
6/25/1984,369.25
6/26/1984,370.25
6/27/1984,369.5
6/28/1984,373.75
6/29/1984,373.5
6/30/1984,
7/1/1984,
7/2/1984,370.75
7/3/1984,368.25
7/4/1984,369.25
7/5/1984,364.5
7/6/1984,341.5
7/7/1984,
7/8/1984,
7/9/1984,340
7/10/1984,345
7/11/1984,341.5
7/12/1984,342
7/13/1984,344.75
7/14/1984,
7/15/1984,
7/16/1984,351.5
7/17/1984,346.5
7/18/1984,345.25
7/19/1984,350.75
7/20/1984,341.25
7/21/1984,
7/22/1984,
7/23/1984,335.5
7/24/1984,339.25
7/25/1984,343.25
7/26/1984,343.38
7/27/1984,336.5
7/28/1984,
7/29/1984,
7/30/1984,340.38
7/31/1984,341.13
8/1/1984,340.25
8/2/1984,343.75
8/3/1984,348.38
8/4/1984,
8/5/1984,
8/6/1984,350.25
8/7/1984,343.5
8/8/1984,345.25
8/9/1984,345.5
8/10/1984,348.5
8/11/1984,
8/12/1984,
8/13/1984,344.75
8/14/1984,354.75
8/15/1984,352
8/16/1984,352.25
8/17/1984,351.5
8/18/1984,
8/19/1984,
8/20/1984,349.5
8/21/1984,345.5
8/22/1984,345.5
8/23/1984,352.25
8/24/1984,350.25
8/25/1984,
8/26/1984,
8/27/1984,350.25
8/28/1984,350.5
8/29/1984,350
8/30/1984,348.5
8/31/1984,348
9/1/1984,
9/2/1984,
9/3/1984,344.5
9/4/1984,340.75
9/5/1984,338.25
9/6/1984,340.75
9/7/1984,336
9/8/1984,
9/9/1984,
9/10/1984,338.75
9/11/1984,341.25
9/12/1984,338.75
9/13/1984,337
9/14/1984,341
9/15/1984,
9/16/1984,
9/17/1984,336
9/18/1984,338
9/19/1984,340.25
9/20/1984,338
9/21/1984,346.5
9/22/1984,
9/23/1984,
9/24/1984,347
9/25/1984,345.5
9/26/1984,347.25
9/27/1984,345.25
9/28/1984,343.75
9/29/1984,
9/30/1984,
10/1/1984,345.75
10/2/1984,346.25
10/3/1984,348.5
10/4/1984,346.25
10/5/1984,342.5
10/6/1984,
10/7/1984,
10/8/1984,341.38
10/9/1984,340.75
10/10/1984,337.75
10/11/1984,339.25
10/12/1984,341.75
10/13/1984,
10/14/1984,
10/15/1984,338.75
10/16/1984,340.25
10/17/1984,340.25
10/18/1984,340.5
10/19/1984,338.5
10/20/1984,
10/21/1984,
10/22/1984,339.25
10/23/1984,340
10/24/1984,340.25
10/25/1984,339.25
10/26/1984,337.75
10/27/1984,
10/28/1984,
10/29/1984,335.75
10/30/1984,336
10/31/1984,333.75
11/1/1984,335.75
11/2/1984,342.63
11/3/1984,
11/4/1984,
11/5/1984,343
11/6/1984,343.13
11/7/1984,346.75
11/8/1984,347.5
11/9/1984,346.5
11/10/1984,
11/11/1984,
11/12/1984,346.75
11/13/1984,349.25
11/14/1984,345.75
11/15/1984,344
11/16/1984,343.75
11/17/1984,
11/18/1984,
11/19/1984,342.25
11/20/1984,342.75
11/21/1984,340.75
11/22/1984,341.75
11/23/1984,341.5
11/24/1984,
11/25/1984,
11/26/1984,337
11/27/1984,333.75
11/28/1984,331
11/29/1984,331.25
11/30/1984,329.25
12/1/1984,
12/2/1984,
12/3/1984,330.5
12/4/1984,332
12/5/1984,330.75
12/6/1984,330.75
12/7/1984,327.5
12/8/1984,
12/9/1984,
12/10/1984,326.75
12/11/1984,326.75
12/12/1984,324.75
12/13/1984,325.25
12/14/1984,322.5
12/15/1984,
12/16/1984,
12/17/1984,316.25
12/18/1984,309.25
12/19/1984,309.75
12/20/1984,307.25
12/21/1984,310.88
12/22/1984,
12/23/1984,
12/24/1984,310.88
12/25/1984,310.88
12/26/1984,310.88
12/27/1984,307.25
12/28/1984,309
12/29/1984,
12/30/1984,
12/31/1984,309
1/1/1985,309
1/2/1985,305.5
1/3/1985,303.5
1/4/1985,301.5
1/5/1985,
1/6/1985,
1/7/1985,296.5
1/8/1985,302.25
1/9/1985,301.25
1/10/1985,304.5
1/11/1985,304
1/12/1985,
1/13/1985,
1/14/1985,302
1/15/1985,302.75
1/16/1985,302.75
1/17/1985,305
1/18/1985,307
1/19/1985,
1/20/1985,
1/21/1985,307.5
1/22/1985,305.75
1/23/1985,301
1/24/1985,301.75
1/25/1985,300
1/26/1985,
1/27/1985,
1/28/1985,298
1/29/1985,302.75
1/30/1985,303.25
1/31/1985,306.75
2/1/1985,303.25
2/2/1985,
2/3/1985,
2/4/1985,301.75
2/5/1985,302.25
2/6/1985,302.25
2/7/1985,302
2/8/1985,299.25
2/9/1985,
2/10/1985,
2/11/1985,300
2/12/1985,302.5
2/13/1985,302.5
2/14/1985,304.5
2/15/1985,304.25
2/16/1985,
2/17/1985,
2/18/1985,304.5
2/19/1985,302.75
2/20/1985,302.75
2/21/1985,299.25
2/22/1985,299
2/23/1985,
2/24/1985,
2/25/1985,284.75
2/26/1985,286.5
2/27/1985,289.5
2/28/1985,288.75
3/1/1985,287.25
3/2/1985,
3/3/1985,
3/4/1985,288.5
3/5/1985,288
3/6/1985,287.25
3/7/1985,289.75
3/8/1985,291.25
3/9/1985,
3/10/1985,
3/11/1985,290.75
3/12/1985,288
3/13/1985,293.5
3/14/1985,291.5
3/15/1985,294.5
3/16/1985,
3/17/1985,
3/18/1985,298.75
3/19/1985,318
3/20/1985,322.5
3/21/1985,321
3/22/1985,315.5
3/23/1985,
3/24/1985,
3/25/1985,315.75
3/26/1985,324
3/27/1985,332
3/28/1985,327
3/29/1985,330
3/30/1985,
3/31/1985,
4/1/1985,321.13
4/2/1985,319.13
4/3/1985,319.25
4/4/1985,317.75
4/5/1985,317.75
4/6/1985,
4/7/1985,
4/8/1985,317.75
4/9/1985,323
4/10/1985,328.25
4/11/1985,331.25
4/12/1985,329
4/13/1985,
4/14/1985,
4/15/1985,333
4/16/1985,326.5
4/17/1985,328.25
4/18/1985,327.25
4/19/1985,327.25
4/20/1985,
4/21/1985,
4/22/1985,328.5
4/23/1985,326.5
4/24/1985,322.75
4/25/1985,322.25
4/26/1985,323.25
4/27/1985,
4/28/1985,
4/29/1985,323.5
4/30/1985,321
5/1/1985,311.75
5/2/1985,314.25
5/3/1985,312.75
5/4/1985,
5/5/1985,
5/6/1985,312.75
5/7/1985,314.5
5/8/1985,313.5
5/9/1985,315.5
5/10/1985,314.5
5/11/1985,
5/12/1985,
5/13/1985,322.25
5/14/1985,327
5/15/1985,323.25
5/16/1985,320.5
5/17/1985,322.5
5/18/1985,
5/19/1985,
5/20/1985,323.25
5/21/1985,317.5
5/22/1985,316.75
5/23/1985,315.75
5/24/1985,314.75
5/25/1985,
5/26/1985,
5/27/1985,314.75
5/28/1985,309.75
5/29/1985,316.5
5/30/1985,314.25
5/31/1985,316
6/1/1985,
6/2/1985,
6/3/1985,316
6/4/1985,315.75
6/5/1985,315
6/6/1985,315.25
6/7/1985,314.5
6/8/1985,
6/9/1985,
6/10/1985,312.25
6/11/1985,315.25
6/12/1985,314.25
6/13/1985,314
6/14/1985,317.75
6/15/1985,
6/16/1985,
6/17/1985,319.25
6/18/1985,324.75
6/19/1985,325.25
6/20/1985,318.5
6/21/1985,314.75
6/22/1985,
6/23/1985,
6/24/1985,315
6/25/1985,316.5
6/26/1985,317.25
6/27/1985,317
6/28/1985,317.75
6/29/1985,
6/30/1985,
7/1/1985,313.25
7/2/1985,309
7/3/1985,310.5
7/4/1985,310.75
7/5/1985,311.75
7/6/1985,
7/7/1985,
7/8/1985,315.25
7/9/1985,315.5
7/10/1985,314.75
7/11/1985,314.75
7/12/1985,316.25
7/13/1985,
7/14/1985,
7/15/1985,316.5
7/16/1985,319.75
7/17/1985,325.75
7/18/1985,320.25
7/19/1985,318.75
7/20/1985,
7/21/1985,
7/22/1985,318.25
7/23/1985,321.75
7/24/1985,318.25
7/25/1985,317.75
7/26/1985,317.75
7/27/1985,
7/28/1985,
7/29/1985,328.25
7/30/1985,325.75
7/31/1985,325.25
8/1/1985,322.5
8/2/1985,320.75
8/3/1985,
8/4/1985,
8/5/1985,323.5
8/6/1985,320.25
8/7/1985,321.25
8/8/1985,322.75
8/9/1985,321.75
8/10/1985,
8/11/1985,
8/12/1985,326
8/13/1985,326.25
8/14/1985,326.25
8/15/1985,331
8/16/1985,337.5
8/17/1985,
8/18/1985,
8/19/1985,338.75
8/20/1985,334.75
8/21/1985,335.25
8/22/1985,336
8/23/1985,333.25
8/24/1985,
8/25/1985,
8/26/1985,333.25
8/27/1985,334.75
8/28/1985,340.25
8/29/1985,335.5
8/30/1985,333.5
8/31/1985,
9/1/1985,
9/2/1985,334.63
9/3/1985,328.5
9/4/1985,324.75
9/5/1985,325.75
9/6/1985,320.25
9/7/1985,
9/8/1985,
9/9/1985,320.25
9/10/1985,322
9/11/1985,321.75
9/12/1985,320.25
9/13/1985,320.75
9/14/1985,
9/15/1985,
9/16/1985,320
9/17/1985,318
9/18/1985,315
9/19/1985,316.75
9/20/1985,319.5
9/21/1985,
9/22/1985,
9/23/1985,327.5
9/24/1985,328.5
9/25/1985,328.75
9/26/1985,329.25
9/27/1985,328.75
9/28/1985,
9/29/1985,
9/30/1985,325.25
10/1/1985,323
10/2/1985,325
10/3/1985,329.25
10/4/1985,327.75
10/5/1985,
10/6/1985,
10/7/1985,326.75
10/8/1985,327.25
10/9/1985,326.5
10/10/1985,326
10/11/1985,326
10/12/1985,
10/13/1985,
10/14/1985,327
10/15/1985,327.25
10/16/1985,323.5
10/17/1985,326.5
10/18/1985,326.25
10/19/1985,
10/20/1985,
10/21/1985,325.75
10/22/1985,327.75
10/23/1985,326.5
10/24/1985,326.5
10/25/1985,325.75
10/26/1985,
10/27/1985,
10/28/1985,326.75
10/29/1985,326
10/30/1985,326.75
10/31/1985,324.5
11/1/1985,324.75
11/2/1985,
11/3/1985,
11/4/1985,325.25
11/5/1985,324.75
11/6/1985,324.75
11/7/1985,322.75
11/8/1985,322.25
11/9/1985,
11/10/1985,
11/11/1985,323
11/12/1985,323.75
11/13/1985,326.5
11/14/1985,325.75
11/15/1985,324.75
11/16/1985,
11/17/1985,
11/18/1985,324
11/19/1985,324.5
11/20/1985,325.75
11/21/1985,326
11/22/1985,328.4
11/23/1985,
11/24/1985,
11/25/1985,331
11/26/1985,331.75
11/27/1985,328.5
11/28/1985,328.5
11/29/1985,325
11/30/1985,
12/1/1985,
12/2/1985,319.75
12/3/1985,322.75
12/4/1985,323.5
12/5/1985,322.75
12/6/1985,322.75
12/7/1985,
12/8/1985,
12/9/1985,317.75
12/10/1985,318.25
12/11/1985,315.25
12/12/1985,317.5
12/13/1985,318.5
12/14/1985,
12/15/1985,
12/16/1985,318.5
12/17/1985,321.75
12/18/1985,320.13
12/19/1985,325.75
12/20/1985,326
12/21/1985,
12/22/1985,
12/23/1985,327.75
12/24/1985,325
12/25/1985,325
12/26/1985,325
12/27/1985,327
12/28/1985,
12/29/1985,
12/30/1985,327.5
12/31/1985,327.25
1/1/1986,327.25
1/2/1986,327.25
1/3/1986,327.5
1/4/1986,
1/5/1986,
1/6/1986,328.25
1/7/1986,329.75
1/8/1986,332.5
1/9/1986,335.25
1/10/1986,340.75
1/11/1986,
1/12/1986,
1/13/1986,341
1/14/1986,340.25
1/15/1986,346.25
1/16/1986,362
1/17/1986,353.5
1/18/1986,
1/19/1986,
1/20/1986,351.63
1/21/1986,352.75
1/22/1986,350.5
1/23/1986,350.5
1/24/1986,353.75
1/25/1986,
1/26/1986,
1/27/1986,355.13
1/28/1986,352
1/29/1986,355
1/30/1986,357.75
1/31/1986,349.63
2/1/1986,
2/2/1986,
2/3/1986,347.5
2/4/1986,338.63
2/5/1986,337
2/6/1986,338.25
2/7/1986,336.5
2/8/1986,
2/9/1986,
2/10/1986,340
2/11/1986,336
2/12/1986,336.5
2/13/1986,334.75
2/14/1986,331.5
2/15/1986,
2/16/1986,
2/17/1986,333.25
2/18/1986,336.5
2/19/1986,342.25
2/20/1986,337.25
2/21/1986,338.38
2/22/1986,
2/23/1986,
2/24/1986,341.25
2/25/1986,350.25
2/26/1986,346.75
2/27/1986,336.5
2/28/1986,337
3/1/1986,
3/2/1986,
3/3/1986,336
3/4/1986,337.25
3/5/1986,341.5
3/6/1986,343.5
3/7/1986,342.75
3/8/1986,
3/9/1986,
3/10/1986,342
3/11/1986,343.25
3/12/1986,344.5
3/13/1986,348.25
3/14/1986,346.75
3/15/1986,
3/16/1986,
3/17/1986,352.75
3/18/1986,350.5
3/19/1986,349
3/20/1986,350.75
3/21/1986,354.25
3/22/1986,
3/23/1986,
3/24/1986,350.75
3/25/1986,347.38
3/26/1986,345.25
3/27/1986,343.75
3/28/1986,343.75
3/29/1986,
3/30/1986,
3/31/1986,343.75
4/1/1986,328.75
4/2/1986,335.5
4/3/1986,333.25
4/4/1986,335.25
4/5/1986,
4/6/1986,
4/7/1986,338.75
4/8/1986,338.25
4/9/1986,336.25
4/10/1986,338.25
4/11/1986,341.5
4/12/1986,
4/13/1986,
4/14/1986,341
4/15/1986,340.75
4/16/1986,338.5
4/17/1986,339.75
4/18/1986,345.13
4/19/1986,
4/20/1986,
4/21/1986,342.25
4/22/1986,345.5
4/23/1986,346.25
4/24/1986,344.75
4/25/1986,345.13
4/26/1986,
4/27/1986,
4/28/1986,344.75
4/29/1986,345.75
4/30/1986,345.75
5/1/1986,345.25
5/2/1986,343.25
5/3/1986,
5/4/1986,
5/5/1986,343.25
5/6/1986,340.75
5/7/1986,342.75
5/8/1986,343.25
5/9/1986,345.25
5/10/1986,
5/11/1986,
5/12/1986,345.25
5/13/1986,343
5/14/1986,342.75
5/15/1986,342.25
5/16/1986,343.25
5/17/1986,
5/18/1986,
5/19/1986,341
5/20/1986,339.25
5/21/1986,339.5
5/22/1986,341
5/23/1986,342.25
5/24/1986,
5/25/1986,
5/26/1986,342.25
5/27/1986,342.25
5/28/1986,342.25
5/29/1986,343.5
5/30/1986,343.5
5/31/1986,
6/1/1986,
6/2/1986,342
6/3/1986,341.75
6/4/1986,341
6/5/1986,341.63
6/6/1986,341.75
6/7/1986,
6/8/1986,
6/9/1986,342
6/10/1986,349
6/11/1986,347.5
6/12/1986,347.25
6/13/1986,347.75
6/14/1986,
6/15/1986,
6/16/1986,339.75
6/17/1986,336.75
6/18/1986,339.25
6/19/1986,340.13
6/20/1986,341
6/21/1986,
6/22/1986,
6/23/1986,340.75
6/24/1986,343.25
6/25/1986,344.25
6/26/1986,345
6/27/1986,344
6/28/1986,
6/29/1986,
6/30/1986,347.5
7/1/1986,345
7/2/1986,343.25
7/3/1986,344
7/4/1986,344
7/5/1986,
7/6/1986,
7/7/1986,344.75
7/8/1986,347.25
7/9/1986,347.75
7/10/1986,347.25
7/11/1986,348
7/12/1986,
7/13/1986,
7/14/1986,345.5
7/15/1986,346.75
7/16/1986,347.25
7/17/1986,347.25
7/18/1986,349.25
7/19/1986,
7/20/1986,
7/21/1986,353.75
7/22/1986,353.75
7/23/1986,347.75
7/24/1986,348.75
7/25/1986,349.75
7/26/1986,
7/27/1986,
7/28/1986,353.5
7/29/1986,352.5
7/30/1986,352
7/31/1986,358.88
8/1/1986,362.25
8/2/1986,
8/3/1986,
8/4/1986,359.25
8/5/1986,359
8/6/1986,361
8/7/1986,362.5
8/8/1986,369.88
8/9/1986,
8/10/1986,
8/11/1986,387
8/12/1986,384.25
8/13/1986,385.5
8/14/1986,384.75
8/15/1986,382.88
8/16/1986,
8/17/1986,
8/18/1986,377.75
8/19/1986,375.25
8/20/1986,378
8/21/1986,383.25
8/22/1986,382.88
8/23/1986,
8/24/1986,
8/25/1986,382.88
8/26/1986,382.38
8/27/1986,381
8/28/1986,385.5
8/29/1986,385.25
8/30/1986,
8/31/1986,
9/1/1986,391.75
9/2/1986,393
9/3/1986,406.75
9/4/1986,406.5
9/5/1986,420.5
9/6/1986,
9/7/1986,
9/8/1986,416
9/9/1986,416
9/10/1986,418.38
9/11/1986,403
9/12/1986,415.25
9/13/1986,
9/14/1986,
9/15/1986,412.5
9/16/1986,414.5
9/17/1986,413.63
9/18/1986,419.75
9/19/1986,430
9/20/1986,
9/21/1986,
9/22/1986,438.75
9/23/1986,433.13
9/24/1986,434
9/25/1986,430.88
9/26/1986,436.75
9/27/1986,
9/28/1986,
9/29/1986,428.5
9/30/1986,423.63
10/1/1986,423
10/2/1986,432.88
10/3/1986,437
10/4/1986,
10/5/1986,
10/6/1986,438
10/7/1986,437.5
10/8/1986,439.38
10/9/1986,433.38
10/10/1986,431.88
10/11/1986,
10/12/1986,
10/13/1986,432.25
10/14/1986,429.5
10/15/1986,423.25
10/16/1986,425.75
10/17/1986,420.31
10/18/1986,
10/19/1986,
10/20/1986,426.88
10/21/1986,425.25
10/22/1986,423.75
10/23/1986,424.75
10/24/1986,411
10/25/1986,
10/26/1986,
10/27/1986,409.75
10/28/1986,411.75
10/29/1986,405.25
10/30/1986,406.5
10/31/1986,400.63
11/1/1986,
11/2/1986,
11/3/1986,405.75
11/4/1986,408.5
11/5/1986,406.25
11/6/1986,408.25
11/7/1986,409.75
11/8/1986,
11/9/1986,
11/10/1986,410.75
11/11/1986,405.5
11/12/1986,405.5
11/13/1986,407.25
11/14/1986,408.5
11/15/1986,
11/16/1986,
11/17/1986,391.13
11/18/1986,391.25
11/19/1986,393.25
11/20/1986,389.25
11/21/1986,383.25
11/22/1986,
11/23/1986,
11/24/1986,381.75
11/25/1986,384.75
11/26/1986,382.25
11/27/1986,383.5
11/28/1986,389.25
11/29/1986,
11/30/1986,
12/1/1986,391.75
12/2/1986,387.75
12/3/1986,392.5
12/4/1986,387.5
12/5/1986,388.25
12/6/1986,
12/7/1986,
12/8/1986,389.25
12/9/1986,387
12/10/1986,391
12/11/1986,388.25
12/12/1986,390.25
12/13/1986,
12/14/1986,
12/15/1986,394.25
12/16/1986,394
12/17/1986,392
12/18/1986,393
12/19/1986,393.5
12/20/1986,
12/21/1986,
12/22/1986,393.75
12/23/1986,389.25
12/24/1986,390.88
12/25/1986,390.88
12/26/1986,390.88
12/27/1986,
12/28/1986,
12/29/1986,389.5
12/30/1986,389.75
12/31/1986,391
1/1/1987,391
1/2/1987,403.25
1/3/1987,
1/4/1987,
1/5/1987,399.25
1/6/1987,401
1/7/1987,400.75
1/8/1987,401.25
1/9/1987,404.25
1/10/1987,
1/11/1987,
1/12/1987,411
1/13/1987,409.25
1/14/1987,419.25
1/15/1987,415.5
1/16/1987,415.25
1/17/1987,
1/18/1987,
1/19/1987,422
1/20/1987,415
1/21/1987,407
1/22/1987,409.75
1/23/1987,403
1/24/1987,
1/25/1987,
1/26/1987,407
1/27/1987,411
1/28/1987,409.88
1/29/1987,409
1/30/1987,404.38
1/31/1987,
2/1/1987,
2/2/1987,407
2/3/1987,401.25
2/4/1987,404.75
2/5/1987,399.25
2/6/1987,403.25
2/7/1987,
2/8/1987,
2/9/1987,406
2/10/1987,402.25
2/11/1987,401.25
2/12/1987,401.25
2/13/1987,397.25
2/14/1987,
2/15/1987,
2/16/1987,397.25
2/17/1987,395.25
2/18/1987,390.25
2/19/1987,395
2/20/1987,396.25
2/21/1987,
2/22/1987,
2/23/1987,403.75
2/24/1987,401.75
2/25/1987,405.75
2/26/1987,404.5
2/27/1987,405.5
2/28/1987,
3/1/1987,
3/2/1987,405
3/3/1987,404
3/4/1987,406.5
3/5/1987,410.75
3/6/1987,407
3/7/1987,
3/8/1987,
3/9/1987,404.5
3/10/1987,406
3/11/1987,407.25
3/12/1987,410
3/13/1987,404.75
3/14/1987,
3/15/1987,
3/16/1987,405.75
3/17/1987,405
3/18/1987,404.5
3/19/1987,404.25
3/20/1987,404.5
3/21/1987,
3/22/1987,
3/23/1987,408.25
3/24/1987,408.75
3/25/1987,413.75
3/26/1987,411.75
3/27/1987,416.75
3/28/1987,
3/29/1987,
3/30/1987,423.75
3/31/1987,419.5
4/1/1987,419.25
4/2/1987,420.75
4/3/1987,419
4/4/1987,
4/5/1987,
4/6/1987,422
4/7/1987,419.5
4/8/1987,420.5
4/9/1987,422
4/10/1987,431.75
4/11/1987,
4/12/1987,
4/13/1987,437.25
4/14/1987,442.75
4/15/1987,443.75
4/16/1987,447.88
4/17/1987,447.88
4/18/1987,
4/19/1987,
4/20/1987,447.88
4/21/1987,447.88
4/22/1987,444.25
4/23/1987,452.88
4/24/1987,465
4/25/1987,
4/26/1987,
4/27/1987,462
4/28/1987,449.5
4/29/1987,451.75
4/30/1987,452.75
5/1/1987,454.25
5/2/1987,
5/3/1987,
5/4/1987,454.25
5/5/1987,457.5
5/6/1987,458.75
5/7/1987,457.5
5/8/1987,455.25
5/9/1987,
5/10/1987,
5/11/1987,454.5
5/12/1987,461.5
5/13/1987,461.25
5/14/1987,460.75
5/15/1987,467.25
5/16/1987,
5/17/1987,
5/18/1987,474
5/19/1987,470
5/20/1987,475.25
5/21/1987,470
5/22/1987,465.25
5/23/1987,
5/24/1987,
5/25/1987,465.25
5/26/1987,453.25
5/27/1987,450.25
5/28/1987,453.75
5/29/1987,451.75
5/30/1987,
5/31/1987,
6/1/1987,444.5
6/2/1987,454.25
6/3/1987,451.25
6/4/1987,452
6/5/1987,454.25
6/6/1987,
6/7/1987,
6/8/1987,455.75
6/9/1987,453.25
6/10/1987,455.75
6/11/1987,458.5
6/12/1987,456
6/13/1987,
6/14/1987,
6/15/1987,449.75
6/16/1987,452.75
6/17/1987,452.25
6/18/1987,451.25
6/19/1987,449.5
6/20/1987,
6/21/1987,
6/22/1987,438
6/23/1987,440.25
6/24/1987,442
6/25/1987,441
6/26/1987,444
6/27/1987,
6/28/1987,
6/29/1987,445.75
6/30/1987,446.75
7/1/1987,446.5
7/2/1987,446.75
7/3/1987,444.25
7/4/1987,
7/5/1987,
7/6/1987,443.5
7/7/1987,443
7/8/1987,446.5
7/9/1987,446.5
7/10/1987,446.5
7/11/1987,
7/12/1987,
7/13/1987,446.75
7/14/1987,447.25
7/15/1987,452.75
7/16/1987,453.25
7/17/1987,450.5
7/18/1987,
7/19/1987,
7/20/1987,451.25
7/21/1987,452.25
7/22/1987,454.75
7/23/1987,454.75
7/24/1987,453.25
7/25/1987,
7/26/1987,
7/27/1987,452.25
7/28/1987,455.75
7/29/1987,458.25
7/30/1987,459.25
7/31/1987,461.75
8/1/1987,
8/2/1987,
8/3/1987,472.25
8/4/1987,476.75
8/5/1987,470.25
8/6/1987,469
8/7/1987,463.25
8/8/1987,
8/9/1987,
8/10/1987,458.5
8/11/1987,460.75
8/12/1987,462.75
8/13/1987,460
8/14/1987,454
8/15/1987,
8/16/1987,
8/17/1987,454
8/18/1987,457.75
8/19/1987,455.75
8/20/1987,456.75
8/21/1987,456
8/22/1987,
8/23/1987,
8/24/1987,459.75
8/25/1987,458.25
8/26/1987,457.88
8/27/1987,454.75
8/28/1987,453.75
8/29/1987,
8/30/1987,
8/31/1987,453.75
9/1/1987,453.25
9/2/1987,463.75
9/3/1987,464.25
9/4/1987,465.25
9/5/1987,
9/6/1987,
9/7/1987,463.75
9/8/1987,458
9/9/1987,457.5
9/10/1987,460
9/11/1987,459
9/12/1987,
9/13/1987,
9/14/1987,456.25
9/15/1987,459.5
9/16/1987,458.5
9/17/1987,460.5
9/18/1987,461.25
9/19/1987,
9/20/1987,
9/21/1987,460.25
9/22/1987,461.25
9/23/1987,462.25
9/24/1987,463.75
9/25/1987,462
9/26/1987,
9/27/1987,
9/28/1987,462.13
9/29/1987,460.25
9/30/1987,459.25
10/1/1987,455
10/2/1987,453.75
10/3/1987,
10/4/1987,
10/5/1987,456
10/6/1987,457.75
10/7/1987,457.5
10/8/1987,458.5
10/9/1987,461.25
10/10/1987,
10/11/1987,
10/12/1987,462
10/13/1987,459.75
10/14/1987,460.5
10/15/1987,465
10/16/1987,465
10/17/1987,
10/18/1987,
10/19/1987,481.5
10/20/1987,466
10/21/1987,466.75
10/22/1987,471.5
10/23/1987,472.5
10/24/1987,
10/25/1987,
10/26/1987,476.13
10/27/1987,475.75
10/28/1987,477.5
10/29/1987,469.5
10/30/1987,467.75
10/31/1987,
11/1/1987,
11/2/1987,470
11/3/1987,465.25
11/4/1987,466.25
11/5/1987,457
11/6/1987,460.5
11/7/1987,
11/8/1987,
11/9/1987,463.75
11/10/1987,458.25
11/11/1987,462.25
11/12/1987,463.5
11/13/1987,465.25
11/14/1987,
11/15/1987,
11/16/1987,462
11/17/1987,464.75
11/18/1987,464
11/19/1987,465
11/20/1987,464.5
11/21/1987,
11/22/1987,
11/23/1987,470.25
11/24/1987,473.75
11/25/1987,476.75
11/26/1987,477.75
11/27/1987,478.5
11/28/1987,
11/29/1987,
11/30/1987,492.63
12/1/1987,491.75
12/2/1987,490.75
12/3/1987,490.13
12/4/1987,480.5
12/5/1987,
12/6/1987,
12/7/1987,482
12/8/1987,484
12/9/1987,483.75
12/10/1987,487.5
12/11/1987,492.38
12/12/1987,
12/13/1987,
12/14/1987,502.75
12/15/1987,488.75
12/16/1987,486.75
12/17/1987,478.5
12/18/1987,480.25
12/19/1987,
12/20/1987,
12/21/1987,479.5
12/22/1987,483.5
12/23/1987,482.25
12/24/1987,482.25
12/25/1987,482.25
12/26/1987,
12/27/1987,
12/28/1987,482.25
12/29/1987,486.75
12/30/1987,484.5
12/31/1987,486.5
1/1/1988,486.5
1/2/1988,
1/3/1988,
1/4/1988,480
1/5/1988,478.25
1/6/1988,485.5
1/7/1988,483.5
1/8/1988,483
1/9/1988,
1/10/1988,
1/11/1988,483.75
1/12/1988,481.75
1/13/1988,482.5
1/14/1988,482
1/15/1988,481.75
1/16/1988,
1/17/1988,
1/18/1988,475.25
1/19/1988,477.25
1/20/1988,477.25
1/21/1988,477.5
1/22/1988,476.5
1/23/1988,
1/24/1988,
1/25/1988,471.75
1/26/1988,470.75
1/27/1988,465.25
1/28/1988,466.5
1/29/1988,456.25
1/30/1988,
1/31/1988,
2/1/1988,451.5
2/2/1988,456.25
2/3/1988,443.5
2/4/1988,443.75
2/5/1988,439
2/6/1988,
2/7/1988,
2/8/1988,443.75
2/9/1988,439.75
2/10/1988,442.25
2/11/1988,441.25
2/12/1988,443.5
2/13/1988,
2/14/1988,
2/15/1988,445.5
2/16/1988,445.5
2/17/1988,446.75
2/18/1988,444.25
2/19/1988,443
2/20/1988,
2/21/1988,
2/22/1988,446.25
2/23/1988,442.25
2/24/1988,436
2/25/1988,430.75
2/26/1988,432.25
2/27/1988,
2/28/1988,
2/29/1988,425
3/1/1988,430
3/2/1988,430.25
3/3/1988,428
3/4/1988,436.25
3/5/1988,
3/6/1988,
3/7/1988,436.5
3/8/1988,437.5
3/9/1988,436.75
3/10/1988,442
3/11/1988,441
3/12/1988,
3/13/1988,
3/14/1988,441.25
3/15/1988,442.25
3/16/1988,448
3/17/1988,443.25
3/18/1988,443
3/19/1988,
3/20/1988,
3/21/1988,450.25
3/22/1988,448.25
3/23/1988,451.25
3/24/1988,452
3/25/1988,452
3/26/1988,
3/27/1988,
3/28/1988,454.25
3/29/1988,455.25
3/30/1988,454.25
3/31/1988,456.25
4/1/1988,456.25
4/2/1988,
4/3/1988,
4/4/1988,456.25
4/5/1988,451.75
4/6/1988,450
4/7/1988,448.25
4/8/1988,450.5
4/9/1988,
4/10/1988,
4/11/1988,449.25
4/12/1988,450.75
4/13/1988,450
4/14/1988,450.75
4/15/1988,456.25
4/16/1988,
4/17/1988,
4/18/1988,459.25
4/19/1988,457
4/20/1988,456.5
4/21/1988,455.25
4/22/1988,449.25
4/23/1988,
4/24/1988,
4/25/1988,449.5
4/26/1988,447.75
4/27/1988,451.75
4/28/1988,451.5
4/29/1988,449
4/30/1988,
5/1/1988,
5/2/1988,449
5/3/1988,445.75
5/4/1988,443.5
5/5/1988,445.75
5/6/1988,443
5/7/1988,
5/8/1988,
5/9/1988,445
5/10/1988,447
5/11/1988,449.75
5/12/1988,451.75
5/13/1988,449.25
5/14/1988,
5/15/1988,
5/16/1988,454.75
5/17/1988,454.25
5/18/1988,453.75
5/19/1988,458.25
5/20/1988,455.5
5/21/1988,
5/22/1988,
5/23/1988,458.75
5/24/1988,458.5
5/25/1988,454
5/26/1988,453.75
5/27/1988,452.5
5/28/1988,
5/29/1988,
5/30/1988,452.5
5/31/1988,454.75
6/1/1988,457
6/2/1988,453.75
6/3/1988,464.75
6/4/1988,
6/5/1988,
6/6/1988,463.25
6/7/1988,463.5
6/8/1988,458.25
6/9/1988,455
6/10/1988,457.25
6/11/1988,
6/12/1988,
6/13/1988,449.25
6/14/1988,448.25
6/15/1988,452.75
6/16/1988,453.5
6/17/1988,450.25
6/18/1988,
6/19/1988,
6/20/1988,453.38
6/21/1988,451.5
6/22/1988,449
6/23/1988,449.25
6/24/1988,443.75
6/25/1988,
6/26/1988,
6/27/1988,441.75
6/28/1988,443.25
6/29/1988,433.75
6/30/1988,435.75
7/1/1988,437
7/2/1988,
7/3/1988,
7/4/1988,437.5
7/5/1988,437.75
7/6/1988,437.25
7/7/1988,440.25
7/8/1988,438.75
7/9/1988,
7/10/1988,
7/11/1988,435.25
7/12/1988,435.25
7/13/1988,436.5
7/14/1988,440
7/15/1988,438.25
7/16/1988,
7/17/1988,
7/18/1988,435.75
7/19/1988,437.25
7/20/1988,445.75
7/21/1988,446
7/22/1988,442.75
7/23/1988,
7/24/1988,
7/25/1988,434.75
7/26/1988,431.5
7/27/1988,433
7/28/1988,432.25
7/29/1988,435.75
7/30/1988,
7/31/1988,
8/1/1988,433.75
8/2/1988,433.25
8/3/1988,433.25
8/4/1988,433.25
8/5/1988,432.5
8/6/1988,
8/7/1988,
8/8/1988,432.5
8/9/1988,425.75
8/10/1988,427.5
8/11/1988,427.5
8/12/1988,431.75
8/13/1988,
8/14/1988,
8/15/1988,431
8/16/1988,432
8/17/1988,428.25
8/18/1988,431.25
8/19/1988,432
8/20/1988,
8/21/1988,
8/22/1988,432.25
8/23/1988,432.75
8/24/1988,434
8/25/1988,433.5
8/26/1988,431.75
8/27/1988,
8/28/1988,
8/29/1988,431.75
8/30/1988,428.75
8/31/1988,429.5
9/1/1988,430.75
9/2/1988,428.25
9/3/1988,
9/4/1988,
9/5/1988,427.75
9/6/1988,428.25
9/7/1988,426.75
9/8/1988,428.25
9/9/1988,429.25
9/10/1988,
9/11/1988,
9/12/1988,419.75
9/13/1988,420.25
9/14/1988,421.75
9/15/1988,417.75
9/16/1988,412
9/17/1988,
9/18/1988,
9/19/1988,409.5
9/20/1988,410.25
9/21/1988,401.25
9/22/1988,397.25
9/23/1988,398.25
9/24/1988,
9/25/1988,
9/26/1988,395.38
9/27/1988,396
9/28/1988,395.5
9/29/1988,397.75
9/30/1988,394.75
10/1/1988,
10/2/1988,
10/3/1988,396.75
10/4/1988,397.25
10/5/1988,396
10/6/1988,403.25
10/7/1988,403
10/8/1988,
10/9/1988,
10/10/1988,407
10/11/1988,406.25
10/12/1988,409.5
10/13/1988,406.5
10/14/1988,409
10/15/1988,
10/16/1988,
10/17/1988,412.25
10/18/1988,411.75
10/19/1988,411
10/20/1988,412
10/21/1988,410
10/22/1988,
10/23/1988,
10/24/1988,405.75
10/25/1988,407.25
10/26/1988,407
10/27/1988,407.75
10/28/1988,411.25
10/29/1988,
10/30/1988,
10/31/1988,411.5
11/1/1988,411.25
11/2/1988,417.75
11/3/1988,422.25
11/4/1988,420.5
11/5/1988,
11/6/1988,
11/7/1988,421
11/8/1988,418.5
11/9/1988,421
11/10/1988,419.75
11/11/1988,420.5
11/12/1988,
11/13/1988,
11/14/1988,420.75
11/15/1988,423.25
11/16/1988,425.25
11/17/1988,422
11/18/1988,417.75
11/19/1988,
11/20/1988,
11/21/1988,417.5
11/22/1988,419.25
11/23/1988,418.25
11/24/1988,420
11/25/1988,424.25
11/26/1988,
11/27/1988,
11/28/1988,423.5
11/29/1988,422.75
11/30/1988,423.25
12/1/1988,423.25
12/2/1988,424.75
12/3/1988,
12/4/1988,
12/5/1988,429
12/6/1988,427.25
12/7/1988,423.75
12/8/1988,423.5
12/9/1988,420.75
12/10/1988,
12/11/1988,
12/12/1988,419.75
12/13/1988,420.5
12/14/1988,420.5
12/15/1988,416.25
12/16/1988,411.75
12/17/1988,
12/18/1988,
12/19/1988,413.25
12/20/1988,413.75
12/21/1988,415.5
12/22/1988,417.75
12/23/1988,417.75
12/24/1988,
12/25/1988,
12/26/1988,417.75
12/27/1988,417.75
12/28/1988,413.25
12/29/1988,408.75
12/30/1988,410.25
12/31/1988,
1/1/1989,
1/2/1989,410.25
1/3/1989,412.25
1/4/1989,409.75
1/5/1989,407.75
1/6/1989,405.75
1/7/1989,
1/8/1989,
1/9/1989,402.75
1/10/1989,404.75
1/11/1989,404
1/12/1989,404.25
1/13/1989,405.75
1/14/1989,
1/15/1989,
1/16/1989,401.5
1/17/1989,402.25
1/18/1989,402.25
1/19/1989,403
1/20/1989,405.25
1/21/1989,
1/22/1989,
1/23/1989,407.5
1/24/1989,407
1/25/1989,404.25
1/26/1989,405.5
1/27/1989,399.25
1/28/1989,
1/29/1989,
1/30/1989,394.25
1/31/1989,394.25
2/1/1989,392.5
2/2/1989,392
2/3/1989,388.75
2/4/1989,
2/5/1989,
2/6/1989,388
2/7/1989,392.75
2/8/1989,390.5
2/9/1989,394.25
2/10/1989,390.25
2/11/1989,
2/12/1989,
2/13/1989,384.75
2/14/1989,386
2/15/1989,382
2/16/1989,382.25
2/17/1989,380.25
2/18/1989,
2/19/1989,
2/20/1989,382.5
2/21/1989,383.25
2/22/1989,386.25
2/23/1989,391.5
2/24/1989,389.25
2/25/1989,
2/26/1989,
2/27/1989,390.25
2/28/1989,387
3/1/1989,384.25
3/2/1989,383.25
3/3/1989,386.5
3/4/1989,
3/5/1989,
3/6/1989,386.5
3/7/1989,391.25
3/8/1989,394.75
3/9/1989,392
3/10/1989,393.25
3/11/1989,
3/12/1989,
3/13/1989,392.75
3/14/1989,395.5
3/15/1989,393
3/16/1989,388.25
3/17/1989,393
3/18/1989,
3/19/1989,
3/20/1989,396
3/21/1989,393
3/22/1989,394.25
3/23/1989,395.5
3/24/1989,395.5
3/25/1989,
3/26/1989,
3/27/1989,395.5
3/28/1989,387.75
3/29/1989,382.25
3/30/1989,384.25
3/31/1989,383.75
4/1/1989,
4/2/1989,
4/3/1989,384.75
4/4/1989,387
4/5/1989,383.25
4/6/1989,384.5
4/7/1989,382.25
4/8/1989,
4/9/1989,
4/10/1989,382.25
4/11/1989,385.25
4/12/1989,387.25
4/13/1989,389
4/14/1989,387.25
4/15/1989,
4/16/1989,
4/17/1989,385
4/18/1989,384.25
4/19/1989,383.25
4/20/1989,383
4/21/1989,384.5
4/22/1989,
4/23/1989,
4/24/1989,384.75
4/25/1989,385.5
4/26/1989,384
4/27/1989,384.25
4/28/1989,378.25
4/29/1989,
4/30/1989,
5/1/1989,378.25
5/2/1989,377.25
5/3/1989,378.25
5/4/1989,378.75
5/5/1989,375.75
5/6/1989,
5/7/1989,
5/8/1989,377.5
5/9/1989,376.75
5/10/1989,377.25
5/11/1989,379
5/12/1989,377.25
5/13/1989,
5/14/1989,
5/15/1989,373.75
5/16/1989,374
5/17/1989,370.25
5/18/1989,370.5
5/19/1989,365.75
5/20/1989,
5/21/1989,
5/22/1989,360.25
5/23/1989,364.5
5/24/1989,363
5/25/1989,364.25
5/26/1989,363.5
5/27/1989,
5/28/1989,
5/29/1989,363.5
5/30/1989,362.25
5/31/1989,363.25
6/1/1989,362
6/2/1989,362
6/3/1989,
6/4/1989,
6/5/1989,366.25
6/6/1989,365.25
6/7/1989,375
6/8/1989,374.5
6/9/1989,368.5
6/10/1989,
6/11/1989,
6/12/1989,360
6/13/1989,359.25
6/14/1989,361.25
6/15/1989,362
6/16/1989,363.5
6/17/1989,
6/18/1989,
6/19/1989,366.25
6/20/1989,366
6/21/1989,366
6/22/1989,370.25
6/23/1989,371.25
6/24/1989,
6/25/1989,
6/26/1989,375.5
6/27/1989,376
6/28/1989,373.5
6/29/1989,376
6/30/1989,371.25
7/1/1989,
7/2/1989,
7/3/1989,375.25
7/4/1989,376.25
7/5/1989,383.75
7/6/1989,385.75
7/7/1989,384.5
7/8/1989,
7/9/1989,
7/10/1989,383.5
7/11/1989,380.25
7/12/1989,379.75
7/13/1989,376
7/14/1989,371.25
7/15/1989,
7/16/1989,
7/17/1989,371.25
7/18/1989,371.25
7/19/1989,371.25
7/20/1989,372.25
7/21/1989,371.75
7/22/1989,
7/23/1989,
7/24/1989,371.5
7/25/1989,371.75
7/26/1989,373.75
7/27/1989,374.25
7/28/1989,369.75
7/29/1989,
7/30/1989,
7/31/1989,368.25
8/1/1989,368.75
8/2/1989,369.75
8/3/1989,369.5
8/4/1989,371
8/5/1989,
8/6/1989,
8/7/1989,365.75
8/8/1989,365.5
8/9/1989,365.5
8/10/1989,366.25
8/11/1989,361.5
8/12/1989,
8/13/1989,
8/14/1989,364.25
8/15/1989,366.5
8/16/1989,368
8/17/1989,365.25
8/18/1989,366.75
8/19/1989,
8/20/1989,
8/21/1989,366
8/22/1989,367
8/23/1989,364.25
8/24/1989,362.75
8/25/1989,359.75
8/26/1989,
8/27/1989,
8/28/1989,359.75
8/29/1989,361.75
8/30/1989,360.75
8/31/1989,360
9/1/1989,359
9/2/1989,
9/3/1989,
9/4/1989,359
9/5/1989,358.25
9/6/1989,360
9/7/1989,359.5
9/8/1989,360
9/9/1989,
9/10/1989,
9/11/1989,358.75
9/12/1989,358.75
9/13/1989,358.25
9/14/1989,361.25
9/15/1989,356.5
9/16/1989,
9/17/1989,
9/18/1989,361.25
9/19/1989,360.75
9/20/1989,363.5
9/21/1989,363.5
9/22/1989,365.25
9/23/1989,
9/24/1989,
9/25/1989,367
9/26/1989,367.75
9/27/1989,368.5
9/28/1989,366.5
9/29/1989,365.75
9/30/1989,
10/1/1989,
10/2/1989,366.5
10/3/1989,365.75
10/4/1989,366.25
10/5/1989,365.5
10/6/1989,363.25
10/7/1989,
10/8/1989,
10/9/1989,363
10/10/1989,362
10/11/1989,361.5
10/12/1989,363.25
10/13/1989,363.25
10/14/1989,
10/15/1989,
10/16/1989,367
10/17/1989,367.5
10/18/1989,368.25
10/19/1989,368.75
10/20/1989,366
10/21/1989,
10/22/1989,
10/23/1989,366
10/24/1989,366
10/25/1989,368.75
10/26/1989,369
10/27/1989,374
10/28/1989,
10/29/1989,
10/30/1989,377.25
10/31/1989,375.25
11/1/1989,373.75
11/2/1989,375.25
11/3/1989,380.25
11/4/1989,
11/5/1989,
11/6/1989,380.25
11/7/1989,384.25
11/8/1989,384.25
11/9/1989,387.25
11/10/1989,385.25
11/11/1989,
11/12/1989,
11/13/1989,391
11/14/1989,389.25
11/15/1989,391.25
11/16/1989,393.25
11/17/1989,391.25
11/18/1989,
11/19/1989,
11/20/1989,396.5
11/21/1989,404.25
11/22/1989,408.25
11/23/1989,411.75
11/24/1989,416.25
11/25/1989,
11/26/1989,
11/27/1989,415.25
11/28/1989,410.75
11/29/1989,412.25
11/30/1989,410
12/1/1989,413.75
12/2/1989,
12/3/1989,
12/4/1989,405.75
12/5/1989,404
12/6/1989,404
12/7/1989,404.25
12/8/1989,410.25
12/9/1989,
12/10/1989,
12/11/1989,416.75
12/12/1989,417.25
12/13/1989,411.75
12/14/1989,408.25
12/15/1989,412.25
12/16/1989,
12/17/1989,
12/18/1989,409.25
12/19/1989,414.25
12/20/1989,413.75
12/21/1989,412.75
12/22/1989,413.25
12/23/1989,
12/24/1989,
12/25/1989,413.25
12/26/1989,413.25
12/27/1989,406.25
12/28/1989,401
12/29/1989,401
12/30/1989,
12/31/1989,
1/1/1990,401
1/2/1990,401
1/3/1990,394.5
1/4/1990,395.75
1/5/1990,404.75
1/6/1990,
1/7/1990,
1/8/1990,404.75
1/9/1990,403.75
1/10/1990,409.25
1/11/1990,412.5
1/12/1990,417.75
1/13/1990,
1/14/1990,
1/15/1990,412.5
1/16/1990,413.75
1/17/1990,410.25
1/18/1990,413
1/19/1990,410
1/20/1990,
1/21/1990,
1/22/1990,405.25
1/23/1990,409.75
1/24/1990,420.25
1/25/1990,415
1/26/1990,418.75
1/27/1990,
1/28/1990,
1/29/1990,418.75
1/30/1990,419.25
1/31/1990,412.75
2/1/1990,416.25
2/2/1990,417.75
2/3/1990,
2/4/1990,
2/5/1990,423.25
2/6/1990,421.25
2/7/1990,422.75
2/8/1990,416.38
2/9/1990,415.75
2/10/1990,
2/11/1990,
2/12/1990,419.25
2/13/1990,419.25
2/14/1990,415.25
2/15/1990,415.75
2/16/1990,417.75
2/17/1990,
2/18/1990,
2/19/1990,416.75
2/20/1990,419.75
2/21/1990,420
2/22/1990,417.75
2/23/1990,416
2/24/1990,
2/25/1990,
2/26/1990,411.25
2/27/1990,408.25
2/28/1990,407.5
3/1/1990,407.75
3/2/1990,403.5
3/3/1990,
3/4/1990,
3/5/1990,403.25
3/6/1990,404.75
3/7/1990,400
3/8/1990,401.25
3/9/1990,399.25
3/10/1990,
3/11/1990,
3/12/1990,401
3/13/1990,396.25
3/14/1990,399.5
3/15/1990,398.25
3/16/1990,400.63
3/17/1990,
3/18/1990,
3/19/1990,402.75
3/20/1990,398.5
3/21/1990,391.75
3/22/1990,393
3/23/1990,389.25
3/24/1990,
3/25/1990,
3/26/1990,368
3/27/1990,370
3/28/1990,369.75
3/29/1990,371.75
3/30/1990,369.5
3/31/1990,
4/1/1990,
4/2/1990,369
4/3/1990,375.25
4/4/1990,374.5
4/5/1990,377.25
4/6/1990,377.75
4/7/1990,
4/8/1990,
4/9/1990,375.25
4/10/1990,375.25
4/11/1990,374.25
4/12/1990,375.25
4/13/1990,375.25
4/14/1990,
4/15/1990,
4/16/1990,375.25
4/17/1990,374
4/18/1990,375.25
4/19/1990,376.25
4/20/1990,375.25
4/21/1990,
4/22/1990,
4/23/1990,376
4/24/1990,378
4/25/1990,371.25
4/26/1990,372.5
4/27/1990,370.5
4/28/1990,
4/29/1990,
4/30/1990,367.75
5/1/1990,368.25
5/2/1990,370.25
5/3/1990,370.5
5/4/1990,371.25
5/5/1990,
5/6/1990,
5/7/1990,371.25
5/8/1990,369.5
5/9/1990,370.75
5/10/1990,371.5
5/11/1990,369
5/12/1990,
5/13/1990,
5/14/1990,369
5/15/1990,367.75
5/16/1990,370
5/17/1990,369.25
5/18/1990,369.25
5/19/1990,
5/20/1990,
5/21/1990,373.25
5/22/1990,374.75
5/23/1990,363.75
5/24/1990,366.5
5/25/1990,367.25
5/26/1990,
5/27/1990,
5/28/1990,367.25
5/29/1990,367.5
5/30/1990,366.5
5/31/1990,363.75
6/1/1990,362.75
6/2/1990,
6/3/1990,
6/4/1990,356.25
6/5/1990,358.75
6/6/1990,357.25
6/7/1990,353.25
6/8/1990,354.5
6/9/1990,
6/10/1990,
6/11/1990,355
6/12/1990,356
6/13/1990,351
6/14/1990,345.75
6/15/1990,347.5
6/16/1990,
6/17/1990,
6/18/1990,349.25
6/19/1990,347.75
6/20/1990,348
6/21/1990,350
6/22/1990,348.75
6/23/1990,
6/24/1990,
6/25/1990,353.5
6/26/1990,349.75
6/27/1990,350
6/28/1990,352.25
6/29/1990,352.75
6/30/1990,
7/1/1990,
7/2/1990,357.5
7/3/1990,361.5
7/4/1990,362.5
7/5/1990,360
7/6/1990,361.25
7/7/1990,
7/8/1990,
7/9/1990,358.25
7/10/1990,354
7/11/1990,354.25
7/12/1990,351.75
7/13/1990,364.5
7/14/1990,
7/15/1990,
7/16/1990,362.75
7/17/1990,361.25
7/18/1990,360.5
7/19/1990,362.5
7/20/1990,361.25
7/21/1990,
7/22/1990,
7/23/1990,368.25
7/24/1990,369
7/25/1990,372.5
7/26/1990,368.5
7/27/1990,367.5
7/28/1990,
7/29/1990,
7/30/1990,366.75
7/31/1990,372
8/1/1990,373.25
8/2/1990,378.75
8/3/1990,378.13
8/4/1990,
8/5/1990,
8/6/1990,382.5
8/7/1990,383
8/8/1990,382.25
8/9/1990,385
8/10/1990,391.25
8/11/1990,
8/12/1990,
8/13/1990,404.75
8/14/1990,409.88
8/15/1990,403
8/16/1990,401.5
8/17/1990,409.5
8/18/1990,
8/19/1990,
8/20/1990,409.75
8/21/1990,414
8/22/1990,410.5
8/23/1990,413.75
8/24/1990,411
8/25/1990,
8/26/1990,
8/27/1990,411
8/28/1990,382.38
8/29/1990,385.38
8/30/1990,389
8/31/1990,385.25
9/1/1990,
9/2/1990,
9/3/1990,387
9/4/1990,382.25
9/5/1990,387
9/6/1990,389.75
9/7/1990,387
9/8/1990,
9/9/1990,
9/10/1990,385.25
9/11/1990,381
9/12/1990,381.5
9/13/1990,383.75
9/14/1990,385.25
9/15/1990,
9/16/1990,
9/17/1990,390
9/18/1990,388
9/19/1990,386.75
9/20/1990,387.25
9/21/1990,389.25
9/22/1990,
9/23/1990,
9/24/1990,396
9/25/1990,404.25
9/26/1990,405.38
9/27/1990,405.25
9/28/1990,404.75
9/29/1990,
9/30/1990,
10/1/1990,396.5
10/2/1990,388.75
10/3/1990,390.5
10/4/1990,397
10/5/1990,394.25
10/6/1990,
10/7/1990,
10/8/1990,392.25
10/9/1990,396
10/10/1990,391.25
10/11/1990,389.75
10/12/1990,387.5
10/13/1990,
10/14/1990,
10/15/1990,379.25
10/16/1990,362.5
10/17/1990,366.75
10/18/1990,366.75
10/19/1990,372.5
10/20/1990,
10/21/1990,
10/22/1990,368.25
10/23/1990,372
10/24/1990,371.75
10/25/1990,375.25
10/26/1990,373
10/27/1990,
10/28/1990,
10/29/1990,372.75
10/30/1990,375
10/31/1990,379.25
11/1/1990,380.25
11/2/1990,376
11/3/1990,
11/4/1990,
11/5/1990,377
11/6/1990,380.25
11/7/1990,387.25
11/8/1990,386
11/9/1990,385
11/10/1990,
11/11/1990,
11/12/1990,382
11/13/1990,383.25
11/14/1990,384.25
11/15/1990,379.25
11/16/1990,376.5
11/17/1990,
11/18/1990,
11/19/1990,379.75
11/20/1990,378
11/21/1990,378.5
11/22/1990,380.25
11/23/1990,384.25
11/24/1990,
11/25/1990,
11/26/1990,387
11/27/1990,385
11/28/1990,385
11/29/1990,386.5
11/30/1990,384.75
12/1/1990,
12/2/1990,
12/3/1990,381.25
12/4/1990,378.05
12/5/1990,373.75
12/6/1990,371.75
12/7/1990,369.25
12/8/1990,
12/9/1990,
12/10/1990,374.05
12/11/1990,371.25
12/12/1990,371.6
12/13/1990,373
12/14/1990,373.75
12/15/1990,
12/16/1990,
12/17/1990,376.6
12/18/1990,376.9
12/19/1990,380.2
12/20/1990,385.25
12/21/1990,382.15
12/22/1990,
12/23/1990,
12/24/1990,383.5
12/25/1990,383.5
12/26/1990,383.5
12/27/1990,382.5
12/28/1990,386.45
12/29/1990,
12/30/1990,
12/31/1990,391.5
1/1/1991,391.5
1/2/1991,392.25
1/3/1991,386.25
1/4/1991,387.5
1/5/1991,
1/6/1991,
1/7/1991,391.25
1/8/1991,388.25
1/9/1991,386.1
1/10/1991,390.25
1/11/1991,391.15
1/12/1991,
1/13/1991,
1/14/1991,398.25
1/15/1991,400.25
1/16/1991,403.25
1/17/1991,376.65
1/18/1991,376
1/19/1991,
1/20/1991,
1/21/1991,378.3
1/22/1991,380.35
1/23/1991,379.25
1/24/1991,372.95
1/25/1991,375.65
1/26/1991,
1/27/1991,
1/28/1991,375.15
1/29/1991,376.2
1/30/1991,367.4
1/31/1991,366.75
2/1/1991,365.65
2/2/1991,
2/3/1991,
2/4/1991,367.45
2/5/1991,366.55
2/6/1991,363.95
2/7/1991,368.25
2/8/1991,370.25
2/9/1991,
2/10/1991,
2/11/1991,367.75
2/12/1991,368.25
2/13/1991,367.55
2/14/1991,368.25
2/15/1991,364.45
2/16/1991,
2/17/1991,
2/18/1991,363.9
2/19/1991,362.25
2/20/1991,364.35
2/21/1991,363.15
2/22/1991,358.75
2/23/1991,
2/24/1991,
2/25/1991,358.55
2/26/1991,358.75
2/27/1991,359.45
2/28/1991,364.75
3/1/1991,366.55
3/2/1991,
3/3/1991,
3/4/1991,365.75
3/5/1991,365.3
3/6/1991,368.65
3/7/1991,366.65
3/8/1991,370.4
3/9/1991,
3/10/1991,
3/11/1991,366.05
3/12/1991,364.7
3/13/1991,366.8
3/14/1991,364.9
3/15/1991,365.8
3/16/1991,
3/17/1991,
3/18/1991,361.55
3/19/1991,363.95
3/20/1991,363.2
3/21/1991,362.6
3/22/1991,362.65
3/23/1991,
3/24/1991,
3/25/1991,359.65
3/26/1991,357.75
3/27/1991,353.95
3/28/1991,355.85
3/29/1991,355.85
3/30/1991,
3/31/1991,
4/1/1991,355.85
4/2/1991,357.75
4/3/1991,359.35
4/4/1991,359.05
4/5/1991,357.5
4/6/1991,
4/7/1991,
4/8/1991,361.05
4/9/1991,364
4/10/1991,363
4/11/1991,362.15
4/12/1991,360.75
4/13/1991,
4/14/1991,
4/15/1991,360.25
4/16/1991,360.65
4/17/1991,360.75
4/18/1991,357.6
4/19/1991,356.45
4/20/1991,
4/21/1991,
4/22/1991,357.3
4/23/1991,355.7
4/24/1991,355.95
4/25/1991,353.55
4/26/1991,353.85
4/27/1991,
4/28/1991,
4/29/1991,351.35
4/30/1991,357.3
5/1/1991,356.5
5/2/1991,354.55
5/3/1991,354.65
5/4/1991,
5/5/1991,
5/6/1991,354.65
5/7/1991,356.2
5/8/1991,357.3
5/9/1991,356.75
5/10/1991,357
5/11/1991,
5/12/1991,
5/13/1991,357.25
5/14/1991,357.8
5/15/1991,360.15
5/16/1991,356
5/17/1991,355.4
5/18/1991,
5/19/1991,
5/20/1991,355.35
5/21/1991,356.5
5/22/1991,356.3
5/23/1991,355.65
5/24/1991,356.1
5/25/1991,
5/26/1991,
5/27/1991,356.1
5/28/1991,361
5/29/1991,361.45
5/30/1991,360.85
5/31/1991,360.75
6/1/1991,
6/2/1991,
6/3/1991,363.8
6/4/1991,362.75
6/5/1991,362.75
6/6/1991,364.35
6/7/1991,366.75
6/8/1991,
6/9/1991,
6/10/1991,372.95
6/11/1991,371.25
6/12/1991,371.85
6/13/1991,369.35
6/14/1991,366.95
6/15/1991,
6/16/1991,
6/17/1991,367.6
6/18/1991,370.1
6/19/1991,367.5
6/20/1991,367.5
6/21/1991,366.8
6/22/1991,
6/23/1991,
6/24/1991,361.2
6/25/1991,364.2
6/26/1991,366.5
6/27/1991,366.5
6/28/1991,369.4
6/29/1991,
6/30/1991,
7/1/1991,368.95
7/2/1991,367.45
7/3/1991,369.15
7/4/1991,369.55
7/5/1991,370.25
7/6/1991,
7/7/1991,
7/8/1991,370.6
7/9/1991,369.25
7/10/1991,370.65
7/11/1991,367.95
7/12/1991,368.15
7/13/1991,
7/14/1991,
7/15/1991,368.9
7/16/1991,368.8
7/17/1991,368.95
7/18/1991,369.55
7/19/1991,370.75
7/20/1991,
7/21/1991,
7/22/1991,369.5
7/23/1991,367.95
7/24/1991,366.05
7/25/1991,365.2
7/26/1991,364.7
7/27/1991,
7/28/1991,
7/29/1991,365.2
7/30/1991,362.65
7/31/1991,363
8/1/1991,363.5
8/2/1991,356.75
8/3/1991,
8/4/1991,
8/5/1991,356.35
8/6/1991,357.7
8/7/1991,357.15
8/8/1991,357.25
8/9/1991,358.35
8/10/1991,
8/11/1991,
8/12/1991,358.35
8/13/1991,356.75
8/14/1991,357.25
8/15/1991,358.65
8/16/1991,358.1
8/17/1991,
8/18/1991,
8/19/1991,359.75
8/20/1991,355.45
8/21/1991,356.45
8/22/1991,356.55
8/23/1991,353.85
8/24/1991,
8/25/1991,
8/26/1991,353.85
8/27/1991,354.6
8/28/1991,354.45
8/29/1991,351.95
8/30/1991,348.05
8/31/1991,
9/1/1991,
9/2/1991,348.1
9/3/1991,348.5
9/4/1991,349
9/5/1991,347.5
9/6/1991,348.6
9/7/1991,
9/8/1991,
9/9/1991,351.45
9/10/1991,350.6
9/11/1991,345.25
9/12/1991,346.25
9/13/1991,344.2
9/14/1991,
9/15/1991,
9/16/1991,345.65
9/17/1991,346.55
9/18/1991,347.8
9/19/1991,348.85
9/20/1991,348.35
9/21/1991,
9/22/1991,
9/23/1991,349.55
9/24/1991,351.85
9/25/1991,352.75
9/26/1991,351.95
9/27/1991,349.1
9/28/1991,
9/29/1991,
9/30/1991,354.55
10/1/1991,353.85
10/2/1991,355.35
10/3/1991,356.85
10/4/1991,356
10/5/1991,
10/6/1991,
10/7/1991,359.6
10/8/1991,358.05
10/9/1991,357.65
10/10/1991,359.25
10/11/1991,358.05
10/12/1991,
10/13/1991,
10/14/1991,359.05
10/15/1991,358.15
10/16/1991,357.27
10/17/1991,358.5
10/18/1991,360
10/19/1991,
10/20/1991,
10/21/1991,363.4
10/22/1991,363
10/23/1991,362.45
10/24/1991,361.75
10/25/1991,362.15
10/26/1991,
10/27/1991,
10/28/1991,358.85
10/29/1991,358.4
10/30/1991,359.45
10/31/1991,357.8
11/1/1991,357.85
11/2/1991,
11/3/1991,
11/4/1991,356.45
11/5/1991,356.35
11/6/1991,354.35
11/7/1991,354.8
11/8/1991,353.95
11/9/1991,
11/10/1991,
11/11/1991,355.25
11/12/1991,355.2
11/13/1991,356.2
11/14/1991,356.1
11/15/1991,355.9
11/16/1991,
11/17/1991,
11/18/1991,360.1
11/19/1991,363.15
11/20/1991,363.05
11/21/1991,365.55
11/22/1991,368.45
11/23/1991,
11/24/1991,
11/25/1991,369
11/26/1991,366.8
11/27/1991,368.45
11/28/1991,366.05
11/29/1991,366.35
11/30/1991,
12/1/1991,
12/2/1991,367.95
12/3/1991,363.75
12/4/1991,364.9
12/5/1991,364.75
12/6/1991,368.15
12/7/1991,
12/8/1991,
12/9/1991,370.7
12/10/1991,368.4
12/11/1991,366.05
12/12/1991,359.15
12/13/1991,358.9
12/14/1991,
12/15/1991,
12/16/1991,359.65
12/17/1991,357.3
12/18/1991,357.95
12/19/1991,357.95
12/20/1991,358.5
12/21/1991,
12/22/1991,
12/23/1991,359.55
12/24/1991,359.75
12/25/1991,359.75
12/26/1991,359.75
12/27/1991,353.35
12/28/1991,
12/29/1991,
12/30/1991,351.75
12/31/1991,353.3
1/1/1992,353.3
1/2/1992,352.25
1/3/1992,352.15
1/4/1992,
1/5/1992,
1/6/1992,348.55
1/7/1992,349.55
1/8/1992,350.3
1/9/1992,353.75
1/10/1992,357.75
1/11/1992,
1/12/1992,
1/13/1992,353.95
1/14/1992,353.9
1/15/1992,354.55
1/16/1992,357.65
1/17/1992,356.35
1/18/1992,
1/19/1992,
1/20/1992,358.42
1/21/1992,358
1/22/1992,357.3
1/23/1992,356.05
1/24/1992,354.65
1/25/1992,
1/26/1992,
1/27/1992,356.15
1/28/1992,356.05
1/29/1992,355.95
1/30/1992,356.15
1/31/1992,355.4
2/1/1992,
2/2/1992,
2/3/1992,356.7
2/4/1992,356.3
2/5/1992,353.85
2/6/1992,355.4
2/7/1992,356.4
2/8/1992,
2/9/1992,
2/10/1992,355.2
2/11/1992,356
2/12/1992,357.1
2/13/1992,356.4
2/14/1992,354
2/15/1992,
2/16/1992,
2/17/1992,354.5
2/18/1992,352.25
2/19/1992,353.3
2/20/1992,353.4
2/21/1992,351.6
2/22/1992,
2/23/1992,
2/24/1992,349.8
2/25/1992,350.2
2/26/1992,349.35
2/27/1992,353.8
2/28/1992,353.2
2/29/1992,
3/1/1992,
3/2/1992,350.85
3/3/1992,351.75
3/4/1992,349.95
3/5/1992,350.65
3/6/1992,349.7
3/7/1992,
3/8/1992,
3/9/1992,348.9
3/10/1992,348.5
3/11/1992,349
3/12/1992,347.7
3/13/1992,347
3/14/1992,
3/15/1992,
3/16/1992,343.2
3/17/1992,339.4
3/18/1992,340.6
3/19/1992,336.85
3/20/1992,339.05
3/21/1992,
3/22/1992,
3/23/1992,339.05
3/24/1992,338.8
3/25/1992,341.5
3/26/1992,340.7
3/27/1992,341.8
3/28/1992,
3/29/1992,
3/30/1992,341.67
3/31/1992,342.55
4/1/1992,344
4/2/1992,340.8
4/3/1992,341.15
4/4/1992,
4/5/1992,
4/6/1992,339.5
4/7/1992,338.5
4/8/1992,338.55
4/9/1992,338.7
4/10/1992,341.4
4/11/1992,
4/12/1992,
4/13/1992,341
4/14/1992,339.2
4/15/1992,337.4
4/16/1992,336.85
4/17/1992,336.85
4/18/1992,
4/19/1992,
4/20/1992,336.85
4/21/1992,338.6
4/22/1992,338.7
4/23/1992,338.75
4/24/1992,336.55
4/25/1992,
4/26/1992,
4/27/1992,335.9
4/28/1992,337
4/29/1992,335.95
4/30/1992,336.5
5/1/1992,337.25
5/2/1992,
5/3/1992,
5/4/1992,337.25
5/5/1992,336.9
5/6/1992,336.8
5/7/1992,336.3
5/8/1992,335.9
5/9/1992,
5/10/1992,
5/11/1992,336.3
5/12/1992,335.2
5/13/1992,335.3
5/14/1992,337
5/15/1992,339.4
5/16/1992,
5/17/1992,
5/18/1992,338.7
5/19/1992,337.6
5/20/1992,337.3
5/21/1992,336.9
5/22/1992,337.7
5/23/1992,
5/24/1992,
5/25/1992,337.7
5/26/1992,338.1
5/27/1992,338.75
5/28/1992,337.1
5/29/1992,336.95
5/30/1992,
5/31/1992,
6/1/1992,337.2
6/2/1992,338.9
6/3/1992,339.5
6/4/1992,338.55
6/5/1992,338.65
6/6/1992,
6/7/1992,
6/8/1992,338.75
6/9/1992,337.95
6/10/1992,338
6/11/1992,338.35
6/12/1992,339.85
6/13/1992,
6/14/1992,
6/15/1992,343
6/16/1992,342.15
6/17/1992,342.35
6/18/1992,341.95
6/19/1992,343.55
6/20/1992,
6/21/1992,
6/22/1992,342.6
6/23/1992,344.55
6/24/1992,342.65
6/25/1992,343.35
6/26/1992,343.65
6/27/1992,
6/28/1992,
6/29/1992,342.25
6/30/1992,343.55
7/1/1992,344.15
7/2/1992,346.25
7/3/1992,346
7/4/1992,
7/5/1992,
7/6/1992,346.55
7/7/1992,345.65
7/8/1992,347.7
7/9/1992,347.65
7/10/1992,348.45
7/11/1992,
7/12/1992,
7/13/1992,348.7
7/14/1992,350.55
7/15/1992,351.85
7/16/1992,352.55
7/17/1992,358.25
7/18/1992,
7/19/1992,
7/20/1992,358.05
7/21/1992,357.85
7/22/1992,359.25
7/23/1992,358.75
7/24/1992,357.45
7/25/1992,
7/26/1992,
7/27/1992,358
7/28/1992,358.45
7/29/1992,356.85
7/30/1992,356.6
7/31/1992,357.95
8/1/1992,
8/2/1992,
8/3/1992,353.5
8/4/1992,352.75
8/5/1992,350.35
8/6/1992,348.65
8/7/1992,350.95
8/8/1992,
8/9/1992,
8/10/1992,350.5
8/11/1992,348.65
8/12/1992,346.35
8/13/1992,338.25
8/14/1992,335.45
8/15/1992,
8/16/1992,
8/17/1992,337.3
8/18/1992,336.15
8/19/1992,337.4
8/20/1992,338.15
8/21/1992,337.45
8/22/1992,
8/23/1992,
8/24/1992,342.2
8/25/1992,341.3
8/26/1992,338.65
8/27/1992,339.4
8/28/1992,340
8/29/1992,
8/30/1992,
8/31/1992,340
9/1/1992,342.45
9/2/1992,339.3
9/3/1992,341.4
9/4/1992,341.5
9/5/1992,
9/6/1992,
9/7/1992,343.15
9/8/1992,342.4
9/9/1992,342.4
9/10/1992,342.3
9/11/1992,340.25
9/12/1992,
9/13/1992,
9/14/1992,346.55
9/15/1992,346.35
9/16/1992,349.4
9/17/1992,348.25
9/18/1992,352
9/19/1992,
9/20/1992,
9/21/1992,347.25
9/22/1992,349.85
9/23/1992,348.35
9/24/1992,348.35
9/25/1992,349.35
9/26/1992,
9/27/1992,
9/28/1992,348.15
9/29/1992,348.15
9/30/1992,348.85
10/1/1992,348.25
10/2/1992,348.15
10/3/1992,
10/4/1992,
10/5/1992,351.05
10/6/1992,350.15
10/7/1992,350.75
10/8/1992,350.65
10/9/1992,350.85
10/10/1992,
10/11/1992,
10/12/1992,345.8
10/13/1992,343.35
10/14/1992,343.45
10/15/1992,342
10/16/1992,342.45
10/17/1992,
10/18/1992,
10/19/1992,342.95
10/20/1992,343.55
10/21/1992,343.95
10/22/1992,343.2
10/23/1992,343.25
10/24/1992,
10/25/1992,
10/26/1992,341.25
10/27/1992,338.35
10/28/1992,338.65
10/29/1992,339.65
10/30/1992,339.65
10/31/1992,
11/1/1992,
11/2/1992,339.75
11/3/1992,338.7
11/4/1992,337.3
11/5/1992,339
11/6/1992,334.05
11/7/1992,
11/8/1992,
11/9/1992,334.45
11/10/1992,329.8
11/11/1992,332.15
11/12/1992,333.05
11/13/1992,336.45
11/14/1992,
11/15/1992,
11/16/1992,335.75
11/17/1992,334.15
11/18/1992,335
11/19/1992,334.15
11/20/1992,336.35
11/21/1992,
11/22/1992,
11/23/1992,334.35
11/24/1992,334.65
11/25/1992,333.85
11/26/1992,334.7
11/27/1992,334.05
11/28/1992,
11/29/1992,
11/30/1992,334.45
12/1/1992,334.65
12/2/1992,336.45
12/3/1992,335.75
12/4/1992,335.45
12/5/1992,
12/6/1992,
12/7/1992,335.15
12/8/1992,335.75
12/9/1992,333.75
12/10/1992,334.15
12/11/1992,334.72
12/12/1992,
12/13/1992,
12/14/1992,335.05
12/15/1992,335.05
12/16/1992,337.05
12/17/1992,338.35
12/18/1992,337.15
12/19/1992,
12/20/1992,
12/21/1992,333.95
12/22/1992,332.3
12/23/1992,332.85
12/24/1992,333.15
12/25/1992,333.15
12/26/1992,
12/27/1992,
12/28/1992,333.15
12/29/1992,332.65
12/30/1992,333.05
12/31/1992,333.05
1/1/1993,333.05
1/2/1993,
1/3/1993,
1/4/1993,329.15
1/5/1993,329.15
1/6/1993,329.35
1/7/1993,329.15
1/8/1993,329.25
1/9/1993,
1/10/1993,
1/11/1993,327.35
1/12/1993,330.05
1/13/1993,327.45
1/14/1993,327.55
1/15/1993,327.85
1/16/1993,
1/17/1993,
1/18/1993,328.15
1/19/1993,329.25
1/20/1993,329.55
1/21/1993,330.05
1/22/1993,329.25
1/23/1993,
1/24/1993,
1/25/1993,328.75
1/26/1993,331.05
1/27/1993,330.65
1/28/1993,330.15
1/29/1993,330.35
1/30/1993,
1/31/1993,
2/1/1993,329.85
2/2/1993,330.15
2/3/1993,328.3
2/4/1993,328.15
2/5/1993,328
2/6/1993,
2/7/1993,
2/8/1993,328.15
2/9/1993,328.15
2/10/1993,330.15
2/11/1993,331.75
2/12/1993,328.45
2/13/1993,
2/14/1993,
2/15/1993,328.55
2/16/1993,331.85
2/17/1993,330.15
2/18/1993,330.05
2/19/1993,330.25
2/20/1993,
2/21/1993,
2/22/1993,330.75
2/23/1993,329.7
2/24/1993,330.05
2/25/1993,329.65
2/26/1993,327.75
2/27/1993,
2/28/1993,
3/1/1993,328.55
3/2/1993,328.95
3/3/1993,329.35
3/4/1993,327.3
3/5/1993,329.95
3/6/1993,
3/7/1993,
3/8/1993,327.15
3/9/1993,326.45
3/10/1993,326.05
3/11/1993,327.15
3/12/1993,327.75
3/13/1993,
3/14/1993,
3/15/1993,328.65
3/16/1993,328.75
3/17/1993,329.05
3/18/1993,330.25
3/19/1993,331.45
3/20/1993,
3/21/1993,
3/22/1993,332.15
3/23/1993,331.75
3/24/1993,331.45
3/25/1993,333
3/26/1993,332.45
3/27/1993,
3/28/1993,
3/29/1993,331.85
3/30/1993,336.15
3/31/1993,337.85
4/1/1993,336.85
4/2/1993,339.75
4/3/1993,
4/4/1993,
4/5/1993,339.15
4/6/1993,338.15
4/7/1993,336.65
4/8/1993,336.95
4/9/1993,336.95
4/10/1993,
4/11/1993,
4/12/1993,336.95
4/13/1993,336.55
4/14/1993,339.2
4/15/1993,338.15
4/16/1993,338.8
4/17/1993,
4/18/1993,
4/19/1993,339.65
4/20/1993,340.25
4/21/1993,339
4/22/1993,340.15
4/23/1993,344.15
4/24/1993,
4/25/1993,
4/26/1993,351.5
4/27/1993,350.55
4/28/1993,351.65
4/29/1993,355.25
4/30/1993,355.75
5/1/1993,
5/2/1993,
5/3/1993,355.75
5/4/1993,354.7
5/5/1993,353.65
5/6/1993,356.45
5/7/1993,357.8
5/8/1993,
5/9/1993,
5/10/1993,356.75
5/11/1993,356.45
5/12/1993,357.15
5/13/1993,369.15
5/14/1993,367.8
5/15/1993,
5/16/1993,
5/17/1993,368.2
5/18/1993,370.25
5/19/1993,377.15
5/20/1993,373.25
5/21/1993,375.15
5/22/1993,
5/23/1993,
5/24/1993,376.75
5/25/1993,376.45
5/26/1993,375.45
5/27/1993,376.7
5/28/1993,379.75
5/29/1993,
5/30/1993,
5/31/1993,379.75
6/1/1993,375.25
6/2/1993,370.25
6/3/1993,373.25
6/4/1993,374.6
6/5/1993,
6/6/1993,
6/7/1993,374.2
6/8/1993,375.35
6/9/1993,372.5
6/10/1993,369.25
6/11/1993,371.15
6/12/1993,
6/13/1993,
6/14/1993,363.95
6/15/1993,365.75
6/16/1993,369.35
6/17/1993,371.15
6/18/1993,372.25
6/19/1993,
6/20/1993,
6/21/1993,369.5
6/22/1993,368.15
6/23/1993,368
6/24/1993,373.8
6/25/1993,376.45
6/26/1993,
6/27/1993,
6/28/1993,375.25
6/29/1993,376.75
6/30/1993,378.25
7/1/1993,383.5
7/2/1993,390
7/3/1993,
7/4/1993,
7/5/1993,387.85
7/6/1993,391.75
7/7/1993,394
7/8/1993,395.45
7/9/1993,392.75
7/10/1993,
7/11/1993,
7/12/1993,394.05
7/13/1993,393.75
7/14/1993,392.25
7/15/1993,394
7/16/1993,393.5
7/17/1993,
7/18/1993,
7/19/1993,395
7/20/1993,392
7/21/1993,390.4
7/22/1993,390.5
7/23/1993,390.5
7/24/1993,
7/25/1993,
7/26/1993,393.2
7/27/1993,391.5
7/28/1993,394.2
7/29/1993,394.1
7/30/1993,405.75
7/31/1993,
8/1/1993,
8/2/1993,403.25
8/3/1993,403.65
8/4/1993,401.5
8/5/1993,388.25
8/6/1993,376.5
8/7/1993,
8/8/1993,
8/9/1993,382.25
8/10/1993,379.2
8/11/1993,375.25
8/12/1993,373.5
8/13/1993,368.75
8/14/1993,
8/15/1993,
8/16/1993,373.75
8/17/1993,372.7
8/18/1993,373.2
8/19/1993,373
8/20/1993,373.25
8/21/1993,
8/22/1993,
8/23/1993,374
8/24/1993,373.45
8/25/1993,371.25
8/26/1993,367.5
8/27/1993,369
8/28/1993,
8/29/1993,
8/30/1993,369
8/31/1993,371.35
9/1/1993,369.75
9/2/1993,364.5
9/3/1993,364.25
9/4/1993,
9/5/1993,
9/6/1993,364.35
9/7/1993,354.25
9/8/1993,351.75
9/9/1993,354.15
9/10/1993,349.85
9/11/1993,
9/12/1993,
9/13/1993,344.25
9/14/1993,345.25
9/15/1993,347.6
9/16/1993,352.25
9/17/1993,352
9/18/1993,
9/19/1993,
9/20/1993,353.8
9/21/1993,353.3
9/22/1993,354.25
9/23/1993,357.25
9/24/1993,357.25
9/25/1993,
9/26/1993,
9/27/1993,354.25
9/28/1993,356.2
9/29/1993,352.2
9/30/1993,355.25
10/1/1993,355.2
10/2/1993,
10/3/1993,
10/4/1993,352.75
10/5/1993,353.25
10/6/1993,355.75
10/7/1993,357.7
10/8/1993,357.25
10/9/1993,
10/10/1993,
10/11/1993,360.25
10/12/1993,361.15
10/13/1993,366.75
10/14/1993,365
10/15/1993,364.75
10/16/1993,
10/17/1993,
10/18/1993,367.5
10/19/1993,367
10/20/1993,372
10/21/1993,373.35
10/22/1993,368
10/23/1993,
10/24/1993,
10/25/1993,371.75
10/26/1993,367.25
10/27/1993,371.75
10/28/1993,369.75
10/29/1993,368.8
10/30/1993,
10/31/1993,
11/1/1993,362.75
11/2/1993,361
11/3/1993,364.45
11/4/1993,372.5
11/5/1993,376.75
11/6/1993,
11/7/1993,
11/8/1993,376.25
11/9/1993,375.6
11/10/1993,376.75
11/11/1993,376.25
11/12/1993,375.2
11/13/1993,
11/14/1993,
11/15/1993,374.25
11/16/1993,375
11/17/1993,372
11/18/1993,377.25
11/19/1993,378.6
11/20/1993,
11/21/1993,
11/22/1993,379
11/23/1993,376.25
11/24/1993,376
11/25/1993,377.6
11/26/1993,377
11/27/1993,
11/28/1993,
11/29/1993,371.25
11/30/1993,370
12/1/1993,375.45
12/2/1993,374.95
12/3/1993,376
12/4/1993,
12/5/1993,
12/6/1993,376.6
12/7/1993,376.3
12/8/1993,383.25
12/9/1993,382.8
12/10/1993,382.75
12/11/1993,
12/12/1993,
12/13/1993,386.4
12/14/1993,387
12/15/1993,385
12/16/1993,386.3
12/17/1993,386.2
12/18/1993,
12/19/1993,
12/20/1993,389.6
12/21/1993,388.4
12/22/1993,386.2
12/23/1993,385.5
12/24/1993,386.75
12/25/1993,
12/26/1993,
12/27/1993,386.75
12/28/1993,386.75
12/29/1993,386.7
12/30/1993,390.5
12/31/1993,390.75
1/1/1994,
1/2/1994,
1/3/1994,390.75
1/4/1994,394.25
1/5/1994,396.5
1/6/1994,388.75
1/7/1994,388.25
1/8/1994,
1/9/1994,
1/10/1994,383.1
1/11/1994,385.25
1/12/1994,386.2
1/13/1994,389.25
1/14/1994,390
1/15/1994,
1/16/1994,
1/17/1994,392.5
1/18/1994,391.25
1/19/1994,391.4
1/20/1994,392.3
1/21/1994,385
1/22/1994,
1/23/1994,
1/24/1994,380.25
1/25/1994,382.3
1/26/1994,383.4
1/27/1994,382.2
1/28/1994,378.4
1/29/1994,
1/30/1994,
1/31/1994,378.25
2/1/1994,384.75
2/2/1994,384.6
2/3/1994,386.5
2/4/1994,387.7
2/5/1994,
2/6/1994,
2/7/1994,384.7
2/8/1994,380.4
2/9/1994,381.8
2/10/1994,382.25
2/11/1994,380.75
2/12/1994,
2/13/1994,
2/14/1994,382.75
2/15/1994,384.5
2/16/1994,383.5
2/17/1994,386
2/18/1994,378.5
2/19/1994,
2/20/1994,
2/21/1994,380.1
2/22/1994,378.8
2/23/1994,378.45
2/24/1994,378.1
2/25/1994,378.7
2/26/1994,
2/27/1994,
2/28/1994,381.8
3/1/1994,381.3
3/2/1994,375.75
3/3/1994,377.3
3/4/1994,376.6
3/5/1994,
3/6/1994,
3/7/1994,377.6
3/8/1994,376
3/9/1994,379.55
3/10/1994,385
3/11/1994,387
3/12/1994,
3/13/1994,
3/14/1994,387.1
3/15/1994,386.25
3/16/1994,385.9
3/17/1994,383.15
3/18/1994,386.2
3/19/1994,
3/20/1994,
3/21/1994,386.2
3/22/1994,389.25
3/23/1994,388.9
3/24/1994,387.2
3/25/1994,389.4
3/26/1994,
3/27/1994,
3/28/1994,389.8
3/29/1994,386.15
3/30/1994,386.7
3/31/1994,389.75
4/1/1994,389.75
4/2/1994,
4/3/1994,
4/4/1994,389.75
4/5/1994,385.4
4/6/1994,383.9
4/7/1994,384
4/8/1994,386.2
4/9/1994,
4/10/1994,
4/11/1994,380.75
4/12/1994,378
4/13/1994,378.2
4/14/1994,377.5
4/15/1994,377.25
4/16/1994,
4/17/1994,
4/18/1994,377.7
4/19/1994,372.8
4/20/1994,371.8
4/21/1994,372.7
4/22/1994,369.5
4/23/1994,
4/24/1994,
4/25/1994,372.75
4/26/1994,373.7
4/27/1994,374.4
4/28/1994,375.2
4/29/1994,376.1
4/30/1994,
5/1/1994,
5/2/1994,376.1
5/3/1994,375.3
5/4/1994,375.5
5/5/1994,374.7
5/6/1994,375.3
5/7/1994,
5/8/1994,
5/9/1994,381.25
5/10/1994,380.2
5/11/1994,382.9
5/12/1994,379
5/13/1994,380.35
5/14/1994,
5/15/1994,
5/16/1994,380.2
5/17/1994,382.9
5/18/1994,382.6
5/19/1994,383.7
5/20/1994,384.2
5/21/1994,
5/22/1994,
5/23/1994,387.75
5/24/1994,386.25
5/25/1994,387.45
5/26/1994,384.7
5/27/1994,385.7
5/28/1994,
5/29/1994,
5/30/1994,385.7
5/31/1994,387.8
6/1/1994,385.7
6/2/1994,383.3
6/3/1994,380.5
6/4/1994,
6/5/1994,
6/6/1994,378.8
6/7/1994,380.6
6/8/1994,382.1
6/9/1994,383.4
6/10/1994,383.5
6/11/1994,
6/12/1994,
6/13/1994,382.75
6/14/1994,383.9
6/15/1994,386.75
6/16/1994,386.1
6/17/1994,386.2
6/18/1994,
6/19/1994,
6/20/1994,390.4
6/21/1994,390.7
6/22/1994,390.7
6/23/1994,390.7
6/24/1994,391.7
6/25/1994,
6/26/1994,
6/27/1994,385.7
6/28/1994,386.7
6/29/1994,385.3
6/30/1994,388
7/1/1994,385
7/2/1994,
7/3/1994,
7/4/1994,386.95
7/5/1994,386.8
7/6/1994,384.5
7/7/1994,384.2
7/8/1994,383.4
7/9/1994,
7/10/1994,
7/11/1994,386
7/12/1994,386.2
7/13/1994,384.2
7/14/1994,383.15
7/15/1994,385.2
7/16/1994,
7/17/1994,
7/18/1994,386.5
7/19/1994,384.55
7/20/1994,387
7/21/1994,386.3
7/22/1994,384.7
7/23/1994,
7/24/1994,
7/25/1994,385.2
7/26/1994,386.3
7/27/1994,388.4
7/28/1994,387.3
7/29/1994,383.9
7/30/1994,
7/31/1994,
8/1/1994,383.2
8/2/1994,380.45
8/3/1994,378.7
8/4/1994,378.2
8/5/1994,378.5
8/6/1994,
8/7/1994,
8/8/1994,378
8/9/1994,378
8/10/1994,378.4
8/11/1994,377.2
8/12/1994,377.5
8/13/1994,
8/14/1994,
8/15/1994,377.35
8/16/1994,376.8
8/17/1994,377.95
8/18/1994,380.45
8/19/1994,382.1
8/20/1994,
8/21/1994,
8/22/1994,382.7
8/23/1994,382
8/24/1994,384.25
8/25/1994,383.4
8/26/1994,383.3
8/27/1994,
8/28/1994,
8/29/1994,383.3
8/30/1994,386.5
8/31/1994,386.25
9/1/1994,386
9/2/1994,387.25
9/3/1994,
9/4/1994,
9/5/1994,387.2
9/6/1994,387.65
9/7/1994,389.7
9/8/1994,391.5
9/9/1994,391.85
9/10/1994,
9/11/1994,
9/12/1994,391.4
9/13/1994,389.7
9/14/1994,390.5
9/15/1994,388.25
9/16/1994,390.6
9/17/1994,
9/18/1994,
9/19/1994,390.25
9/20/1994,393.8
9/21/1994,394.6
9/22/1994,393.8
9/23/1994,396
9/24/1994,
9/25/1994,
9/26/1994,395.95
9/27/1994,395.3
9/28/1994,395.5
9/29/1994,395.5
9/30/1994,393.8
10/1/1994,
10/2/1994,
10/3/1994,394.9
10/4/1994,392.4
10/5/1994,392.7
10/6/1994,391.8
10/7/1994,392.7
10/8/1994,
10/9/1994,
10/10/1994,390.5
10/11/1994,388.25
10/12/1994,388.4
10/13/1994,386.9
10/14/1994,387.6
10/15/1994,
10/16/1994,
10/17/1994,389.2
10/18/1994,389.5
10/19/1994,391
10/20/1994,390.9
10/21/1994,390.7
10/22/1994,
10/23/1994,
10/24/1994,389.5
10/25/1994,389.4
10/26/1994,389
10/27/1994,388.8
10/28/1994,386.9
10/29/1994,
10/30/1994,
10/31/1994,384.5
11/1/1994,383.75
11/2/1994,383.7
11/3/1994,383.7
11/4/1994,384
11/5/1994,
11/6/1994,
11/7/1994,383.05
11/8/1994,385.1
11/9/1994,384.4
11/10/1994,384.25
11/11/1994,385.45
11/12/1994,
11/13/1994,
11/14/1994,385.2
11/15/1994,386.95
11/16/1994,386.2
11/17/1994,386.4
11/18/1994,384
11/19/1994,
11/20/1994,
11/21/1994,383.15
11/22/1994,384.3
11/23/1994,385
11/24/1994,384.5
11/25/1994,384.95
11/26/1994,
11/27/1994,
11/28/1994,384
11/29/1994,383.35
11/30/1994,383
12/1/1994,380
12/2/1994,379.2
12/3/1994,
12/4/1994,
12/5/1994,376.7
12/6/1994,376.2
12/7/1994,376.3
12/8/1994,376.1
12/9/1994,377.6
12/10/1994,
12/11/1994,
12/12/1994,377.8
12/13/1994,378.5
12/14/1994,379.1
12/15/1994,379.85
12/16/1994,380.8
12/17/1994,
12/18/1994,
12/19/1994,379.3
12/20/1994,382
12/21/1994,382.2
12/22/1994,381.6
12/23/1994,381.3
12/24/1994,
12/25/1994,
12/26/1994,381.3
12/27/1994,381.3
12/28/1994,382
12/29/1994,384.3
12/30/1994,382.75
12/31/1994,
1/1/1995,
1/2/1995,382.75
1/3/1995,380.3
1/4/1995,376.1
1/5/1995,374.5
1/6/1995,375.75
1/7/1995,
1/8/1995,
1/9/1995,373
1/10/1995,374.7
1/11/1995,375.9
1/12/1995,381.1
1/13/1995,379.2
1/14/1995,
1/15/1995,
1/16/1995,377.6
1/17/1995,380
1/18/1995,383
1/19/1995,383
1/20/1995,384.1
1/21/1995,
1/22/1995,
1/23/1995,381.1
1/24/1995,381.3
1/25/1995,381.35
1/26/1995,381
1/27/1995,378.35
1/28/1995,
1/29/1995,
1/30/1995,375.6
1/31/1995,374.7
2/1/1995,376.2
2/2/1995,376.1
2/3/1995,375.9
2/4/1995,
2/5/1995,
2/6/1995,375
2/7/1995,374.8
2/8/1995,374.8
2/9/1995,375.9
2/10/1995,376.6
2/11/1995,
2/12/1995,
2/13/1995,374.6
2/14/1995,375.9
2/15/1995,376.4
2/16/1995,377.1
2/17/1995,378.4
2/18/1995,
2/19/1995,
2/20/1995,379.4
2/21/1995,378.8
2/22/1995,378.95
2/23/1995,379
2/24/1995,375.9
2/25/1995,
2/26/1995,
2/27/1995,376.1
2/28/1995,376.5
3/1/1995,375.05
3/2/1995,375.4
3/3/1995,376.9
3/4/1995,
3/5/1995,
3/6/1995,378.4
3/7/1995,382
3/8/1995,381.4
3/9/1995,381.6
3/10/1995,381.5
3/11/1995,
3/12/1995,
3/13/1995,385.5
3/14/1995,384.9
3/15/1995,386.6
3/16/1995,383.6
3/17/1995,383
3/18/1995,
3/19/1995,
3/20/1995,382.5
3/21/1995,382.9
3/22/1995,382.4
3/23/1995,383.8
3/24/1995,382
3/25/1995,
3/26/1995,
3/27/1995,381.9
3/28/1995,382.15
3/29/1995,383.3
3/30/1995,383.4
3/31/1995,391.75
4/1/1995,
4/2/1995,
4/3/1995,391.9
4/4/1995,391.9
4/5/1995,392.3
4/6/1995,394
4/7/1995,393.5
4/8/1995,
4/9/1995,
4/10/1995,389.2
4/11/1995,390.4
4/12/1995,390.1
4/13/1995,389.1
4/14/1995,389.1
4/15/1995,
4/16/1995,
4/17/1995,389.1
4/18/1995,393.9
4/19/1995,396.7
4/20/1995,393.5
4/21/1995,390.5
4/22/1995,
4/23/1995,
4/24/1995,391.4
4/25/1995,390
4/26/1995,388.6
4/27/1995,387.3
4/28/1995,388.6
4/29/1995,
4/30/1995,
5/1/1995,387.4
5/2/1995,388.6
5/3/1995,388.6
5/4/1995,390.5
5/5/1995,389.2
5/6/1995,
5/7/1995,
5/8/1995,389.2
5/9/1995,388.1
5/10/1995,383.3
5/11/1995,384.2
5/12/1995,383.5
5/13/1995,
5/14/1995,
5/15/1995,384.4
5/16/1995,384.75
5/17/1995,383.95
5/18/1995,382.9
5/19/1995,383.4
5/20/1995,
5/21/1995,
5/22/1995,382.2
5/23/1995,382.3
5/24/1995,383.7
5/25/1995,385.7
5/26/1995,387
5/27/1995,
5/28/1995,
5/29/1995,387
5/30/1995,384.9
5/31/1995,384.15
6/1/1995,384.3
6/2/1995,384.15
6/3/1995,
6/4/1995,
6/5/1995,383.35
6/6/1995,384.45
6/7/1995,385.9
6/8/1995,385.6
6/9/1995,388.2
6/10/1995,
6/11/1995,
6/12/1995,387.55
6/13/1995,387.4
6/14/1995,388
6/15/1995,389.8
6/16/1995,390.3
6/17/1995,
6/18/1995,
6/19/1995,391.2
6/20/1995,390.6
6/21/1995,390.7
6/22/1995,389.85
6/23/1995,389.75
6/24/1995,
6/25/1995,
6/26/1995,389.15
6/27/1995,389.25
6/28/1995,387.6
6/29/1995,387.9
6/30/1995,385.7
7/1/1995,
7/2/1995,
7/3/1995,384.7
7/4/1995,384.9
7/5/1995,383.9
7/6/1995,384.35
7/7/1995,386
7/8/1995,
7/9/1995,
7/10/1995,385.95
7/11/1995,385.3
7/12/1995,387.6
7/13/1995,388.8
7/14/1995,389.4
7/15/1995,
7/16/1995,
7/17/1995,389
7/18/1995,389.5
7/19/1995,391.1
7/20/1995,387.2
7/21/1995,385.9
7/22/1995,
7/23/1995,
7/24/1995,386.4
7/25/1995,386.85
7/26/1995,386.1
7/27/1995,385.6
7/28/1995,383.4
7/29/1995,
7/30/1995,
7/31/1995,383.1
8/1/1995,382.4
8/2/1995,382.75
8/3/1995,384
8/4/1995,383.5
8/5/1995,
8/6/1995,
8/7/1995,384.2
8/8/1995,384.35
8/9/1995,384.6
8/10/1995,384.2
8/11/1995,384
8/12/1995,
8/13/1995,
8/14/1995,384.2
8/15/1995,386.6
8/16/1995,382.7
8/17/1995,384.6
8/18/1995,384.6
8/19/1995,
8/20/1995,
8/21/1995,384.3
8/22/1995,383.7
8/23/1995,383
8/24/1995,383.4
8/25/1995,382.6
8/26/1995,
8/27/1995,
8/28/1995,382.6
8/29/1995,383.2
8/30/1995,382.3
8/31/1995,382.3
9/1/1995,381.05
9/2/1995,
9/3/1995,
9/4/1995,379.95
9/5/1995,379.25
9/6/1995,380.35
9/7/1995,381.95
9/8/1995,382.55
9/9/1995,
9/10/1995,
9/11/1995,382.35
9/12/1995,384.25
9/13/1995,384.65
9/14/1995,385.5
9/15/1995,385.65
9/16/1995,
9/17/1995,
9/18/1995,385.5
9/19/1995,384.65
9/20/1995,384.75
9/21/1995,384.15
9/22/1995,383.25
9/23/1995,
9/24/1995,
9/25/1995,382.85
9/26/1995,383.75
9/27/1995,383.65
9/28/1995,383.55
9/29/1995,383.75
9/30/1995,
10/1/1995,
10/2/1995,382.65
10/3/1995,382.35
10/4/1995,382.85
10/5/1995,383.25
10/6/1995,383.15
10/7/1995,
10/8/1995,
10/9/1995,384.65
10/10/1995,385.45
10/11/1995,384.65
10/12/1995,384.6
10/13/1995,384.15
10/14/1995,
10/15/1995,
10/16/1995,383.95
10/17/1995,383.5
10/18/1995,383.8
10/19/1995,382.05
10/20/1995,382.05
10/21/1995,
10/22/1995,
10/23/1995,382.75
10/24/1995,382.4
10/25/1995,382.95
10/26/1995,383.05
10/27/1995,382.75
10/28/1995,
10/29/1995,
10/30/1995,382.5
10/31/1995,382.75
11/1/1995,382.25
11/2/1995,382.15
11/3/1995,382.75
11/4/1995,
11/5/1995,
11/6/1995,382.25
11/7/1995,384.45
11/8/1995,385
11/9/1995,385.05
11/10/1995,388.95
11/11/1995,
11/12/1995,
11/13/1995,388
11/14/1995,385.95
11/15/1995,385.75
11/16/1995,385.4
11/17/1995,386.75
11/18/1995,
11/19/1995,
11/20/1995,386.45
11/21/1995,386.45
11/22/1995,384.95
11/23/1995,382.7
11/24/1995,383.65
11/25/1995,
11/26/1995,
11/27/1995,384.5
11/28/1995,388.65
11/29/1995,389.5
11/30/1995,387.85
12/1/1995,386.45
12/2/1995,
12/3/1995,
12/4/1995,386.35
12/5/1995,386.75
12/6/1995,388.35
12/7/1995,388.75
12/8/1995,389.25
12/9/1995,
12/10/1995,
12/11/1995,389.5
12/12/1995,388.75
12/13/1995,387.85
12/14/1995,385.95
12/15/1995,386
12/16/1995,
12/17/1995,
12/18/1995,387.25
12/19/1995,388
12/20/1995,387.75
12/21/1995,387.75
12/22/1995,387.5
12/23/1995,
12/24/1995,
12/25/1995,387.5
12/26/1995,387.5
12/27/1995,387.25
12/28/1995,386.95
12/29/1995,387.05
12/30/1995,
12/31/1995,
1/1/1996,387.05
1/2/1996,389.6
1/3/1996,393.75
1/4/1996,393.55
1/5/1996,396.25
1/6/1996,
1/7/1996,
1/8/1996,396.25
1/9/1996,394.55
1/10/1996,398.75
1/11/1996,398.95
1/12/1996,399.35
1/13/1996,
1/14/1996,
1/15/1996,395.2
1/16/1996,397.3
1/17/1996,397.4
1/18/1996,397.4
1/19/1996,396.85
1/20/1996,
1/21/1996,
1/22/1996,402.25
1/23/1996,402.9
1/24/1996,402.85
1/25/1996,407.4
1/26/1996,407.4
1/27/1996,
1/28/1996,
1/29/1996,407.75
1/30/1996,405.35
1/31/1996,405.75
2/1/1996,410.55
2/2/1996,415.4
2/3/1996,
2/4/1996,
2/5/1996,414.75
2/6/1996,411.05
2/7/1996,412.25
2/8/1996,408.05
2/9/1996,407.15
2/10/1996,
2/11/1996,
2/12/1996,404.05
2/13/1996,401.95
2/14/1996,402.75
2/15/1996,404.35
2/16/1996,404.55
2/17/1996,
2/18/1996,
2/19/1996,405.5
2/20/1996,402.35
2/21/1996,397.15
2/22/1996,401.55
2/23/1996,397.75
2/24/1996,
2/25/1996,
2/26/1996,399.95
2/27/1996,399.15
2/28/1996,397.25
2/29/1996,401.35
3/1/1996,398.65
3/2/1996,
3/3/1996,
3/4/1996,393.65
3/5/1996,393.35
3/6/1996,393.65
3/7/1996,394.05
3/8/1996,395.25
3/9/1996,
3/10/1996,
3/11/1996,396.45
3/12/1996,396.1
3/13/1996,396.9
3/14/1996,395.95
3/15/1996,395.45
3/16/1996,
3/17/1996,
3/18/1996,394.95
3/19/1996,395.55
3/20/1996,395
3/21/1996,396.8
3/22/1996,397.55
3/23/1996,
3/24/1996,
3/25/1996,398.15
3/26/1996,400.05
3/27/1996,400.05
3/28/1996,398.55
3/29/1996,396.55
3/30/1996,
3/31/1996,
4/1/1996,394.75
4/2/1996,394.35
4/3/1996,394.95
4/4/1996,393.75
4/5/1996,393.75
4/6/1996,
4/7/1996,
4/8/1996,393.75
4/9/1996,396.05
4/10/1996,394.65
4/11/1996,396.25
4/12/1996,394.15
4/13/1996,
4/14/1996,
4/15/1996,392.65
4/16/1996,392.45
4/17/1996,391.45
4/18/1996,391.45
4/19/1996,391.15
4/20/1996,
4/21/1996,
4/22/1996,391.45
4/23/1996,392.05
4/24/1996,390.9
4/25/1996,394.25
4/26/1996,391.9
4/27/1996,
4/28/1996,
4/29/1996,391.15
4/30/1996,391.75
5/1/1996,393.95
5/2/1996,393.25
5/3/1996,394.45
5/4/1996,
5/5/1996,
5/6/1996,394.45
5/7/1996,393.65
5/8/1996,394.85
5/9/1996,392.65
5/10/1996,392.55
5/11/1996,
5/12/1996,
5/13/1996,391.35
5/14/1996,391.75
5/15/1996,392.7
5/16/1996,391.95
5/17/1996,391.95
5/18/1996,
5/19/1996,
5/20/1996,391.25
5/21/1996,390
5/22/1996,391.65
5/23/1996,391.75
5/24/1996,390.7
5/25/1996,
5/26/1996,
5/27/1996,390.7
5/28/1996,392.15
5/29/1996,391.25
5/30/1996,391.3
5/31/1996,390.95
6/1/1996,
6/2/1996,
6/3/1996,390.85
6/4/1996,389.95
6/5/1996,387.65
6/6/1996,385.75
6/7/1996,385.45
6/8/1996,
6/9/1996,
6/10/1996,385.95
6/11/1996,384.05
6/12/1996,384.4
6/13/1996,384.75
6/14/1996,384.25
6/15/1996,
6/16/1996,
6/17/1996,384.95
6/18/1996,384.95
6/19/1996,385.65
6/20/1996,384.35
6/21/1996,384.35
6/22/1996,
6/23/1996,
6/24/1996,384.4
6/25/1996,385.25
6/26/1996,383.8
6/27/1996,382.95
6/28/1996,382.25
6/29/1996,
6/30/1996,
7/1/1996,381.5
7/2/1996,381.8
7/3/1996,382.25
7/4/1996,380.9
7/5/1996,381.7
7/6/1996,
7/7/1996,
7/8/1996,382.15
7/9/1996,382.9
7/10/1996,382.7
7/11/1996,383.45
7/12/1996,383.95
7/13/1996,
7/14/1996,
7/15/1996,383.25
7/16/1996,385.45
7/17/1996,383.55
7/18/1996,383.75
7/19/1996,385.15
7/20/1996,
7/21/1996,
7/22/1996,384.95
7/23/1996,384.05
7/24/1996,384.45
7/25/1996,385.05
7/26/1996,385.15
7/27/1996,
7/28/1996,
7/29/1996,384.65
7/30/1996,384.75
7/31/1996,385.35
8/1/1996,386.5
8/2/1996,386.45
8/3/1996,
8/4/1996,
8/5/1996,389.75
8/6/1996,388.55
8/7/1996,388.15
8/8/1996,388.15
8/9/1996,387.55
8/10/1996,
8/11/1996,
8/12/1996,387.8
8/13/1996,387.35
8/14/1996,386.5
8/15/1996,386.3
8/16/1996,386.2
8/17/1996,
8/18/1996,
8/19/1996,386.6
8/20/1996,387.4
8/21/1996,387.15
8/22/1996,386.95
8/23/1996,387.5
8/24/1996,
8/25/1996,
8/26/1996,387.5
8/27/1996,388.95
8/28/1996,388.5
8/29/1996,388.05
8/30/1996,386.6
8/31/1996,
9/1/1996,
9/2/1996,386.8
9/3/1996,386.95
9/4/1996,385.4
9/5/1996,386.35
9/6/1996,385.55
9/7/1996,
9/8/1996,
9/9/1996,383.45
9/10/1996,383.45
9/11/1996,383.65
9/12/1996,382.05
9/13/1996,383.05
9/14/1996,
9/15/1996,
9/16/1996,382.8
9/17/1996,383.55
9/18/1996,383.35
9/19/1996,382.85
9/20/1996,381.75
9/21/1996,
9/22/1996,
9/23/1996,381.25
9/24/1996,382.05
9/25/1996,382.55
9/26/1996,380.9
9/27/1996,381.15
9/28/1996,
9/29/1996,
9/30/1996,378.6
10/1/1996,378.65
10/2/1996,380.4
10/3/1996,379.35
10/4/1996,380.45
10/5/1996,
10/6/1996,
10/7/1996,380.15
10/8/1996,381.15
10/9/1996,381.45
10/10/1996,381.95
10/11/1996,381.35
10/12/1996,
10/13/1996,
10/14/1996,381.45
10/15/1996,381.45
10/16/1996,381.75
10/17/1996,380.45
10/18/1996,380.15
10/19/1996,
10/20/1996,
10/21/1996,381.25
10/22/1996,383.65
10/23/1996,383.6
10/24/1996,383.7
10/25/1996,382.55
10/26/1996,
10/27/1996,
10/28/1996,383.15
10/29/1996,381.5
10/30/1996,380.05
10/31/1996,379.75
11/1/1996,377.95
11/2/1996,
11/3/1996,
11/4/1996,378.95
11/5/1996,379.35
11/6/1996,377.95
11/7/1996,380.45
11/8/1996,378.9
11/9/1996,
11/10/1996,
11/11/1996,380.85
11/12/1996,381.7
11/13/1996,383.85
11/14/1996,382.65
11/15/1996,379.45
11/16/1996,
11/17/1996,
11/18/1996,379.15
11/19/1996,378.5
11/20/1996,379.2
11/21/1996,376.25
11/22/1996,376.85
11/23/1996,
11/24/1996,
11/25/1996,375
11/26/1996,374
11/27/1996,373.8
11/28/1996,372.65
11/29/1996,371.45
11/30/1996,
12/1/1996,
12/2/1996,370.85
12/3/1996,367
12/4/1996,369.65
12/5/1996,370
12/6/1996,369.65
12/7/1996,
12/8/1996,
12/9/1996,368.8
12/10/1996,368.6
12/11/1996,368.6
12/12/1996,368.8
12/13/1996,369.2
12/14/1996,
12/15/1996,
12/16/1996,368.85
12/17/1996,369.2
12/18/1996,369.05
12/19/1996,369.2
12/20/1996,369.15
12/21/1996,
12/22/1996,
12/23/1996,368.85
12/24/1996,369
12/25/1996,369
12/26/1996,369
12/27/1996,369.55
12/28/1996,
12/29/1996,
12/30/1996,369.3
12/31/1996,369.65
1/1/1997,369.65
1/2/1997,366.6
1/3/1997,363.2
1/4/1997,
1/5/1997,
1/6/1997,358.15
1/7/1997,359
1/8/1997,355.15
1/9/1997,355.7
1/10/1997,359.3
1/11/1997,
1/12/1997,
1/13/1997,358.75
1/14/1997,357.2
1/15/1997,354.25
1/16/1997,353.3
1/17/1997,354.7
1/18/1997,
1/19/1997,
1/20/1997,353.75
1/21/1997,353.5
1/22/1997,350.95
1/23/1997,349
1/24/1997,352.85
1/25/1997,
1/26/1997,
1/27/1997,354.75
1/28/1997,353.15
1/29/1997,350.7
1/30/1997,347.15
1/31/1997,344.15
2/1/1997,
2/2/1997,
2/3/1997,346.2
2/4/1997,346.05
2/5/1997,343.2
2/6/1997,342.85
2/7/1997,340.35
2/8/1997,
2/9/1997,
2/10/1997,341.2
2/11/1997,338.65
2/12/1997,340.75
2/13/1997,342.15
2/14/1997,345.85
2/15/1997,
2/16/1997,
2/17/1997,344.25
2/18/1997,345.25
2/19/1997,346.8
2/20/1997,345.95
2/21/1997,353.35
2/22/1997,
2/23/1997,
2/24/1997,352.75
2/25/1997,354.05
2/26/1997,353.95
2/27/1997,360.75
2/28/1997,358.65
3/1/1997,
3/2/1997,
3/3/1997,362.75
3/4/1997,360
3/5/1997,352.3
3/6/1997,352
3/7/1997,349.05
3/8/1997,
3/9/1997,
3/10/1997,349.95
3/11/1997,351.15
3/12/1997,352.95
3/13/1997,352.55
3/14/1997,352.95
3/15/1997,
3/16/1997,
3/17/1997,349.35
3/18/1997,348.05
3/19/1997,349.15
3/20/1997,351.55
3/21/1997,351.75
3/22/1997,
3/23/1997,
3/24/1997,350.5
3/25/1997,349.1
3/26/1997,349.3
3/27/1997,347.95
3/28/1997,347.95
3/29/1997,
3/30/1997,
3/31/1997,347.95
4/1/1997,350.65
4/2/1997,350.85
4/3/1997,348.85
4/4/1997,347.35
4/5/1997,
4/6/1997,
4/7/1997,348.75
4/8/1997,348.55
4/9/1997,348.3
4/10/1997,348.15
4/11/1997,346.05
4/12/1997,
4/13/1997,
4/14/1997,346.75
4/15/1997,341.95
4/16/1997,340.35
4/17/1997,343.05
4/18/1997,341.7
4/19/1997,
4/20/1997,
4/21/1997,342.55
4/22/1997,341.55
4/23/1997,341.05
4/24/1997,340.95
4/25/1997,342.45
4/26/1997,
4/27/1997,
4/28/1997,340.15
4/29/1997,339.85
4/30/1997,340.1
5/1/1997,341.05
5/2/1997,339.9
5/3/1997,
5/4/1997,
5/5/1997,339.9
5/6/1997,342.75
5/7/1997,340.25
5/8/1997,344.2
5/9/1997,345.9
5/10/1997,
5/11/1997,
5/12/1997,350.05
5/13/1997,348.15
5/14/1997,348.35
5/15/1997,346.65
5/16/1997,344.25
5/17/1997,
5/18/1997,
5/19/1997,341.75
5/20/1997,342.55
5/21/1997,342.85
5/22/1997,343.25
5/23/1997,342.95
5/24/1997,
5/25/1997,
5/26/1997,342.95
5/27/1997,343.95
5/28/1997,344.15
5/29/1997,344.15
5/30/1997,345.05
5/31/1997,
6/1/1997,
6/2/1997,344.05
6/3/1997,343.15
6/4/1997,342.05
6/5/1997,342.95
6/6/1997,344.45
6/7/1997,
6/8/1997,
6/9/1997,344.05
6/10/1997,344.05
6/11/1997,344.05
6/12/1997,342.55
6/13/1997,341.55
6/14/1997,
6/15/1997,
6/16/1997,341.95
6/17/1997,342.15
6/18/1997,340.85
6/19/1997,339.45
6/20/1997,338.45
6/21/1997,
6/22/1997,
6/23/1997,338.3
6/24/1997,338.55
6/25/1997,338.85
6/26/1997,337.75
6/27/1997,336.55
6/28/1997,
6/29/1997,
6/30/1997,334.55
7/1/1997,333.65
7/2/1997,332.35
7/3/1997,332.75
7/4/1997,324.5
7/5/1997,
7/6/1997,
7/7/1997,318.95
7/8/1997,320.95
7/9/1997,319.45
7/10/1997,319.65
7/11/1997,320.25
7/12/1997,
7/13/1997,
7/14/1997,320.75
7/15/1997,320.15
7/16/1997,319.15
7/17/1997,320.95
7/18/1997,324.35
7/19/1997,
7/20/1997,
7/21/1997,326.75
7/22/1997,328
7/23/1997,324
7/24/1997,322.85
7/25/1997,325.7
7/26/1997,
7/27/1997,
7/28/1997,327.15
7/29/1997,326.35
7/30/1997,326.65
7/31/1997,326.35
8/1/1997,324.05
8/2/1997,
8/3/1997,
8/4/1997,323.85
8/5/1997,319.75
8/6/1997,320.15
8/7/1997,321.4
8/8/1997,325.55
8/9/1997,
8/10/1997,
8/11/1997,327.55
8/12/1997,326.05
8/13/1997,328.15
8/14/1997,326.35
8/15/1997,324.55
8/16/1997,
8/17/1997,
8/18/1997,322.85
8/19/1997,323.05
8/20/1997,322.25
8/21/1997,323.25
8/22/1997,324.95
8/23/1997,
8/24/1997,
8/25/1997,324.95
8/26/1997,325.25
8/27/1997,324.75
8/28/1997,325.55
8/29/1997,324.75
8/30/1997,
8/31/1997,
9/1/1997,324.55
9/2/1997,322.45
9/3/1997,322.75
9/4/1997,321.45
9/5/1997,322.15
9/6/1997,
9/7/1997,
9/8/1997,321.85
9/9/1997,321.85
9/10/1997,321.3
9/11/1997,322.75
9/12/1997,324.25
9/13/1997,
9/14/1997,
9/15/1997,322.15
9/16/1997,320.95
9/17/1997,320.75
9/18/1997,320.95
9/19/1997,322.25
9/20/1997,
9/21/1997,
9/22/1997,320.85
9/23/1997,321.25
9/24/1997,322.85
9/25/1997,326.75
9/26/1997,327.25
9/27/1997,
9/28/1997,
9/29/1997,327.25
9/30/1997,333.05
10/1/1997,336.05
10/2/1997,332.05
10/3/1997,333.4
10/4/1997,
10/5/1997,
10/6/1997,332.35
10/7/1997,331.65
10/8/1997,333.95
10/9/1997,330.05
10/10/1997,329.15
10/11/1997,
10/12/1997,
10/13/1997,328.85
10/14/1997,328.15
10/15/1997,326.85
10/16/1997,326.75
10/17/1997,324.35
10/18/1997,
10/19/1997,
10/20/1997,324.05
10/21/1997,323.25
10/22/1997,322.4
10/23/1997,323.2
10/24/1997,316.8
10/25/1997,
10/26/1997,
10/27/1997,311.55
10/28/1997,313.15
10/29/1997,312.95
10/30/1997,316.55
10/31/1997,312.55
11/1/1997,
11/2/1997,
11/3/1997,314.35
11/4/1997,315.65
11/5/1997,314.25
11/6/1997,312.45
11/7/1997,308.75
11/8/1997,
11/9/1997,
11/10/1997,310.95
11/11/1997,311.65
11/12/1997,308.5
11/13/1997,307.65
11/14/1997,302.45
11/15/1997,
11/16/1997,
11/17/1997,303.9
11/18/1997,306.45
11/19/1997,305.25
11/20/1997,303.75
11/21/1997,305.15
11/22/1997,
11/23/1997,
11/24/1997,304.35
11/25/1997,302.05
11/26/1997,297.35
11/27/1997,296
11/28/1997,296.85
11/29/1997,
11/30/1997,
12/1/1997,293.75
12/2/1997,294.65
12/3/1997,292.65
12/4/1997,288.65
12/5/1997,288.15
12/6/1997,
12/7/1997,
12/8/1997,287.85
12/9/1997,283.65
12/10/1997,284.15
12/11/1997,283.95
12/12/1997,282.55
12/13/1997,
12/14/1997,
12/15/1997,285.45
12/16/1997,285.45
12/17/1997,287.95
12/18/1997,288.65
12/19/1997,288.55
12/20/1997,
12/21/1997,
12/22/1997,291.45
12/23/1997,293.35
12/24/1997,296
12/25/1997,296
12/26/1997,296
12/27/1997,
12/28/1997,
12/29/1997,291.85
12/30/1997,290.15
12/31/1997,289.15
1/1/1998,289.15
1/2/1998,288.25
1/3/1998,
1/4/1998,
1/5/1998,283.65
1/6/1998,281.85
1/7/1998,283.35
1/8/1998,279.85
1/9/1998,279.55
1/10/1998,
1/11/1998,
1/12/1998,278.65
1/13/1998,280.65
1/14/1998,283.35
1/15/1998,284.35
1/16/1998,289.65
1/17/1998,
1/18/1998,
1/19/1998,287.55
1/20/1998,288.85
1/21/1998,290.65
1/22/1998,294.15
1/23/1998,297.75
1/24/1998,
1/25/1998,
1/26/1998,298.55
1/27/1998,299.05
1/28/1998,303.25
1/29/1998,303.15
1/30/1998,303.05
1/31/1998,
2/1/1998,
2/2/1998,302.55
2/3/1998,297.25
2/4/1998,298.55
2/5/1998,297.5
2/6/1998,298.85
2/7/1998,
2/8/1998,
2/9/1998,301.55
2/10/1998,300.15
2/11/1998,300.15
2/12/1998,298.85
2/13/1998,298.85
2/14/1998,
2/15/1998,
2/16/1998,298.25
2/17/1998,298.05
2/18/1998,297.95
2/19/1998,297.75
2/20/1998,297.15
2/21/1998,
2/22/1998,
2/23/1998,293.45
2/24/1998,291.95
2/25/1998,291.55
2/26/1998,293.05
2/27/1998,298.45
2/28/1998,
3/1/1998,
3/2/1998,299.65
3/3/1998,296.95
3/4/1998,296.65
3/5/1998,293.55
3/6/1998,294.25
3/7/1998,
3/8/1998,
3/9/1998,294.55
3/10/1998,294.85
3/11/1998,294.65
3/12/1998,294.15
3/13/1998,295.05
3/14/1998,
3/15/1998,
3/16/1998,294.25
3/17/1998,294.15
3/18/1998,290.55
3/19/1998,291.55
3/20/1998,292.25
3/21/1998,
3/22/1998,
3/23/1998,293.45
3/24/1998,301.35
3/25/1998,299.25
3/26/1998,300.95
3/27/1998,304.05
3/28/1998,
3/29/1998,
3/30/1998,302.75
3/31/1998,301.35
4/1/1998,301.15
4/2/1998,302.35
4/3/1998,306.35
4/4/1998,
4/5/1998,
4/6/1998,309.55
4/7/1998,307.05
4/8/1998,308.55
4/9/1998,309.65
4/10/1998,309.65
4/11/1998,
4/12/1998,
4/13/1998,309.65
4/14/1998,308.95
4/15/1998,307.45
4/16/1998,307.75
4/17/1998,307.75
4/18/1998,
4/19/1998,
4/20/1998,307.65
4/21/1998,308.55
4/22/1998,313.05
4/23/1998,312.55
4/24/1998,312.55
4/25/1998,
4/26/1998,
4/27/1998,310.25
4/28/1998,308.05
4/29/1998,309.75
4/30/1998,309.8
5/1/1998,305.95
5/2/1998,
5/3/1998,
5/4/1998,305.95
5/5/1998,303.25
5/6/1998,300.15
5/7/1998,298.55
5/8/1998,299.85
5/9/1998,
5/10/1998,
5/11/1998,301.15
5/12/1998,298.05
5/13/1998,298.15
5/14/1998,297.75
5/15/1998,300.45
5/16/1998,
5/17/1998,
5/18/1998,299.05
5/19/1998,300.05
5/20/1998,299.95
5/21/1998,300.95
5/22/1998,300.35
5/23/1998,
5/24/1998,
5/25/1998,300.35
5/26/1998,295.95
5/27/1998,293.95
5/28/1998,294.15
5/29/1998,293.95
5/30/1998,
5/31/1998,
6/1/1998,289.2
6/2/1998,290.85
6/3/1998,290.75
6/4/1998,292.45
6/5/1998,292.05
6/6/1998,
6/7/1998,
6/8/1998,293.55
6/9/1998,293.25
6/10/1998,293.85
6/11/1998,288.65
6/12/1998,286.05
6/13/1998,
6/14/1998,
6/15/1998,285.25
6/16/1998,288.35
6/17/1998,291.95
6/18/1998,293.35
6/19/1998,299.35
6/20/1998,
6/21/1998,
6/22/1998,295.85
6/23/1998,294.55
6/24/1998,292.85
6/25/1998,293.05
6/26/1998,293.25
6/27/1998,
6/28/1998,
6/29/1998,294.05
6/30/1998,297.65
7/1/1998,295.65
7/2/1998,293.75
7/3/1998,294.75
7/4/1998,
7/5/1998,
7/6/1998,293
7/7/1998,294.55
7/8/1998,292.35
7/9/1998,291.05
7/10/1998,291.05
7/11/1998,
7/12/1998,
7/13/1998,291.95
7/14/1998,293.85
7/15/1998,293.05
7/16/1998,292.95
7/17/1998,294.05
7/18/1998,
7/19/1998,
7/20/1998,295.05
7/21/1998,295.45
7/22/1998,294.65
7/23/1998,293.15
7/24/1998,292.45
7/25/1998,
7/26/1998,
7/27/1998,290.45
7/28/1998,290.75
7/29/1998,289.85
7/30/1998,290.45
7/31/1998,288.55
8/1/1998,
8/2/1998,
8/3/1998,284.35
8/4/1998,286.95
8/5/1998,287.45
8/6/1998,287.55
8/7/1998,286.05
8/8/1998,
8/9/1998,
8/10/1998,285.35
8/11/1998,284.75
8/12/1998,283.55
8/13/1998,284.85
8/14/1998,284.25
8/15/1998,
8/16/1998,
8/17/1998,284.55
8/18/1998,285.25
8/19/1998,284.65
8/20/1998,285.05
8/21/1998,285.45
8/22/1998,
8/23/1998,
8/24/1998,285.25
8/25/1998,283.15
8/26/1998,283.75
8/27/1998,278.85
8/28/1998,275.15
8/29/1998,
8/30/1998,
8/31/1998,275.15
9/1/1998,279.05
9/2/1998,280.85
9/3/1998,284.35
9/4/1998,285.35
9/5/1998,
9/6/1998,
9/7/1998,288.45
9/8/1998,286.95
9/9/1998,284.95
9/10/1998,291.35
9/11/1998,293.45
9/12/1998,
9/13/1998,
9/14/1998,289.95
9/15/1998,289.7
9/16/1998,288.85
9/17/1998,290.75
9/18/1998,290.95
9/19/1998,
9/20/1998,
9/21/1998,292.05
9/22/1998,289.45
9/23/1998,289.45
9/24/1998,292.85
9/25/1998,296.35
9/26/1998,
9/27/1998,
9/28/1998,293.35
9/29/1998,294.55
9/30/1998,294.95
10/1/1998,300.55
10/2/1998,302.45
10/3/1998,
10/4/1998,
10/5/1998,297.45
10/6/1998,296.35
10/7/1998,298.65
10/8/1998,301.05
10/9/1998,298.05
10/10/1998,
10/11/1998,
10/12/1998,295.45
10/13/1998,296.85
10/14/1998,295.65
10/15/1998,297.85
10/16/1998,298.75
10/17/1998,
10/18/1998,
10/19/1998,298.25
10/20/1998,295.05
10/21/1998,296.15
10/22/1998,293.65
10/23/1998,292.35
10/24/1998,
10/25/1998,
10/26/1998,291.15
10/27/1998,293.15
10/28/1998,293.15
10/29/1998,293.65
10/30/1998,292.95
10/31/1998,
11/1/1998,
11/2/1998,292.35
11/3/1998,288.65
11/4/1998,290.55
11/5/1998,291.85
11/6/1998,293.25
11/7/1998,
11/8/1998,
11/9/1998,292.45
11/10/1998,292.75
11/11/1998,293.25
11/12/1998,296.15
11/13/1998,296.55
11/14/1998,
11/15/1998,
11/16/1998,294.85
11/17/1998,294.55
11/18/1998,297.15
11/19/1998,296.25
11/20/1998,296.25
11/21/1998,
11/22/1998,
11/23/1998,295.75
11/24/1998,296.15
11/25/1998,296.45
11/26/1998,296.55
11/27/1998,296.05
11/28/1998,
11/29/1998,
11/30/1998,292.35
12/1/1998,293.15
12/2/1998,293.85
12/3/1998,292.55
12/4/1998,292.15
12/5/1998,
12/6/1998,
12/7/1998,295.45
12/8/1998,294.65
12/9/1998,294.15
12/10/1998,294.65
12/11/1998,290.55
12/12/1998,
12/13/1998,
12/14/1998,291.65
12/15/1998,292.75
12/16/1998,294.25
12/17/1998,291.95
12/18/1998,290.45
12/19/1998,
12/20/1998,
12/21/1998,288.95
12/22/1998,287.35
12/23/1998,285.65
12/24/1998,287
12/25/1998,287
12/26/1998,
12/27/1998,
12/28/1998,287
12/29/1998,287.35
12/30/1998,287.75
12/31/1998,287.75
1/1/1999,287.75
1/2/1999,
1/3/1999,
1/4/1999,286.75
1/5/1999,287.05
1/6/1999,287.55
1/7/1999,290.05
1/8/1999,291.25
1/9/1999,
1/10/1999,
1/11/1999,293.05
1/12/1999,288.45
1/13/1999,285.45
1/14/1999,285.65
1/15/1999,286.25
1/16/1999,
1/17/1999,
1/18/1999,286.95
1/19/1999,285.95
1/20/1999,285.85
1/21/1999,288.45
1/22/1999,286.95
1/23/1999,
1/24/1999,
1/25/1999,288.15
1/26/1999,285.85
1/27/1999,283.55
1/28/1999,284.35
1/29/1999,286.25
1/30/1999,
1/31/1999,
2/1/1999,287.65
2/2/1999,289.45
2/3/1999,286.85
2/4/1999,288.95
2/5/1999,289.95
2/6/1999,
2/7/1999,
2/8/1999,289.75
2/9/1999,286.95
2/10/1999,287.25
2/11/1999,287.95
2/12/1999,289.95
2/13/1999,
2/14/1999,
2/15/1999,289.5
2/16/1999,285.25
2/17/1999,285.15
2/18/1999,285.55
2/19/1999,287.05
2/20/1999,
2/21/1999,
2/22/1999,287.35
2/23/1999,287.15
2/24/1999,287.95
2/25/1999,287.85
2/26/1999,286.95
2/27/1999,
2/28/1999,
3/1/1999,285.85
3/2/1999,288.15
3/3/1999,287.05
3/4/1999,287.95
3/5/1999,288.45
3/6/1999,
3/7/1999,
3/8/1999,289.55
3/9/1999,292.45
3/10/1999,292.75
3/11/1999,294.05
3/12/1999,291.75
3/13/1999,
3/14/1999,
3/15/1999,289.85
3/16/1999,282.75
3/17/1999,284.25
3/18/1999,283.25
3/19/1999,283.55
3/20/1999,
3/21/1999,
3/22/1999,284.45
3/23/1999,283.75
3/24/1999,284.15
3/25/1999,282.35
3/26/1999,279.75
3/27/1999,
3/28/1999,
3/29/1999,281.15
3/30/1999,279.85
3/31/1999,279.85
4/1/1999,280.45
4/2/1999,280.45
4/3/1999,
4/4/1999,
4/5/1999,280.45
4/6/1999,279.05
4/7/1999,280.05
4/8/1999,279.95
4/9/1999,282.1
4/10/1999,
4/11/1999,
4/12/1999,283.55
4/13/1999,283.85
4/14/1999,283.05
4/15/1999,282.35
4/16/1999,283.95
4/17/1999,
4/18/1999,
4/19/1999,283.75
4/20/1999,284.85
4/21/1999,283.95
4/22/1999,283.25
4/23/1999,283.45
4/24/1999,
4/25/1999,
4/26/1999,280.95
4/27/1999,281.95
4/28/1999,283.25
4/29/1999,283.55
4/30/1999,286.55
5/1/1999,
5/2/1999,
5/3/1999,286.55
5/4/1999,285.25
5/5/1999,287.05
5/6/1999,288.75
5/7/1999,282.05
5/8/1999,
5/9/1999,
5/10/1999,278.85
5/11/1999,278.75
5/12/1999,277.05
5/13/1999,277.85
5/14/1999,276.25
5/15/1999,
5/16/1999,
5/17/1999,276.15
5/18/1999,274.55
5/19/1999,272.65
5/20/1999,274.35
5/21/1999,272.95
5/22/1999,
5/23/1999,
5/24/1999,272.05
5/25/1999,271.05
5/26/1999,269.45
5/27/1999,269.15
5/28/1999,269.95
5/29/1999,
5/30/1999,
5/31/1999,269.95
6/1/1999,267.35
6/2/1999,266.5
6/3/1999,265.95
6/4/1999,265.05
6/5/1999,
6/6/1999,
6/7/1999,265.15
6/8/1999,262.4
6/9/1999,259.15
6/10/1999,259.8
6/11/1999,259.95
6/12/1999,
6/13/1999,
6/14/1999,261.25
6/15/1999,259.75
6/16/1999,258.7
6/17/1999,258.65
6/18/1999,259.55
6/19/1999,
6/20/1999,
6/21/1999,259.15
6/22/1999,258.75
6/23/1999,259.95
6/24/1999,260.9
6/25/1999,260.6
6/26/1999,
6/27/1999,
6/28/1999,260.95
6/29/1999,261.8
6/30/1999,261.15
7/1/1999,262.9
7/2/1999,263.3
7/3/1999,
7/4/1999,
7/5/1999,262.1
7/6/1999,256.85
7/7/1999,258.2
7/8/1999,257.5
7/9/1999,256.45
7/10/1999,
7/11/1999,
7/12/1999,255.5
7/13/1999,255.15
7/14/1999,254.2
7/15/1999,253.55
7/16/1999,254.85
7/17/1999,
7/18/1999,
7/19/1999,253.45
7/20/1999,252.85
7/21/1999,254.95
7/22/1999,255.25
7/23/1999,255.1
7/24/1999,
7/25/1999,
7/26/1999,253.65
7/27/1999,254.65
7/28/1999,254.4
7/29/1999,254.95
7/30/1999,255.8
7/31/1999,
8/1/1999,
8/2/1999,254.05
8/3/1999,256.35
8/4/1999,255.35
8/5/1999,255.4
8/6/1999,256.25
8/7/1999,
8/8/1999,
8/9/1999,256.95
8/10/1999,256.85
8/11/1999,258.3
8/12/1999,260.4
8/13/1999,260.95
8/14/1999,
8/15/1999,
8/16/1999,259.2
8/17/1999,261.05
8/18/1999,261.5
8/19/1999,258.5
8/20/1999,258.3
8/21/1999,
8/22/1999,
8/23/1999,255.4
8/24/1999,253.75
8/25/1999,252.9
8/26/1999,253.25
8/27/1999,253.95
8/28/1999,
8/29/1999,
8/30/1999,253.95
8/31/1999,255.15
9/1/1999,254
9/2/1999,254.55
9/3/1999,254.25
9/4/1999,
9/5/1999,
9/6/1999,255.7
9/7/1999,255.75
9/8/1999,255.85
9/9/1999,257.1
9/10/1999,256.65
9/11/1999,
9/12/1999,
9/13/1999,256.35
9/14/1999,256.1
9/15/1999,257.35
9/16/1999,256.35
9/17/1999,255
9/18/1999,
9/19/1999,
9/20/1999,255.4
9/21/1999,259.8
9/22/1999,264.2
9/23/1999,264.4
9/24/1999,269.2
9/25/1999,
9/26/1999,
9/27/1999,280.63
9/28/1999,302.13
9/29/1999,303
9/30/1999,301
10/1/1999,307
10/2/1999,
10/3/1999,
10/4/1999,314.5
10/5/1999,330
10/6/1999,323.5
10/7/1999,323.8
10/8/1999,324.5
10/9/1999,
10/10/1999,
10/11/1999,319.8
10/12/1999,319.85
10/13/1999,321.7
10/14/1999,320.45
10/15/1999,316.3
10/16/1999,
10/17/1999,
10/18/1999,311
10/19/1999,309.4
10/20/1999,308.1
10/21/1999,302.3
10/22/1999,301.2
10/23/1999,
10/24/1999,
10/25/1999,299.6
10/26/1999,291.7
10/27/1999,292.8
10/28/1999,296.7
10/29/1999,300.5
10/30/1999,
10/31/1999,
11/1/1999,289.6
11/2/1999,290.5
11/3/1999,292.1
11/4/1999,291.63
11/5/1999,290.38
11/6/1999,
11/7/1999,
11/8/1999,288.38
11/9/1999,291.38
11/10/1999,297.25
11/11/1999,294.75
11/12/1999,293.25
11/13/1999,
11/14/1999,
11/15/1999,290.75
11/16/1999,293.75
11/17/1999,294.25
11/18/1999,294.25
11/19/1999,295
11/20/1999,
11/21/1999,
11/22/1999,295.4
11/23/1999,297.8
11/24/1999,298.4
11/25/1999,298.25
11/26/1999,297.38
11/27/1999,
11/28/1999,
11/29/1999,293.4
11/30/1999,291.7
12/1/1999,288.8
12/2/1999,284.8
12/3/1999,283.13
12/4/1999,
12/5/1999,
12/6/1999,276.1
12/7/1999,279.6
12/8/1999,284.25
12/9/1999,279.25
12/10/1999,279.25
12/11/1999,
12/12/1999,
12/13/1999,279.25
12/14/1999,279.25
12/15/1999,282.75
12/16/1999,281.5
12/17/1999,283.5
12/18/1999,
12/19/1999,
12/20/1999,284.15
12/21/1999,282.85
12/22/1999,286
12/23/1999,287.55
12/24/1999,287.75
12/25/1999,
12/26/1999,
12/27/1999,287.75
12/28/1999,287.75
12/29/1999,290.75
12/30/1999,291
12/31/1999,291
1/1/2000,
1/2/2000,
1/3/2000,291
1/4/2000,281.25
1/5/2000,280.5
1/6/2000,279.4
1/7/2000,282.3
1/8/2000,
1/9/2000,
1/10/2000,281.7
1/11/2000,281.7
1/12/2000,281.55
1/13/2000,282.57
1/14/2000,283.5
1/15/2000,
1/16/2000,
1/17/2000,285.4
1/18/2000,286.25
1/19/2000,286.9
1/20/2000,288.75
1/21/2000,288.6
1/22/2000,
1/23/2000,
1/24/2000,286.9
1/25/2000,288
1/26/2000,285.4
1/27/2000,286.25
1/28/2000,285.95
1/29/2000,
1/30/2000,
1/31/2000,283.05
2/1/2000,282.95
2/2/2000,285.25
2/3/2000,285.15
2/4/2000,295.25
2/5/2000,
2/6/2000,
2/7/2000,314
2/8/2000,296.25
2/9/2000,310.75
2/10/2000,313.5
2/11/2000,309.5
2/12/2000,
2/13/2000,
2/14/2000,306.5
2/15/2000,303.38
2/16/2000,302.63
2/17/2000,302.63
2/18/2000,303.38
2/19/2000,
2/20/2000,
2/21/2000,305.38
2/22/2000,303.13
2/23/2000,301.63
2/24/2000,300.38
2/25/2000,293.75
2/26/2000,
2/27/2000,
2/28/2000,292.5
2/29/2000,293.75
3/1/2000,293.5
3/2/2000,289.25
3/3/2000,288.25
3/4/2000,
3/5/2000,
3/6/2000,288.25
3/7/2000,292.25
3/8/2000,291.55
3/9/2000,289.55
3/10/2000,290.05
3/11/2000,
3/12/2000,
3/13/2000,291.25
3/14/2000,289.35
3/15/2000,289.25
3/16/2000,287.25
3/17/2000,284.25
3/18/2000,
3/19/2000,
3/20/2000,285.05
3/21/2000,290.25
3/22/2000,288.25
3/23/2000,284.5
3/24/2000,284.75
3/25/2000,
3/26/2000,
3/27/2000,282.45
3/28/2000,280.75
3/29/2000,279.75
3/30/2000,275.9
3/31/2000,277.45
4/1/2000,
4/2/2000,
4/3/2000,278.5
4/4/2000,277.4
4/5/2000,281.75
4/6/2000,279.75
4/7/2000,280.25
4/8/2000,
4/9/2000,
4/10/2000,282.2
4/11/2000,282.75
4/12/2000,282.6
4/13/2000,280.75
4/14/2000,282.75
4/15/2000,
4/16/2000,
4/17/2000,281.95
4/18/2000,280.8
4/19/2000,280.75
4/20/2000,279.75
4/21/2000,279.75
4/22/2000,
4/23/2000,
4/24/2000,279.75
4/25/2000,279.75
4/26/2000,276.25
4/27/2000,276.25
4/28/2000,275.25
4/29/2000,
4/30/2000,
5/1/2000,275.25
5/2/2000,274.75
5/3/2000,277.05
5/4/2000,280.75
5/5/2000,279.25
5/6/2000,
5/7/2000,
5/8/2000,277.75
5/9/2000,277.35
5/10/2000,277.95
5/11/2000,276.95
5/12/2000,276.75
5/13/2000,
5/14/2000,
5/15/2000,275.5
5/16/2000,276.25
5/17/2000,272.65
5/18/2000,273.35
5/19/2000,273.75
5/20/2000,
5/21/2000,
5/22/2000,275.55
5/23/2000,274.35
5/24/2000,273.75
5/25/2000,273.25
5/26/2000,272.5
5/27/2000,
5/28/2000,
5/29/2000,272.5
5/30/2000,273.25
5/31/2000,272.65
6/1/2000,273.05
6/2/2000,280.25
6/3/2000,
6/4/2000,
6/5/2000,283.75
6/6/2000,283.75
6/7/2000,284.95
6/8/2000,284.85
6/9/2000,284.45
6/10/2000,
6/11/2000,
6/12/2000,286.1
6/13/2000,290.15
6/14/2000,290.05
6/15/2000,288.75
6/16/2000,290.25
6/17/2000,
6/18/2000,
6/19/2000,286.25
6/20/2000,286.6
6/21/2000,286.5
6/22/2000,289.2
6/23/2000,285.3
6/24/2000,
6/25/2000,
6/26/2000,284.2
6/27/2000,283.7
6/28/2000,290.2
6/29/2000,288.75
6/30/2000,289
7/1/2000,
7/2/2000,
7/3/2000,287.85
7/4/2000,286.75
7/5/2000,286.75
7/6/2000,284.3
7/7/2000,282.7
7/8/2000,
7/9/2000,
7/10/2000,284.2
7/11/2000,283.7
7/12/2000,280.5
7/13/2000,280.4
7/14/2000,280.35
7/15/2000,
7/16/2000,
7/17/2000,282.45
7/18/2000,282.8
7/19/2000,279.2
7/20/2000,281
7/21/2000,279.75
7/22/2000,
7/23/2000,
7/24/2000,279.45
7/25/2000,279.75
7/26/2000,280.05
7/27/2000,278.7
7/28/2000,278.25
7/29/2000,
7/30/2000,
7/31/2000,277.25
8/1/2000,277.75
8/2/2000,277.75
8/3/2000,275.3
8/4/2000,274.5
8/5/2000,
8/6/2000,
8/7/2000,273.7
8/8/2000,273.15
8/9/2000,272.25
8/10/2000,272.95
8/11/2000,273.25
8/12/2000,
8/13/2000,
8/14/2000,275.15
8/15/2000,274.65
8/16/2000,276.15
8/17/2000,277.45
8/18/2000,275.8
8/19/2000,
8/20/2000,
8/21/2000,274.95
8/22/2000,273.75
8/23/2000,272.9
8/24/2000,272.75
8/25/2000,273.75
8/26/2000,
8/27/2000,
8/28/2000,273.75
8/29/2000,273.3
8/30/2000,273.2
8/31/2000,277
9/1/2000,277
9/2/2000,
9/3/2000,
9/4/2000,276.85
9/5/2000,275.2
9/6/2000,274.1
9/7/2000,273.35
9/8/2000,272.75
9/9/2000,
9/10/2000,
9/11/2000,273.2
9/12/2000,274.4
9/13/2000,273.3
9/14/2000,272.7
9/15/2000,272.4
9/16/2000,
9/17/2000,
9/18/2000,273.05
9/19/2000,271.6
9/20/2000,270.8
9/21/2000,270.8
9/22/2000,273.2
9/23/2000,
9/24/2000,
9/25/2000,273.25
9/26/2000,274.75
9/27/2000,276.9
9/28/2000,276.75
9/29/2000,273.35
9/30/2000,
10/1/2000,
10/2/2000,273.25
10/3/2000,272.05
10/4/2000,271.2
10/5/2000,271.15
10/6/2000,270.35
10/7/2000,
10/8/2000,
10/9/2000,270.2
10/10/2000,272.4
10/11/2000,272.85
10/12/2000,272.85
10/13/2000,272.45
10/14/2000,
10/15/2000,
10/16/2000,271.8
10/17/2000,270.65
10/18/2000,270.75
10/19/2000,270.8
10/20/2000,270.45
10/21/2000,
10/22/2000,
10/23/2000,270.35
10/24/2000,270.35
10/25/2000,267.15
10/26/2000,266.5
10/27/2000,265.05
10/28/2000,
10/29/2000,
10/30/2000,264.7
10/31/2000,264.45
11/1/2000,265.45
11/2/2000,265.25
11/3/2000,265.15
11/4/2000,
11/5/2000,
11/6/2000,265.25
11/7/2000,264.85
11/8/2000,264.15
11/9/2000,265.05
11/10/2000,264.45
11/11/2000,
11/12/2000,
11/13/2000,265.3
11/14/2000,264.45
11/15/2000,264.95
11/16/2000,265.85
11/17/2000,265.75
11/18/2000,
11/19/2000,
11/20/2000,266.35
11/21/2000,266.05
11/22/2000,266.35
11/23/2000,265.9
11/24/2000,265.8
11/25/2000,
11/26/2000,
11/27/2000,269.3
11/28/2000,269.15
11/29/2000,268.75
11/30/2000,268.55
12/1/2000,269.85
12/2/2000,
12/3/2000,
12/4/2000,271.25
12/5/2000,271.15
12/6/2000,272
12/7/2000,274.65
12/8/2000,273.15
12/9/2000,
12/10/2000,
12/11/2000,270.7
12/12/2000,271
12/13/2000,269.5
12/14/2000,269.55
12/15/2000,270.2
12/16/2000,
12/17/2000,
12/18/2000,270.3
12/19/2000,269.85
12/20/2000,273.15
12/21/2000,273.1
12/22/2000,273.5
12/23/2000,
12/24/2000,
12/25/2000,273.5
12/26/2000,273.5
12/27/2000,274.85
12/28/2000,273.25
12/29/2000,272.95
12/30/2000,
12/31/2000,
1/1/2001,272.95
1/2/2001,270.6
1/3/2001,267.5
1/4/2001,267.7
1/5/2001,268.2
1/6/2001,
1/7/2001,
1/8/2001,268.25
1/9/2001,267.4
1/10/2001,266.3
1/11/2001,263.9
1/12/2001,264.3
1/13/2001,
1/14/2001,
1/15/2001,263.6
1/16/2001,264.5
1/17/2001,263.6
1/18/2001,264.65
1/19/2001,264.6
1/20/2001,
1/21/2001,
1/22/2001,265.9
1/23/2001,266.2
1/24/2001,264.7
1/25/2001,264.7
1/26/2001,263.8
1/27/2001,
1/28/2001,
1/29/2001,263
1/30/2001,266.2
1/31/2001,265.2
2/1/2001,267.4
2/2/2001,267.15
2/3/2001,
2/4/2001,
2/5/2001,265.7
2/6/2001,263.25
2/7/2001,263.15
2/8/2001,263.05
2/9/2001,260.15
2/10/2001,
2/11/2001,
2/12/2001,261.45
2/13/2001,261.05
2/14/2001,260.65
2/15/2001,258.45
2/16/2001,258.25
2/17/2001,
2/18/2001,
2/19/2001,259.55
2/20/2001,257.25
2/21/2001,256.7
2/22/2001,260.6
2/23/2001,260.4
2/24/2001,
2/25/2001,
2/26/2001,263.25
2/27/2001,268.4
2/28/2001,266.2
3/1/2001,266
3/2/2001,262.9
3/3/2001,
3/4/2001,
3/5/2001,262.8
3/6/2001,260.8
3/7/2001,261.3
3/8/2001,264.55
3/9/2001,270.55
3/10/2001,
3/11/2001,
3/12/2001,272.25
3/13/2001,268.75
3/14/2001,263.75
3/15/2001,261.65
3/16/2001,260.2
3/17/2001,
3/18/2001,
3/19/2001,261.55
3/20/2001,262
3/21/2001,261.95
3/22/2001,262.2
3/23/2001,262.35
3/24/2001,
3/25/2001,
3/26/2001,262.95
3/27/2001,262.11
3/28/2001,260.65
3/29/2001,260.65
3/30/2001,258.85
3/31/2001,
4/1/2001,
4/2/2001,256
4/3/2001,257.25
4/4/2001,258.4
4/5/2001,258.3
4/6/2001,259.5
4/7/2001,
4/8/2001,
4/9/2001,258.65
4/10/2001,257.05
4/11/2001,258.55
4/12/2001,260.05
4/13/2001,260.05
4/14/2001,
4/15/2001,
4/16/2001,260.05
4/17/2001,260.85
4/18/2001,260.95
4/19/2001,262.95
4/20/2001,264.45
4/21/2001,
4/22/2001,
4/23/2001,262.85
4/24/2001,263.45
4/25/2001,263.55
4/26/2001,263.65
4/27/2001,264.55
4/28/2001,
4/29/2001,
4/30/2001,263.85
5/1/2001,263.95
5/2/2001,264.85
5/3/2001,266.6
5/4/2001,266.4
5/5/2001,
5/6/2001,
5/7/2001,266.4
5/8/2001,265.35
5/9/2001,267.95
5/10/2001,269.15
5/11/2001,269.15
5/12/2001,
5/13/2001,
5/14/2001,268.35
5/15/2001,267.35
5/16/2001,271.15
5/17/2001,273.2
5/18/2001,273.15
5/19/2001,
5/20/2001,
5/21/2001,284.38
5/22/2001,282.85
5/23/2001,282.85
5/24/2001,278.7
5/25/2001,277.5
5/26/2001,
5/27/2001,
5/28/2001,277.5
5/29/2001,274.55
5/30/2001,267.25
5/31/2001,267.25
6/1/2001,267.25
6/2/2001,
6/3/2001,
6/4/2001,266.55
6/5/2001,265.75
6/6/2001,266.05
6/7/2001,266.3
6/8/2001,267.25
6/9/2001,
6/10/2001,
6/11/2001,267.6
6/12/2001,269.6
6/13/2001,271.4
6/14/2001,273.4
6/15/2001,271.6
6/16/2001,
6/17/2001,
6/18/2001,272.4
6/19/2001,274.45
6/20/2001,271.55
6/21/2001,272.1
6/22/2001,274.5
6/23/2001,
6/24/2001,
6/25/2001,273.9
6/26/2001,274.45
6/27/2001,275.1
6/28/2001,269
6/29/2001,271.2
6/30/2001,
7/1/2001,
7/2/2001,269.4
7/3/2001,268.4
7/4/2001,267.75
7/5/2001,267.4
7/6/2001,267.2
7/7/2001,
7/8/2001,
7/9/2001,266.2
7/10/2001,267.4
7/11/2001,268
7/12/2001,266.35
7/13/2001,266.85
7/14/2001,
7/15/2001,
7/16/2001,267.7
7/17/2001,267.95
7/18/2001,270
7/19/2001,269.2
7/20/2001,269.45
7/21/2001,
7/22/2001,
7/23/2001,269.1
7/24/2001,268.75
7/25/2001,268.6
7/26/2001,267.15
7/27/2001,265.95
7/28/2001,
7/29/2001,
7/30/2001,266.15
7/31/2001,265.95
8/1/2001,267.2
8/2/2001,267.75
8/3/2001,268.75
8/4/2001,
8/5/2001,
8/6/2001,267.4
8/7/2001,266.45
8/8/2001,266.8
8/9/2001,270.7
8/10/2001,276
8/11/2001,
8/12/2001,
8/13/2001,274.55
8/14/2001,275.45
8/15/2001,275.2
8/16/2001,275.75
8/17/2001,277.8
8/18/2001,
8/19/2001,
8/20/2001,276.5
8/21/2001,276.45
8/22/2001,275.6
8/23/2001,275.45
8/24/2001,272.35
8/25/2001,
8/26/2001,
8/27/2001,272.35
8/28/2001,272.2
8/29/2001,273.8
8/30/2001,273.25
8/31/2001,273.1
9/1/2001,
9/2/2001,
9/3/2001,273.65
9/4/2001,272.35
9/5/2001,272
9/6/2001,272.5
9/7/2001,274.3
9/8/2001,
9/9/2001,
9/10/2001,271.8
9/11/2001,288.45
9/12/2001,280.5
9/13/2001,280.25
9/14/2001,287
9/15/2001,
9/16/2001,
9/17/2001,289.5
9/18/2001,287.5
9/19/2001,290.25
9/20/2001,288.75
9/21/2001,290.13
9/22/2001,
9/23/2001,
9/24/2001,288.35
9/25/2001,289.45
9/26/2001,292.55
9/27/2001,290.85
9/28/2001,293.25
9/29/2001,
9/30/2001,
10/1/2001,291.5
10/2/2001,290.5
10/3/2001,291
10/4/2001,290.75
10/5/2001,291.05
10/6/2001,
10/7/2001,
10/8/2001,291.45
10/9/2001,289.25
10/10/2001,285.9
10/11/2001,281.25
10/12/2001,282.55
10/13/2001,
10/14/2001,
10/15/2001,282.25
10/16/2001,282.35
10/17/2001,282.2
10/18/2001,279.5
10/19/2001,278.9
10/20/2001,
10/21/2001,
10/22/2001,276.2
10/23/2001,275.8
10/24/2001,275.85
10/25/2001,276.75
10/26/2001,276.8
10/27/2001,
10/28/2001,
10/29/2001,279.15
10/30/2001,280.15
10/31/2001,280.5
11/1/2001,280.35
11/2/2001,280.3
11/3/2001,
11/4/2001,
11/5/2001,278.7
11/6/2001,279.3
11/7/2001,280
11/8/2001,276.8
11/9/2001,277.2
11/10/2001,
11/11/2001,
11/12/2001,279.88
11/13/2001,277.45
11/14/2001,277.55
11/15/2001,275.3
11/16/2001,274.6
11/17/2001,
11/18/2001,
11/19/2001,273
11/20/2001,273.2
11/21/2001,273.25
11/22/2001,272.9
11/23/2001,273.3
11/24/2001,
11/25/2001,
11/26/2001,272.65
11/27/2001,273.45
11/28/2001,275
11/29/2001,274.65
11/30/2001,274.95
12/1/2001,
12/2/2001,
12/3/2001,276.65
12/4/2001,276.2
12/5/2001,274
12/6/2001,274.55
12/7/2001,274.2
12/8/2001,
12/9/2001,
12/10/2001,272.15
12/11/2001,272.95
12/12/2001,273.75
12/13/2001,274.45
12/14/2001,277.6
12/15/2001,
12/16/2001,
12/17/2001,278
12/18/2001,279.35
12/19/2001,277.8
12/20/2001,276.3
12/21/2001,277.8
12/22/2001,
12/23/2001,
12/24/2001,277.8
12/25/2001,277.8
12/26/2001,277.8
12/27/2001,277.85
12/28/2001,276.85
12/29/2001,
12/30/2001,
12/31/2001,276.8
1/1/2002,276.8
1/2/2002,279.1
1/3/2002,277.2
1/4/2002,278.45
1/5/2002,
1/6/2002,
1/7/2002,278.75
1/8/2002,278.85
1/9/2002,283.85
1/10/2002,286.25
1/11/2002,286.75
1/12/2002,
1/13/2002,
1/14/2002,286.35
1/15/2002,283.7
1/16/2002,285.75
1/17/2002,284.95
1/18/2002,283.7
1/19/2002,
1/20/2002,
1/21/2002,282.5
1/22/2002,282.35
1/23/2002,280.45
1/24/2002,278.15
1/25/2002,279.35
1/26/2002,
1/27/2002,
1/28/2002,278.85
1/29/2002,278.6
1/30/2002,281.85
1/31/2002,281.95
2/1/2002,284
2/2/2002,
2/3/2002,
2/4/2002,286.95
2/5/2002,291.95
2/6/2002,300
2/7/2002,299.13
2/8/2002,305.88
2/9/2002,
2/10/2002,
2/11/2002,299.75
2/12/2002,300
2/13/2002,298.75
2/14/2002,300.25
2/15/2002,300.5
2/16/2002,
2/17/2002,
2/18/2002,297.65
2/19/2002,298.25
2/20/2002,291.05
2/21/2002,292.7
2/22/2002,292.6
2/23/2002,
2/24/2002,
2/25/2002,291.2
2/26/2002,297.75
2/27/2002,296.5
2/28/2002,296.8
3/1/2002,297.4
3/2/2002,
3/3/2002,
3/4/2002,297.6
3/5/2002,298.2
3/6/2002,293.4
3/7/2002,292.15
3/8/2002,289.7
3/9/2002,
3/10/2002,
3/11/2002,291.6
3/12/2002,293.2
3/13/2002,293.6
3/14/2002,291
3/15/2002,289.7
3/16/2002,
3/17/2002,
3/18/2002,292.45
3/19/2002,293.35
3/20/2002,292.9
3/21/2002,293.35
3/22/2002,296.15
3/23/2002,
3/24/2002,
3/25/2002,297.55
3/26/2002,296.75
3/27/2002,301.7
3/28/2002,302.5
3/29/2002,302.5
3/30/2002,
3/31/2002,
4/1/2002,302.5
4/2/2002,305.3
4/3/2002,302.55
4/4/2002,299.8
4/5/2002,299.2
4/6/2002,
4/7/2002,
4/8/2002,299.8
4/9/2002,298.95
4/10/2002,298.8
4/11/2002,302.5
4/12/2002,300.5
4/13/2002,
4/14/2002,
4/15/2002,301
4/16/2002,298.4
4/17/2002,300.8
4/18/2002,305.25
4/19/2002,302.2
4/20/2002,
4/21/2002,
4/22/2002,303.7
4/23/2002,302.8
4/24/2002,304.8
4/25/2002,307.6
4/26/2002,308
4/27/2002,
4/28/2002,
4/29/2002,310.2
4/30/2002,307.7
5/1/2002,309.9
5/2/2002,307.2
5/3/2002,310.9
5/4/2002,
5/5/2002,
5/6/2002,310.9
5/7/2002,312.4
5/8/2002,311.2
5/9/2002,309
5/10/2002,310.65
5/11/2002,
5/12/2002,
5/13/2002,310.2
5/14/2002,307.75
5/15/2002,308.25
5/16/2002,309.65
5/17/2002,311.4
5/18/2002,
5/19/2002,
5/20/2002,311.25
5/21/2002,316.75
5/22/2002,318.5
5/23/2002,318.35
5/24/2002,321.55
5/25/2002,
5/26/2002,
5/27/2002,320.2
5/28/2002,324.4
5/29/2002,324.8
5/30/2002,324.2
5/31/2002,325.3
6/1/2002,
6/2/2002,
6/3/2002,325.3
6/4/2002,325.3
6/5/2002,322.25
6/6/2002,325.75
6/7/2002,324.25
6/8/2002,
6/9/2002,
6/10/2002,321.7
6/11/2002,317.35
6/12/2002,320.15
6/13/2002,318.15
6/14/2002,319.4
6/15/2002,
6/16/2002,
6/17/2002,317.85
6/18/2002,318.95
6/19/2002,320
6/20/2002,323.65
6/21/2002,324.75
6/22/2002,
6/23/2002,
6/24/2002,326.05
6/25/2002,318.35
6/26/2002,321.4
6/27/2002,320.3
6/28/2002,317.75
6/29/2002,
6/30/2002,
7/1/2002,312.75
7/2/2002,314.25
7/3/2002,312.3
7/4/2002,311.1
7/5/2002,311.3
7/6/2002,
7/7/2002,
7/8/2002,312.8
7/9/2002,313.9
7/10/2002,315.2
7/11/2002,315.75
7/12/2002,315.7
7/13/2002,
7/14/2002,
7/15/2002,319.8
7/16/2002,318
7/17/2002,316.95
7/18/2002,317.4
7/19/2002,323.25
7/20/2002,
7/21/2002,
7/22/2002,323.4
7/23/2002,318.6
7/24/2002,310.3
7/25/2002,309.7
7/26/2002,304.6
7/27/2002,
7/28/2002,
7/29/2002,302.7
7/30/2002,305.55
7/31/2002,304.85
8/1/2002,304.4
8/2/2002,305.45
8/3/2002,
8/4/2002,
8/5/2002,309.2
8/6/2002,305.7
8/7/2002,313.2
8/8/2002,311.05
8/9/2002,314.4
8/10/2002,
8/11/2002,
8/12/2002,315.8
8/13/2002,314.95
8/14/2002,312.75
8/15/2002,315.3
8/16/2002,314.1
8/17/2002,
8/18/2002,
8/19/2002,310.1
8/20/2002,308.5
8/21/2002,308.1
8/22/2002,306.6
8/23/2002,306.4
8/24/2002,
8/25/2002,
8/26/2002,306.4
8/27/2002,310.85
8/28/2002,311.4
8/29/2002,312.3
8/30/2002,313.2
8/31/2002,
9/1/2002,
9/2/2002,312.15
9/3/2002,313.95
9/4/2002,313.45
9/5/2002,317.35
9/6/2002,319.7
9/7/2002,
9/8/2002,
9/9/2002,322.7
9/10/2002,318.2
9/11/2002,315.9
9/12/2002,318.2
9/13/2002,318.2
9/14/2002,
9/15/2002,
9/16/2002,316.9
9/17/2002,316.6
9/18/2002,320.2
9/19/2002,322.8
9/20/2002,324
9/21/2002,
9/22/2002,
9/23/2002,322.8
9/24/2002,326.8
9/25/2002,325.3
9/26/2002,319.2
9/27/2002,319.85
9/28/2002,
9/29/2002,
9/30/2002,323.6
10/1/2002,321.4
10/2/2002,322.2
10/3/2002,323.1
10/4/2002,321.2
10/5/2002,
10/6/2002,
10/7/2002,321.9
10/8/2002,319.6
10/9/2002,319.05
10/10/2002,317.5
10/11/2002,317.2
10/12/2002,
10/13/2002,
10/14/2002,318.3
10/15/2002,315.5
10/16/2002,314.7
10/17/2002,311.8
10/18/2002,312.05
10/19/2002,
10/20/2002,
10/21/2002,311.85
10/22/2002,312.85
10/23/2002,312.65
10/24/2002,312.4
10/25/2002,313.25
10/26/2002,
10/27/2002,
10/28/2002,314.75
10/29/2002,317.35
10/30/2002,316.25
10/31/2002,316.95
11/1/2002,318.7
11/2/2002,
11/3/2002,
11/4/2002,318.15
11/5/2002,318.35
11/6/2002,317.35
11/7/2002,319.55
11/8/2002,322.2
11/9/2002,
11/10/2002,
11/11/2002,320.25
11/12/2002,321.65
11/13/2002,320.8
11/14/2002,317.95
11/15/2002,319.45
11/16/2002,
11/17/2002,
11/18/2002,319.45
11/19/2002,320.05
11/20/2002,318.95
11/21/2002,317.75
11/22/2002,317.15
11/23/2002,
11/24/2002,
11/25/2002,318.15
11/26/2002,318.4
11/27/2002,317.85
11/28/2002,317.75
11/29/2002,318.95
11/30/2002,
12/1/2002,
12/2/2002,317.55
12/3/2002,319.45
12/4/2002,322.75
12/5/2002,322.75
12/6/2002,326.2
12/7/2002,
12/8/2002,
12/9/2002,326.4
12/10/2002,323.3
12/11/2002,324.4
12/12/2002,327.4
12/13/2002,331.25
12/14/2002,
12/15/2002,
12/16/2002,333.25
12/17/2002,337.75
12/18/2002,339.75
12/19/2002,346.13
12/20/2002,341.75
12/21/2002,
12/22/2002,
12/23/2002,342.45
12/24/2002,345.5
12/25/2002,345.5
12/26/2002,345.5
12/27/2002,349.75
12/28/2002,
12/29/2002,
12/30/2002,347.5
12/31/2002,343.25
1/1/2003,343.25
1/2/2003,344.5
1/3/2003,346.75
1/4/2003,
1/5/2003,
1/6/2003,352.5
1/7/2003,349
1/8/2003,349
1/9/2003,353.5
1/10/2003,352.75
1/11/2003,
1/12/2003,
1/13/2003,354.35
1/14/2003,351.95
1/15/2003,351
1/16/2003,353.6
1/17/2003,357.75
1/18/2003,
1/19/2003,
1/20/2003,356.25
1/21/2003,356.8
1/22/2003,359.3
1/23/2003,364
1/24/2003,366.75
1/25/2003,
1/26/2003,
1/27/2003,371
1/28/2003,368.85
1/29/2003,368.85
1/30/2003,368.25
1/31/2003,368
2/1/2003,
2/2/2003,
2/3/2003,368.95
2/4/2003,378.75
2/5/2003,380.85
2/6/2003,375
2/7/2003,368.25
2/8/2003,
2/9/2003,
2/10/2003,371.5
2/11/2003,363.25
2/12/2003,358.25
2/13/2003,356.5
2/14/2003,351.25
2/15/2003,
2/16/2003,
2/17/2003,346.75
2/18/2003,344.75
2/19/2003,347
2/20/2003,354.25
2/21/2003,352.75
2/22/2003,
2/23/2003,
2/24/2003,356.75
2/25/2003,352.45
2/26/2003,353.5
2/27/2003,348.9
2/28/2003,349.75
3/1/2003,
3/2/2003,
3/3/2003,348.15
3/4/2003,353.5
3/5/2003,355.25
3/6/2003,355
3/7/2003,351.75
3/8/2003,
3/9/2003,
3/10/2003,354
3/11/2003,350.75
3/12/2003,345.75
3/13/2003,334.75
3/14/2003,336.25
3/15/2003,
3/16/2003,
3/17/2003,336.75
3/18/2003,339.25
3/19/2003,337.25
3/20/2003,335.25
3/21/2003,333.25
3/22/2003,
3/23/2003,
3/24/2003,330.25
3/25/2003,329.8
3/26/2003,329.75
3/27/2003,331.85
3/28/2003,330.2
3/29/2003,
3/30/2003,
3/31/2003,336
4/1/2003,335
4/2/2003,328.9
4/3/2003,325.6
4/4/2003,324.75
4/5/2003,
4/6/2003,
4/7/2003,322.9
4/8/2003,320
4/9/2003,323.9
4/10/2003,326.25
4/11/2003,326.25
4/12/2003,
4/13/2003,
4/14/2003,326.2
4/15/2003,323.2
4/16/2003,325.7
4/17/2003,327.1
4/18/2003,327.1
4/19/2003,
4/20/2003,
4/21/2003,327.1
4/22/2003,334.75
4/23/2003,334.7
4/24/2003,334.25
4/25/2003,333.7
4/26/2003,
4/27/2003,
4/28/2003,331.6
4/29/2003,334.05
4/30/2003,338.25
5/1/2003,342.25
5/2/2003,339.75
5/3/2003,
5/4/2003,
5/5/2003,339.75
5/6/2003,342.9
5/7/2003,340.8
5/8/2003,347.8
5/9/2003,348.6
5/10/2003,
5/11/2003,
5/12/2003,350.2
5/13/2003,350.7
5/14/2003,353.75
5/15/2003,354.1
5/16/2003,356.5
5/17/2003,
5/18/2003,
5/19/2003,360.8
5/20/2003,367.75
5/21/2003,369.05
5/22/2003,369.2
5/23/2003,368.5
5/24/2003,
5/25/2003,
5/26/2003,368.5
5/27/2003,370.65
5/28/2003,361.75
5/29/2003,364
5/30/2003,363.75
5/31/2003,
6/1/2003,
6/2/2003,366.5
6/3/2003,364.75
6/4/2003,362.8
6/5/2003,368
6/6/2003,363.1
6/7/2003,
6/8/2003,
6/9/2003,363.2
6/10/2003,353.5
6/11/2003,355.9
6/12/2003,352.75
6/13/2003,354.6
6/14/2003,
6/15/2003,
6/16/2003,357.45
6/17/2003,363.25
6/18/2003,358.75
6/19/2003,361.75
6/20/2003,357.75
6/21/2003,
6/22/2003,
6/23/2003,353.75
6/24/2003,347.5
6/25/2003,348.7
6/26/2003,344.35
6/27/2003,346.3
6/28/2003,
6/29/2003,
6/30/2003,347.7
7/1/2003,351.8
7/2/2003,352
7/3/2003,350.4
7/4/2003,351.3
7/5/2003,
7/6/2003,
7/7/2003,348.8
7/8/2003,344.3
7/9/2003,343.8
7/10/2003,345.25
7/11/2003,343.8
7/12/2003,
7/13/2003,
7/14/2003,347
7/15/2003,344.5
7/16/2003,344.3
7/17/2003,343.3
7/18/2003,344.8
7/19/2003,
7/20/2003,
7/21/2003,352.1
7/22/2003,350.2
7/23/2003,357
7/24/2003,359.6
7/25/2003,363.95
7/26/2003,
7/27/2003,
7/28/2003,366.1
7/29/2003,362.2
7/30/2003,355.85
7/31/2003,354.7
8/1/2003,353.9
8/2/2003,
8/3/2003,
8/4/2003,350.2
8/5/2003,349.5
8/6/2003,351.4
8/7/2003,353
8/8/2003,356.25
8/9/2003,
8/10/2003,
8/11/2003,360.5
8/12/2003,359.4
8/13/2003,359.3
8/14/2003,364.05
8/15/2003,364.2
8/16/2003,
8/17/2003,
8/18/2003,358.6
8/19/2003,360.8
8/20/2003,364.3
8/21/2003,362.75
8/22/2003,361
8/23/2003,
8/24/2003,
8/25/2003,361
8/26/2003,362.45
8/27/2003,372.75
8/28/2003,369.95
8/29/2003,376.5
8/30/2003,
8/31/2003,
9/1/2003,376.5
9/2/2003,373.25
9/3/2003,372.25
9/4/2003,372.45
9/5/2003,375.75
9/6/2003,
9/7/2003,
9/8/2003,376.25
9/9/2003,381
9/10/2003,379.35
9/11/2003,378.25
9/12/2003,376
9/13/2003,
9/14/2003,
9/15/2003,376.2
9/16/2003,372.5
9/17/2003,375.6
9/18/2003,377.5
9/19/2003,382.25
9/20/2003,
9/21/2003,
9/22/2003,384.25
9/23/2003,385.25
9/24/2003,385.85
9/25/2003,389
9/26/2003,382.75
9/27/2003,
9/28/2003,
9/29/2003,383.75
9/30/2003,385.25
10/1/2003,384.4
10/2/2003,382.3
10/3/2003,382.75
10/4/2003,
10/5/2003,
10/6/2003,372.75
10/7/2003,373.3
10/8/2003,375.6
10/9/2003,369.1
10/10/2003,372.25
10/11/2003,
10/12/2003,
10/13/2003,370.8
10/14/2003,376
10/15/2003,373.25
10/16/2003,373.5
10/17/2003,370.25
10/18/2003,
10/19/2003,
10/20/2003,373.3
10/21/2003,378.25
10/22/2003,384.45
10/23/2003,383.75
10/24/2003,388.75
10/25/2003,
10/26/2003,
10/27/2003,387.75
10/28/2003,383.85
10/29/2003,385.75
10/30/2003,387.55
10/31/2003,387.25
11/1/2003,
11/2/2003,
11/3/2003,378.25
11/4/2003,379.75
11/5/2003,382.75
11/6/2003,381.5
11/7/2003,381.25
11/8/2003,
11/9/2003,
11/10/2003,385.1
11/11/2003,388.25
11/12/2003,392.75
11/13/2003,395.65
11/14/2003,397.25
11/15/2003,
11/16/2003,
11/17/2003,393.65
11/18/2003,396.25
11/19/2003,395.65
11/20/2003,393.45
11/21/2003,395.25
11/22/2003,
11/23/2003,
11/24/2003,390.95
11/25/2003,392.25
11/26/2003,398.25
11/27/2003,395.95
11/28/2003,398
11/29/2003,
11/30/2003,
12/1/2003,398.45
12/2/2003,403.25
12/3/2003,403.25
12/4/2003,400.95
12/5/2003,404.95
12/6/2003,
12/7/2003,
12/8/2003,405.95
12/9/2003,407.25
12/10/2003,409.75
12/11/2003,405.75
12/12/2003,406.55
12/13/2003,
12/14/2003,
12/15/2003,408.25
12/16/2003,407.75
12/17/2003,408.65
12/18/2003,408.25
12/19/2003,408.25
12/20/2003,
12/21/2003,
12/22/2003,410.25
12/23/2003,409.75
12/24/2003,411.25
12/25/2003,411.25
12/26/2003,411.25
12/27/2003,
12/28/2003,
12/29/2003,412.75
12/30/2003,416.45
12/31/2003,417.25
1/1/2004,417.25
1/2/2004,415.5
1/3/2004,
1/4/2004,
1/5/2004,421.75
1/6/2004,422.25
1/7/2004,423.25
1/8/2004,422.25
1/9/2004,425.05
1/10/2004,
1/11/2004,
1/12/2004,425.75
1/13/2004,424.75
1/14/2004,421.75
1/15/2004,410.75
1/16/2004,407.25
1/17/2004,
1/18/2004,
1/19/2004,407.25
1/20/2004,411.25
1/21/2004,409.15
1/22/2004,411.25
1/23/2004,409.25
1/24/2004,
1/25/2004,
1/26/2004,407.75
1/27/2004,410.25
1/28/2004,411.5
1/29/2004,399.65
1/30/2004,401.25
1/31/2004,
2/1/2004,
2/2/2004,398.25
2/3/2004,403
2/4/2004,399.75
2/5/2004,399.5
2/6/2004,402.75
2/7/2004,
2/8/2004,
2/9/2004,405.5
2/10/2004,408.5
2/11/2004,408.25
2/12/2004,412.25
2/13/2004,411.45
2/14/2004,
2/15/2004,
2/16/2004,411.25
2/17/2004,413.5
2/18/2004,413.5
2/19/2004,410.55
2/20/2004,403.15
2/21/2004,
2/22/2004,
2/23/2004,399
2/24/2004,403.45
2/25/2004,395.25
2/26/2004,392.25
2/27/2004,395.25
2/28/2004,
2/29/2004,
3/1/2004,399.75
3/2/2004,393.75
3/3/2004,387.95
3/4/2004,393.75
3/5/2004,399.25
3/6/2004,
3/7/2004,
3/8/2004,400
3/9/2004,401.75
3/10/2004,400.25
3/11/2004,398.75
3/12/2004,396.25
3/13/2004,
3/14/2004,
3/15/2004,398.75
3/16/2004,403.15
3/17/2004,402.25
3/18/2004,412.45
3/19/2004,410.25
3/20/2004,
3/21/2004,
3/22/2004,417.25
3/23/2004,416.25
3/24/2004,415.75
3/25/2004,417.75
3/26/2004,421.25
3/27/2004,
3/28/2004,
3/29/2004,420
3/30/2004,420.75
3/31/2004,425.25
4/1/2004,426.25
4/2/2004,422.35
4/3/2004,
4/4/2004,
4/5/2004,417.25
4/6/2004,417.75
4/7/2004,422.75
4/8/2004,420.25
4/9/2004,420.25
4/10/2004,
4/11/2004,
4/12/2004,420.25
4/13/2004,408
4/14/2004,400.45
4/15/2004,398.25
4/16/2004,401.75
4/17/2004,
4/18/2004,
4/19/2004,403.3
4/20/2004,398.05
4/21/2004,394
4/22/2004,392.75
4/23/2004,393.75
4/24/2004,
4/25/2004,
4/26/2004,397.35
4/27/2004,396.25
4/28/2004,391.75
4/29/2004,386.25
4/30/2004,387.75
5/1/2004,
5/2/2004,
5/3/2004,387.75
5/4/2004,391.75
5/5/2004,391.25
5/6/2004,388
5/7/2004,380.35
5/8/2004,
5/9/2004,
5/10/2004,375
5/11/2004,376.75
5/12/2004,380.5
5/13/2004,380.5
5/14/2004,376.5
5/15/2004,
5/16/2004,
5/17/2004,378.75
5/18/2004,377.25
5/19/2004,383
5/20/2004,379.75
5/21/2004,384.75
5/22/2004,
5/23/2004,
5/24/2004,385
5/25/2004,387.75
5/26/2004,388.25
5/27/2004,394.75
5/28/2004,393.75
5/29/2004,
5/30/2004,
5/31/2004,393.75
6/1/2004,395.25
6/2/2004,392.75
6/3/2004,388.25
6/4/2004,389.25
6/5/2004,
6/6/2004,
6/7/2004,393.25
6/8/2004,392.25
6/9/2004,384.95
6/10/2004,387.85
6/11/2004,385
6/12/2004,
6/13/2004,
6/14/2004,384.75
6/15/2004,386.5
6/16/2004,385.5
6/17/2004,386.25
6/18/2004,395.5
6/19/2004,
6/20/2004,
6/21/2004,394
6/22/2004,396
6/23/2004,393.75
6/24/2004,401
6/25/2004,402
6/26/2004,
6/27/2004,
6/28/2004,401.75
6/29/2004,394
6/30/2004,395
7/1/2004,396
7/2/2004,398.45
7/3/2004,
7/4/2004,
7/5/2004,398.45
7/6/2004,391.15
7/7/2004,402.7
7/8/2004,406.05
7/9/2004,406.95
7/10/2004,
7/11/2004,
7/12/2004,406.55
7/13/2004,401.45
7/14/2004,403.88
7/15/2004,405.25
7/16/2004,406.5
7/17/2004,
7/18/2004,
7/19/2004,405.15
7/20/2004,399.75
7/21/2004,395.45
7/22/2004,397.55
7/23/2004,389.3
7/24/2004,
7/25/2004,
7/26/2004,390
7/27/2004,388.05
7/28/2004,387.1
7/29/2004,390.05
7/30/2004,390.15
7/31/2004,
8/1/2004,
8/2/2004,392.25
8/3/2004,391.45
8/4/2004,392.65
8/5/2004,391.45
8/6/2004,399.35
8/7/2004,
8/8/2004,
8/9/2004,398.85
8/10/2004,399.95
8/11/2004,394.39
8/12/2004,394.5
8/13/2004,398.35
8/14/2004,
8/15/2004,
8/16/2004,402.35
8/17/2004,403.25
8/18/2004,403.88
8/19/2004,407.42
8/20/2004,413.52
8/21/2004,
8/22/2004,
8/23/2004,409.13
8/24/2004,405.42
8/25/2004,406.45
8/26/2004,406.63
8/27/2004,405.52
8/28/2004,
8/29/2004,
8/30/2004,405.52
8/31/2004,410.22
9/1/2004,408.1
9/2/2004,408.1
9/3/2004,407.22
9/4/2004,
9/5/2004,
9/6/2004,402.35
9/7/2004,399
9/8/2004,399.52
9/9/2004,399.02
9/10/2004,401.5
9/11/2004,
9/12/2004,
9/13/2004,401.72
9/14/2004,406.13
9/15/2004,404.63
9/16/2004,403.92
9/17/2004,405.65
9/18/2004,
9/19/2004,
9/20/2004,405.25
9/21/2004,408.52
9/22/2004,407
9/23/2004,410.85
9/24/2004,407.13
9/25/2004,
9/26/2004,
9/27/2004,408.95
9/28/2004,411.13
9/29/2004,413.88
9/30/2004,418
10/1/2004,417.4
10/2/2004,
10/3/2004,
10/4/2004,413.13
10/5/2004,415.97
10/6/2004,419.13
10/7/2004,418.67
10/8/2004,422.63
10/9/2004,
10/10/2004,
10/11/2004,421.02
10/12/2004,414
10/13/2004,412.22
10/14/2004,417.42
10/15/2004,418.75
10/16/2004,
10/17/2004,
10/18/2004,419.22
10/19/2004,419.72
10/20/2004,425.32
10/21/2004,423.02
10/22/2004,423.45
10/23/2004,
10/24/2004,
10/25/2004,428.22
10/26/2004,425.72
10/27/2004,425.52
10/28/2004,425.72
10/29/2004,426.25
10/30/2004,
10/31/2004,
11/1/2004,427.97
11/2/2004,421.42
11/3/2004,423.82
11/4/2004,431.13
11/5/2004,432.72
11/6/2004,
11/7/2004,
11/8/2004,432.65
11/9/2004,434.55
11/10/2004,434.63
11/11/2004,434.82
11/12/2004,437.45
11/13/2004,
11/14/2004,
11/15/2004,436.42
11/16/2004,439.82
11/17/2004,444.1
11/18/2004,442.42
11/19/2004,447.13
11/20/2004,
11/21/2004,
11/22/2004,447.75
11/23/2004,448.42
11/24/2004,448.32
11/25/2004,451.5
11/26/2004,452.5
11/27/2004,
11/28/2004,
11/29/2004,452.85
11/30/2004,448.97
12/1/2004,452.77
12/2/2004,447.02
12/3/2004,450.15
12/4/2004,
12/5/2004,
12/6/2004,452.25
12/7/2004,452.25
12/8/2004,435.82
12/9/2004,435.02
12/10/2004,435
12/11/2004,
12/12/2004,
12/13/2004,439.2
12/14/2004,436.9
12/15/2004,440.92
12/16/2004,438.72
12/17/2004,438.27
12/18/2004,
12/19/2004,
12/20/2004,443.25
12/21/2004,441.2
12/22/2004,440.05
12/23/2004,440.67
12/24/2004,443.38
12/25/2004,
12/26/2004,
12/27/2004,443.38
12/28/2004,443.38
12/29/2004,437.72
12/30/2004,437.63
12/31/2004,438.1
1/1/2005,
1/2/2005,
1/3/2005,438.1
1/4/2005,426.22
1/5/2005,427.95
1/6/2005,422.38
1/7/2005,418.45
1/8/2005,
1/9/2005,
1/10/2005,420.1
1/11/2005,421.85
1/12/2005,426.25
1/13/2005,424.02
1/14/2005,421.95
1/15/2005,
1/16/2005,
1/17/2005,422.25
1/18/2005,423.15
1/19/2005,423.35
1/20/2005,421.65
1/21/2005,424.28
1/22/2005,
1/23/2005,
1/24/2005,427.27
1/25/2005,423.5
1/26/2005,423.5
1/27/2005,424.9
1/28/2005,425.02
1/29/2005,
1/30/2005,
1/31/2005,421.4
2/1/2005,420.1
2/2/2005,420.35
2/3/2005,416.8
2/4/2005,415.1
2/5/2005,
2/6/2005,
2/7/2005,414.3
2/8/2005,412.3
2/9/2005,412.1
2/10/2005,417.52
2/11/2005,421.02
2/12/2005,
2/13/2005,
2/14/2005,423.88
2/15/2005,425.13
2/16/2005,423.92
2/17/2005,427.13
2/18/2005,427.35
2/19/2005,
2/20/2005,
2/21/2005,427.35
2/22/2005,434.45
2/23/2005,434.7
2/24/2005,432.63
2/25/2005,433.55
2/26/2005,
2/27/2005,
2/28/2005,437.02
3/1/2005,432.25
3/2/2005,432.02
3/3/2005,430.75
3/4/2005,433.7
3/5/2005,
3/6/2005,
3/7/2005,434.4
3/8/2005,438.88
3/9/2005,440.05
3/10/2005,441.05
3/11/2005,446.32
3/12/2005,
3/13/2005,
3/14/2005,441.67
3/15/2005,440.52
3/16/2005,443.05
3/17/2005,438.88
3/18/2005,438.25
3/19/2005,
3/20/2005,
3/21/2005,431.65
3/22/2005,431.13
3/23/2005,426.35
3/24/2005,425.55
3/25/2005,425.55
3/26/2005,
3/27/2005,
3/28/2005,425.55
3/29/2005,426.55
3/30/2005,426.75
3/31/2005,427.65
4/1/2005,425.65
4/2/2005,
4/3/2005,
4/4/2005,426.25
4/5/2005,424.95
4/6/2005,425.6
4/7/2005,427.1
4/8/2005,426.2
4/9/2005,
4/10/2005,
4/11/2005,428.63
4/12/2005,427.3
4/13/2005,428.6
4/14/2005,423.85
4/15/2005,425.4
4/16/2005,
4/17/2005,
4/18/2005,427.1
4/19/2005,432.5
4/20/2005,434.8
4/21/2005,434.2
4/22/2005,435.3
4/23/2005,
4/24/2005,
4/25/2005,433.4
4/26/2005,435.97
4/27/2005,432.8
4/28/2005,432.05
4/29/2005,436.45
4/30/2005,
5/1/2005,
5/2/2005,436.45
5/3/2005,427.9
5/4/2005,428.32
5/5/2005,429.1
5/6/2005,424.63
5/7/2005,
5/8/2005,
5/9/2005,426.1
5/10/2005,427.7
5/11/2005,427.38
5/12/2005,424.7
5/13/2005,420.6
5/14/2005,
5/15/2005,
5/16/2005,419.25
5/17/2005,420.73
5/18/2005,419.95
5/19/2005,420.85
5/20/2005,417.25
5/21/2005,
5/22/2005,
5/23/2005,418.15
5/24/2005,417.85
5/25/2005,418.15
5/26/2005,418.45
5/27/2005,418.35
5/28/2005,
5/29/2005,
5/30/2005,418.35
5/31/2005,416.05
6/1/2005,416.25
6/2/2005,422.25
6/3/2005,423.05
6/4/2005,
6/5/2005,
6/6/2005,426.7
6/7/2005,425.25
6/8/2005,425.95
6/9/2005,422.75
6/10/2005,423.35
6/11/2005,
6/12/2005,
6/13/2005,428.95
6/14/2005,426.85
6/15/2005,428.65
6/16/2005,433.95
6/17/2005,438.15
6/18/2005,
6/19/2005,
6/20/2005,438.15
6/21/2005,437.05
6/22/2005,437.63
6/23/2005,441.85
6/24/2005,438.85
6/25/2005,
6/26/2005,
6/27/2005,439.25
6/28/2005,436.45
6/29/2005,437.25
6/30/2005,438.65
7/1/2005,428.15
7/2/2005,
7/3/2005,
7/4/2005,427.65
7/5/2005,423.15
7/6/2005,423.65
7/7/2005,425.75
7/8/2005,422.25
7/9/2005,
7/10/2005,
7/11/2005,426.13
7/12/2005,426.65
7/13/2005,424.05
7/14/2005,424.05
7/15/2005,420.75
7/16/2005,
7/17/2005,
7/18/2005,421.75
7/19/2005,419.75
7/20/2005,422.35
7/21/2005,424.35
7/22/2005,425.25
7/23/2005,
7/24/2005,
7/25/2005,425.9
7/26/2005,424.3
7/27/2005,424.25
7/28/2005,427.8
7/29/2005,429.8
7/30/2005,
7/31/2005,
8/1/2005,431.25
8/2/2005,432.65
8/3/2005,436.1
8/4/2005,439.4
8/5/2005,437.9
8/6/2005,
8/7/2005,
8/8/2005,436.4
8/9/2005,433.7
8/10/2005,436.3
8/11/2005,442.05
8/12/2005,446.6
8/13/2005,
8/14/2005,
8/15/2005,441.3
8/16/2005,444.05
8/17/2005,442.2
8/18/2005,442
8/19/2005,438.2
8/20/2005,
8/21/2005,
8/22/2005,438.6
8/23/2005,439.15
8/24/2005,437.2
8/25/2005,439.05
8/26/2005,438.9
8/27/2005,
8/28/2005,
8/29/2005,438.9
8/30/2005,430.55
8/31/2005,433.4
9/1/2005,440.45
9/2/2005,444.05
9/3/2005,
9/4/2005,
9/5/2005,445.35
9/6/2005,443.95
9/7/2005,445.2
9/8/2005,447.15
9/9/2005,449.55
9/10/2005,
9/11/2005,
9/12/2005,449.55
9/13/2005,446.55
9/14/2005,448.25
9/15/2005,454.15
9/16/2005,457.75
9/17/2005,
9/18/2005,
9/19/2005,468.55
9/20/2005,465.95
9/21/2005,468.35
9/22/2005,466.65
9/23/2005,462.95
9/24/2005,
9/25/2005,
9/26/2005,463.65
9/27/2005,460.1
9/28/2005,464.4
9/29/2005,472.25
9/30/2005,470.85
10/1/2005,
10/2/2005,
10/3/2005,465.95
10/4/2005,465.75
10/5/2005,464.45
10/6/2005,471.75
10/7/2005,474.75
10/8/2005,
10/9/2005,
10/10/2005,474.05
10/11/2005,476.4
10/12/2005,476.3
10/13/2005,470.4
10/14/2005,467
10/15/2005,
10/16/2005,
10/17/2005,474.9
10/18/2005,472.5
10/19/2005,465.35
10/20/2005,461.9
10/21/2005,466.9
10/22/2005,
10/23/2005,
10/24/2005,466.55
10/25/2005,472.3
10/26/2005,472.25
10/27/2005,473.45
10/28/2005,470.65
10/29/2005,
10/30/2005,
10/31/2005,465.7
11/1/2005,459.95
11/2/2005,462.15
11/3/2005,460.9
11/4/2005,456.4
11/5/2005,
11/6/2005,
11/7/2005,457.5
11/8/2005,461.45
11/9/2005,464
11/10/2005,467
11/11/2005,467.5
11/12/2005,
11/13/2005,
11/14/2005,469.4
11/15/2005,468.05
11/16/2005,477.7
11/17/2005,485.3
11/18/2005,487.3
11/19/2005,
11/20/2005,
11/21/2005,488
11/22/2005,491.75
11/23/2005,490.6
11/24/2005,493.38
11/25/2005,493.38
11/26/2005,
11/27/2005,
11/28/2005,495.3
11/29/2005,499
11/30/2005,495.2
12/1/2005,501.6
12/2/2005,503.9
12/3/2005,
12/4/2005,
12/5/2005,505.6
12/6/2005,507.3
12/7/2005,514.6
12/8/2005,517.4
12/9/2005,529.75
12/10/2005,
12/11/2005,
12/12/2005,537.1
12/13/2005,524.7
12/14/2005,511.5
12/15/2005,508
12/16/2005,504.95
12/17/2005,
12/18/2005,
12/19/2005,507.1
12/20/2005,502.3
12/21/2005,494.1
12/22/2005,501.55
12/23/2005,501.55
12/24/2005,
12/25/2005,
12/26/2005,501.55
12/27/2005,501.55
12/28/2005,515.6
12/29/2005,512.55
12/30/2005,512.55
12/31/2005,
1/1/2006,
1/2/2006,512.55
1/3/2006,528.7
1/4/2006,531.5
1/5/2006,527.5
1/6/2006,536.7
1/7/2006,
1/8/2006,
1/9/2006,542.95
1/10/2006,541.7
1/11/2006,544.95
1/12/2006,546.1
1/13/2006,556.3
1/14/2006,
1/15/2006,
1/16/2006,562.1
1/17/2006,558.8
1/18/2006,547.4
1/19/2006,552.7
1/20/2006,563.2
1/21/2006,
1/22/2006,
1/23/2006,559.1
1/24/2006,556.9
1/25/2006,562.5
1/26/2006,559.25
1/27/2006,557.38
1/28/2006,
1/29/2006,
1/30/2006,566.75
1/31/2006,569.85
2/1/2006,566.15
2/2/2006,573.6
2/3/2006,569.25
2/4/2006,
2/5/2006,
2/6/2006,573.25
2/7/2006,556.65
2/8/2006,550.25
2/9/2006,559.65
2/10/2006,548.15
2/11/2006,
2/12/2006,
2/13/2006,544.35
2/14/2006,543.85
2/15/2006,544.45
2/16/2006,541.15
2/17/2006,552.85
2/18/2006,
2/19/2006,
2/20/2006,556.05
2/21/2006,554.75
2/22/2006,552.05
2/23/2006,554.05
2/24/2006,558.05
2/25/2006,
2/26/2006,
2/27/2006,553.55
2/28/2006,559.75
3/1/2006,565.45
3/2/2006,565.65
3/3/2006,567.25
3/4/2006,
3/5/2006,
3/6/2006,565.95
3/7/2006,549.45
3/8/2006,541.88
3/9/2006,547.75
3/10/2006,541.15
3/11/2006,
3/12/2006,
3/13/2006,543.75
3/14/2006,547.55
3/15/2006,555.25
3/16/2006,549.95
3/17/2006,554.55
3/18/2006,
3/19/2006,
3/20/2006,554.55
3/21/2006,549.85
3/22/2006,550.25
3/23/2006,547.15
3/24/2006,559.25
3/25/2006,
3/26/2006,
3/27/2006,566.05
3/28/2006,567.75
3/29/2006,565.85
3/30/2006,586.05
3/31/2006,583.55
4/1/2006,
4/2/2006,
4/3/2006,590.25
4/4/2006,586.85
4/5/2006,587.35
4/6/2006,594.35
4/7/2006,589.35
4/8/2006,
4/9/2006,
4/10/2006,594.8
4/11/2006,599.3
4/12/2006,599.5
4/13/2006,594.4
4/14/2006,594.4
4/15/2006,
4/16/2006,
4/17/2006,594.4
4/18/2006,616.25
4/19/2006,628.6
4/20/2006,614.15
4/21/2006,624.1
4/22/2006,
4/23/2006,
4/24/2006,624.9
4/25/2006,630.25
4/26/2006,639
4/27/2006,642.2
4/28/2006,650.3
4/29/2006,
4/30/2006,
5/1/2006,650.3
5/2/2006,664.5
5/3/2006,665.5
5/4/2006,672.7
5/5/2006,680.4
5/6/2006,
5/7/2006,
5/8/2006,677.3
5/9/2006,696.2
5/10/2006,701.8
5/11/2006,720.2
5/12/2006,719.55
5/13/2006,
5/14/2006,
5/15/2006,692.75
5/16/2006,689
5/17/2006,690
5/18/2006,690.7
5/19/2006,654.5
5/20/2006,
5/21/2006,
5/22/2006,651.25
5/23/2006,668.3
5/24/2006,643.25
5/25/2006,647.7
5/26/2006,646.7
5/27/2006,
5/28/2006,
5/29/2006,646.7
5/30/2006,661.25
5/31/2006,647.1
6/1/2006,631
6/2/2006,632.75
6/3/2006,
6/4/2006,
6/5/2006,641.25
6/6/2006,626.5
6/7/2006,626.5
6/8/2006,613.95
6/9/2006,615.65
6/10/2006,
6/11/2006,
6/12/2006,609.35
6/13/2006,576.5
6/14/2006,565.35
6/15/2006,573.8
6/16/2006,573.55
6/17/2006,
6/18/2006,
6/19/2006,574.35
6/20/2006,568.65
6/21/2006,575.3
6/22/2006,585.5
6/23/2006,578.5
6/24/2006,
6/25/2006,
6/26/2006,579.65
6/27/2006,593.3
6/28/2006,581.15
6/29/2006,589.15
6/30/2006,613.15
7/1/2006,
7/2/2006,
7/3/2006,624.75
7/4/2006,624.75
7/5/2006,625.75
7/6/2006,620.15
7/7/2006,631.85
7/8/2006,
7/9/2006,
7/10/2006,627.65
7/11/2006,634.55
7/12/2006,654.45
7/13/2006,645.95
7/14/2006,666.85
7/15/2006,
7/16/2006,
7/17/2006,649.35
7/18/2006,646.55
7/19/2006,639.75
7/20/2006,642.95
7/21/2006,626.05
7/22/2006,
7/23/2006,
7/24/2006,603.17
7/25/2006,610.95
7/26/2006,618.77
7/27/2006,634.75
7/28/2006,636.55
7/29/2006,
7/30/2006,
7/31/2006,632.65
8/1/2006,639.65
8/2/2006,654.95
8/3/2006,642.85
8/4/2006,648.75
8/5/2006,
8/6/2006,
8/7/2006,650.57
8/8/2006,644.57
8/9/2006,654.15
8/10/2006,642.27
8/11/2006,638.52
8/12/2006,
8/13/2006,
8/14/2006,627.57
8/15/2006,621.8
8/16/2006,628.8
8/17/2006,625.27
8/18/2006,611.7
8/19/2006,
8/20/2006,
8/21/2006,623.97
8/22/2006,622.27
8/23/2006,624.07
8/24/2006,623.35
8/25/2006,621.85
8/26/2006,
8/27/2006,
8/28/2006,621.85
8/29/2006,609.75
8/30/2006,618.77
8/31/2006,624.15
9/1/2006,623.7
9/2/2006,
9/3/2006,
9/4/2006,626.9
9/5/2006,637.5
9/6/2006,637.4
9/7/2006,617.5
9/8/2006,609.3
9/9/2006,
9/10/2006,
9/11/2006,584.77
9/12/2006,593.7
9/13/2006,586.35
9/14/2006,588.17
9/15/2006,576.15
9/16/2006,
9/17/2006,
9/18/2006,579.95
9/19/2006,579.15
9/20/2006,585.7
9/21/2006,579.6
9/22/2006,587.1
9/23/2006,
9/24/2006,
9/25/2006,585.6
9/26/2006,591.7
9/27/2006,592.1
9/28/2006,604.7
9/29/2006,596.4
9/30/2006,
10/1/2006,
10/2/2006,600.2
10/3/2006,582.5
10/4/2006,562.5
10/5/2006,569.35
10/6/2006,567.38
10/7/2006,
10/8/2006,
10/9/2006,576.13
10/10/2006,574
10/11/2006,576.67
10/12/2006,577.88
10/13/2006,587
10/14/2006,
10/15/2006,
10/16/2006,593.1
10/17/2006,587.57
10/18/2006,593.3
10/19/2006,596.4
10/20/2006,595
10/21/2006,
10/22/2006,
10/23/2006,584.77
10/24/2006,581.17
10/25/2006,587.95
10/26/2006,594.97
10/27/2006,597.65
10/28/2006,
10/29/2006,
10/30/2006,607.6
10/31/2006,605.4
11/1/2006,615.3
11/2/2006,621.5
11/3/2006,625.2
11/4/2006,
11/5/2006,
11/6/2006,627.3
11/7/2006,626
11/8/2006,624.07
11/9/2006,625.38
11/10/2006,628.8
11/11/2006,
11/12/2006,
11/13/2006,623.3
11/14/2006,620.9
11/15/2006,620.9
11/16/2006,624.38
11/17/2006,619.27
11/18/2006,
11/19/2006,
11/20/2006,624.6
11/21/2006,628.17
11/22/2006,628.47
11/23/2006,630.8
11/24/2006,638.6
11/25/2006,
11/26/2006,
11/27/2006,639.97
11/28/2006,636.07
11/29/2006,636
11/30/2006,647.6
12/1/2006,646.95
12/2/2006,
12/3/2006,
12/4/2006,644.9
12/5/2006,643.27
12/6/2006,637.97
12/7/2006,626.35
12/8/2006,635.88
12/9/2006,
12/10/2006,
12/11/2006,629.78
12/12/2006,628.67
12/13/2006,629.97
12/14/2006,628.65
12/15/2006,623.67
12/16/2006,
12/17/2006,
12/18/2006,613.92
12/19/2006,620.15
12/20/2006,621.05
12/21/2006,621.05
12/22/2006,620.97
12/23/2006,
12/24/2006,
12/25/2006,620.97
12/26/2006,620.97
12/27/2006,627.38
12/28/2006,634.5
12/29/2006,634.5
12/30/2006,
12/31/2006,
1/1/2007,634.5
1/2/2007,640.7
1/3/2007,635.67
1/4/2007,627.42
1/5/2007,603.97
1/6/2007,
1/7/2007,
1/8/2007,607.6
1/9/2007,609.1
1/10/2007,610.4
1/11/2007,614.97
1/12/2007,618.4
1/13/2007,
1/14/2007,
1/15/2007,626.9
1/16/2007,624.6
1/17/2007,631.9
1/18/2007,633.5
1/19/2007,631.8
1/20/2007,
1/21/2007,
1/22/2007,638.97
1/23/2007,645.7
1/24/2007,641.77
1/25/2007,652.3
1/26/2007,646.57
1/27/2007,
1/28/2007,
1/29/2007,647.88
1/30/2007,645.67
1/31/2007,652.77
2/1/2007,657.55
2/2/2007,643.57
2/3/2007,
2/4/2007,
2/5/2007,650.45
2/6/2007,653.07
2/7/2007,655.67
2/8/2007,655.13
2/9/2007,663.55
2/10/2007,
2/11/2007,
2/12/2007,661.63
2/13/2007,664.15
2/14/2007,668.02
2/15/2007,664.67
2/16/2007,664.72
2/17/2007,
2/18/2007,
2/19/2007,670.75
2/20/2007,657.27
2/21/2007,662.85
2/22/2007,677.35
2/23/2007,685.97
2/24/2007,
2/25/2007,
2/26/2007,686.17
2/27/2007,679.47
2/28/2007,669.17
3/1/2007,669.07
3/2/2007,650.17
3/3/2007,
3/4/2007,
3/5/2007,642.97
3/6/2007,641.82
3/7/2007,647.6
3/8/2007,652.3
3/9/2007,652.17
3/10/2007,
3/11/2007,
3/12/2007,652.47
3/13/2007,648.9
3/14/2007,639.6
3/15/2007,647.8
3/16/2007,653.1
3/17/2007,
3/18/2007,
3/19/2007,653.47
3/20/2007,659.9
3/21/2007,658.45
3/22/2007,664.57
3/23/2007,657.88
3/24/2007,
3/25/2007,
3/26/2007,662.07
3/27/2007,663.95
3/28/2007,666.85
3/29/2007,660.15
3/30/2007,663.85
3/31/2007,
4/1/2007,
4/2/2007,658.8
4/3/2007,666.4
4/4/2007,673.67
4/5/2007,675.5
4/6/2007,675.5
4/7/2007,
4/8/2007,
4/9/2007,675.5
4/10/2007,675.5
4/11/2007,676.88
4/12/2007,671.75
4/13/2007,684.3
4/14/2007,
4/15/2007,
4/16/2007,686.75
4/17/2007,688.05
4/18/2007,689.65
4/19/2007,682.75
4/20/2007,692.05
4/21/2007,
4/22/2007,
4/23/2007,689.95
4/24/2007,685.75
4/25/2007,685
4/26/2007,674.8
4/27/2007,677.2
4/28/2007,
4/29/2007,
4/30/2007,680.75
5/1/2007,673.85
5/2/2007,672.95
5/3/2007,675.25
5/4/2007,690.2
5/5/2007,
5/6/2007,
5/7/2007,690.2
5/8/2007,686.05
5/9/2007,683.4
5/10/2007,673.05
5/11/2007,672.35
5/12/2007,
5/13/2007,
5/14/2007,668.85
5/15/2007,672.55
5/16/2007,665.65
5/17/2007,661.55
5/18/2007,662.05
5/19/2007,
5/20/2007,
5/21/2007,661.8
5/22/2007,661.5
5/23/2007,663.45
5/24/2007,657
5/25/2007,655.3
5/26/2007,
5/27/2007,
5/28/2007,655.3
5/29/2007,657.9
5/30/2007,653.4
5/31/2007,662.05
6/1/2007,668.35
6/2/2007,
6/3/2007,
6/4/2007,673.15
6/5/2007,671.8
6/6/2007,666
6/7/2007,668.5
6/8/2007,646.9
6/9/2007,
6/10/2007,
6/11/2007,652.5
6/12/2007,648.45
6/13/2007,651.8
6/14/2007,651.4
6/15/2007,654.05
6/16/2007,
6/17/2007,
6/18/2007,656.7
6/19/2007,657.35
6/20/2007,656.35
6/21/2007,652.15
6/22/2007,653
6/23/2007,
6/24/2007,
6/25/2007,650.95
6/26/2007,644.5
6/27/2007,642.45
6/28/2007,649.65
6/29/2007,650.45
6/30/2007,
7/1/2007,
7/2/2007,656.85
7/3/2007,653.1
7/4/2007,654.9
7/5/2007,649.5
7/6/2007,652.7
7/7/2007,
7/8/2007,
7/9/2007,661.85
7/10/2007,664.35
7/11/2007,660.8
7/12/2007,668.5
7/13/2007,665.9
7/14/2007,
7/15/2007,
7/16/2007,665.9
7/17/2007,666.2
7/18/2007,672.4
7/19/2007,675.3
7/20/2007,682.7
7/21/2007,
7/22/2007,
7/23/2007,683
7/24/2007,684.3
7/25/2007,673.05
7/26/2007,668.15
7/27/2007,662.7
7/28/2007,
7/29/2007,
7/30/2007,662.4
7/31/2007,664.65
8/1/2007,664.75
8/2/2007,663.9
8/3/2007,670.1
8/4/2007,
8/5/2007,
8/6/2007,671.7
8/7/2007,670.75
8/8/2007,675.9
8/9/2007,664.55
8/10/2007,674.75
8/11/2007,
8/12/2007,
8/13/2007,670.2
8/14/2007,668.8
8/15/2007,669.2
8/16/2007,655.25
8/17/2007,656.75
8/18/2007,
8/19/2007,
8/20/2007,658.05
8/21/2007,658
8/22/2007,660.7
8/23/2007,659.5
8/24/2007,661.95
8/25/2007,
8/26/2007,
8/27/2007,661.95
8/28/2007,662.7
8/29/2007,666.8
8/30/2007,667.4
8/31/2007,672.6
9/1/2007,
9/2/2007,
9/3/2007,672.2
9/4/2007,680.2
9/5/2007,682.5
9/6/2007,689.4
9/7/2007,703.3
9/8/2007,
9/9/2007,
9/10/2007,702.6
9/11/2007,706
9/12/2007,708.6
9/13/2007,709
9/14/2007,714.7
9/15/2007,
9/16/2007,
9/17/2007,716.9
9/18/2007,715.25
9/19/2007,715.25
9/20/2007,735.1
9/21/2007,733.2
9/22/2007,
9/23/2007,
9/24/2007,729.8
9/25/2007,728.65
9/26/2007,728.25
9/27/2007,731.95
9/28/2007,743.5
9/29/2007,
9/30/2007,
10/1/2007,747.3
10/2/2007,728.8
10/3/2007,729.95
10/4/2007,731.1
10/5/2007,737
10/6/2007,
10/7/2007,
10/8/2007,733.8
10/9/2007,738.05
10/10/2007,742.55
10/11/2007,748.3
10/12/2007,747.9
10/13/2007,
10/14/2007,
10/15/2007,756.25
10/16/2007,758.6
10/17/2007,757.05
10/18/2007,763.35
10/19/2007,761.75
10/20/2007,
10/21/2007,
10/22/2007,749.9
10/23/2007,757
10/24/2007,758.1
10/25/2007,767.05
10/26/2007,778.35
10/27/2007,
10/28/2007,
10/29/2007,788.1
10/30/2007,784.35
10/31/2007,790.6
11/1/2007,791.5
11/2/2007,796.7
11/3/2007,
11/4/2007,
11/5/2007,805.05
11/6/2007,823.3
11/7/2007,837.8
11/8/2007,845
11/9/2007,831.6
11/10/2007,
11/11/2007,
11/12/2007,805
11/13/2007,799.6
11/14/2007,808.4
11/15/2007,793.5
11/16/2007,790.1
11/17/2007,
11/18/2007,
11/19/2007,776.5
11/20/2007,793.25
11/21/2007,798.2
11/22/2007,803.1
11/23/2007,816.4
11/24/2007,
11/25/2007,
11/26/2007,823.95
11/27/2007,812.75
11/28/2007,797.7
11/29/2007,799.15
11/30/2007,782.65
12/1/2007,
12/2/2007,
12/3/2007,787.55
12/4/2007,798.95
12/5/2007,795.45
12/6/2007,799.55
12/7/2007,797.25
12/8/2007,
12/9/2007,
12/10/2007,809.5
12/11/2007,808.65
12/12/2007,812.05
12/13/2007,795.95
12/14/2007,790.65
12/15/2007,
12/16/2007,
12/17/2007,794.15
12/18/2007,801.1
12/19/2007,803.25
12/20/2007,796.15
12/21/2007,811.15
12/22/2007,
12/23/2007,
12/24/2007,811.15
12/25/2007,811.15
12/26/2007,811.15
12/27/2007,829.4
12/28/2007,836.65
12/29/2007,
12/30/2007,
12/31/2007,836.15
1/1/2008,836.15
1/2/2008,856.35
1/3/2008,861.95
1/4/2008,857.95
1/5/2008,
1/6/2008,
1/7/2008,859
1/8/2008,874.55
1/9/2008,880.3
1/10/2008,882.25
1/11/2008,896.15
1/12/2008,
1/13/2008,
1/14/2008,908.15
1/15/2008,909.75
1/16/2008,874.55
1/17/2008,886.7
1/18/2008,882.45
1/19/2008,
1/20/2008,
1/21/2008,882.45
1/22/2008,892.6
1/23/2008,888.9
1/24/2008,905.85
1/25/2008,912.45
1/26/2008,
1/27/2008,
1/28/2008,923.95
1/29/2008,926.75
1/30/2008,921.45
1/31/2008,923.05
2/1/2008,910.45
2/2/2008,
2/3/2008,
2/4/2008,896.3
2/5/2008,890.45
2/6/2008,904.55
2/7/2008,905.25
2/8/2008,919.35
2/9/2008,
2/10/2008,
2/11/2008,920.8
2/12/2008,915.75
2/13/2008,903.15
2/14/2008,911.55
2/15/2008,908.45
2/16/2008,
2/17/2008,
2/18/2008,903.4
2/19/2008,927.95
2/20/2008,924.95
2/21/2008,950.95
2/22/2008,943.65
2/23/2008,
2/24/2008,
2/25/2008,934.85
2/26/2008,942.95
2/27/2008,956.6
2/28/2008,966.55
2/29/2008,970.77
3/1/2008,
3/2/2008,
3/3/2008,981.35
3/4/2008,965.55
3/5/2008,984.05
3/6/2008,983.15
3/7/2008,975.85
3/8/2008,
3/9/2008,
3/10/2008,968.75
3/11/2008,974.9
3/12/2008,979.85
3/13/2008,993.35
3/14/2008,999.35
3/15/2008,
3/16/2008,
3/17/2008,1011.6
3/18/2008,1004.85
3/19/2008,943.65
3/20/2008,923.15
3/21/2008,923.15
3/22/2008,
3/23/2008,
3/24/2008,923.15
3/25/2008,923.15
3/26/2008,950.85
3/27/2008,945.15
3/28/2008,927.85
3/29/2008,
3/30/2008,
3/31/2008,932.4
4/1/2008,879.55
4/2/2008,891.05
4/3/2008,906.75
4/4/2008,905.85
4/5/2008,
4/6/2008,
4/7/2008,928.35
4/8/2008,909.65
4/9/2008,925.45
4/10/2008,926.75
4/11/2008,922.9
4/12/2008,
4/13/2008,
4/14/2008,929.2
4/15/2008,927.8
4/16/2008,947.45
4/17/2008,942.95
4/18/2008,914.4
4/19/2008,
4/20/2008,
4/21/2008,915
4/22/2008,918.9
4/23/2008,901.3
4/24/2008,891.65
4/25/2008,891.8
4/26/2008,
4/27/2008,
4/28/2008,895.4
4/29/2008,877.9
4/30/2008,869.85
5/1/2008,850.15
5/2/2008,856.3
5/3/2008,
5/4/2008,
5/5/2008,856.3
5/6/2008,879.6
5/7/2008,867.75
5/8/2008,884.55
5/9/2008,876.3
5/10/2008,
5/11/2008,
5/12/2008,885.7
5/13/2008,868.5
5/14/2008,868.7
5/15/2008,886.8
5/16/2008,904.8
5/17/2008,
5/18/2008,
5/19/2008,903.6
5/20/2008,916.95
5/21/2008,927.05
5/22/2008,921.2
5/23/2008,926.65
5/24/2008,
5/25/2008,
5/26/2008,926.65
5/27/2008,909.7
5/28/2008,898.4
5/29/2008,883.5
5/30/2008,888.3
5/31/2008,
6/1/2008,
6/2/2008,896.7
6/3/2008,881.5
6/4/2008,880.6
6/5/2008,870.9
6/6/2008,896.7
6/7/2008,
6/8/2008,
6/9/2008,899.2
6/10/2008,871.75
6/11/2008,880.1
6/12/2008,861.8
6/13/2008,865.15
6/14/2008,
6/15/2008,
6/16/2008,887.6
6/17/2008,881.2
6/18/2008,889.95
6/19/2008,904.3
6/20/2008,905.6
6/21/2008,
6/22/2008,
6/23/2008,880
6/24/2008,890
6/25/2008,879.3
6/26/2008,913.4
6/27/2008,925.55
6/28/2008,
6/29/2008,
6/30/2008,922.6
7/1/2008,942.9
7/2/2008,939.7
7/3/2008,938.5
7/4/2008,932.5
7/5/2008,
7/6/2008,
7/7/2008,922.2
7/8/2008,914.9
7/9/2008,926.15
7/10/2008,941.45
7/11/2008,963.8
7/12/2008,
7/13/2008,
7/14/2008,967.95
7/15/2008,986
7/16/2008,961.6
7/17/2008,971.9
7/18/2008,957.2
7/19/2008,
7/20/2008,
7/21/2008,963.9
7/22/2008,957.8
7/23/2008,927.4
7/24/2008,920.8
7/25/2008,921.65
7/26/2008,
7/27/2008,
7/28/2008,930.8
7/29/2008,918.2
7/30/2008,898.3
7/31/2008,917.1
8/1/2008,914.4
8/2/2008,
8/3/2008,
8/4/2008,906.2
8/5/2008,880.4
8/6/2008,878.4
8/7/2008,872.85
8/8/2008,852.4
8/9/2008,
8/10/2008,
8/11/2008,853.6
8/12/2008,815
8/13/2008,823.55
8/14/2008,816.6
8/15/2008,786.5
8/16/2008,
8/17/2008,
8/18/2008,792.15
8/19/2008,799.4
8/20/2008,802.15
8/21/2008,835.4
8/22/2008,825.05
8/23/2008,
8/24/2008,
8/25/2008,825.05
8/26/2008,827.5
8/27/2008,828.95
8/28/2008,833.35
8/29/2008,834.6
8/30/2008,
8/31/2008,
9/1/2008,817.95
9/2/2008,797.45
9/3/2008,799.6
9/4/2008,796.6
9/5/2008,811
9/6/2008,
9/7/2008,
9/8/2008,811.4
9/9/2008,783.75
9/10/2008,764.95
9/11/2008,741.2
9/12/2008,754.9
9/13/2008,
9/14/2008,
9/15/2008,776.85
9/16/2008,777.4
9/17/2008,832.1
9/18/2008,872.6
9/19/2008,856.3
9/20/2008,
9/21/2008,
9/22/2008,894.7
9/23/2008,901.15
9/24/2008,889
9/25/2008,872.5
9/26/2008,889.2
9/27/2008,
9/28/2008,
9/29/2008,898.3
9/30/2008,877.6
10/1/2008,878.1
10/2/2008,840.5
10/3/2008,840.5
10/4/2008,
10/5/2008,
10/6/2008,863.4
10/7/2008,877.4
10/8/2008,908
10/9/2008,892.35
10/10/2008,890.6
10/11/2008,
10/12/2008,
10/13/2008,829.2
10/14/2008,838.4
10/15/2008,846.66
10/16/2008,796.6
10/17/2008,780.05
10/18/2008,
10/19/2008,
10/20/2008,786.05
10/21/2008,773.55
10/22/2008,748.05
10/23/2008,720.65
10/24/2008,710.8
10/25/2008,
10/26/2008,
10/27/2008,734.4
10/28/2008,738.15
10/29/2008,756.35
10/30/2008,739.55
10/31/2008,728.55
11/1/2008,
11/2/2008,
11/3/2008,727.75
11/4/2008,761
11/5/2008,750.8
11/6/2008,742.85
11/7/2008,742.85
11/8/2008,
11/9/2008,
11/10/2008,750.7
11/11/2008,729.5
11/12/2008,718.1
11/13/2008,716.7
11/14/2008,745.05
11/15/2008,
11/16/2008,
11/17/2008,738.45
11/18/2008,738.25
11/19/2008,748.25
11/20/2008,749.3
11/21/2008,781.7
11/22/2008,
11/23/2008,
11/24/2008,824.5
11/25/2008,810.5
11/26/2008,814.1
11/27/2008,814.75
11/28/2008,812.65
11/29/2008,
11/30/2008,
12/1/2008,773.65
12/2/2008,779.3
12/3/2008,780.2
12/4/2008,772.75
12/5/2008,748.1
12/6/2008,
12/7/2008,
12/8/2008,773.5
12/9/2008,768.8
12/10/2008,805.4
12/11/2008,825.5
12/12/2008,823.9
12/13/2008,
12/14/2008,
12/15/2008,837.7
12/16/2008,836.65
12/17/2008,875.6
12/18/2008,849.7
12/19/2008,838.65
12/20/2008,
12/21/2008,
12/22/2008,846.8
12/23/2008,840.2
12/24/2008,838.25
12/25/2008,838.25
12/26/2008,838.25
12/27/2008,
12/28/2008,
12/29/2008,880.05
12/30/2008,871.45
12/31/2008,862.2
1/1/2009,862.2
1/2/2009,877.35
1/3/2009,
1/4/2009,
1/5/2009,850.05
1/6/2009,845.5
1/7/2009,846.75
1/8/2009,857.8
1/9/2009,855.35
1/10/2009,
1/11/2009,
1/12/2009,825.2
1/13/2009,822.85
1/14/2009,812.05
1/15/2009,810.2
1/16/2009,834.5
1/17/2009,
1/18/2009,
1/19/2009,835.05
1/20/2009,862.1
1/21/2009,849.6
1/22/2009,857.25
1/23/2009,887
1/24/2009,
1/25/2009,
1/26/2009,905.1
1/27/2009,900.05
1/28/2009,888.65
1/29/2009,898.25
1/30/2009,922.05
1/31/2009,
2/1/2009,
2/2/2009,915.55
2/3/2009,906.8
2/4/2009,905.65
2/5/2009,917.45
2/6/2009,912.7
2/7/2009,
2/8/2009,
2/9/2009,897.7
2/10/2009,912.7
2/11/2009,942.3
2/12/2009,944.1
2/13/2009,936.95
2/14/2009,
2/15/2009,
2/16/2009,942.9
2/17/2009,969.8
2/18/2009,972.4
2/19/2009,981.1
2/20/2009,995.2
2/21/2009,
2/22/2009,
2/23/2009,988.9
2/24/2009,974.25
2/25/2009,973.9
2/26/2009,937.7
2/27/2009,952
2/28/2009,
3/1/2009,
3/2/2009,932.7
3/3/2009,909.4
3/4/2009,913.2
3/5/2009,913.15
3/6/2009,942.6
3/7/2009,
3/8/2009,
3/9/2009,918.6
3/10/2009,894.2
3/11/2009,908.6
3/12/2009,925.2
3/13/2009,932.2
3/14/2009,
3/15/2009,
3/16/2009,921.85
3/17/2009,917.95
3/18/2009,891.45
3/19/2009,954.8
3/20/2009,953.7
3/21/2009,
3/22/2009,
3/23/2009,949.8
3/24/2009,923.5
3/25/2009,929.5
3/26/2009,940.8
3/27/2009,924.05
3/28/2009,
3/29/2009,
3/30/2009,926.8
3/31/2009,916.1
4/1/2009,923.2
4/2/2009,896
4/3/2009,899.2
4/4/2009,
4/5/2009,
4/6/2009,870.35
4/7/2009,880.9
4/8/2009,886.2
4/9/2009,879.2
4/10/2009,879.2
4/11/2009,
4/12/2009,
4/13/2009,879.2
4/14/2009,888.65
4/15/2009,890.95
4/16/2009,889.4
4/17/2009,868.1
4/18/2009,
4/19/2009,
4/20/2009,884
4/21/2009,882.15
4/22/2009,885.95
4/23/2009,906.5
4/24/2009,910.1
4/25/2009,
4/26/2009,
4/27/2009,909.25
4/28/2009,890.1
4/29/2009,898
4/30/2009,884
5/1/2009,884.4
5/2/2009,
5/3/2009,
5/4/2009,884.4
5/5/2009,904.3
5/6/2009,908
5/7/2009,913.8
5/8/2009,911.1
5/9/2009,
5/10/2009,
5/11/2009,913
5/12/2009,920
5/13/2009,929.5
5/14/2009,926.6
5/15/2009,931.5
5/16/2009,
5/17/2009,
5/18/2009,931.6
5/19/2009,926.2
5/20/2009,938.5
5/21/2009,943.8
5/22/2009,957
5/23/2009,
5/24/2009,
5/25/2009,957
5/26/2009,958.8
5/27/2009,952.25
5/28/2009,949.1
5/29/2009,959.8
5/30/2009,
5/31/2009,
6/1/2009,978.7
6/2/2009,982
6/3/2009,976.25
6/4/2009,977
6/5/2009,980.1
6/6/2009,
6/7/2009,
6/8/2009,956.3
6/9/2009,951.05
6/10/2009,954.75
6/11/2009,954.65
6/12/2009,942.5
6/13/2009,
6/14/2009,
6/15/2009,938.9
6/16/2009,928.35
6/17/2009,936.5
6/18/2009,939.4
6/19/2009,933.25
6/20/2009,
6/21/2009,
6/22/2009,934.3
6/23/2009,922.5
6/24/2009,926.15
6/25/2009,937.5
6/26/2009,939.15
6/27/2009,
6/28/2009,
6/29/2009,939.05
6/30/2009,938.05
7/1/2009,926.75
7/2/2009,940.75
7/3/2009,932
7/4/2009,
7/5/2009,
7/6/2009,932.8
7/7/2009,925
7/8/2009,924.3
7/9/2009,914.75
7/10/2009,912.45
7/11/2009,
7/12/2009,
7/13/2009,913.15
7/14/2009,921
7/15/2009,940.5
7/16/2009,935.5
7/17/2009,938.25
7/18/2009,
7/19/2009,
7/20/2009,937
7/21/2009,949
7/22/2009,951.25
7/23/2009,951.4
7/24/2009,948.15
7/25/2009,
7/26/2009,
7/27/2009,951.35
7/28/2009,953.65
7/29/2009,937.65
7/30/2009,930
7/31/2009,934.3
8/1/2009,
8/2/2009,
8/3/2009,954.9
8/4/2009,964
8/5/2009,963.25
8/6/2009,965
8/7/2009,958.5
8/8/2009,
8/9/2009,
8/10/2009,954.5
8/11/2009,943.75
8/12/2009,948.25
8/13/2009,956.5
8/14/2009,956
8/15/2009,
8/16/2009,
8/17/2009,946.35
8/18/2009,935.3
8/19/2009,943.5
8/20/2009,941.25
8/21/2009,954.5
8/22/2009,
8/23/2009,
8/24/2009,954.15
8/25/2009,942.9
8/26/2009,945.05
8/27/2009,945.6
8/28/2009,948.25
8/29/2009,
8/30/2009,
8/31/2009,948.25
9/1/2009,951.15
9/2/2009,958.35
9/3/2009,978.1
9/4/2009,991.6
9/5/2009,
9/6/2009,
9/7/2009,994.4
9/8/2009,995.85
9/9/2009,999.25
9/10/2009,992.65
9/11/2009,996.5
9/12/2009,
9/13/2009,
9/14/2009,1005.85
9/15/2009,1001
9/16/2009,1006.9
9/17/2009,1017.7
9/18/2009,1012
9/19/2009,
9/20/2009,
9/21/2009,1007.15
9/22/2009,1014.75
9/23/2009,1011
9/24/2009,997.25
9/25/2009,994.75
9/26/2009,
9/27/2009,
9/28/2009,991.55
9/29/2009,990.95
9/30/2009,1002
10/1/2009,1007.7
10/2/2009,1002
10/3/2009,
10/4/2009,
10/5/2009,1002.3
10/6/2009,1017.65
10/7/2009,1041.85
10/8/2009,1055.5
10/9/2009,1055
10/10/2009,
10/11/2009,
10/12/2009,1049.25
10/13/2009,1056.25
10/14/2009,1064.35
10/15/2009,1057.75
10/16/2009,1055
10/17/2009,
10/18/2009,
10/19/2009,1055
10/20/2009,1063.7
10/21/2009,1059.25
10/22/2009,1054.75
10/23/2009,1054.25
10/24/2009,
10/25/2009,
10/26/2009,1054.95
10/27/2009,1036.25
10/28/2009,1039.8
10/29/2009,1045.5
10/30/2009,1046
10/31/2009,
11/1/2009,
11/2/2009,1044.9
11/3/2009,1059.55
11/4/2009,1093.5
11/5/2009,1093
11/6/2009,1089.95
11/7/2009,
11/8/2009,
11/9/2009,1097.8
11/10/2009,1101.75
11/11/2009,1105.7
11/12/2009,1117.85
11/13/2009,1104
11/14/2009,
11/15/2009,
11/16/2009,1118.9
11/17/2009,1139.5
11/18/2009,1141.9
11/19/2009,1135.75
11/20/2009,1142.25
11/21/2009,
11/22/2009,
11/23/2009,1170.15
11/24/2009,1165.95
11/25/2009,1169.5
11/26/2009,1190.8
11/27/2009,1177.5
11/28/2009,
11/29/2009,
11/30/2009,1177.7
12/1/2009,1179.5
12/2/2009,1210
12/3/2009,1212
12/4/2009,1207.5
12/5/2009,
12/6/2009,
12/7/2009,1161.55
12/8/2009,1157.3
12/9/2009,1142
12/10/2009,1129.2
12/11/2009,1113.5
12/12/2009,
12/13/2009,
12/14/2009,1114.85
12/15/2009,1126.6
12/16/2009,1124.8
12/17/2009,1138.2
12/18/2009,1103.75
12/19/2009,
12/20/2009,
12/21/2009,1112.75
12/22/2009,1079.5
12/23/2009,1084.04
12/24/2009,1087.5
12/25/2009,1087.5
12/26/2009,
12/27/2009,
12/28/2009,1087.5
12/29/2009,1106
12/30/2009,1106
12/31/2009,1096
1/1/2010,1096
1/2/2010,
1/3/2010,
1/4/2010,1097
1/5/2010,1121.4
1/6/2010,1118.5
1/7/2010,1138.3
1/8/2010,1131.8
1/9/2010,
1/10/2010,
1/11/2010,1138.3
1/12/2010,1148
1/13/2010,1124.6
1/14/2010,1132.8
1/15/2010,1133.15
1/16/2010,
1/17/2010,
1/18/2010,1134.85
1/19/2010,1133.2
1/20/2010,1108.6
1/21/2010,1090.85
1/22/2010,1092
1/23/2010,
1/24/2010,
1/25/2010,1095.75
1/26/2010,1098.8
1/27/2010,1093.45
1/28/2010,1086.7
1/29/2010,1077.85
1/30/2010,
1/31/2010,
2/1/2010,1094.7
2/2/2010,1112.05
2/3/2010,1114.85
2/4/2010,1070.35
2/5/2010,1056.8
2/6/2010,
2/7/2010,
2/8/2010,1071.4
2/9/2010,1074.85
2/10/2010,1066.15
2/11/2010,1084.15
2/12/2010,1086.75
2/13/2010,
2/14/2010,
2/15/2010,1099.4
2/16/2010,1116.9
2/17/2010,1115.95
2/18/2010,1120.45
2/19/2010,1119.2
2/20/2010,
2/21/2010,
2/22/2010,1111.75
2/23/2010,1103.8
2/24/2010,1098.95
2/25/2010,1101.7
2/26/2010,1105.5
2/27/2010,
2/28/2010,
3/1/2010,1118.7
3/2/2010,1131.35
3/3/2010,1142.65
3/4/2010,1130.75
3/5/2010,1140.1
3/6/2010,
3/7/2010,
3/8/2010,1124.95
3/9/2010,1116.55
3/10/2010,1124.45
3/11/2010,1104.8
3/12/2010,1109.1
3/13/2010,
3/14/2010,
3/15/2010,1102.8
3/16/2010,1126.25
3/17/2010,1124.25
3/18/2010,1126.35
3/19/2010,1103.25
3/20/2010,
3/21/2010,
3/22/2010,1099.75
3/23/2010,1107.75
3/24/2010,1091.6
3/25/2010,1092.55
3/26/2010,1104.35
3/27/2010,
3/28/2010,
3/29/2010,1113.9
3/30/2010,1103.65
3/31/2010,1113.15
4/1/2010,1125.25
4/2/2010,1125.25
4/3/2010,
4/4/2010,
4/5/2010,1125.25
4/6/2010,1137.8
4/7/2010,1144
4/8/2010,1151.2
4/9/2010,1158.95
4/10/2010,
4/11/2010,
4/12/2010,1164.15
4/13/2010,1146.35
4/14/2010,1157.7
4/15/2010,1159.7
4/16/2010,1136.05
4/17/2010,
4/18/2010,
4/19/2010,1132.45
4/20/2010,1141.95
4/21/2010,1141.25
4/22/2010,1136.05
4/23/2010,1156.35
4/24/2010,
4/25/2010,
4/26/2010,1155.35
4/27/2010,1161.15
4/28/2010,1167.75
4/29/2010,1150.05
4/30/2010,1179.85
5/1/2010,
5/2/2010,
5/3/2010,1179.85
5/4/2010,1172.4
5/5/2010,1172.45
5/6/2010,1185.35
5/7/2010,1195.05
5/8/2010,
5/9/2010,
5/10/2010,1199.5
5/11/2010,1219.95
5/12/2010,1236.55
5/13/2010,1238.95
5/14/2010,1222.15
5/15/2010,
5/16/2010,
5/17/2010,1230.35
5/18/2010,1217.55
5/19/2010,1195.05
5/20/2010,1189.35
5/21/2010,1182.15
5/22/2010,
5/23/2010,
5/24/2010,1192.9
5/25/2010,1199.03
5/26/2010,1213.77
5/27/2010,1215.13
5/28/2010,1203
5/29/2010,
5/30/2010,
5/31/2010,1203
6/1/2010,1226.7
6/2/2010,1218.35
6/3/2010,1217.25
6/4/2010,1204.75
6/5/2010,
6/6/2010,
6/7/2010,1232.25
6/8/2010,1246.85
6/9/2010,1224.85
6/10/2010,1224.27
6/11/2010,1226.15
6/12/2010,
6/13/2010,
6/14/2010,1219.09
6/15/2010,1225.7
6/16/2010,1233.1
6/17/2010,1246.02
6/18/2010,1259.15
6/19/2010,
6/20/2010,
6/21/2010,1254.77
6/22/2010,1239.25
6/23/2010,1231.15
6/24/2010,1245.52
6/25/2010,1254.35
6/26/2010,
6/27/2010,
6/28/2010,1247.95
6/29/2010,1238.1
6/30/2010,1243.65
7/1/2010,1217.8
7/2/2010,1206
7/3/2010,
7/4/2010,
7/5/2010,1207
7/6/2010,1193.38
7/7/2010,1193.15
7/8/2010,1191.25
7/9/2010,1208.95
7/10/2010,
7/11/2010,
7/12/2010,1198.75
7/13/2010,1215.32
7/14/2010,1215.77
7/15/2010,1213.05
7/16/2010,1192.65
7/17/2010,
7/18/2010,
7/19/2010,1179.95
7/20/2010,1192.95
7/21/2010,1191.42
7/22/2010,1196.05
7/23/2010,1190.8
7/24/2010,
7/25/2010,
7/26/2010,1181.78
7/27/2010,1163.35
7/28/2010,1161.63
7/29/2010,1164.25
7/30/2010,1175.47
7/31/2010,
8/1/2010,
8/2/2010,1184.65
8/3/2010,1187.9
8/4/2010,1200.22
8/5/2010,1193.28
8/6/2010,1208.57
8/7/2010,
8/8/2010,
8/9/2010,1202.13
8/10/2010,1194.32
8/11/2010,1198.55
8/12/2010,1214.07
8/13/2010,1213.43
8/14/2010,
8/15/2010,
8/16/2010,1224.47
8/17/2010,1226.22
8/18/2010,1224.75
8/19/2010,1234.4
8/20/2010,1226.7
8/21/2010,
8/22/2010,
8/23/2010,1223.93
8/24/2010,1232.93
8/25/2010,1238.28
8/26/2010,1239.3
8/27/2010,1241.35
8/28/2010,
8/29/2010,
8/30/2010,1241.35
8/31/2010,1247
9/1/2010,1244.35
9/2/2010,1251.5
9/3/2010,1247
9/4/2010,
9/5/2010,
9/6/2010,1249.95
9/7/2010,1256.4
9/8/2010,1258.38
9/9/2010,1251
9/10/2010,1248.13
9/11/2010,
9/12/2010,
9/13/2010,1246.05
9/14/2010,1269.95
9/15/2010,1268.63
9/16/2010,1274.47
9/17/2010,1276.78
9/18/2010,
9/19/2010,
9/20/2010,1282.5
9/21/2010,1275.68
9/22/2010,1293.15
9/23/2010,1293.38
9/24/2010,1295.6
9/25/2010,
9/26/2010,
9/27/2010,1297.25
9/28/2010,1305.72
9/29/2010,1310.43
9/30/2010,1301.47
10/1/2010,1318.63
10/2/2010,
10/3/2010,
10/4/2010,1314.88
10/5/2010,1339.13
10/6/2010,1347.8
10/7/2010,1332.4
10/8/2010,1347.82
10/9/2010,
10/10/2010,
10/11/2010,1347.7
10/12/2010,1347.25
10/13/2010,1371.93
10/14/2010,1376.28
10/15/2010,1372.9
10/16/2010,
10/17/2010,
10/18/2010,1370.65
10/19/2010,1340.5
10/20/2010,1344.25
10/21/2010,1340.03
10/22/2010,1323.82
10/23/2010,
10/24/2010,
10/25/2010,1335.82
10/26/2010,1334
10/27/2010,1322.28
10/28/2010,1335.26
10/29/2010,1347.4
10/30/2010,
10/31/2010,
11/1/2010,1352.8
11/2/2010,1354.74
11/3/2010,1330.03
11/4/2010,1379
11/5/2010,1388.9
11/6/2010,
11/7/2010,
11/8/2010,1394.22
11/9/2010,1416.55
11/10/2010,1388.78
11/11/2010,1401.15
11/12/2010,1378.75
11/13/2010,
11/14/2010,
11/15/2010,1372.1
11/16/2010,1341.75
11/17/2010,1340.05
11/18/2010,1354.63
11/19/2010,1349.7
11/20/2010,
11/21/2010,
11/22/2010,1351.47
11/23/2010,1373.07
11/24/2010,1372.95
11/25/2010,1373.15
11/26/2010,1356.88
11/27/2010,
11/28/2010,
11/29/2010,1364.3
11/30/2010,1385.18
12/1/2010,1387.15
12/2/2010,1391.2
12/3/2010,1407.18
12/4/2010,
12/5/2010,
12/6/2010,1417.85
12/7/2010,1414.95
12/8/2010,1379.05
12/9/2010,1385.43
12/10/2010,1378.97
12/11/2010,
12/12/2010,
12/13/2010,1395.35
12/14/2010,1397.57
12/15/2010,1390.03
12/16/2010,1366.6
12/17/2010,1365.93
12/18/2010,
12/19/2010,
12/20/2010,1380.03
12/21/2010,1385.01
12/22/2010,1387.25
12/23/2010,1377.53
12/24/2010,1384.75
12/25/2010,
12/26/2010,
12/27/2010,1384.75
12/28/2010,1384.75
12/29/2010,1411.05
12/30/2010,1406.32
12/31/2010,1417.63
1/1/2011,
1/2/2011,
1/3/2011,1417.63
1/4/2011,1384.25
1/5/2011,1371.65
1/6/2011,1368.45
1/7/2011,1377.16
1/8/2011,
1/9/2011,
1/10/2011,1369.78
1/11/2011,1377.63
1/12/2011,1378.95
1/13/2011,1384.53
1/14/2011,1359.45
1/15/2011,
1/16/2011,
1/17/2011,1359.7
1/18/2011,1367.26
1/19/2011,1371.72
1/20/2011,1348.65
1/21/2011,1344.35
1/22/2011,
1/23/2011,
1/24/2011,1346.74
1/25/2011,1325.85
1/26/2011,1326.41
1/27/2011,1327.8
1/28/2011,1329.55
1/29/2011,
1/30/2011,
1/31/2011,1332.16
2/1/2011,1332.2
2/2/2011,1333.5
2/3/2011,1333.35
2/4/2011,1348.1
2/5/2011,
2/6/2011,
2/7/2011,1351.5
2/8/2011,1366.03
2/9/2011,1363.66
2/10/2011,1361.38
2/11/2011,1366.4
2/12/2011,
2/13/2011,
2/14/2011,1364.78
2/15/2011,1373.38
2/16/2011,1371.72
2/17/2011,1381.72
2/18/2011,1385.4
2/19/2011,
2/20/2011,
2/21/2011,1405.2
2/22/2011,1406.44
2/23/2011,1411.75
2/24/2011,1413.38
2/25/2011,1408.7
2/26/2011,
2/27/2011,
2/28/2011,1415.05
3/1/2011,1422.8
3/2/2011,1438.47
3/3/2011,1420.6
3/4/2011,1428.18
3/5/2011,
3/6/2011,
3/7/2011,1434.76
3/8/2011,1428.91
3/9/2011,1428.75
3/10/2011,1407.65
3/11/2011,1409.94
3/12/2011,
3/13/2011,
3/14/2011,1427.2
3/15/2011,1396.97
3/16/2011,1400.28
3/17/2011,1403.57
3/18/2011,1419.16
3/19/2011,
3/20/2011,
3/21/2011,1432.5
3/22/2011,1426.1
3/23/2011,1438.95
3/24/2011,1445.75
3/25/2011,1434.43
3/26/2011,
3/27/2011,
3/28/2011,1418.2
3/29/2011,1419.85
3/30/2011,1414.8
3/31/2011,1437.13
4/1/2011,1424.82
4/2/2011,
4/3/2011,
4/4/2011,1434.22
4/5/2011,1446.97
4/6/2011,1455.22
4/7/2011,1457.93
4/8/2011,1470.68
4/9/2011,
4/10/2011,
4/11/2011,1469.88
4/12/2011,1449.98
4/13/2011,1459.35
4/14/2011,1466.95
4/15/2011,1483.88
4/16/2011,
4/17/2011,
4/18/2011,1492.06
4/19/2011,1491.79
4/20/2011,1503.99
4/21/2011,1504.05
4/22/2011,1504.05
4/23/2011,
4/24/2011,
4/25/2011,1504.05
4/26/2011,1500.23
4/27/2011,1506.99
4/28/2011,1535.8
4/29/2011,1535.8
4/30/2011,
5/1/2011,
5/2/2011,1535.8
5/3/2011,1542.51
5/4/2011,1526.65
5/5/2011,1484.56
5/6/2011,1495.12
5/7/2011,
5/8/2011,
5/9/2011,1508.5
5/10/2011,1516.74
5/11/2011,1510.38
5/12/2011,1492.82
5/13/2011,1506.09
5/14/2011,
5/15/2011,
5/16/2011,1501.74
5/17/2011,1474.45
5/18/2011,1496.99
5/19/2011,1488.28
5/20/2011,1507.7
5/21/2011,
5/22/2011,
5/23/2011,1511.94
5/24/2011,1525.46
5/25/2011,1528.74
5/26/2011,1518.36
5/27/2011,1532.88
5/28/2011,
5/29/2011,
5/30/2011,1532.88
5/31/2011,1538.1
6/1/2011,1545.3
6/2/2011,1526.6
6/3/2011,1538.33
6/4/2011,
6/5/2011,
6/6/2011,1552.1
6/7/2011,1539.16
6/8/2011,1536.57
6/9/2011,1539.95
6/10/2011,1534.35
6/11/2011,
6/12/2011,
6/13/2011,1525.44
6/14/2011,1522.07
6/15/2011,1531.07
6/16/2011,1528.34
6/17/2011,1537.9
6/18/2011,
6/19/2011,
6/20/2011,1537.97
6/21/2011,1546.34
6/22/2011,1556.9
6/23/2011,1519.33
6/24/2011,1507.21
6/25/2011,
6/26/2011,
6/27/2011,1500.11
6/28/2011,1503.74
6/29/2011,1506.38
6/30/2011,1510.78
7/1/2011,1485.05
7/2/2011,
7/3/2011,
7/4/2011,1495.8
7/5/2011,1509
7/6/2011,1529.38
7/7/2011,1526.99
7/8/2011,1541.69
7/9/2011,
7/10/2011,
7/11/2011,1545.69
7/12/2011,1551.65
7/13/2011,1587.49
7/14/2011,1583.85
7/15/2011,1589.57
7/16/2011,
7/17/2011,
7/18/2011,1606.2
7/19/2011,1601.07
7/20/2011,1596.05
7/21/2011,1600.68
7/22/2011,1603.05
7/23/2011,
7/24/2011,
7/25/2011,1616.49
7/26/2011,1611.89
7/27/2011,1616.99
7/28/2011,1605.7
7/29/2011,1623.56
7/30/2011,
7/31/2011,
8/1/2011,1631.09
8/2/2011,1639.4
8/3/2011,1666.97
8/4/2011,1678.45
8/5/2011,1662.99
8/6/2011,
8/7/2011,
8/8/2011,1704.49
8/9/2011,1731.88
8/10/2011,1777.8
8/11/2011,1754.35
8/12/2011,1729.7
8/13/2011,
8/14/2011,
8/15/2011,1740.16
8/16/2011,1777.05
8/17/2011,1782.94
8/18/2011,1823.3
8/19/2011,1853.2
8/20/2011,
8/21/2011,
8/22/2011,1885.1
8/23/2011,1885.57
8/24/2011,1778.1
8/25/2011,1741.9
8/26/2011,1778.9
8/27/2011,
8/28/2011,
8/29/2011,1778.9
8/30/2011,1828.5
8/31/2011,1826.6
9/1/2011,1826.35
9/2/2011,1874.72
9/3/2011,
9/4/2011,
9/5/2011,1898.25
9/6/2011,1887.55
9/7/2011,1808.5
9/8/2011,1857.09
9/9/2011,1856.68
9/10/2011,
9/11/2011,
9/12/2011,1833.57
9/13/2011,1824.15
9/14/2011,1822.65
9/15/2011,1776.05
9/16/2011,1795.6
9/17/2011,
9/18/2011,
9/19/2011,1786
9/20/2011,1799.05
9/21/2011,1796.9
9/22/2011,1729.63
9/23/2011,1676.97
9/24/2011,
9/25/2011,
9/26/2011,1603.97
9/27/2011,1654.99
9/28/2011,1645.85
9/29/2011,1614.69
9/30/2011,1617.79
10/1/2011,
10/2/2011,
10/3/2011,1648.95
10/4/2011,1628.65
10/5/2011,1612.24
10/6/2011,1641.47
10/7/2011,1652.18
10/8/2011,
10/9/2011,
10/10/2011,1664.17
10/11/2011,1662.97
10/12/2011,1678.55
10/13/2011,1660.65
10/14/2011,1671.8
10/15/2011,
10/16/2011,
10/17/2011,1682.65
10/18/2011,1636.2
10/19/2011,1649.85
10/20/2011,1614.34
10/21/2011,1636.32
10/22/2011,
10/23/2011,
10/24/2011,1655.57
10/25/2011,1684.48
10/26/2011,1716.94
10/27/2011,1728.94
10/28/2011,1743.74
10/29/2011,
10/30/2011,
10/31/2011,1724.35
11/1/2011,1701.8
11/2/2011,1738.05
11/3/2011,1759.09
11/4/2011,1754.9
11/5/2011,
11/6/2011,
11/7/2011,1782.71
11/8/2011,1795.05
11/9/2011,1790.7
11/10/2011,1744.95
11/11/2011,1775.72
11/12/2011,
11/13/2011,
11/14/2011,1782.07
11/15/2011,1779.56
11/16/2011,1768.99
11/17/2011,1735.69
11/18/2011,1724.4
11/19/2011,
11/20/2011,
11/21/2011,1692.78
11/22/2011,1697.49
11/23/2011,1679.8
11/24/2011,1693.85
11/25/2011,1691.65
11/26/2011,
11/27/2011,
11/28/2011,1713.85
11/29/2011,1709.07
11/30/2011,1745.85
12/1/2011,1745.15
12/2/2011,1746.81
12/3/2011,
12/4/2011,
12/5/2011,1739.97
12/6/2011,1709.84
12/7/2011,1730.07
12/8/2011,1707.09
12/9/2011,1716
12/10/2011,
12/11/2011,
12/12/2011,1665.16
12/13/2011,1659.4
12/14/2011,1572.1
12/15/2011,1570.49
12/16/2011,1593.94
12/17/2011,
12/18/2011,
12/19/2011,1593
12/20/2011,1616.15
12/21/2011,1610.47
12/22/2011,1604.6
12/23/2011,1606.78
12/24/2011,
12/25/2011,
12/26/2011,1606.78
12/27/2011,1606.78
12/28/2011,1573.34
12/29/2011,1530.91
12/30/2011,1574.57
12/31/2011,
1/1/2012,
1/2/2012,1574.57
1/3/2012,1604
1/4/2012,1610.15
1/5/2012,1605.38
1/6/2012,1621.2
1/7/2012,
1/8/2012,
1/9/2012,1611.28
1/10/2012,1638.09
1/11/2012,1640.55
1/12/2012,1655.4
1/13/2012,1634.15
1/14/2012,
1/15/2012,
1/16/2012,1643.65
1/17/2012,1660.29
1/18/2012,1652.88
1/19/2012,1656.05
1/20/2012,1657.69
1/21/2012,
1/22/2012,
1/23/2012,1676.78
1/24/2012,1669.28
1/25/2012,1661.15
1/26/2012,1725.35
1/27/2012,1731.49
1/28/2012,
1/29/2012,
1/30/2012,1728.63
1/31/2012,1731.05
2/1/2012,1749.24
2/2/2012,1759.24
2/3/2012,1742.9
2/4/2012,
2/5/2012,
2/6/2012,1723.6
2/7/2012,1738.6
2/8/2012,1734.34
2/9/2012,1748.9
2/10/2012,1722.2
2/11/2012,
2/12/2012,
2/13/2012,1726.47
2/14/2012,1721.38
2/15/2012,1729.05
2/16/2012,1719.59
2/17/2012,1720.24
2/18/2012,
2/19/2012,
2/20/2012,1734.24
2/21/2012,1755.75
2/22/2012,1756.59
2/23/2012,1784.34
2/24/2012,1777.8
2/25/2012,
2/26/2012,
2/27/2012,1777.45
2/28/2012,1784.48
2/29/2012,1734.74
3/1/2012,1713.15
3/2/2012,1713.49
3/3/2012,
3/4/2012,
3/5/2012,1703.65
3/6/2012,1673.6
3/7/2012,1684.49
3/8/2012,1694.64
3/9/2012,1709.99
3/10/2012,
3/11/2012,
3/12/2012,1701.84
3/13/2012,1698.44
3/14/2012,1642.8
3/15/2012,1648.9
3/16/2012,1654.88
3/17/2012,
3/18/2012,
3/19/2012,1664.05
3/20/2012,1652.4
3/21/2012,1654.31
3/22/2012,1639.09
3/23/2012,1663.2
3/24/2012,
3/25/2012,
3/26/2012,1684.65
3/27/2012,1683.38
3/28/2012,1673.3
3/29/2012,1652.94
3/30/2012,1663.8
3/31/2012,
4/1/2012,
4/2/2012,1682.34
4/3/2012,1673.22
4/4/2012,1616.24
4/5/2012,1632.78
4/6/2012,1632.78
4/7/2012,
4/8/2012,
4/9/2012,1632.78
4/10/2012,1635.55
4/11/2012,1657.69
4/12/2012,1672.99
4/13/2012,1668.97
4/14/2012,
4/15/2012,
4/16/2012,1651.88
4/17/2012,1649.65
4/18/2012,1643.74
4/19/2012,1645.94
4/20/2012,1641.59
4/21/2012,
4/22/2012,
4/23/2012,1632.07
4/24/2012,1643.59
4/25/2012,1639.1
4/26/2012,1655.88
4/27/2012,1664.18
4/28/2012,
4/29/2012,
4/30/2012,1660.28
5/1/2012,1662.4
5/2/2012,1651.4
5/3/2012,1633.49
5/4/2012,1638.1
5/5/2012,
5/6/2012,
5/7/2012,1635.95
5/8/2012,1596.2
5/9/2012,1591.69
5/10/2012,1593.9
5/11/2012,1589.15
5/12/2012,
5/13/2012,
5/14/2012,1562.7
5/15/2012,1552.49
5/16/2012,1541.05
5/17/2012,1574.24
5/18/2012,1595.28
5/19/2012,
5/20/2012,
5/21/2012,1589.9
5/22/2012,1589.36
5/23/2012,1542.23
5/24/2012,1571.8
5/25/2012,1566.26
5/26/2012,
5/27/2012,
5/28/2012,1575.25
5/29/2012,1577.1
5/30/2012,1551.99
5/31/2012,1566.05
6/1/2012,1611.34
6/2/2012,
6/3/2012,
6/4/2012,1611.34
6/5/2012,1611.34
6/6/2012,1636.74
6/7/2012,1592.29
6/8/2012,1586.4
6/9/2012,
6/10/2012,
6/11/2012,1584.9
6/12/2012,1609.85
6/13/2012,1621.27
6/14/2012,1620.93
6/15/2012,1627.49
6/16/2012,
6/17/2012,
6/18/2012,1623
6/19/2012,1625.75
6/20/2012,1606.35
6/21/2012,1577.94
6/22/2012,1561.9
6/23/2012,
6/24/2012,
6/25/2012,1571.7
6/26/2012,1570.2
6/27/2012,1570
6/28/2012,1555.84
6/29/2012,1597.36
6/30/2012,
7/1/2012,
7/2/2012,1598.2
7/3/2012,1619.15
7/4/2012,1616.55
7/5/2012,1608.8
7/6/2012,1587.35
7/7/2012,
7/8/2012,
7/9/2012,1587.5
7/10/2012,1585.2
7/11/2012,1574.68
7/12/2012,1560.78
7/13/2012,1591.84
7/14/2012,
7/15/2012,
7/16/2012,1594.45
7/17/2012,1577.38
7/18/2012,1579.4
7/19/2012,1588.34
7/20/2012,1580.7
7/21/2012,
7/22/2012,
7/23/2012,1576.3
7/24/2012,1576.55
7/25/2012,1599.85
7/26/2012,1614
7/27/2012,1616.65
7/28/2012,
7/29/2012,
7/30/2012,1619.55
7/31/2012,1621.25
8/1/2012,1603.59
8/2/2012,1594
8/3/2012,1601.15
8/4/2012,
8/5/2012,
8/6/2012,1612.5
8/7/2012,1610.2
8/8/2012,1615
8/9/2012,1614.78
8/10/2012,1621.55
8/11/2012,
8/12/2012,
8/13/2012,1616.8
8/14/2012,1600.84
8/15/2012,1605.29
8/16/2012,1615.69
8/17/2012,1616.35
8/18/2012,
8/19/2012,
8/20/2012,1619.09
8/21/2012,1639.5
8/22/2012,1641.08
8/23/2012,1673.39
8/24/2012,1669.2
8/25/2012,
8/26/2012,
8/27/2012,1670.15
8/28/2012,1670.95
8/29/2012,1657.19
8/30/2012,1654.55
8/31/2012,1674.4
9/1/2012,
9/2/2012,
9/3/2012,1693.98
9/4/2012,1694
9/5/2012,1693.9
9/6/2012,1705.15
9/7/2012,1737.06
9/8/2012,
9/9/2012,
9/10/2012,1732.07
9/11/2012,1732.71
9/12/2012,1731.09
9/13/2012,1733.49
9/14/2012,1774.35
9/15/2012,
9/16/2012,
9/17/2012,1771
9/18/2012,1771.35
9/19/2012,1771.8
9/20/2012,1762.49
9/21/2012,1772.07
9/22/2012,
9/23/2012,
9/24/2012,1764.2
9/25/2012,1771.88
9/26/2012,1742.38
9/27/2012,1766.79
9/28/2012,1774.45
9/29/2012,
9/30/2012,
10/1/2012,1777.3
10/2/2012,1778.68
10/3/2012,1778.95
10/4/2012,1791.8
10/5/2012,1785.47
10/6/2012,
10/7/2012,
10/8/2012,1776.5
10/9/2012,1763.8
10/10/2012,1762.85
10/11/2012,1772
10/12/2012,1763.56
10/13/2012,
10/14/2012,
10/15/2012,1734.37
10/16/2012,1744.28
10/17/2012,1748.7
10/18/2012,1743.8
10/19/2012,1734.53
10/20/2012,
10/21/2012,
10/22/2012,1725.7
10/23/2012,1711.2
10/24/2012,1705.28
10/25/2012,1714.68
10/26/2012,1714.87
10/27/2012,
10/28/2012,
10/29/2012,1706.8
10/30/2012,1712.08
10/31/2012,1724.19
11/1/2012,1717.4
11/2/2012,1681.35
11/3/2012,
11/4/2012,
11/5/2012,1684.05
11/6/2012,1693.25
11/7/2012,1708.05
11/8/2012,1716.55
11/9/2012,1731.49
11/10/2012,
11/11/2012,
11/12/2012,1731.68
11/13/2012,1731.15
11/14/2012,1726.49
11/15/2012,1717.6
11/16/2012,1713.1
11/17/2012,
11/18/2012,
11/19/2012,1733.47
11/20/2012,1730.6
11/21/2012,1728.72
11/22/2012,1731.35
11/23/2012,1747.99
11/24/2012,
11/25/2012,
11/26/2012,1748.3
11/27/2012,1745.9
11/28/2012,1712.85
11/29/2012,1726.8
11/30/2012,1717.96
12/1/2012,
12/2/2012,
12/3/2012,1716.22
12/4/2012,1696.95
12/5/2012,1687.74
12/6/2012,1700.86
12/7/2012,1702.24
12/8/2012,
12/9/2012,
12/10/2012,1713.74
12/11/2012,1707.8
12/12/2012,1711.3
12/13/2012,1696.85
12/14/2012,1696.66
12/15/2012,
12/16/2012,
12/17/2012,1696.75
12/18/2012,1692.34
12/19/2012,1672.7
12/20/2012,1643.7
12/21/2012,1656.5
12/22/2012,
12/23/2012,
12/24/2012,1660.48
12/25/2012,1660.48
12/26/2012,1661.14
12/27/2012,1662.65
12/28/2012,1656.21
12/29/2012,
12/30/2012,
12/31/2012,1662.41
1/1/2013,1662.41
1/2/2013,1690.15
1/3/2013,1679.57
1/4/2013,1647.64
1/5/2013,
1/6/2013,
1/7/2013,1650.08
1/8/2013,1654.51
1/9/2013,1659.24
1/10/2013,1676.47
1/11/2013,1659.9
1/12/2013,
1/13/2013,
1/14/2013,1666.95
1/15/2013,1682.28
1/16/2013,1680.51
1/17/2013,1686.44
1/18/2013,1686.95
1/19/2013,
1/20/2013,
1/21/2013,1689.95
1/22/2013,1692.84
1/23/2013,1685.65
1/24/2013,1674.74
1/25/2013,1662.6
1/26/2013,
1/27/2013,
1/28/2013,1657.09
1/29/2013,1661.9
1/30/2013,1680.73
1/31/2013,1663.9
2/1/2013,1668.8
2/2/2013,
2/3/2013,
2/4/2013,1671.09
2/5/2013,1668
2/6/2013,1675.44
2/7/2013,1679.87
2/8/2013,1667.85
2/9/2013,
2/10/2013,
2/11/2013,1649.93
2/12/2013,1648.99
2/13/2013,1644.42
2/14/2013,1639.94
2/15/2013,1606.35
2/16/2013,
2/17/2013,
2/18/2013,1607.95
2/19/2013,1604.9
2/20/2013,1581.4
2/21/2013,1581.1
2/22/2013,1573.47
2/23/2013,
2/24/2013,
2/25/2013,1588.24
2/26/2013,1608
2/27/2013,1602.7
2/28/2013,1582.94
3/1/2013,1578.51
3/2/2013,
3/3/2013,
3/4/2013,1574.24
3/5/2013,1576.88
3/6/2013,1582.19
3/7/2013,1576.85
3/8/2013,1574.59
3/9/2013,
3/10/2013,
3/11/2013,1579.75
3/12/2013,1592.55
3/13/2013,1587.27
3/14/2013,1589.92
3/15/2013,1593.25
3/16/2013,
3/17/2013,
3/18/2013,1607.95
3/19/2013,1612.55
3/20/2013,1606.8
3/21/2013,1613.99
3/22/2013,1608.38
3/23/2013,
3/24/2013,
3/25/2013,1603.36
3/26/2013,1599.34
3/27/2013,1604.84
3/28/2013,1595.8
3/29/2013,1595.8
3/30/2013,
3/31/2013,
4/1/2013,1595.8
4/2/2013,1583.07
4/3/2013,1571
4/4/2013,1550.57
4/5/2013,1565.99
4/6/2013,
4/7/2013,
4/8/2013,1570.95
4/9/2013,1587.4
4/10/2013,1568.78
4/11/2013,1565.84
4/12/2013,1504.28
4/13/2013,
4/14/2013,
4/15/2013,1358.92
4/16/2013,1390.31
4/17/2013,1388.3
4/18/2013,1396.49
4/19/2013,1403.55
4/20/2013,
4/21/2013,
4/22/2013,1424.24
4/23/2013,1409.88
4/24/2013,1424.55
4/25/2013,1455.05
4/26/2013,1477.6
4/27/2013,
4/28/2013,
4/29/2013,1472.65
4/30/2013,1467.64
5/1/2013,1445.78
5/2/2013,1466.6
5/3/2013,1467.85
5/4/2013,
5/5/2013,
5/6/2013,1468.4
5/7/2013,1446.45
5/8/2013,1467.55
5/9/2013,1465.36
5/10/2013,1423.47
5/11/2013,
5/12/2013,
5/13/2013,1433.3
5/14/2013,1435.55
5/15/2013,1394.8
5/16/2013,1389.68
5/17/2013,1364.24
5/18/2013,
5/19/2013,
5/20/2013,1361.35
5/21/2013,1366.28
5/22/2013,1379.09
5/23/2013,1382.65
5/24/2013,1387.51
5/25/2013,
5/26/2013,
5/27/2013,1393.8
5/28/2013,1386.3
5/29/2013,1387.92
5/30/2013,1415.95
5/31/2013,1392.74
6/1/2013,
6/2/2013,
6/3/2013,1408.95
6/4/2013,1395.19
6/5/2013,1407.5
6/6/2013,1405.7
6/7/2013,1381.68
6/8/2013,
6/9/2013,
6/10/2013,1383.44
6/11/2013,1376.09
6/12/2013,1391.3
6/13/2013,1382.9
6/14/2013,1386.8
6/15/2013,
6/16/2013,
6/17/2013,1383.29
6/18/2013,1363.9
6/19/2013,1373.84
6/20/2013,1296.78
6/21/2013,1289.85
6/22/2013,
6/23/2013,
6/24/2013,1286.53
6/25/2013,1275.15
6/26/2013,1234.47
6/27/2013,1228.28
6/28/2013,1215.43
6/29/2013,
6/30/2013,
7/1/2013,1246.84
7/2/2013,1249.42
7/3/2013,1258.45
7/4/2013,1248.6
7/5/2013,1214.88
7/6/2013,
7/7/2013,
7/8/2013,1236.8
7/9/2013,1249.4
7/10/2013,1257.55
7/11/2013,1280.55
7/12/2013,1279.94
7/13/2013,
7/14/2013,
7/15/2013,1284.97
7/16/2013,1291.78
7/17/2013,1283.3
7/18/2013,1285.69
7/19/2013,1294.81
7/20/2013,
7/21/2013,
7/22/2013,1327.78
7/23/2013,1334.53
7/24/2013,1332.65
7/25/2013,1326.28
7/26/2013,1318.27
7/27/2013,
7/28/2013,
7/29/2013,1329.68
7/30/2013,1325.03
7/31/2013,1309.66
8/1/2013,1314.44
8/2/2013,1313.35
8/3/2013,
8/4/2013,
8/5/2013,1298.93
8/6/2013,1286.68
8/7/2013,1285.44
8/8/2013,1308.91
8/9/2013,1311.1
8/10/2013,
8/11/2013,
8/12/2013,1341.37
8/13/2013,1326.66
8/14/2013,1332.46
8/15/2013,1329.41
8/16/2013,1368.03
8/17/2013,
8/18/2013,
8/19/2013,1366.85
8/20/2013,1373.72
8/21/2013,1369.05
8/22/2013,1376.51
8/23/2013,1396.31
8/24/2013,
8/25/2013,
8/26/2013,1396.31
8/27/2013,1418
8/28/2013,1417.55
8/29/2013,1407.14
8/30/2013,1397.63
8/31/2013,
9/1/2013,
9/2/2013,1393.3
9/3/2013,1402.23
9/4/2013,1391.28
9/5/2013,1369.66
9/6/2013,1387.18
9/7/2013,
9/8/2013,
9/9/2013,1388.38
9/10/2013,1362.52
9/11/2013,1363.01
9/12/2013,1331.15
9/13/2013,1316.9
9/14/2013,
9/15/2013,
9/16/2013,1317.63
9/17/2013,1311.39
9/18/2013,1299.09
9/19/2013,1371.61
9/20/2013,1337.97
9/21/2013,
9/22/2013,
9/23/2013,1327.94
9/24/2013,1316.85
9/25/2013,1336.64
9/26/2013,1325.3
9/27/2013,1339.77
9/28/2013,
9/29/2013,
9/30/2013,1330.84
10/1/2013,1290.24
10/2/2013,1318.4
10/3/2013,1315.18
10/4/2013,1311.09
10/5/2013,
10/6/2013,
10/7/2013,1324.09
10/8/2013,1327.15
10/9/2013,1301.99
10/10/2013,1300.58
10/11/2013,1268.29
10/12/2013,
10/13/2013,
10/14/2013,1280.8
10/15/2013,1270.15
10/16/2013,1271.55
10/17/2013,1319.54
10/18/2013,1316.31
10/19/2013,
10/20/2013,
10/21/2013,1316.12
10/22/2013,1342.46
10/23/2013,1334.69
10/24/2013,1347.45
10/25/2013,1346.69
10/26/2013,
10/27/2013,
10/28/2013,1353.59
10/29/2013,1346.19
10/30/2013,1355.13
10/31/2013,1323.61
11/1/2013,1309.9
11/2/2013,
11/3/2013,
11/4/2013,1318.56
11/5/2013,1309.84
11/6/2013,1316.51
11/7/2013,1311.05
11/8/2013,1285.35
11/9/2013,
11/10/2013,
11/11/2013,1282.6
11/12/2013,1275.15
11/13/2013,1275.44
11/14/2013,1289.99
11/15/2013,1287.74
11/16/2013,
11/17/2013,
11/18/2013,1280.17
11/19/2013,1274.94
11/20/2013,1263.75
11/21/2013,1241.94
11/22/2013,1245.4
11/23/2013,
11/24/2013,
11/25/2013,1239.9
11/26/2013,1244.05
11/27/2013,1242.94
11/28/2013,1244.5
11/29/2013,1253.35
11/30/2013,
12/1/2013,
12/2/2013,1227.74
12/3/2013,1223.6
12/4/2013,1226.74
12/5/2013,1228.15
12/6/2013,1235.55
12/7/2013,
12/8/2013,
12/9/2013,1236.1
12/10/2013,1261.65
12/11/2013,1257.07
12/12/2013,1230
12/13/2013,1236
12/14/2013,
12/15/2013,
12/16/2013,1242.47
12/17/2013,1229.8
12/18/2013,1231.32
12/19/2013,1195.57
12/20/2013,1205.47
12/21/2013,
12/22/2013,
12/23/2013,1201.55
12/24/2013,1201.68
12/25/2013,1201.68
12/26/2013,1212.96
12/27/2013,1216.15
12/28/2013,
12/29/2013,
12/30/2013,1205.99
12/31/2013,1207.85
1/1/2014,1207.85
1/2/2014,1224.23
1/3/2014,1236.6
1/4/2014,
1/5/2014,
1/6/2014,1241.88
1/7/2014,1227.05
1/8/2014,1223.09
1/9/2014,1226.72
1/10/2014,1246.4
1/11/2014,
1/12/2014,
1/13/2014,1250.6
1/14/2014,1251.49
1/15/2014,1240.43
1/16/2014,1241.8
1/17/2014,1252.39
1/18/2014,
1/19/2014,
1/20/2014,1256.85
1/21/2014,1241.44
1/22/2014,1241.21
1/23/2014,1259.7
1/24/2014,1267.13
1/25/2014,
1/26/2014,
1/27/2014,1261.38
1/28/2014,1253.03
1/29/2014,1264.78
1/30/2014,1241.22
1/31/2014,1242.68
2/1/2014,
2/2/2014,
2/3/2014,1263.9
2/4/2014,1251.15
2/5/2014,1260.82
2/6/2014,1256.03
2/7/2014,1262.93
2/8/2014,
2/9/2014,
2/10/2014,1274.97
2/11/2014,1289.84
2/12/2014,1293.05
2/13/2014,1297.43
2/14/2014,1316.68
2/15/2014,
2/16/2014,
2/17/2014,1328
2/18/2014,1322.32
2/19/2014,1320.25
2/20/2014,1315.32
2/21/2014,1319.93
2/22/2014,
2/23/2014,
2/24/2014,1338.43
2/25/2014,1340.95
2/26/2014,1325.43
2/27/2014,1333.93
2/28/2014,1325.7
3/1/2014,
3/2/2014,
3/3/2014,1353.99
3/4/2014,1336.97
3/5/2014,1338.32
3/6/2014,1345.82
3/7/2014,1335.84
3/8/2014,
3/9/2014,
3/10/2014,1340.95
3/11/2014,1341.54
3/12/2014,1365.74
3/13/2014,1372.25
3/14/2014,1376.15
3/15/2014,
3/16/2014,
3/17/2014,1373.05
3/18/2014,1358.45
3/19/2014,1341.34
3/20/2014,1330.45
3/21/2014,1335.1
3/22/2014,
3/23/2014,
3/24/2014,1311.74
3/25/2014,1311.95
3/26/2014,1303.93
3/27/2014,1295.87
3/28/2014,1291.8
3/29/2014,
3/30/2014,
3/31/2014,1289.28
4/1/2014,1281.15
4/2/2014,1292.63
4/3/2014,1288.4
4/4/2014,1305.61
4/5/2014,
4/6/2014,
4/7/2014,1301.18
4/8/2014,1309.34
4/9/2014,1305.88
4/10/2014,1320.68
4/11/2014,1318.25
4/12/2014,
4/13/2014,
4/14/2014,1328.79
4/15/2014,1302.13
4/16/2014,1299.7
4/17/2014,1298.9
4/18/2014,1298.9
4/19/2014,
4/20/2014,
4/21/2014,1286.63
4/22/2014,1283.2
4/23/2014,1284.19
4/24/2014,1288.97
4/25/2014,1302.07
4/26/2014,
4/27/2014,
4/28/2014,1294.49
4/29/2014,1299.35
4/30/2014,1293.7
5/1/2014,1282.28
5/2/2014,1302.57
5/3/2014,
5/4/2014,
5/5/2014,1310.96
5/6/2014,1307.55
5/7/2014,1297.06
5/8/2014,1288.68
5/9/2014,1288.15
5/10/2014,
5/11/2014,
5/12/2014,1298.69
5/13/2014,1297.03
5/14/2014,1305.53
5/15/2014,1299.6
5/16/2014,1293.93
5/17/2014,
5/18/2014,
5/19/2014,1298.55
5/20/2014,1293.9
5/21/2014,1289.6
5/22/2014,1296.05
5/23/2014,1292.81
5/24/2014,
5/25/2014,
5/26/2014,1292.59
5/27/2014,1268.61
5/28/2014,1257.24
5/29/2014,1258.65
5/30/2014,1244.66
5/31/2014,
6/1/2014,
6/2/2014,1245.43
6/3/2014,1244.81
6/4/2014,1243.97
6/5/2014,1254.18
6/6/2014,1252.71
6/7/2014,
6/8/2014,
6/9/2014,1253.93
6/10/2014,1260.53
6/11/2014,1262.53
6/12/2014,1272.65
6/13/2014,1274.03
6/14/2014,
6/15/2014,
6/16/2014,1275.5
6/17/2014,1269.93
6/18/2014,1270.73
6/19/2014,1299.32
6/20/2014,1315.32
6/21/2014,
6/22/2014,
6/23/2014,1316.93
6/24/2014,1319.2
6/25/2014,1318.7
6/26/2014,1314.18
6/27/2014,1319.39
6/28/2014,
6/29/2014,
6/30/2014,1316.93
7/1/2014,1329.03
7/2/2014,1329.3
7/3/2014,1318.7
7/4/2014,1320.49
7/5/2014,
7/6/2014,
7/7/2014,1314.38
7/8/2014,1315.59
7/9/2014,1323.8
7/10/2014,1338
7/11/2014,1335.4
7/12/2014,
7/13/2014,
7/14/2014,1308.2
7/15/2014,1297.78
7/16/2014,1301.55
7/17/2014,1303.8
7/18/2014,1307.65
7/19/2014,
7/20/2014,
7/21/2014,1313.17
7/22/2014,1305.75
7/23/2014,1305.91
7/24/2014,1289.6
7/25/2014,1299.05
7/26/2014,
7/27/2014,
7/28/2014,1304.21
7/29/2014,1298.85
7/30/2014,1294.25
7/31/2014,1286.06
8/1/2014,1294.69
8/2/2014,
8/3/2014,
8/4/2014,1288.7
8/5/2014,1284.15
8/6/2014,1307.82
8/7/2014,1307.3
8/8/2014,1311.32
8/9/2014,
8/10/2014,
8/11/2014,1306.9
8/12/2014,1315.23
8/13/2014,1311.94
8/14/2014,1312.68
8/15/2014,1305.1
8/16/2014,
8/17/2014,
8/18/2014,1298.22
8/19/2014,1295.07
8/20/2014,1294.06
8/21/2014,1277.3
8/22/2014,1278.3
8/23/2014,
8/24/2014,
8/25/2014,1276.34
8/26/2014,1283.46
8/27/2014,1282.9
8/28/2014,1289.55
8/29/2014,1287.93
8/30/2014,
8/31/2014,
9/1/2014,1287.29
9/2/2014,1265.1
9/3/2014,1267.74
9/4/2014,1269.46
9/5/2014,1266.67
9/6/2014,
9/7/2014,
9/8/2014,1254.14
9/9/2014,1255.78
9/10/2014,1248.75
9/11/2014,1238.87
9/12/2014,1230.4
9/13/2014,
9/14/2014,
9/15/2014,1233.54
9/16/2014,1233.05
9/17/2014,1236.23
9/18/2014,1226.91
9/19/2014,1217.48
9/20/2014,
9/21/2014,
9/22/2014,1213.34
9/23/2014,1222.15
9/24/2014,1218.16
9/25/2014,1218.32
9/26/2014,1215.68
9/27/2014,
9/28/2014,
9/29/2014,1217.26
9/30/2014,1212.83
10/1/2014,1213.9
10/2/2014,1214.98
10/3/2014,1194.02
10/4/2014,
10/5/2014,
10/6/2014,1201.72
10/7/2014,1210.48
10/8/2014,1210.17
10/9/2014,1223.6
10/10/2014,1221.68
10/11/2014,
10/12/2014,
10/13/2014,1229.32
10/14/2014,1231.55
10/15/2014,1241.23
10/16/2014,1240.22
10/17/2014,1233.27
10/18/2014,
10/19/2014,
10/20/2014,1244.1
10/21/2014,1252.89
10/22/2014,1244.07
10/23/2014,1226.77
10/24/2014,1230.74
10/25/2014,
10/26/2014,
10/27/2014,1228.94
10/28/2014,1229.21
10/29/2014,1223.22
10/30/2014,1200.14
10/31/2014,1165.69
11/1/2014,
11/2/2014,
11/3/2014,1169.23
11/4/2014,1169.99
11/5/2014,1146
11/6/2014,1146.3
11/7/2014,1165.26
11/8/2014,
11/9/2014,
11/10/2014,1163.7
11/11/2014,1156.04
11/12/2014,1164.9
11/13/2014,1162.6
11/14/2014,1172.75
11/15/2014,
11/16/2014,
11/17/2014,1185.2
11/18/2014,1196.06
11/19/2014,1180.38
11/20/2014,1190.77
11/21/2014,1205.32
11/22/2014,
11/23/2014,
11/24/2014,1197.05
11/25/2014,1198.95
11/26/2014,1198.43
11/27/2014,1191.05
11/28/2014,1181.97
11/29/2014,
11/30/2014,
12/1/2014,1195.64
12/2/2014,1199.52
12/3/2014,1212.65
12/4/2014,1209.52
12/5/2014,1195.01
12/6/2014,
12/7/2014,
12/8/2014,1192.83
12/9/2014,1232.31
12/10/2014,1228.8
12/11/2014,1223.15
12/12/2014,1222.88
12/13/2014,
12/14/2014,
12/15/2014,1214.88
12/16/2014,1196.19
12/17/2014,1196.47
12/18/2014,1195.38
12/19/2014,1197.94
12/20/2014,
12/21/2014,
12/22/2014,1185.68
12/23/2014,1178.13
12/24/2014,1174.68
12/25/2014,1174.68
12/26/2014,1193.51
12/27/2014,
12/28/2014,
12/29/2014,1181.09
12/30/2014,1205.27
12/31/2014,1186.33
1/1/2015,1186.33
1/2/2015,1188.85
1/3/2015,
1/4/2015,
1/5/2015,1197.07
1/6/2015,1207.74
1/7/2015,1215.28
1/8/2015,1213.2
1/9/2015,1218.78
1/10/2015,
1/11/2015,
1/12/2015,1226.8
1/13/2015,1235.74
1/14/2015,1237.76
1/15/2015,1264.89
1/16/2015,1274.6
1/17/2015,
1/18/2015,
1/19/2015,1273.88
1/20/2015,1291.49
1/21/2015,1291.34
1/22/2015,1302.18
1/23/2015,1292.43
1/24/2015,
1/25/2015,
1/26/2015,1278.3
1/27/2015,1293.3
1/28/2015,1288.07
1/29/2015,1265.43
1/30/2015,1273.24
1/31/2015,
2/1/2015,
2/2/2015,1271.58
2/3/2015,1258.07
2/4/2015,1264.57
2/5/2015,1261.28
2/6/2015,1233.61
2/7/2015,
2/8/2015,
2/9/2015,1241.38
2/10/2015,1237.47
2/11/2015,1223.74
2/12/2015,1223.56
2/13/2015,1232.54
2/14/2015,
2/15/2015,
2/16/2015,1231.93
2/17/2015,1207.1
2/18/2015,1200.63
2/19/2015,1208.78
2/20/2015,1206.68
2/21/2015,
2/22/2015,
2/23/2015,1201.88
2/24/2015,1198.28
2/25/2015,1205.15
2/26/2015,1208.36
2/27/2015,1216.57
2/28/2015,
3/1/2015,
3/2/2015,1208.76
3/3/2015,1203.19
3/4/2015,1202.06
3/5/2015,1206.55
3/6/2015,1175.47
3/7/2015,
3/8/2015,
3/9/2015,1167.75
3/10/2015,1161.5
3/11/2015,1151.5
3/12/2015,1151.34
3/13/2015,1153.57
3/14/2015,
3/15/2015,
3/16/2015,1153.07
3/17/2015,1148.57
3/18/2015,1152.47
3/19/2015,1170.71
3/20/2015,1184.75
3/21/2015,
3/22/2015,
3/23/2015,1186.25
3/24/2015,1190.65
3/25/2015,1197.35
3/26/2015,1206.07
3/27/2015,1200.63
3/28/2015,
3/29/2015,
3/30/2015,1185.79
3/31/2015,1187.6
4/1/2015,1201.07
4/2/2015,1197.25
4/3/2015,1197.25
4/4/2015,
4/5/2015,
4/6/2015,1223.96
4/7/2015,1213.09
4/8/2015,1204.17
4/9/2015,1195.5
4/10/2015,1207.24
4/11/2015,
4/12/2015,
4/13/2015,1198.95
4/14/2015,1197.38
4/15/2015,1195.31
4/16/2015,1197.96
4/17/2015,1204.28
4/18/2015,
4/19/2015,
4/20/2015,1193.59
4/21/2015,1199.09
4/22/2015,1187.9
4/23/2015,1192.85
4/24/2015,1178.34
4/25/2015,
4/26/2015,
4/27/2015,1201.87
4/28/2015,1212.33
4/29/2015,1211.3
4/30/2015,1180.69
5/1/2015,1173.09
5/2/2015,
5/3/2015,
5/4/2015,1189.25
5/5/2015,1196.1
5/6/2015,1189.5
5/7/2015,1183.44
5/8/2015,1185.2
5/9/2015,
5/10/2015,
5/11/2015,1184.61
5/12/2015,1191.4
5/13/2015,1214.35
5/14/2015,1221
5/15/2015,1221.99
5/16/2015,
5/17/2015,
5/18/2015,1228.05
5/19/2015,1208.45
5/20/2015,1211.15
5/21/2015,1206.38
5/22/2015,1206.2
5/23/2015,
5/24/2015,
5/25/2015,1205.84
5/26/2015,1189.34
5/27/2015,1186.3
5/28/2015,1189.3
5/29/2015,1189.97
5/30/2015,
5/31/2015,
6/1/2015,1195.74
6/2/2015,1192.09
6/3/2015,1190.8
6/4/2015,1174.4
6/5/2015,1169.53
6/6/2015,
6/7/2015,
6/8/2015,1171.05
6/9/2015,1177.07
6/10/2015,1188.15
6/11/2015,1178.4
6/12/2015,1182.34
6/13/2015,
6/14/2015,
6/15/2015,1181.69
6/16/2015,1178.19
6/17/2015,1176.71
6/18/2015,1204.35
6/19/2015,1200.22
6/20/2015,
6/21/2015,
6/22/2015,1185.02
6/23/2015,1178.2
6/24/2015,1173.98
6/25/2015,1173.68
6/26/2015,1171.01
6/27/2015,
6/28/2015,
6/29/2015,1178.94
6/30/2015,1169.35
7/1/2015,1170.4
7/2/2015,1163.4
7/3/2015,1167.19
7/4/2015,
7/5/2015,
7/6/2015,1167.05
7/7/2015,1152.65
7/8/2015,1160.78
7/9/2015,1164.09
7/10/2015,1161.2
7/11/2015,
7/12/2015,
7/13/2015,1154.43
7/14/2015,1155.55
7/15/2015,1146.76
7/16/2015,1144.45
7/17/2015,1132.32
7/18/2015,
7/19/2015,
7/20/2015,1110.44
7/21/2015,1107.65
7/22/2015,1092.63
7/23/2015,1092.63
7/24/2015,1083.9
7/25/2015,
7/26/2015,
7/27/2015,1097.65
7/28/2015,1095.24
7/29/2015,1095.05
7/30/2015,1094.4
7/31/2015,1094.3
8/1/2015,
8/2/2015,
8/3/2015,1092.19
8/4/2015,1092.59
8/5/2015,1085.63
8/6/2015,1090.15
8/7/2015,1096.85
8/8/2015,
8/9/2015,
8/10/2015,1103.35
8/11/2015,1109.67
8/12/2015,1123.85
8/13/2015,1116.13
8/14/2015,1114.88
8/15/2015,
8/16/2015,
8/17/2015,1118.69
8/18/2015,1115.99
8/19/2015,1128.59
8/20/2015,1148.95
8/21/2015,1158.05
8/22/2015,
8/23/2015,
8/24/2015,1160.09
8/25/2015,1135
8/26/2015,1123.78
8/27/2015,1122.99
8/28/2015,1135.48
8/29/2015,
8/30/2015,
8/31/2015,1130.69
9/1/2015,1140.67
9/2/2015,1134.44
9/3/2015,1124.13
9/4/2015,1120.97
9/5/2015,
9/6/2015,
9/7/2015,1118.55
9/8/2015,1122.69
9/9/2015,1110.13
9/10/2015,1110.72
9/11/2015,1100.3
9/12/2015,
9/13/2015,
9/14/2015,1107.34
9/15/2015,1104.57
9/16/2015,1120.74
9/17/2015,1118.34
9/18/2015,1136.95
9/19/2015,
9/20/2015,
9/21/2015,1132.47
9/22/2015,1126.34
9/23/2015,1131.38
9/24/2015,1154.69
9/25/2015,1144.4
9/26/2015,
9/27/2015,
9/28/2015,1133.07
9/29/2015,1131.8
9/30/2015,1114.34
10/1/2015,1115.17
10/2/2015,1138.65
10/3/2015,
10/4/2015,
10/5/2015,1135.47
10/6/2015,1149.78
10/7/2015,1146.93
10/8/2015,1144.59
10/9/2015,1157.55
10/10/2015,
10/11/2015,
10/12/2015,1161.3
10/13/2015,1166.55
10/14/2015,1176.8
10/15/2015,1185.65
10/16/2015,1182.28
10/17/2015,
10/18/2015,
10/19/2015,1171.05
10/20/2015,1178.09
10/21/2015,1166.13
10/22/2015,1168.24
10/23/2015,1163.05
10/24/2015,
10/25/2015,
10/26/2015,1166.49
10/27/2015,1167.15
10/28/2015,1180.18
10/29/2015,1150.88
10/30/2015,1141.05
10/31/2015,
11/1/2015,
11/2/2015,1135.34
11/3/2015,1123.97
11/4/2015,1114.69
11/5/2015,1106.84
11/6/2015,1087.8
11/7/2015,
11/8/2015,
11/9/2015,1089.55
11/10/2015,1090.8
11/11/2015,1087.8
11/12/2015,1079.24
11/13/2015,1082.4
11/14/2015,
11/15/2015,
11/16/2015,1085.07
11/17/2015,1075.09
11/18/2015,1068.9
11/19/2015,1082.4
11/20/2015,1079.34
11/21/2015,
11/22/2015,
11/23/2015,1070.09
11/24/2015,1074.94
11/25/2015,1072.38
11/26/2015,1071.68
11/27/2015,1057.97
11/28/2015,
11/29/2015,
11/30/2015,1063.68
12/1/2015,1065.99
12/2/2015,1055.8
12/3/2015,1056.4
12/4/2015,1084.8
12/5/2015,
12/6/2015,
12/7/2015,1075.82
12/8/2015,1074.28
12/9/2015,1072.18
12/10/2015,1074.78
12/11/2015,1076.57
12/12/2015,
12/13/2015,
12/14/2015,1070.43
12/15/2015,1061.43
12/16/2015,1074.65
12/17/2015,1051.97
12/18/2015,1064.57
12/19/2015,
12/20/2015,
12/21/2015,1079.18
12/22/2015,1076.18
12/23/2015,1069.1
12/24/2015,1075.45
12/25/2015,1075.45
12/26/2015,
12/27/2015,
12/28/2015,1069.74
12/29/2015,1068.95
12/30/2015,1062.05
12/31/2015,1062.38
1/1/2016,1062.38
1/2/2016,
1/3/2016,
1/4/2016,1077.84
1/5/2016,1077.84
1/6/2016,1089.35
1/7/2016,1104.15
1/8/2016,1103.18
1/9/2016,
1/10/2016,
1/11/2016,1101.28
1/12/2016,1089.05
1/13/2016,1090.18
1/14/2016,1082.34
1/15/2016,1090.15
1/16/2016,
1/17/2016,
1/18/2016,1089.15
1/19/2016,1086.15
1/20/2016,1102.18
1/21/2016,1093.94
1/22/2016,1100.42
1/23/2016,
1/24/2016,
1/25/2016,1105.55
1/26/2016,1117.38
1/27/2016,1115.94
1/28/2016,1116.65
1/29/2016,1117.15
1/30/2016,
1/31/2016,
2/1/2016,1126.75
2/2/2016,1126.97
2/3/2016,1139.1
2/4/2016,1153.99
2/5/2016,1154.5
2/6/2016,
2/7/2016,
2/8/2016,1197.44
2/9/2016,1193.07
2/10/2016,1191.74
2/11/2016,1248.07
2/12/2016,1233.78
2/13/2016,
2/14/2016,
2/15/2016,1205.38
2/16/2016,1215.4
2/17/2016,1212.28
2/18/2016,1217.38
2/19/2016,1232.03
2/20/2016,
2/21/2016,
2/22/2016,1209.78
2/23/2016,1225.28
2/24/2016,1248.4
2/25/2016,1238.3
2/26/2016,1215.57
2/27/2016,
2/28/2016,
2/29/2016,1232.88
3/1/2016,1233.38
3/2/2016,1235.4
3/3/2016,1256.44
3/4/2016,1271.05
3/5/2016,
3/6/2016,
3/7/2016,1267.88
3/8/2016,1269.07
3/9/2016,1256.8
3/10/2016,1266.32
3/11/2016,1258.28
3/12/2016,
3/13/2016,
3/14/2016,1242.72
3/15/2016,1232.47
3/16/2016,1229.53
3/17/2016,1263.4
3/18/2016,1253.55
3/19/2016,
3/20/2016,
3/21/2016,1246.09
3/22/2016,1252.28
3/23/2016,1223.38
3/24/2016,1220.55
3/25/2016,1220.55
3/26/2016,
3/27/2016,
3/28/2016,1220.24
3/29/2016,1226.28
3/30/2016,1226.74
3/31/2016,1234.34
4/1/2016,1212.38
4/2/2016,
4/3/2016,
4/4/2016,1218.55
4/5/2016,1229.34
4/6/2016,1222.22
4/7/2016,1240.28
4/8/2016,1241.57
4/9/2016,
4/10/2016,
4/11/2016,1257.57
4/12/2016,1254.38
4/13/2016,1247.38
4/14/2016,1230.84
4/15/2016,1229.88
4/16/2016,
4/17/2016,
4/18/2016,1234.99
4/19/2016,1254.19
4/20/2016,1254.82
4/21/2016,1250.07
4/22/2016,1241.59
4/23/2016,
4/24/2016,
4/25/2016,1240.6
4/26/2016,1241.61
4/27/2016,1248.07
4/28/2016,1260.69
4/29/2016,1292.34
4/30/2016,
5/1/2016,
5/2/2016,1294.34
5/3/2016,1285.5
5/4/2016,1281.84
5/5/2016,1274.68
5/6/2016,1290.38
5/7/2016,
5/8/2016,
5/9/2016,1265.97
5/10/2016,1261.18
5/11/2016,1274.68
5/12/2016,1267.68
5/13/2016,1270.99
5/14/2016,
5/15/2016,
5/16/2016,1275.4
5/17/2016,1279.47
5/18/2016,1271.28
5/19/2016,1249.49
5/20/2016,1252.68
5/21/2016,
5/22/2016,
5/23/2016,1248.18
5/24/2016,1234.62
5/25/2016,1222.24
5/26/2016,1222.85
5/27/2016,1211.9
5/28/2016,
5/29/2016,
5/30/2016,1206.44
5/31/2016,1214.28
6/1/2016,1210.07
6/2/2016,1210.55
6/3/2016,1239.88
6/4/2016,
6/5/2016,
6/6/2016,1245.6
6/7/2016,1241.38
6/8/2016,1259.49
6/9/2016,1269.65
6/10/2016,1273.59
6/11/2016,
6/12/2016,
6/13/2016,1282.07
6/14/2016,1285.88
6/15/2016,1283.38
6/16/2016,1310.47
6/17/2016,1287.05
6/18/2016,
6/19/2016,
6/20/2016,1285.38
6/21/2016,1270.55
6/22/2016,1266.97
6/23/2016,1263.69
6/24/2016,1313.88
6/25/2016,
6/26/2016,
6/27/2016,1323.62
6/28/2016,1311.84
6/29/2016,1323.38
6/30/2016,1321.07
7/1/2016,1335.97
7/2/2016,
7/3/2016,
7/4/2016,1351.1
7/5/2016,1345.34
7/6/2016,1368.74
7/7/2016,1356.83
7/8/2016,1355.69
7/9/2016,
7/10/2016,
7/11/2016,1359.57
7/12/2016,1342.44
7/13/2016,1340.28
7/14/2016,1329.41
7/15/2016,1327.57
7/16/2016,
7/17/2016,
7/18/2016,1329.56
7/19/2016,1330.74
7/20/2016,1318.23
7/21/2016,1322.53
7/22/2016,1320.71
7/23/2016,
7/24/2016,
7/25/2016,1317.78
7/26/2016,1320.47
7/27/2016,1328.07
7/28/2016,1337.79
7/29/2016,1349.09
7/30/2016,
7/31/2016,
8/1/2016,1349.98
8/2/2016,1367.38
8/3/2016,1357.29
8/4/2016,1363.4
8/5/2016,1339.5
8/6/2016,
8/7/2016,
8/8/2016,1335.57
8/9/2016,1340.08
8/10/2016,1344.7
8/11/2016,1352.57
8/12/2016,1353.43
8/13/2016,
8/14/2016,
8/15/2016,1342.06
8/16/2016,1348.07
8/17/2016,1346.22
8/18/2016,1349.8
8/19/2016,1345.42
8/20/2016,
8/21/2016,
8/22/2016,1338.71
8/23/2016,1339.69
8/24/2016,1327.49
8/25/2016,1323.07
8/26/2016,1334.07
8/27/2016,
8/28/2016,
8/29/2016,1322.42
8/30/2016,1318.11
8/31/2016,1307.93
9/1/2016,1312.72
9/2/2016,1318.55
9/3/2016,
9/4/2016,
9/5/2016,1326.67
9/6/2016,1340.74
9/7/2016,1344.94
9/8/2016,1344.34
9/9/2016,1333.94
9/10/2016,
9/11/2016,
9/12/2016,1324.57
9/13/2016,1324.95
9/14/2016,1323.45
9/15/2016,1319.88
9/16/2016,1311.22
9/17/2016,
9/18/2016,
9/19/2016,1313.41
9/20/2016,1315.31
9/21/2016,1325.9
9/22/2016,1339.53
9/23/2016,1339.71
9/24/2016,
9/25/2016,
9/26/2016,1341.19
9/27/2016,1327.15
9/28/2016,1319.86
9/29/2016,1317.4
9/30/2016,1321.51
10/1/2016,
10/2/2016,
10/3/2016,1311.74
10/4/2016,1283.52
10/5/2016,1269.72
10/6/2016,1251.44
10/7/2016,1253.36
10/8/2016,
10/9/2016,
10/10/2016,1259.81
10/11/2016,1256.73
10/12/2016,1251.91
10/13/2016,1257.76
10/14/2016,1253.45
10/15/2016,
10/16/2016,
10/17/2016,1256.66
10/18/2016,1261.74
10/19/2016,1272.15
10/20/2016,1266.51
10/21/2016,1266.05
10/22/2016,
10/23/2016,
10/24/2016,1261.59
10/25/2016,1272.55
10/26/2016,1268.58
10/27/2016,1268.47
10/28/2016,1270.03
10/29/2016,
10/30/2016,
10/31/2016,1273.88
11/1/2016,1288.8
11/2/2016,1304.91
11/3/2016,1298.72
11/4/2016,1303.82
11/5/2016,
11/6/2016,
11/7/2016,1280.9
11/8/2016,1281.09
11/9/2016,1288.9
11/10/2016,1265.38
11/11/2016,1228.5
11/12/2016,
11/13/2016,
11/14/2016,1215.63
11/15/2016,1225.29
11/16/2016,1225.91
11/17/2016,1228
11/18/2016,1207.53
11/19/2016,
11/20/2016,
11/21/2016,1213.97
11/22/2016,1209.69
11/23/2016,1187.31
11/24/2016,1186.05
11/25/2016,1184.53
11/26/2016,
11/27/2016,
11/28/2016,1191.87
11/29/2016,1185.88
11/30/2016,1173.76
12/1/2016,1167.89
12/2/2016,1175
12/3/2016,
12/4/2016,
12/5/2016,1163.88
12/6/2016,1171.23
12/7/2016,1176.94
12/8/2016,1170.52
12/9/2016,1162.9
12/10/2016,
12/11/2016,
12/12/2016,1159.52
12/13/2016,1159.75
12/14/2016,1163.43
12/15/2016,1126.52
12/16/2016,1131.56
12/17/2016,
12/18/2016,
12/19/2016,1139.66
12/20/2016,1127.47
12/21/2016,1131.86
12/22/2016,1132.5
12/23/2016,1133.5
12/24/2016,
12/25/2016,
12/26/2016,1133.5
12/27/2016,1136.73
12/28/2016,1139.03
12/29/2016,1146.59
12/30/2016,1157.49
12/31/2016,
1/1/2017,
1/2/2017,1157.49
1/3/2017,1156.11
1/4/2017,1164.57
1/5/2017,1183.56
1/6/2017,1174.35
1/7/2017,
1/8/2017,
1/9/2017,1179.84
1/10/2017,1188.08
1/11/2017,1179.73
1/12/2017,1203.63
1/13/2017,1194.8
1/14/2017,
1/15/2017,
1/16/2017,1202.46
1/17/2017,1215.3
1/18/2017,1215.48
1/19/2017,1201.54
1/20/2017,1202.07
1/21/2017,
1/22/2017,
1/23/2017,1216.39
1/24/2017,1213.23
1/25/2017,1197.34
1/26/2017,1187.13
1/27/2017,1188.74
1/28/2017,
1/29/2017,
1/30/2017,1196.19
1/31/2017,1211.49
2/1/2017,1202.92
2/2/2017,1217.06
2/3/2017,1217.97
2/4/2017,
2/5/2017,
2/6/2017,1228.9
2/7/2017,1234.01
2/8/2017,1241.19
2/9/2017,1234.82
2/10/2017,1231.31
2/11/2017,
2/12/2017,
2/13/2017,1223.19
2/14/2017,1226.18
2/15/2017,1227.39
2/16/2017,1242.19
2/17/2017,1237.68
2/18/2017,
2/19/2017,
2/20/2017,1237.74
2/21/2017,1234.68
2/22/2017,1233.57
2/23/2017,1249.23
2/24/2017,1255.34
2/25/2017,
2/26/2017,
2/27/2017,1262.24
2/28/2017,1256.64
3/1/2017,1245.18
3/2/2017,1241.78
3/3/2017,1224.99
3/4/2017,
3/5/2017,
3/6/2017,1227.48
3/7/2017,1218.9
3/8/2017,1208.09
3/9/2017,1202.59
3/10/2017,1200.3
3/11/2017,
3/12/2017,
3/13/2017,1205.47
3/14/2017,1205.6
3/15/2017,1200.04
3/16/2017,1229.15
3/17/2017,1229.38
3/18/2017,
3/19/2017,
3/20/2017,1234.16
3/21/2017,1243.28
3/22/2017,1249.08
3/23/2017,1243.82
3/24/2017,1248.59
3/25/2017,
3/26/2017,
3/27/2017,1255.84
3/28/2017,1255.28
3/29/2017,1252.41
3/30/2017,1249.81
3/31/2017,1247.25
4/1/2017,
4/2/2017,
4/3/2017,1253.4
4/4/2017,1256.81
4/5/2017,1248.05
4/6/2017,1252.07
4/7/2017,1265.7
4/8/2017,
4/9/2017,
4/10/2017,1251.91
4/11/2017,1272.17
4/12/2017,1275.38
4/13/2017,1285.59
4/14/2017,1285.59
4/15/2017,
4/16/2017,
4/17/2017,1290.87
4/18/2017,1287.53
4/19/2017,1280.8
4/20/2017,1282.53
4/21/2017,1285.89
4/22/2017,
4/23/2017,
4/24/2017,1273.57
4/25/2017,1268.07
4/26/2017,1264.28
4/27/2017,1265.22
4/28/2017,1267.86
4/29/2017,
4/30/2017,
5/1/2017,1263.15
5/2/2017,1254.62
5/3/2017,1249.04
5/4/2017,1229.69
5/5/2017,1227.71
5/6/2017,
5/7/2017,
5/8/2017,1228.74
5/9/2017,1217.79
5/10/2017,1221.19
5/11/2017,1224.45
5/12/2017,1229.69
5/13/2017,
5/14/2017,
5/15/2017,1234.2
5/16/2017,1237.44
5/17/2017,1257.9
5/18/2017,1253.8
5/19/2017,1253.47
5/20/2017,
5/21/2017,
5/22/2017,1260.24
5/23/2017,1260.28
5/24/2017,1253.26
5/25/2017,1256.49
5/26/2017,1267.52
5/27/2017,
5/28/2017,
5/29/2017,1267.45
5/30/2017,1262.54
5/31/2017,1267.97
6/1/2017,1263.99
6/2/2017,1278.28
6/3/2017,
6/4/2017,
6/5/2017,1280.69
6/6/2017,1295.28
6/7/2017,1293.47
6/8/2017,1276.28
6/9/2017,1266.31
6/10/2017,
6/11/2017,
6/12/2017,1265.58
6/13/2017,1263.72
6/14/2017,1276.55
6/15/2017,1254.78
6/16/2017,1255.59
6/17/2017,
6/18/2017,
6/19/2017,1248.82
6/20/2017,1242.84
6/21/2017,1246.4
6/22/2017,1250.86
6/23/2017,1256.37
6/24/2017,
6/25/2017,
6/26/2017,1244.72
6/27/2017,1247.41
6/28/2017,1250.19
6/29/2017,1243.92
6/30/2017,1243.47
7/1/2017,
7/2/2017,
7/3/2017,1222.73
7/4/2017,1223.23
7/5/2017,1221.69
7/6/2017,1223.56
7/7/2017,1210.29
7/8/2017,
7/9/2017,
7/10/2017,1212.9
7/11/2017,1210.74
7/12/2017,1221.89
7/13/2017,1218.07
7/14/2017,1227.67
7/15/2017,
7/16/2017,
7/17/2017,1233.65
7/18/2017,1242.01
7/19/2017,1242.22
7/20/2017,1246.09
7/21/2017,1251.66
7/22/2017,
7/23/2017,
7/24/2017,1255.77
7/25/2017,1250.58
7/26/2017,1248.2
7/27/2017,1259.36
7/28/2017,1267.82
7/29/2017,
7/30/2017,
7/31/2017,1268.85
8/1/2017,1272.47
8/2/2017,1270.23
8/3/2017,1268.94
8/4/2017,1257.75
8/5/2017,
8/6/2017,
8/7/2017,1258.57
8/8/2017,1254.38
8/9/2017,1272.85
8/10/2017,1285.7
8/11/2017,1287.38
8/12/2017,
8/13/2017,
8/14/2017,1284.33
8/15/2017,1271.19
8/16/2017,1274.26
8/17/2017,1284.53
8/18/2017,1295.8
8/19/2017,
8/20/2017,
8/21/2017,1291.7
8/22/2017,1287.32
8/23/2017,1289.3
8/24/2017,1287.34
8/25/2017,1292.94
8/26/2017,
8/27/2017,
8/28/2017,1307.24
8/29/2017,1317.06
8/30/2017,1308.73
8/31/2017,1316.02
9/1/2017,1321.86
9/2/2017,
9/3/2017,
9/4/2017,1335.69
9/5/2017,1336.54
9/6/2017,1340.82
9/7/2017,1347.38
9/8/2017,1345.93
9/9/2017,
9/10/2017,
9/11/2017,1335.27
9/12/2017,1326.59
9/13/2017,1323.07
9/14/2017,1325.17
9/15/2017,1322.07
9/16/2017,
9/17/2017,
9/18/2017,1309.22
9/19/2017,1308.64
9/20/2017,1312.78
9/21/2017,1291.75
9/22/2017,1296.03
9/23/2017,
9/24/2017,
9/25/2017,1305.13
9/26/2017,1301.27
9/27/2017,1287.68
9/28/2017,1285.1
9/29/2017,1283.83
9/30/2017,
10/1/2017,
10/2/2017,1273.71
10/3/2017,1274.16
10/4/2017,1274.88
10/5/2017,1273.46
10/6/2017,1271.67
10/7/2017,
10/8/2017,
10/9/2017,1281.86
10/10/2017,1292.88
10/11/2017,1288.57
10/12/2017,1292.91
10/13/2017,1299.57
10/14/2017,
10/15/2017,
10/16/2017,1303.8
10/17/2017,1282.57
10/18/2017,1280.47
10/19/2017,1288.49
10/20/2017,1282.44
10/21/2017,
10/22/2017,
10/23/2017,1274.89
10/24/2017,1275.03
10/25/2017,1276.4
10/26/2017,1272.57
10/27/2017,1269.69
10/28/2017,
10/29/2017,
10/30/2017,1276.03
10/31/2017,1269.46
11/1/2017,1276.71
11/2/2017,1276.47
11/3/2017,1267.8
11/4/2017,
11/5/2017,
11/6/2017,1273.85
11/7/2017,1274.45
11/8/2017,1285.17
11/9/2017,1284.11
11/10/2017,1276.33
11/11/2017,
11/12/2017,
11/13/2017,1279.04
11/14/2017,1279.27
11/15/2017,1278.63
11/16/2017,1280.3
11/17/2017,1287.7
11/18/2017,
11/19/2017,
11/20/2017,1285.65
11/21/2017,1282.48
11/22/2017,1289.44
11/23/2017,1291.09
11/24/2017,1288.83
11/25/2017,
11/26/2017,
11/27/2017,1296.17
11/28/2017,1294.35
11/29/2017,1284.12
11/30/2017,1279.13
12/1/2017,1282.96
12/2/2017,
12/3/2017,
12/4/2017,1274.97
12/5/2017,1263.72
12/6/2017,1263.27
12/7/2017,1254.2
12/8/2017,1248.06
12/9/2017,
12/10/2017,
12/11/2017,1247.77
12/12/2017,1237.65
12/13/2017,1247.38
12/14/2017,1253.09
12/15/2017,1254.69
12/16/2017,
12/17/2017,
12/18/2017,1262.94
12/19/2017,1260.36
12/20/2017,1264.69
12/21/2017,1265.9
12/22/2017,1274.29
12/23/2017,
12/24/2017,
12/25/2017,1274.29
12/26/2017,1282.51
12/27/2017,1286.08
12/28/2017,1294.09
12/29/2017,1303.46
12/30/2017,
12/31/2017,
1/1/2018,1303.46
1/2/2018,1313.1
1/3/2018,1316.26
1/4/2018,1317.88
1/5/2018,1319.36
1/6/2018,
1/7/2018,
1/8/2018,1318.87
1/9/2018,1311.35
1/10/2018,1318.91
1/11/2018,1321.05
1/12/2018,1331.02
1/13/2018,
1/14/2018,
1/15/2018,1340.92
1/16/2018,1335.11
1/17/2018,1335.69
1/18/2018,1329.41
1/19/2018,1333.45
1/20/2018,
1/21/2018,
1/22/2018,1333.88
1/23/2018,1337.31
1/24/2018,1352.7
1/25/2018,1359.26
1/26/2018,1352.59
1/27/2018,
1/28/2018,
1/29/2018,1338.4
1/30/2018,1340.35
1/31/2018,1341.67
2/1/2018,1342.98
2/2/2018,1330.58
2/3/2018,
2/4/2018,
2/5/2018,1334.99
2/6/2018,1327.41
2/7/2018,1322.45
2/8/2018,1316.11
2/9/2018,1313.27
2/10/2018,
2/11/2018,
2/12/2018,1324.74
2/13/2018,1329.63
2/14/2018,1347.82
2/15/2018,1351.7
2/16/2018,1356.19
2/17/2018,
2/18/2018,
2/19/2018,1348.06
2/20/2018,1336.31
2/21/2018,1329.86
2/22/2018,1329.14
2/23/2018,1328.38
2/24/2018,
2/25/2018,
2/26/2018,1332.78
2/27/2018,1318.45
2/28/2018,1319.34
3/1/2018,1305.33
3/2/2018,1320.07
3/3/2018,
3/4/2018,
3/5/2018,1321.07
3/6/2018,1338.19
3/7/2018,1326.31
3/8/2018,1321.43
3/9/2018,1321.86
3/10/2018,
3/11/2018,
3/12/2018,1318.84
3/13/2018,1326.04
3/14/2018,1324.94
3/15/2018,1316.61
3/16/2018,1314.49
3/17/2018,
3/18/2018,
3/19/2018,1319.17
3/20/2018,1312.69
3/21/2018,1324.46
3/22/2018,1327.32
3/23/2018,1348.55
3/24/2018,
3/25/2018,
3/26/2018,1355.32
3/27/2018,1342.83
3/28/2018,1330.33
3/29/2018,1323.43
3/30/2018,1323.43
3/31/2018,
4/1/2018,
4/2/2018,1338.8
4/3/2018,1330.16
4/4/2018,1337.16
4/5/2018,1325.34
4/6/2018,1332.39
4/7/2018,
4/8/2018,
4/9/2018,1333.76
4/10/2018,1339.3
4/11/2018,1358.84
4/12/2018,1338.49
4/13/2018,1345.54
4/14/2018,
4/15/2018,
4/16/2018,1349.18
4/17/2018,1343.67
4/18/2018,1351.67
4/19/2018,1345.3
4/20/2018,1338.58
4/21/2018,
4/22/2018,
4/23/2018,1324.32
4/24/2018,1328.4
4/25/2018,1320.48
4/26/2018,1317.67
4/27/2018,1322.49
4/28/2018,
4/29/2018,
4/30/2018,1313.18
5/1/2018,1304.05
5/2/2018,1306.41
5/3/2018,1313.89
5/4/2018,1310.91
5/5/2018,
5/6/2018,
5/7/2018,1315.2
5/8/2018,1307.8
5/9/2018,1315
5/10/2018,1317.36
5/11/2018,1321.46
5/12/2018,
5/13/2018,
5/14/2018,1319.34
5/15/2018,1294
5/16/2018,1288.62
5/17/2018,1288.43
5/18/2018,1291.89
5/19/2018,
5/20/2018,
5/21/2018,1288.69
5/22/2018,1292.6
5/23/2018,1293.94
5/24/2018,1304.85
5/25/2018,1303.76
5/26/2018,
5/27/2018,
5/28/2018,1299.1
5/29/2018,1302.01
5/30/2018,1301.83
5/31/2018,1304.08
6/1/2018,1298.25
6/2/2018,
6/3/2018,
6/4/2018,1293.47
6/5/2018,1295.34
6/6/2018,1299.28
6/7/2018,1297.88
6/8/2018,1297.79
6/9/2018,
6/10/2018,
6/11/2018,1300.92
6/12/2018,1298.94
6/13/2018,1298.07
6/14/2018,1305.6
6/15/2018,1281.08
6/16/2018,
6/17/2018,
6/18/2018,1278.74
6/19/2018,1274.06
6/20/2018,1274.19
6/21/2018,1268.15
6/22/2018,1269.52
6/23/2018,
6/24/2018,
6/25/2018,1266.33
6/26/2018,1260.82
6/27/2018,1255.49
6/28/2018,1249.94
6/29/2018,1251.13
6/30/2018,
7/1/2018,
7/2/2018,1246.32
7/3/2018,1254.68
7/4/2018,1256
7/5/2018,1258.19
7/6/2018,1254.84
7/7/2018,
7/8/2018,
7/9/2018,1261.56
7/10/2018,1254.45
7/11/2018,1246.32
7/12/2018,1247.32
7/13/2018,1242.19
7/14/2018,
7/15/2018,
7/16/2018,1239.63
7/17/2018,1227.74
7/18/2018,1226.39
7/19/2018,1217.45
7/20/2018,1229.14
7/21/2018,
7/22/2018,
7/23/2018,1224.76
7/24/2018,1227.72
7/25/2018,1228.75
7/26/2018,1227.06
7/27/2018,1224.03
7/28/2018,
7/29/2018,
7/30/2018,1224.31
7/31/2018,1222.01
8/1/2018,1217.51
8/2/2018,1214.15
8/3/2018,1219.63
8/4/2018,
8/5/2018,
8/6/2018,1210.98
8/7/2018,1211.9
8/8/2018,1210.45
8/9/2018,1213.49
8/10/2018,1214.99
8/11/2018,
8/12/2018,
8/13/2018,1195.89
8/14/2018,1197.68
8/15/2018,1179.69
8/16/2018,1181.34
8/17/2018,1179.16
8/18/2018,
8/19/2018,
8/20/2018,1186.62
8/21/2018,1187.9
8/22/2018,1195.27
8/23/2018,1189.55
8/24/2018,1207.49
8/25/2018,
8/26/2018,
8/27/2018,1210.09
8/28/2018,1209.3
8/29/2018,1203.67
8/30/2018,1200.8
8/31/2018,1202.84
9/1/2018,
9/2/2018,
9/3/2018,1201.38
9/4/2018,1192.52
9/5/2018,1197.53
9/6/2018,1199.4
9/7/2018,1198.42
9/8/2018,
9/9/2018,
9/10/2018,1196.71
9/11/2018,1190.71
9/12/2018,1199.03
9/13/2018,1203.07
9/14/2018,1196.72
9/15/2018,
9/16/2018,
9/17/2018,1204.23
9/18/2018,1199.25
9/19/2018,1204.59
9/20/2018,1203.99
9/21/2018,1198.05
9/22/2018,
9/23/2018,
9/24/2018,1201.99
9/25/2018,1202.59
9/26/2018,1194.16
9/27/2018,1182.49
9/28/2018,1191.49
9/29/2018,
9/30/2018,
10/1/2018,1188.49
10/2/2018,1207.1
10/3/2018,1201.7
10/4/2018,1203.34
10/5/2018,1201.98
10/6/2018,
10/7/2018,
10/8/2018,1185.56
10/9/2018,1188.18
10/10/2018,1187.45
10/11/2018,1218.5
10/12/2018,1218.88
10/13/2018,
10/14/2018,
10/15/2018,1227.74
10/16/2018,1228.01
10/17/2018,1226.65
10/18/2018,1227.19
10/19/2018,1226.52
10/20/2018,
10/21/2018,
10/22/2018,1221.69
10/23/2018,1233.08
10/24/2018,1230.54
10/25/2018,1229.45
10/26/2018,1241.8
10/27/2018,
10/28/2018,
10/29/2018,1230.69
10/30/2018,1224.39
10/31/2018,1215.54
11/1/2018,1231.45
11/2/2018,1231.35
11/3/2018,
11/4/2018,
11/5/2018,1230.61
11/6/2018,1227.95
11/7/2018,1227.65
11/8/2018,1224.24
11/9/2018,1210.72
11/10/2018,
11/11/2018,
11/12/2018,1203.36
11/13/2018,1204.26
11/14/2018,1201.8
11/15/2018,1213.32
11/16/2018,1220.92
11/17/2018,
11/18/2018,
11/19/2018,1222.79
11/20/2018,1224.17
11/21/2018,1226.64
11/22/2018,1227.82
11/23/2018,1223.22
11/24/2018,
11/25/2018,
11/26/2018,1223.3
11/27/2018,1213.22
11/28/2018,1213.52
11/29/2018,1227.35
11/30/2018,1219.15
12/1/2018,
12/2/2018,
12/3/2018,1234.19
12/4/2018,1238.44
12/5/2018,1237.77
12/6/2018,1242.94
12/7/2018,1245.81
12/8/2018,
12/9/2018,
12/10/2018,1246.7
12/11/2018,1244.18
12/12/2018,1246.22
12/13/2018,1242.65
12/14/2018,1238.7
12/15/2018,
12/16/2018,
12/17/2018,1242.59
12/18/2018,1246.4
12/19/2018,1255.88
12/20/2018,1258.05
12/21/2018,1259.93
12/22/2018,
12/23/2018,
12/24/2018,1265.54
12/25/2018,1265.54
12/26/2018,1278.6
12/27/2018,1275.31
12/28/2018,1277.53
12/29/2018,
12/30/2018,
12/31/2018,1281.34
1/1/2019,1281.34
1/2/2019,1287.08
1/3/2019,1289.1
1/4/2019,1282.97
1/5/2019,
1/6/2019,
1/7/2019,1288.24
1/8/2019,1284.48
1/9/2019,1289.65
1/10/2019,1289.31
1/11/2019,1290.3
1/12/2019,
1/13/2019,
1/14/2019,1289.85
1/15/2019,1289.4
1/16/2019,1294.48
1/17/2019,1291.74
1/18/2019,1283.55
1/19/2019,
1/20/2019,
1/21/2019,1280.85
1/22/2019,1281.04
1/23/2019,1282.68
1/24/2019,1282.65
1/25/2019,1298.59
1/26/2019,
1/27/2019,
1/28/2019,1302.55
1/29/2019,1310.67
1/30/2019,1311.66
1/31/2019,1322.59
2/1/2019,1317.94
2/2/2019,
2/3/2019,
2/4/2019,1314.58
2/5/2019,1313.48
2/6/2019,1312.17
2/7/2019,1310.48
2/8/2019,1314.26
2/9/2019,
2/10/2019,
2/11/2019,1309.25
2/12/2019,1309.52
2/13/2019,1313.6
2/14/2019,1310.67
2/15/2019,1315.3
2/16/2019,
2/17/2019,
2/18/2019,1326.19
2/19/2019,1337.75
2/20/2019,1345.45
2/21/2019,1331.29
2/22/2019,1330.09
2/23/2019,
2/24/2019,
2/25/2019,1328.34
2/26/2019,1328.33
2/27/2019,1322.36
2/28/2019,1315.65
3/1/2019,1303.67
3/2/2019,
3/3/2019,
3/4/2019,1286.14
3/5/2019,1285.05
3/6/2019,1286.74
3/7/2019,1285.91
3/8/2019,1298.26
3/9/2019,
3/10/2019,
3/11/2019,1292.51
3/12/2019,1297.4
3/13/2019,1308.18
3/14/2019,1294.31
3/15/2019,1302.04
3/16/2019,
3/17/2019,
3/18/2019,1304.69
3/19/2019,1307.29
3/20/2019,1301.49
3/21/2019,1309.53
3/22/2019,1312.6
3/23/2019,
3/24/2019,
3/25/2019,1321.4
3/26/2019,1314.08
3/27/2019,1310.59
3/28/2019,1290.23
3/29/2019,1295.72
3/30/2019,
3/31/2019,
4/1/2019,1291.98
4/2/2019,1290.63
4/3/2019,1291.15
4/4/2019,1288.23
4/5/2019,1292.3
4/6/2019,
4/7/2019,
4/8/2019,1299.36
4/9/2019,1304.93
4/10/2019,1307.88
4/11/2019,1295.73
4/12/2019,1292.28
4/13/2019,
4/14/2019,
4/15/2019,1287.29
4/16/2019,1276.2
4/17/2019,1273.59
4/18/2019,1275.31
4/19/2019,1275.31
4/20/2019,
4/21/2019,
4/22/2019,1275.19
4/23/2019,1268.83
4/24/2019,1274.89
4/25/2019,1280.04
4/26/2019,1287.52
4/27/2019,
4/28/2019,
4/29/2019,1279.54
4/30/2019,1283.06
5/1/2019,1281.91
5/2/2019,1268.45
5/3/2019,1281.04
5/4/2019,
5/5/2019,
5/6/2019,1279.05
5/7/2019,1283.83
5/8/2019,1282.72
5/9/2019,1283.84
5/10/2019,1287.27
5/11/2019,
5/12/2019,
5/13/2019,1297.4
5/14/2019,1296.96
5/15/2019,1296.2
5/16/2019,1287.05
5/17/2019,1276.5
5/18/2019,
5/19/2019,
5/20/2019,1278.13
5/21/2019,1274.19
5/22/2019,1275.31
5/23/2019,1286.69
5/24/2019,1283.77
5/25/2019,
5/26/2019,
5/27/2019,1285.44
5/28/2019,1278.78
5/29/2019,1282
5/30/2019,1288.26
5/31/2019,1300.11
6/1/2019,
6/2/2019,
6/3/2019,1319.82
6/4/2019,1321.4
6/5/2019,1330.56
6/6/2019,1335.64
6/7/2019,1345.85
6/8/2019,
6/9/2019,
6/10/2019,1329.04
6/11/2019,1326.26
6/12/2019,1335.17
6/13/2019,1338.19
6/14/2019,1350.18
6/15/2019,
6/16/2019,
6/17/2019,1338.98
6/18/2019,1348.58
6/19/2019,1344.15
6/20/2019,1384.84
6/21/2019,1393.47
6/22/2019,
6/23/2019,
6/24/2019,1410.04
6/25/2019,1432.35
6/26/2019,1410.14
6/27/2019,1404.85
6/28/2019,1412.3
6/29/2019,
6/30/2019,
7/1/2019,1393.3
7/2/2019,1397.04
7/3/2019,1420.58
7/4/2019,1415.51
7/5/2019,1394.93
7/6/2019,
7/7/2019,
7/8/2019,1398.46
7/9/2019,1397.13
7/10/2019,1406.26
7/11/2019,1411.21
7/12/2019,1407.99
7/13/2019,
7/14/2019,
7/15/2019,1410.51
7/16/2019,1409.56
7/17/2019,1422.06
7/18/2019,1425.53
7/19/2019,1429.33
7/20/2019,
7/21/2019,
7/22/2019,1426.8
7/23/2019,1424.23
7/24/2019,1423.9
7/25/2019,1418.64
7/26/2019,1419.49
7/27/2019,
7/28/2019,
7/29/2019,1419.63
7/30/2019,1428.8
7/31/2019,1427.68
8/1/2019,1413.94
8/2/2019,1445.94
8/3/2019,
8/4/2019,
8/5/2019,1457.49
8/6/2019,1473.73
8/7/2019,1502.56
8/8/2019,1496.49
8/9/2019,1502.47
8/10/2019,
8/11/2019,
8/12/2019,1505.46
8/13/2019,1501.27
8/14/2019,1518.42
8/15/2019,1518.6
8/16/2019,1507.8
8/17/2019,
8/18/2019,
8/19/2019,1501.18
8/20/2019,1502.31
8/21/2019,1503.35
8/22/2019,1500.7
8/23/2019,1534.16
8/24/2019,
8/25/2019,
8/26/2019,1533.97
8/27/2019,1539.04
8/28/2019,1537.47
8/29/2019,1536.9
8/30/2019,1529.31
8/31/2019,
9/1/2019,
9/2/2019,1526.05
9/3/2019,1548.98
9/4/2019,1545.45
9/5/2019,1518.97
9/6/2019,1520.8
9/7/2019,
9/8/2019,
9/9/2019,1501.94
9/10/2019,1496.5
9/11/2019,1495.35
9/12/2019,1513.02
9/13/2019,1493.4
9/14/2019,
9/15/2019,
9/16/2019,1504.65
9/17/2019,1504.15
9/18/2019,1508.2
9/19/2019,1500.4
9/20/2019,1503.68
9/21/2019,
9/22/2019,
9/23/2019,1525.27
9/24/2019,1525.19
9/25/2019,1517.94
9/26/2019,1510.02
9/27/2019,1491.9
9/28/2019,
9/29/2019,
9/30/2019,1473.85
10/1/2019,1482.96
10/2/2019,1498.58
10/3/2019,1509.56
10/4/2019,1507.51
10/5/2019,
10/6/2019,
10/7/2019,1501.79
10/8/2019,1502.91
10/9/2019,1507.54
10/10/2019,1492.14
10/11/2019,1482.15
10/12/2019,
10/13/2019,
10/14/2019,1491.9
10/15/2019,1480.8
10/16/2019,1486.08
10/17/2019,1491.48
10/18/2019,1489.9
10/19/2019,
10/20/2019,
10/21/2019,1485.41
10/22/2019,1484.71
10/23/2019,1493.69
10/24/2019,1502.05
10/25/2019,1509.25
10/26/2019,
10/27/2019,
10/28/2019,1491.19
10/29/2019,1490.27
10/30/2019,1494.46
10/31/2019,1510.23
11/1/2019,1511.25
11/2/2019,
11/3/2019,
11/4/2019,1507.53
11/5/2019,1485.49
11/6/2019,1488.8
11/7/2019,1469.55
11/8/2019,1466.6
11/9/2019,
11/10/2019,
11/11/2019,1452.55
11/12/2019,1451.31
11/13/2019,1464.71
11/14/2019,1471.32
11/15/2019,1466.78
11/16/2019,
11/17/2019,
11/18/2019,1473.03
11/19/2019,1472.94
11/20/2019,1468.99
11/21/2019,1468.35
11/22/2019,1466.13
11/23/2019,
11/24/2019,
11/25/2019,1457.24
11/26/2019,1459.65
11/27/2019,1454.27
11/28/2019,1455.7
11/29/2019,1461.54
11/30/2019,
12/1/2019,
12/2/2019,1464.4
12/3/2019,1478.84
12/4/2019,1473.09
12/5/2019,1477.21
12/6/2019,1459.55
12/7/2019,
12/8/2019,
12/9/2019,1461.78
12/10/2019,1463.3
12/11/2019,1471.36
12/12/2019,1466.15
12/13/2019,1472.23
12/14/2019,
12/15/2019,
12/16/2019,1474.3
12/17/2019,1476.57
12/18/2019,1475.6
12/19/2019,1476.67
12/20/2019,1477.4
12/21/2019,
12/22/2019,
12/23/2019,1482.88
12/24/2019,1499.54
12/25/2019,1499.54
12/26/2019,1499.54
12/27/2019,1512.74
12/28/2019,
12/29/2019,
12/30/2019,1514.92
12/31/2019,1520.5
1/1/2020,1520.5
1/2/2020,1527.8
1/3/2020,1548.22
1/4/2020,
1/5/2020,
1/6/2020,1565.02
1/7/2020,1569.65
1/8/2020,1568.67
1/9/2020,1547.81
1/10/2020,1559.69
1/11/2020,
1/12/2020,
1/13/2020,1559.69
1/14/2020,1543.56
1/15/2020,1550.38
1/16/2020,1550.49
1/17/2020,1557.06
1/18/2020,
1/19/2020,
1/20/2020,1560.78
1/21/2020,1557.77
1/22/2020,1557.59
1/23/2020,1563.91
1/24/2020,1571.2
1/25/2020,
1/26/2020,
1/27/2020,1582.84
1/28/2020,1570.88
1/29/2020,1571.2
1/30/2020,1582.44
1/31/2020,1586.7
2/1/2020,
2/2/2020,
2/3/2020,1576.06
2/4/2020,1555.66
2/5/2020,1558.14
2/6/2020,1563.9
2/7/2020,1567.48
2/8/2020,
2/9/2020,
2/10/2020,1574.48
2/11/2020,1564.53
2/12/2020,1566.69
2/13/2020,1575.71
2/14/2020,1581.57
2/15/2020,
2/16/2020,
2/17/2020,1582.17
2/18/2020,1602.43
2/19/2020,1606.18
2/20/2020,1621.2
2/21/2020,1642.4
2/22/2020,
2/23/2020,
2/24/2020,1673.86
2/25/2020,1654.65
2/26/2020,1639.23
2/27/2020,1647.79
2/28/2020,1586.71
2/29/2020,
3/1/2020,
3/2/2020,1596.46
3/3/2020,1638.34
3/4/2020,1640.3
3/5/2020,1659.7
3/6/2020,1667.99
3/7/2020,
3/8/2020,
3/9/2020,1665.68
3/10/2020,1654.22
3/11/2020,1649.06
3/12/2020,1570.53
3/13/2020,1530.94
3/14/2020,
3/15/2020,
3/16/2020,1502.23
3/17/2020,1539.44
3/18/2020,1490.6
3/19/2020,1475.03
3/20/2020,1486.54
3/21/2020,
3/22/2020,
3/23/2020,1543.67
3/24/2020,1622.25
3/25/2020,1612.98
3/26/2020,1630.56
3/27/2020,1626.54
3/28/2020,
3/29/2020,
3/30/2020,1621.69
3/31/2020,1612.1
4/1/2020,1587.82
4/2/2020,1606.88
4/3/2020,1618.74
4/4/2020,
4/5/2020,
4/6/2020,1649.1
4/7/2020,1651.11
4/8/2020,1648.74
4/9/2020,1681.76
4/10/2020,1681.76
4/11/2020,
4/12/2020,
4/13/2020,1681.76
4/14/2020,1731.06
4/15/2020,1717.36
4/16/2020,1724.73
4/17/2020,1693.9
4/18/2020,
4/19/2020,
4/20/2020,1692.74
4/21/2020,1681.19
4/22/2020,1710.39
4/23/2020,1737.64
4/24/2020,1718.82
4/25/2020,
4/26/2020,
4/27/2020,1713.53
4/28/2020,1702.28
4/29/2020,1700.88
4/30/2020,1704.81
5/1/2020,1691.97
5/2/2020,
5/3/2020,
5/4/2020,1704.49
5/5/2020,1698.9
5/6/2020,1686.94
5/7/2020,1698.76
5/8/2020,1713.78
5/9/2020,
5/10/2020,
5/11/2020,1695.7
5/12/2020,1708.97
5/13/2020,1715.12
5/14/2020,1730.11
5/15/2020,1744.07
5/16/2020,
5/17/2020,
5/18/2020,1736.54
5/19/2020,1739.13
5/20/2020,1745.99
5/21/2020,1724.32
5/22/2020,1736.32
5/23/2020,
5/24/2020,
5/25/2020,1731.03
5/26/2020,1709.48
5/27/2020,1700.95
5/28/2020,1722.73
5/29/2020,1731.55
5/30/2020,
5/31/2020,
6/1/2020,1738.02
6/2/2020,1739.61
6/3/2020,1696.19
6/4/2020,1712.17
6/5/2020,1681.39
6/6/2020,
6/7/2020,
6/8/2020,1690.47
6/9/2020,1718.72
6/10/2020,1717.54
6/11/2020,1741.94
6/12/2020,1733.8
6/13/2020,
6/14/2020,
6/15/2020,1721.16
6/16/2020,1727.34
6/17/2020,1748.03
6/18/2020,1724.09
6/19/2020,1741.04
6/20/2020,
6/21/2020,
6/22/2020,1756.93
6/23/2020,1767.04
6/24/2020,1772.24
6/25/2020,1760.27
6/26/2020,1760.56
6/27/2020,
6/28/2020,
6/29/2020,1772.68
6/30/2020,1783.66
7/1/2020,1763.12
7/2/2020,1776.31
7/3/2020,1775.36
7/4/2020,
7/5/2020,
7/6/2020,1783.27
7/7/2020,1793.97
7/8/2020,1812.09
7/9/2020,1801.65
7/10/2020,1800.69
7/11/2020,
7/12/2020,
7/13/2020,1806.22
7/14/2020,1809.04
7/15/2020,1806.74
7/16/2020,1805.56
7/17/2020,1810.06
7/18/2020,
7/19/2020,
7/20/2020,1817.09
7/21/2020,1838.3
7/22/2020,1856.7
7/23/2020,1887.7
7/24/2020,1902.48
7/25/2020,
7/26/2020,
7/27/2020,1941.43
7/28/2020,1949.97
7/29/2020,1955.46
7/30/2020,1940.1
7/31/2020,1975.1
8/1/2020,
8/2/2020,
8/3/2020,1973.74
8/4/2020,1994.05
8/5/2020,2047.55
8/6/2020,2052.5
8/7/2020,2039.08
8/8/2020,
8/9/2020,
8/10/2020,2036.19
8/11/2020,1950.13
8/12/2020,1944.14
8/13/2020,1947.7
8/14/2020,1948.09
8/15/2020,
8/16/2020,
8/17/2020,1983.71
8/18/2020,1995.56
8/19/2020,1963.24
8/20/2020,1942.01
8/21/2020,1939.85
8/22/2020,
8/23/2020,
8/24/2020,1931.69
8/25/2020,1920.86
8/26/2020,1940.06
8/27/2020,1918.27
8/28/2020,1966.36
8/29/2020,
8/30/2020,
8/31/2020,1967.93
9/1/2020,1976.52
9/2/2020,1940.23
9/3/2020,1935.33
9/4/2020,1921.33
9/5/2020,
9/6/2020,
9/7/2020,1929.41
9/8/2020,1926.65
9/9/2020,1945.89
9/10/2020,1958.04
9/11/2020,1947.8
9/12/2020,
9/13/2020,
9/14/2020,1959.39
9/15/2020,1953.24
9/16/2020,1966.77
9/17/2020,1948.3
9/18/2020,1954.65
9/19/2020,
9/20/2020,
9/21/2020,1897.09
9/22/2020,1903.6
9/23/2020,1868.69
9/24/2020,1863.8
9/25/2020,1862.09
9/26/2020,
9/27/2020,
9/28/2020,1869.9
9/29/2020,1886.19
9/30/2020,1899.84
10/1/2020,1908.54
10/2/2020,1907.74
10/3/2020,
10/4/2020,
10/5/2020,1913.4
10/6/2020,1912.99
10/7/2020,1883.72
10/8/2020,1889.49
10/9/2020,1926.15
10/10/2020,
10/11/2020,
10/12/2020,1921.98
10/13/2020,1891.63
10/14/2020,1910.19
10/15/2020,1900.24
10/16/2020,1903.31
10/17/2020,
10/18/2020,
10/19/2020,1906.81
10/20/2020,1908.43
10/21/2020,1923.29
10/22/2020,1899.38
10/23/2020,1899.92
10/24/2020,
10/25/2020,
10/26/2020,1904.99
10/27/2020,1909.74
10/28/2020,1882.04
10/29/2020,1872.14
10/30/2020,1880.77
10/31/2020,
11/1/2020,
11/2/2020,1894.44
11/3/2020,1905.12
11/4/2020,1899.19
11/5/2020,1948.94
11/6/2020,1951.65
11/7/2020,
11/8/2020,
11/9/2020,1855.21
11/10/2020,1884.61
11/11/2020,1865.58
11/12/2020,1879.3
11/13/2020,1893.05
11/14/2020,
11/15/2020,
11/16/2020,1890.88
11/17/2020,1887.27
11/18/2020,1880.58
11/19/2020,1859.44
11/20/2020,1873.93
11/21/2020,
11/22/2020,
11/23/2020,1832.1
11/24/2020,1805.54
11/25/2020,1812.8
11/26/2020,1809.94
11/27/2020,1784.73
11/28/2020,
11/29/2020,
11/30/2020,1774.39
12/1/2020,1810.06
12/2/2020,1827.5
12/3/2020,1827.49
12/4/2020,1833.94
12/5/2020,
12/6/2020,
12/7/2020,1865.82
12/8/2020,1867.21
12/9/2020,1848.21
12/10/2020,1834.44
12/11/2020,1845.61
12/12/2020,
12/13/2020,
12/14/2020,1826.96
12/15/2020,1847.49
12/16/2020,1862.49
12/17/2020,1888.09
12/18/2020,1884.24
12/19/2020,
12/20/2020,
12/21/2020,1877.2
12/22/2020,1864.24
12/23/2020,1871.43
12/24/2020,1878.44
12/25/2020,1878.44
12/26/2020,
12/27/2020,
12/28/2020,1881.86
12/29/2020,1880.24
12/30/2020,1885.07
12/31/2020,1897.77
1/1/2021,1897.77
1/2/2021,
1/3/2021,
1/4/2021,1939.47
1/5/2021,1946.69
1/6/2021,1901.5
1/7/2021,1917.18
1/8/2021,1854.99
1/9/2021,
1/10/2021,
1/11/2021,1849.06
1/12/2021,1845.49
1/13/2021,1858.31
1/14/2021,1849.15
1/15/2021,1825.48
1/16/2021,
1/17/2021,
1/18/2021,1837.23
1/19/2021,1841.9
1/20/2021,1865.59
1/21/2021,1865.59
1/22/2021,1854.08
1/23/2021,
1/24/2021,
1/25/2021,1848.97
1/26/2021,1853.45
1/27/2021,1847.79
1/28/2021,1855.88
1/29/2021,1858.01
1/30/2021,
1/31/2021,
2/1/2021,1862.56
2/2/2021,1838.56
2/3/2021,1834.69
2/4/2021,1789.94
2/5/2021,1808.24
2/6/2021,
2/7/2021,
2/8/2021,1836.15
2/9/2021,1838.34
2/10/2021,1836.66
2/11/2021,1836.85
2/12/2021,1826.76
2/13/2021,
2/14/2021,
2/15/2021,1819.17
2/16/2021,1810.49
2/17/2021,1770.17
2/18/2021,1778.1
2/19/2021,1785.19
2/20/2021,
2/21/2021,
2/22/2021,1808.19
2/23/2021,1805.4
2/24/2021,1794.92
2/25/2021,1777.67
2/26/2021,1727.44
2/27/2021,
2/28/2021,
3/1/2021,1738.72
3/2/2021,1727.1
3/3/2021,1721.09
3/4/2021,1719.14
3/5/2021,1696.1
3/6/2021,
3/7/2021,
3/8/2021,1681.84
3/9/2021,1716.7
3/10/2021,1717.3
3/11/2021,1722.16
3/12/2021,1710.69
3/13/2021,
3/14/2021,
3/15/2021,1729.58
3/16/2021,1728.53
3/17/2021,1727.24
3/18/2021,1735.59
3/19/2021,1740.01
3/20/2021,
3/21/2021,
3/22/2021,1740.01
3/23/2021,1727.67
3/24/2021,1736.84
3/25/2021,1730.71
3/26/2021,1733.21
3/27/2021,
3/28/2021,
3/29/2021,1711.05
3/30/2021,1685.74
3/31/2021,1704.74
4/1/2021,1729.6
4/2/2021,1729.6
4/3/2021,
4/4/2021,
4/5/2021,1727.68
4/6/2021,1744.13
4/7/2021,1742.66
4/8/2021,1756.04
4/9/2021,1742.83
4/10/2021,
4/11/2021,
4/12/2021,1734.6
4/13/2021,1742.64
4/14/2021,1735.27
4/15/2021,1765.62
4/16/2021,1778.91
4/17/2021,
4/18/2021,
4/19/2021,1775.44
4/20/2021,1776.02
4/21/2021,1792.35
4/22/2021,1784.52
4/23/2021,1775.76
4/24/2021,
4/25/2021,
4/26/2021,1777.75
4/27/2021,1779.8
4/28/2021,1773.5
4/29/2021,1769.01
4/30/2021,1770.46
5/1/2021,
5/2/2021,
5/3/2021,1792.91
5/4/2021,1777.6
5/5/2021,1783.33
5/6/2021,1814.74
5/7/2021,1835.08
5/8/2021,
5/9/2021,
5/10/2021,1837.95
5/11/2021,1829.7
5/12/2021,1830.15
5/13/2021,1821.7
5/14/2021,1837.32
5/15/2021,
5/16/2021,
5/17/2021,1863.3
5/18/2021,1868.1
5/19/2021,1883.59
5/20/2021,1879.55
5/21/2021,1874.94
5/22/2021,
5/23/2021,
5/24/2021,1884.53
5/25/2021,1892
5/26/2021,1904.1
5/27/2021,1891.3
5/28/2021,1895.21
5/29/2021,
5/30/2021,
5/31/2021,1905.99
6/1/2021,1898.7
6/2/2021,1903.45
6/3/2021,1871.58
6/4/2021,1894.25
6/5/2021,
6/6/2021,
6/7/2021,1893.1
6/8/2021,1893.15
6/9/2021,1890.38
6/10/2021,1890.7
6/11/2021,1882.28
6/12/2021,
6/13/2021,
6/14/2021,1864.56
6/15/2021,1860.65
6/16/2021,1856.3
6/17/2021,1773.55
6/18/2021,1775.97
6/19/2021,
6/20/2021,
6/21/2021,1784.96
6/22/2021,1780.75
6/23/2021,1788.38
6/24/2021,1780.74
6/25/2021,1780.98
6/26/2021,
6/27/2021,
6/28/2021,1781.7
6/29/2021,1758.48
6/30/2021,1765.43
7/1/2021,1770.53
7/2/2021,1783.7
7/3/2021,
7/4/2021,
7/5/2021,1790.97
7/6/2021,1802.95
7/7/2021,1803.55
7/8/2021,1798.31
7/9/2021,1808.25
7/10/2021,
7/11/2021,
7/12/2021,1804.35
7/13/2021,1812.59
7/14/2021,1822.61
7/15/2021,1823.32
7/16/2021,1812.56
7/17/2021,
7/18/2021,
7/19/2021,1807.5
7/20/2021,1810.1
7/21/2021,1802.65
7/22/2021,1804.26
7/23/2021,1798.95
7/24/2021,
7/25/2021,
7/26/2021,1799.95
7/27/2021,1797.53
7/28/2021,1801.68
7/29/2021,1829.2
7/30/2021,1823.24
7/31/2021,
8/1/2021,
8/2/2021,1815.17
8/3/2021,1808.92
8/4/2021,1808.32
8/5/2021,1802.65
8/6/2021,1763.95
8/7/2021,
8/8/2021,
8/9/2021,1729.14
8/10/2021,1727.58
8/11/2021,1749.47
8/12/2021,1748.35
8/13/2021,1774.35
8/14/2021,
8/15/2021,
8/16/2021,1787.34
8/17/2021,1783
8/18/2021,1779.9
8/19/2021,1781.68
8/20/2021,1782.6
8/21/2021,
8/22/2021,
8/23/2021,1802.35
8/24/2021,1805.67
8/25/2021,1786.75
8/26/2021,1795.7
8/27/2021,1807.61
8/28/2021,
8/29/2021,
8/30/2021,1811.11
8/31/2021,1806.3
9/1/2021,1811.1
9/2/2021,1812.6
9/3/2021,1833.8
9/4/2021,
9/5/2021,
9/6/2021,1822.21
9/7/2021,1793.3
9/8/2021,1793.76
9/9/2021,1791.35
9/10/2021,1794.44
9/11/2021,
9/12/2021,
9/13/2021,1795.24
9/14/2021,1807.8
9/15/2021,1793.97
9/16/2021,1757.39
9/17/2021,1753.95
9/18/2021,
9/19/2021,
9/20/2021,1764.6
9/21/2021,1779
9/22/2021,1776.84
9/23/2021,1748.75
9/24/2021,1752.18
9/25/2021,
9/26/2021,
9/27/2021,1750.15
9/28/2021,1736.95
9/29/2021,1731.4
9/30/2021,1760.95
10/1/2021,1756.1
10/2/2021,
10/3/2021,
10/4/2021,1764.6
10/5/2021,1754.6
10/6/2021,1756.89
10/7/2021,1758.75
10/8/2021,1759.45
10/9/2021,
10/10/2021,
10/11/2021,1758
10/12/2021,1763.21
10/13/2021,1792.7
10/14/2021,1797.15
10/15/2021,1773.45
10/16/2021,
10/17/2021,
10/18/2021,1767.9
10/19/2021,1772.55
10/20/2021,1783.66
10/21/2021,1780.5
10/22/2021,1806.38
10/23/2021,
10/24/2021,
10/25/2021,1806.97
10/26/2021,1788
10/27/2021,1792.35
10/28/2021,1801.15
10/29/2021,1776.81
10/30/2021,
10/31/2021,
11/1/2021,1790.55
11/2/2021,1789.11
11/3/2021,1762.85
11/4/2021,1792.59
11/5/2021,1810.47
11/6/2021,
11/7/2021,
11/8/2021,1822.59
11/9/2021,1824
11/10/2021,1854.66
11/11/2021,1860.5
11/12/2021,1862.36
11/13/2021,
11/14/2021,
11/15/2021,1860.55
11/16/2021,1861.25
11/17/2021,1863.82
11/18/2021,1861.35
11/19/2021,1859.66
11/20/2021,
11/21/2021,
11/22/2021,1821
11/23/2021,1782.94
11/24/2021,1784.54
11/25/2021,1789.82
11/26/2021,1799.35
11/27/2021,
11/28/2021,
11/29/2021,1786.23
11/30/2021,1780.05
12/1/2021,1786.6
12/2/2021,1765.79
12/3/2021,1774.9
12/4/2021,
12/5/2021,
12/6/2021,1780.04
12/7/2021,1783.11
12/8/2021,1782.27
12/9/2021,1779.2
12/10/2021,1784.9
12/11/2021,
12/12/2021,
12/13/2021,1788.2
12/14/2021,1775.32
12/15/2021,1767.38
12/16/2021,1797
12/17/2021,1803.45
12/18/2021,
12/19/2021,
12/20/2021,1795.3
12/21/2021,1786.9
12/22/2021,1799.18
12/23/2021,1807.9
12/24/2021,1808.4
12/25/2021,
12/26/2021,
12/27/2021,1812.46
12/28/2021,1809.9
12/29/2021,1803.35
12/30/2021,1810.1
12/31/2021,1822.39
1/1/2022,
1/2/2022,
1/3/2022,1800.3
1/4/2022,1813.95
1/5/2022,1824.6
1/6/2022,1792.45
1/7/2022,1791.65
1/8/2022,
1/9/2022,
1/10/2022,1794.95
1/11/2022,1813.35
1/12/2022,1821.81
1/13/2022,1815.59
1/14/2022,1821.25
1/15/2022,
1/16/2022,
1/17/2022,1818.73
1/18/2022,1815.7
1/19/2022,1840.16
1/20/2022,1844.8
1/21/2022,1832.12
1/22/2022,
1/23/2022,
1/24/2022,1834.69
1/25/2022,1847.28
1/26/2022,1833.31
1/27/2022,1797
1/28/2022,1784.65
1/29/2022,
1/30/2022,
1/31/2022,1796.65
2/1/2022,1806.36
2/2/2022,1809.15
2/3/2022,1804.9
2/4/2022,1803.92
2/5/2022,
2/6/2022,
2/7/2022,1815.07
2/8/2022,1826.35
2/9/2022,1830.5
2/10/2022,1839.18
2/11/2022,1833.51
2/12/2022,
2/13/2022,
2/14/2022,1866.37
2/15/2022,1849.15
2/16/2022,1862.07
2/17/2022,1895.61
2/18/2022,1895.4
2/19/2022,
2/20/2022,
2/21/2022,1896.39
2/22/2022,1899.1
2/23/2022,1906.95
2/24/2022,1925
2/25/2022,1887.3
2/26/2022,
2/27/2022,
2/28/2022,1903.75
3/1/2022,1925.55
3/2/2022,1919.1
3/3/2022,1926.45
3/4/2022,1961.1
3/5/2022,
3/6/2022,
3/7/2022,1979.83
3/8/2022,2056.1
3/9/2022,2001.75
3/10/2022,1997.1
3/11/2022,1983.2
3/12/2022,
3/13/2022,
3/14/2022,1956.35
3/15/2022,1925.05
3/16/2022,1909.91
3/17/2022,1943.15
3/18/2022,1930.48
3/19/2022,
3/20/2022,
3/21/2022,1937.17
3/22/2022,1919.93
3/23/2022,1929.93
3/24/2022,1962.8
3/25/2022,1958.8
3/26/2022,
3/27/2022,
3/28/2022,1937.25
3/29/2022,1911.05
3/30/2022,1937.4
3/31/2022,1941.15
4/1/2022,1927.5
4/2/2022,
4/3/2022,
4/4/2022,1933.91
4/5/2022,1930.83
4/6/2022,1928.85
4/7/2022,1932.9
4/8/2022,1942.86
4/9/2022,
4/10/2022,
4/11/2022,1952.79
4/12/2022,1975.63
4/13/2022,1977.17
4/14/2022,1968.75
4/15/2022,1968.75
4/16/2022,
4/17/2022,
4/18/2022,1984.13
4/19/2022,1953.22
4/20/2022,1953
4/21/2022,1944.5
4/22/2022,1928.45
4/23/2022,
4/24/2022,
4/25/2022,1898.4
4/26/2022,1905.32
4/27/2022,1885.36
4/28/2022,1887.25
4/29/2022,1908.49
4/30/2022,
5/1/2022,
5/2/2022,1860.96
5/3/2022,1876.4
5/4/2022,1867.43
5/5/2022,1880.85
5/6/2022,1885.9
5/7/2022,
5/8/2022,
5/9/2022,1861.81
5/10/2022,1845.95
5/11/2022,1849.36
5/12/2022,1841.65
5/13/2022,1815.18
5/14/2022,
5/15/2022,
5/16/2022,1813.11
5/17/2022,1821.8
5/18/2022,1815.98
5/19/2022,1845.77
5/20/2022,1843.73
5/21/2022,
5/22/2022,
5/23/2022,1854.35
5/24/2022,1866.3
5/25/2022,1849.95
5/26/2022,1845.32
5/27/2022,1852.17
5/28/2022,
5/29/2022,
5/30/2022,1857.22
5/31/2022,1845.14
6/1/2022,1843.85
6/2/2022,1868
6/3/2022,1868
6/4/2022,
6/5/2022,
6/6/2022,1843.79
6/7/2022,1851.45
6/8/2022,1858.08
6/9/2022,1843.42
6/10/2022,1858.4
6/11/2022,
6/12/2022,
6/13/2022,1826.24
6/14/2022,1813.55
6/15/2022,1821.95
6/16/2022,1835.51
6/17/2022,1840.35
6/18/2022,
6/19/2022,
6/20/2022,1837.75
6/21/2022,1838.5
6/22/2022,1839.6
6/23/2022,1841.05
6/24/2022,1828.5
6/25/2022,
6/26/2022,
6/27/2022,1824.7
6/28/2022,1820.4
6/29/2022,1816.64
6/30/2022,1806.87
7/1/2022,1807.5
7/2/2022,
7/3/2022,
7/4/2022,1807.8
7/5/2022,1767.85
7/6/2022,1738.95
7/7/2022,1741.4
7/8/2022,1745.9
7/9/2022,
7/10/2022,
7/11/2022,1737.9
7/12/2022,1732.39
7/13/2022,1744.9
7/14/2022,1706.16
7/15/2022,1705.3
7/16/2022,
7/17/2022,
7/18/2022,1711.22
7/19/2022,1713.92
7/20/2022,1708.51
7/21/2022,1713.9
7/22/2022,1730.95
7/23/2022,
7/24/2022,
7/25/2022,1717.13
7/26/2022,1719.05
7/27/2022,1716.77
7/28/2022,1753.25
7/29/2022,1764.24
7/30/2022,
7/31/2022,
8/1/2022,1765.57
8/2/2022,1777.14
8/3/2022,1757.41
8/4/2022,1786.31
8/5/2022,1775.83
8/6/2022,
8/7/2022,
8/8/2022,1786.87
8/9/2022,1792.65
8/10/2022,1800.03
8/11/2022,1788.3
8/12/2022,1794.5
8/13/2022,
8/14/2022,
8/15/2022,1779.04
8/16/2022,1777.2
8/17/2022,1762.75
8/18/2022,1761.08
8/19/2022,1749.55
8/20/2022,
8/21/2022,
8/22/2022,1736.22
8/23/2022,1752
8/24/2022,1753.77
8/25/2022,1757.19
8/26/2022,1736.75
8/27/2022,
8/28/2022,
8/29/2022,1740.33
8/30/2022,1725
8/31/2022,1719.56
9/1/2022,1697.75
9/2/2022,1716.6
9/3/2022,
9/4/2022,
9/5/2022,1711.35
9/6/2022,1704.55
9/7/2022,1712.33
9/8/2022,1706.86
9/9/2022,1714.4
9/10/2022,
9/11/2022,
9/12/2022,1729.6
9/13/2022,1704.5
9/14/2022,1705.15
9/15/2022,1667.1
9/16/2022,1675.2
9/17/2022,
9/18/2022,
9/19/2022,1674.28
9/20/2022,1666.4
9/21/2022,1668.1
9/22/2022,1669.6
9/23/2022,1643.85
9/24/2022,
9/25/2022,
9/26/2022,1644.2
9/27/2022,1635.05
9/28/2022,1652.2
9/29/2022,1657.45
9/30/2022,1674.06
10/1/2022,
10/2/2022,
10/3/2022,1691.4
10/4/2022,1724.5
10/5/2022,1708.05
10/6/2022,1712.15
10/7/2022,1702.29
10/8/2022,
10/9/2022,
10/10/2022,1668.1
10/11/2022,1671.35
10/12/2022,1669
10/13/2022,1653.75
10/14/2022,1647.2
10/15/2022,
10/16/2022,
10/17/2022,1660.9
10/18/2022,1651.73
10/19/2022,1634.23
10/20/2022,1645.03
10/21/2022,1642.4
10/22/2022,
10/23/2022,
10/24/2022,1647.7
10/25/2022,1654.75
10/26/2022,1671.55
10/27/2022,1663.85
10/28/2022,1641.2
10/29/2022,
10/30/2022,
10/31/2022,1638.03
11/1/2022,1645.14
11/2/2022,1647.53
11/3/2022,1628
11/4/2022,1673.4
11/5/2022,
11/6/2022,
11/7/2022,1679.35
11/8/2022,1698.8
11/9/2022,1716.59
11/10/2022,1746.93
11/11/2022,1762.55
11/12/2022,
11/13/2022,
11/14/2022,1774.78
11/15/2022,1770.22
11/16/2022,1775.2
11/17/2022,1760.05
11/18/2022,1754.26
11/19/2022,
11/20/2022,
11/21/2022,1736.85
11/22/2022,1744.25
11/23/2022,1739.85
11/24/2022,1756.11
11/25/2022,1749.74
11/26/2022,
11/27/2022,
11/28/2022,1749.03
11/29/2022,1753.2
11/30/2022,1751.94
12/1/2022,1799.98
12/2/2022,1789.75
12/3/2022,
12/4/2022,
12/5/2022,1778.21
12/6/2022,1774.54
12/7/2022,1776.88
12/8/2022,1788.01
12/9/2022,1798.42
12/10/2022,
12/11/2022,
12/12/2022,1782.25
12/13/2022,1813.45
12/14/2022,1811.05
12/15/2022,1777.45
12/16/2022,1789.78
12/17/2022,
12/18/2022,
12/19/2022,1785.97
12/20/2022,1817.3
12/21/2022,1816.42
12/22/2022,1796.1
12/23/2022,1802.61
12/24/2022,
12/25/2022,
12/26/2022,1798.24
12/27/2022,1823.91
12/28/2022,1797.94
12/29/2022,1812.36
12/30/2022,1815.64
12/31/2022,
1/1/2023,
1/2/2023,1823.95
1/3/2023,1829.95
1/4/2023,1859.3
1/5/2023,1830.69
1/6/2023,1862.21
1/7/2023,
1/8/2023,
1/9/2023,1875.23
1/10/2023,1875.29
1/11/2023,1870.17
1/12/2023,1890.77
1/13/2023,1911.17
1/14/2023,
1/15/2023,
1/16/2023,1915.93
1/17/2023,1910.61
1/18/2023,1912.42
1/19/2023,1920.24
1/20/2023,1928.55
1/21/2023,
1/22/2023,
1/23/2023,1924.71
1/24/2023,1934.8
1/25/2023,1929.6
1/26/2023,1926.83
1/27/2023,1928.09
1/28/2023,
1/29/2023,
1/30/2023,1924.61
1/31/2023,1928.19
2/1/2023,1929.99
2/2/2023,1923.15
2/3/2023,1870.38
2/4/2023,
2/5/2023,
2/6/2023,1867.15
2/7/2023,1875.17
2/8/2023,1875.37
2/9/2023,1874.28
2/10/2023,1860.06
2/11/2023,
2/12/2023,
2/13/2023,1852.97
2/14/2023,1850.15
2/15/2023,1834.27
2/16/2023,1832.97
2/17/2023,1837.4
2/18/2023,
2/19/2023,
2/20/2023,1843.77
2/21/2023,1835.6
2/22/2023,1835.13
2/23/2023,1820.69
2/24/2023,1809.85
2/25/2023,
2/26/2023,
2/27/2023,1814.06
2/28/2023,1825.97
3/1/2023,1838.55
3/2/2023,1836.85
3/3/2023,1846.15
3/4/2023,
3/5/2023,
3/6/2023,1851.29
3/7/2023,1819.4
3/8/2023,1820.8
3/9/2023,1827.89
3/10/2023,1859.13
3/11/2023,
3/12/2023,
3/13/2023,1904.78
3/14/2023,1904.15
3/15/2023,1929.14
3/16/2023,1918.06
3/17/2023,1961.15
3/18/2023,
3/19/2023,
3/20/2023,1978.47
3/21/2023,1946.34
3/22/2023,1946.39
3/23/2023,1988.08
3/24/2023,1993.15
3/25/2023,
3/26/2023,
3/27/2023,1958.08
3/28/2023,1969.62
3/29/2023,1965.52
3/30/2023,1974.42
3/31/2023,1976.5
4/1/2023,
4/2/2023,
4/3/2023,1986.27
4/4/2023,2021.85
4/5/2023,2017.25
4/6/2023,2009.6
4/7/2023,2008.37
4/8/2023,
4/9/2023,
4/10/2023,1989.27
4/11/2023,2004.39
4/12/2023,2007.09
4/13/2023,2037.33
4/14/2023,1998.71
4/15/2023,
4/16/2023,
4/17/2023,1990.75
4/18/2023,2008.25
4/19/2023,1993.72
4/20/2023,2000.17
4/21/2023,1978.07
4/22/2023,
4/23/2023,
4/24/2023,1984.49
4/25/2023,1987.51
4/26/2023,1995.05
4/27/2023,1984.83
4/28/2023,1990.4
4/29/2023,
4/30/2023,
5/1/2023,1983.26
5/2/2023,2012.45
5/3/2023,2022.39
5/4/2023,2047.01
5/5/2023,2011.6
5/6/2023,
5/7/2023,
5/8/2023,2023.41
5/9/2023,2026.14
5/10/2023,2022.62
5/11/2023,2020.3
5/12/2023,2010.3
5/13/2023,
5/14/2023,
5/15/2023,2014.98
5/16/2023,1999.15
5/17/2023,1980.6
5/18/2023,1953.7
5/19/2023,1967.25
5/20/2023,
5/21/2023,
5/22/2023,1972.65
5/23/2023,1967.3
5/24/2023,1969.12
5/25/2023,1944.8
5/26/2023,1940.4
5/27/2023,
5/28/2023,
5/29/2023,1946.84
5/30/2023,1958.3
5/31/2023,1971.45
6/1/2023,1979
6/2/2023,1965.02
6/3/2023,
6/4/2023,
6/5/2023,1957.45
6/6/2023,1959.4
6/7/2023,1958
6/8/2023,1968.32
6/9/2023,1963.48
6/10/2023,
6/11/2023,
6/12/2023,1956.45
6/13/2023,1950.9
6/14/2023,1957.7
6/15/2023,1952.6
6/16/2023,1959.35
6/17/2023,
6/18/2023,
6/19/2023,1952.55
6/20/2023,1935.8
6/21/2023,1930.2
6/22/2023,1935.8
6/23/2023,1924.05
6/24/2023,
6/25/2023,
6/26/2023,1925.86
6/27/2023,1915.05
6/28/2023,1909.55
6/29/2023,1911.45
6/30/2023,1916
7/1/2023,
7/2/2023,
7/3/2023,1927.34
7/4/2023,1927.3
7/5/2023,1923.71
7/6/2023,1909.92
7/7/2023,1929.5
7/8/2023,
7/9/2023,
7/10/2023,1922.4
7/11/2023,1932.05
7/12/2023,1953.65
7/13/2023,1959.9
7/14/2023,1959.25
7/15/2023,
7/16/2023,
7/17/2023,1953.35
7/18/2023,1982.75
7/19/2023,1976.05
7/20/2023,1970.1
7/21/2023,1960.65
7/22/2023,
7/23/2023,
7/24/2023,1960.6
7/25/2023,1962.04
7/26/2023,1970.95
7/27/2023,1945.01
7/28/2023,1960.75
7/29/2023,
7/30/2023,
7/31/2023,1968.4
8/1/2023,1943.1
8/2/2023,1934.6
8/3/2023,1936.25
8/4/2023,1939.75
8/5/2023,
8/6/2023,
8/7/2023,1934.3
8/8/2023,1927.5
8/9/2023,1917.56
8/10/2023,1913.85
8/11/2023,1917.85
8/12/2023,
8/13/2023,
8/14/2023,1908.65
8/15/2023,1908.2
8/16/2023,1903.9
8/17/2023,1895.25
8/18/2023,1892.45
8/19/2023,
8/20/2023,
8/21/2023,1888.35
8/22/2023,1897.05
8/23/2023,1917.1
8/24/2023,1921.15
8/25/2023,1905.05
8/26/2023,
8/27/2023,
8/28/2023,1919.29
8/29/2023,1934.7
8/30/2023,1945.6
8/31/2023,1942.45
9/1/2023,1939.25
9/2/2023,
9/3/2023,
9/4/2023,1938.39
9/5/2023,1928.8
9/6/2023,1916.7
9/7/2023,1917.8
9/8/2023,1921.95
9/9/2023,
9/10/2023,
9/11/2023,1921.9
9/12/2023,1912.97
9/13/2023,1912.47
9/14/2023,1911.2
9/15/2023,1928.05
9/16/2023,
9/17/2023,
9/18/2023,1926.85
9/19/2023,1933.7
9/20/2023,1945.35
9/21/2023,1919.86
9/22/2023,1927.45
9/23/2023,
9/24/2023,
9/25/2023,1917.05
9/26/2023,1904.15
9/27/2023,1883.4
9/28/2023,1860.09
9/29/2023,1856.75
9/30/2023,
10/1/2023,
10/2/2023,1830.35
10/3/2023,1825.55
10/4/2023,1823
10/5/2023,1818.4
10/6/2023,1829.8
10/7/2023,
10/8/2023,
10/9/2023,1852.3
10/10/2023,1858.25
10/11/2023,1870.51
10/12/2023,1873.05
10/13/2023,1919.3
10/14/2023,
10/15/2023,
10/16/2023,1920.9
10/17/2023,1926.15
10/18/2023,1941.4
10/19/2023,1954.55
10/20/2023,1993.85
10/21/2023,
10/22/2023,
10/23/2023,1977.45
10/24/2023,1961.75
10/25/2023,1975.25
10/26/2023,1980.25
10/27/2023,1981.9
10/28/2023,
10/29/2023,
10/30/2023,1997.8
10/31/2023,1995.9
11/1/2023,1985.15
11/2/2023,1983.85
11/3/2023,1995.41
11/4/2023,
11/5/2023,
11/6/2023,1984.05
11/7/2023,1963.85
11/8/2023,1958.4
11/9/2023,1959.85
11/10/2023,1946.7
11/11/2023,
11/12/2023,
11/13/2023,1935.95
11/14/2023,1968.7
11/15/2023,1958.4
11/16/2023,1982.65
11/17/2023,1980.95
11/18/2023,
11/19/2023,
11/20/2023,1974.4
11/21/2023,2002.55
11/22/2023,1994.25
11/23/2023,1990.41
11/24/2023,1998.85
11/25/2023,
11/26/2023,
11/27/2023,2008.95
11/28/2023,2034.55
11/29/2023,2041.44
11/30/2023,2037.8
12/1/2023,2056.15
12/2/2023,
12/3/2023,
12/4/2023,2026.45
12/5/2023,2016.3
12/6/2023,2029.2
12/7/2023,2030
12/8/2023,2004.2
12/9/2023,
12/10/2023,
12/11/2023,1982.35
12/12/2023,1983.19
12/13/2023,1982.05
12/14/2023,2040.25
12/15/2023,2035.25
12/16/2023,
12/17/2023,
12/18/2023,2022.4
12/19/2023,2043.8
12/20/2023,2034.65
12/21/2023,2042.65
12/22/2023,2061.35
12/23/2023,
12/24/2023,
12/25/2023,2061.35
12/26/2023,2057.6
12/27/2023,2078.95
12/28/2023,2075.2
12/29/2023,2065.45
12/30/2023,
12/31/2023,
1/1/2024,2065.45
1/2/2024,2066.55
1/3/2024,2033.85
1/4/2024,2045.2
1/5/2024,2056.05
1/6/2024,
1/7/2024,
1/8/2024,2036.45
1/9/2024,2027.45
1/10/2024,2026.15
1/11/2024,2025.5
1/12/2024,2052.7
1/13/2024,
1/14/2024,
1/15/2024,2053.74
1/16/2024,2035.8
1/17/2024,2010.2
1/18/2024,2014.45
1/19/2024,2027.25
1/20/2024,
1/21/2024,
1/22/2024,2021.91
1/23/2024,2026.23
1/24/2024,2013.6
1/25/2024,2019.8
1/26/2024,2016.55
1/27/2024,
1/28/2024,
1/29/2024,2025.53
1/30/2024,2033.38
1/31/2024,2048.35
2/1/2024,2059.85
2/2/2024,2035.4
2/3/2024,
2/4/2024,
2/5/2024,2019.55
2/6/2024,2036.72
2/7/2024,2040.9
2/8/2024,2030.71
2/9/2024,2021.35
2/10/2024,
2/11/2024,
2/12/2024,2013.85
2/13/2024,1994.81
2/14/2024,1989.3
2/15/2024,2000.55
2/16/2024,2010.1
2/17/2024,
2/18/2024,
2/19/2024,2014.8
2/20/2024,2026.66
2/21/2024,2024.55
2/22/2024,2022.87
2/23/2024,2033.4
2/24/2024,
2/25/2024,
2/26/2024,2027.45
2/27/2024,2032.7
2/28/2024,2032.4
2/29/2024,2045.45
3/1/2024,2073.6
3/2/2024,
3/3/2024,
3/4/2024,2115.55
3/5/2024,2127.1
3/6/2024,2145.9
3/7/2024,2151.75
3/8/2024,2173.25
3/9/2024,
3/10/2024,
3/11/2024,2184.65
3/12/2024,2163.1
3/13/2024,2170.85
3/14/2024,2158.4
3/15/2024,2162.05
3/16/2024,
3/17/2024,
3/18/2024,2156.45
3/19/2024,2154.14
3/20/2024,2157.2
3/21/2024,2176.85
3/22/2024,2166.41
3/23/2024,
3/24/2024,
3/25/2024,2176.36
3/26/2024,2176.22
3/27/2024,2190.84
3/28/2024,2214.3
3/29/2024,2214.3
3/30/2024,
3/31/2024,
4/1/2024,2235.12
4/2/2024,2258.93
4/3/2024,2282.97
4/4/2024,2292.47
4/5/2024,2323.04
4/6/2024,
4/7/2024,
4/8/2024,2330.31
4/9/2024,2346.17
4/10/2024,2332.05
4/11/2024,2339.12
4/12/2024,2412.97
4/13/2024,
4/14/2024,
4/15/2024,2346.2
4/16/2024,2386.23
4/17/2024,2390.15
4/18/2024,2381.02
4/19/2024,2394.05
4/20/2024,
4/21/2024,
4/22/2024,2336.49
4/23/2024,2319.17
4/24/2024,2332.07
4/25/2024,2334.59
4/26/2024,2333.34
4/27/2024,
4/28/2024,
4/29/2024,2335.16
4/30/2024,2296.49
5/1/2024,2304.83
5/2/2024,2302.13
5/3/2024,2293.68
5/4/2024,
5/5/2024,
5/6/2024,2323.06
5/7/2024,2316.55
5/8/2024,2313.75
5/9/2024,2336.76
5/10/2024,2361.96
5/11/2024,
5/12/2024,
5/13/2024,2337.43
5/14/2024,2350.8
5/15/2024,2380.75
5/16/2024,2377.58
5/17/2024,2408.25
5/18/2024,
5/19/2024,
5/20/2024,2424.37
5/21/2024,2431.75
5/22/2024,2391.95
5/23/2024,2342.31
5/24/2024,2339.3
5/25/2024,
5/26/2024,
5/27/2024,2354.54
5/28/2024,2356.12
5/29/2024,2340.48
5/30/2024,2344.72
5/31/2024,2330.65
6/1/2024,
6/2/2024,
6/3/2024,2338.98
6/4/2024,2326.79
6/5/2024,2352.38
6/6/2024,2370.33
6/7/2024,2315.44
6/8/2024,
6/9/2024,
6/10/2024,2304.69
6/11/2024,2312.1
6/12/2024,2325.74
6/13/2024,2309.68
6/14/2024,2331.65
6/15/2024,
6/16/2024,
6/17/2024,2323.19
6/18/2024,2323.16
6/19/2024,2325.51
6/20/2024,2358.69
6/21/2024,2332.22
6/22/2024,
6/23/2024,
6/24/2024,2332.42
6/25/2024,2324.37
6/26/2024,2301.87
6/27/2024,2329.74
6/28/2024,2326.3
6/29/2024,
6/30/2024,
7/1/2024,2328.34
7/2/2024,2328.8
7/3/2024,2363.24
7/4/2024,2359.51
7/5/2024,2383.3
7/6/2024,
7/7/2024,
7/8/2024,2373.05
7/9/2024,2353.05
7/10/2024,2377.17
7/11/2024,2418.75
7/12/2024,2411.77
7/13/2024,
7/14/2024,
7/15/2024,2433.6
7/16/2024,2456.29
7/17/2024,2460.1
7/18/2024,2466.5
7/19/2024,2407.24
7/20/2024,
7/21/2024,
7/22/2024,2388.1
7/23/2024,2405.71
7/24/2024,2426.54
7/25/2024,2366.13
7/26/2024,2382.7
7/27/2024,
7/28/2024,
7/29/2024,2376.7
7/30/2024,2390.24
7/31/2024,2421.91
8/1/2024,2446.35
8/2/2024,2413.88
8/3/2024,
8/4/2024,
8/5/2024,2407.9
8/6/2024,2385.84
8/7/2024,2400.38
8/8/2024,2412.87
8/9/2024,2428.21
8/10/2024,
8/11/2024,
8/12/2024,2458.68
8/13/2024,2471.1
8/14/2024,2450.7
8/15/2024,2457.37
8/16/2024,2490
8/17/2024,
8/18/2024,
8/19/2024,2503.81
8/20/2024,2511.28
8/21/2024,2504.97
8/22/2024,2478.01
8/23/2024,2516.05
8/24/2024,
8/25/2024,
8/26/2024,2514.03
8/27/2024,2515.83
8/28/2024,2506.94
8/29/2024,2523.75
8/30/2024,2505.28
8/31/2024,
9/1/2024,
9/2/2024,2500.8
9/3/2024,2480.45
9/4/2024,2496.18
9/5/2024,2507.63
9/6/2024,2514.63
9/7/2024,
9/8/2024,
9/9/2024,2495
9/10/2024,2509.8
9/11/2024,2513.65
9/12/2024,2550.44
9/13/2024,2574.63
9/14/2024,
9/15/2024,
9/16/2024,2581.2
9/17/2024,2575.3
9/18/2024,2571.3
9/19/2024,2581.85
9/20/2024,2614.05
9/21/2024,
9/22/2024,
9/23/2024,2628.58
9/24/2024,2645.54
9/25/2024,2660.3
9/26/2024,2666.5
9/27/2024,2648.24
9/28/2024,
9/29/2024,
9/30/2024,2633.96
10/1/2024,2660.62
10/2/2024,2641.75
10/3/2024,2652.75
10/4/2024,2666.66
10/5/2024,
10/6/2024,
10/7/2024,2641.13
10/8/2024,2612.4
10/9/2024,2615.9
10/10/2024,2624.65
10/11/2024,2657.38
10/12/2024,
10/13/2024,
10/14/2024,2647.35
10/15/2024,2662.43
10/16/2024,2670.88
10/17/2024,2691.7
10/18/2024,2718.35
10/19/2024,
10/20/2024,
10/21/2024,2720.82
10/22/2024,2743.94
10/23/2024,2710.92
10/24/2024,2734.15
10/25/2024,2740.38
10/26/2024,
10/27/2024,
10/28/2024,2743.13
10/29/2024,2767.5
10/30/2024,2784.42
10/31/2024,2740.75
11/1/2024,2743.41
11/2/2024,
11/3/2024,
11/4/2024,2735.55
11/5/2024,2742.16
11/6/2024,2668.7
11/7/2024,2697.11
11/8/2024,2686.3
11/9/2024,
11/10/2024,
11/11/2024,2615.2
11/12/2024,2599.85
11/13/2024,2601.92
11/14/2024,2571.72
11/15/2024,2572.85
11/16/2024,
11/17/2024,
11/18/2024,2613.07
11/19/2024,2625.18
11/20/2024,2647.19
11/21/2024,2668.76
11/22/2024,2706.4
11/23/2024,
11/24/2024,
11/25/2024,2631.4
11/26/2024,2629.06
11/27/2024,2640.95
11/28/2024,2639.96
11/29/2024,2659.45
11/30/2024,
12/1/2024,
12/2/2024,2639.55
12/3/2024,2641
12/4/2024,2654.11
12/5/2024,2640.9
12/6/2024,2637.05
12/7/2024,
12/8/2024,
12/9/2024,2667.86
12/10/2024,2689.4
12/11/2024,2716.18
12/12/2024,2682.45
12/13/2024,2662.55
12/14/2024,
12/15/2024,
12/16/2024,2654.96
12/17/2024,2638.41
12/18/2024,2638.92
12/19/2024,2588.3
12/20/2024,2627.53
12/21/2024,
12/22/2024,
12/23/2024,2609.08
12/24/2024,2613.8
12/25/2024,2613.8
12/26/2024,2634.85
12/27/2024,2616.84
12/28/2024,
12/29/2024,
12/30/2024,2600.43
12/31/2024,2625.35
1/1/2025,2625.35
1/2/2025,2653.73
1/3/2025,2643.49
1/4/2025,
1/5/2025,
1/6/2025,2637.02
1/7/2025,2648.42
1/8/2025,2664.81
1/9/2025,2670.1
1/10/2025,2691.5
1/11/2025,
1/12/2025,
1/13/2025,2666.05
1/14/2025,2672.8
1/15/2025,2681.89
1/16/2025,2718.6
1/17/2025,2716.66
1/18/2025,
1/19/2025,
1/20/2025,2706.73
1/21/2025,2740.35
1/22/2025,2757.32
1/23/2025,2746.8
1/24/2025,2774.39
1/25/2025,
1/26/2025,
1/27/2025,2740.75
1/28/2025,2757.39
1/29/2025,2753.86
1/30/2025,2793.95
1/31/2025,2809.79
2/1/2025,
2/2/2025,
2/3/2025,2819.61
2/4/2025,2837.6
2/5/2025,2869.28
2/6/2025,2852.62
2/7/2025,2871.62
2/8/2025,
2/9/2025,
2/10/2025,2908.25
2/11/2025,2905.5
2/12/2025,2894.06
2/13/2025,2920.07
2/14/2025,2900.3
2/15/2025,
2/16/2025,
2/17/2025,2900.51
2/18/2025,2928.19
2/19/2025,2928.12
2/20/2025,2937.98
2/21/2025,2931.45
2/22/2025,
2/23/2025,
2/24/2025,2942.88
2/25/2025,2899.31
2/26/2025,2913.48
2/27/2025,2875.43
2/28/2025,2851.34
3/1/2025,
3/2/2025,
3/3/2025,2887.34
3/4/2025,2909.56
3/5/2025,2923.42
3/6/2025,2914.26
3/7/2025,2916.24
3/8/2025,
3/9/2025,
3/10/2025,2905.5
3/11/2025,2916.16
3/12/2025,2933.92
3/13/2025,2978.85
3/14/2025,2988.4
3/15/2025,
3/16/2025,
3/17/2025,2997.16
3/18/2025,3033.2
3/19/2025,3034.63
3/20/2025,3042
3/21/2025,3014.5
3/22/2025,
3/23/2025,
3/24/2025,3013.02
3/25/2025,3024
3/26/2025,3017.5
3/27/2025,3052.5
3/28/2025,3083.97
3/29/2025,
3/30/2025,
3/31/2025,3125.25
4/1/2025,3131.35
4/2/2025,3125.82
4/3/2025,3111.16
4/4/2025,3043.8
4/5/2025,
4/6/2025,
4/7/2025,2986.95
4/8/2025,3002.72
4/9/2025,3075.14
4/10/2025,3158.87
4/11/2025,3236.53
4/12/2025,
4/13/2025,
4/14/2025,3209.41
4/15/2025,3219.26
4/16/2025,3309.25
4/17/2025,3303.45
4/18/2025,3303.45
4/19/2025,
4/20/2025,
4/21/2025,3411.87
4/22/2025,3426
4/23/2025,3282.58
4/24/2025,3325.65
4/25/2025,3272.5
4/26/2025,
4/27/2025,
4/28/2025,3329.2
4/29/2025,3311.18
4/30/2025,3308.12
5/1/2025,3218.14
5/2/2025,3263.31
5/3/2025,
5/4/2025,
5/5/2025,3312.25
5/6/2025,3395.26
5/7/2025,3387.34
5/8/2025,3358.35
5/9/2025,3340.95
5/10/2025,
5/11/2025,
5/12/2025,3236.81
5/13/2025,3245.57
5/14/2025,3180.19
5/15/2025,3209.5
5/16/2025,3177.4
5/17/2025,
5/18/2025,
5/19/2025,3235.37
5/20/2025,3279.11
5/21/2025,3312.45
5/22/2025,3289.4
5/23/2025,3357.48
5/24/2025,
5/25/2025,
5/26/2025,3338.43
5/27/2025,3298.05
5/28/2025,3299.24
5/29/2025,3316.27
5/30/2025,3285.34
5/31/2025,
6/1/2025,
6/2/2025,3374.61
6/3/2025,3349.15
6/4/2025,3372.82
6/5/2025,3367.82
6/6/2025,3324.1
6/7/2025,
6/8/2025,
6/9/2025,3323.25
6/10/2025,3325.8
6/11/2025,3341.3
6/12/2025,3380.4
6/13/2025,3425.7
6/14/2025,
6/15/2025,
6/16/2025,3401.3
6/17/2025,3385.74
6/18/2025,3386.07
6/19/2025,3366.58
6/20/2025,3367.64
6/21/2025,
6/22/2025,
6/23/2025,3387.76
6/24/2025,3302.11
6/25/2025,3325.64
6/26/2025,3323.59
6/27/2025,3273.17
6/28/2025,
6/29/2025,
6/30/2025,3284.48
7/1/2025,3342.58
7/2/2025,3342.79
7/3/2025,3327.54
7/4/2025,3332.78
7/5/2025,
7/6/2025,
7/7/2025,3318.75
7/8/2025,3292.62
7/9/2025,3307.8
7/10/2025,3318
7/11/2025,3365.1
7/12/2025,
7/13/2025,
7/14/2025,3348.28
7/15/2025,3346.04
7/16/2025,3348.5
7/17/2025,3333.4
7/18/2025,3352.8
7/19/2025,
7/20/2025,
7/21/2025,3397.15
7/22/2025,3428.34
7/23/2025,3415
7/24/2025,3371.4
7/25/2025,3332.37
7/26/2025,
7/27/2025,
7/28/2025,3309.9
7/29/2025,3329.96
7/30/2025,3300.8
7/31/2025,3296.03
8/1/2025,3349.28
8/2/2025,
8/3/2025,
8/4/2025,3374.1
8/5/2025,3385.74
8/6/2025,3378.14
8/7/2025,3389.6
8/8/2025,3391.61
8/9/2025,
8/10/2025,
8/11/2025,3346.22
8/12/2025,3343.95
8/13/2025,3358.35
8/14/2025,3337.18
8/15/2025,3342.57
8/16/2025,
8/17/2025,
8/18/2025,3334.65
8/19/2025,3323.3
8/20/2025,3342.86
8/21/2025,3338.8
8/22/2025,3376.4
8/23/2025,
8/24/2025,
8/25/2025,3375.48
8/26/2025,3381.54
8/27/2025,3389.49
8/28/2025,3411.68
8/29/2025,3441.44
8/30/2025,
8/31/2025,
9/1/2025,3478.56
9/2/2025,3511.86
9/3/2025,3563.05
9/4/2025,3547.05
9/5/2025,3584.8
9/6/2025,
9/7/2025,
9/8/2025,3645.61
9/9/2025,3635.56
9/10/2025,3648
9/11/2025,3631.57
9/12/2025,3644.31
9/13/2025,
9/14/2025,
9/15/2025,3665.17
9/16/2025,3684.37
9/17/2025,3685.71
9/18/2025,3639.65
9/19/2025,3672
9/20/2025,
9/21/2025,
9/22/2025,3725.35
9/23/2025,3779.06
9/24/2025,3754.11
9/25/2025,3734.9
9/26/2025,3774.7
9/27/2025,
9/28/2025,
9/29/2025,3824.2
9/30/2025,3833.93
10/1/2025,3867.58
10/2/2025,3835.85
10/3/2025,3880.27
10/4/2025,
10/5/2025,
10/6/2025,3954.76
10/7/2025,3986.98
10/8/2025,4039.47
10/9/2025,4026.03
10/10/2025,4006.9
10/11/2025,
10/12/2025,
10/13/2025,4097.05
10/14/2025,4141.25
10/15/2025,4198.35
10/16/2025,4269.82
10/17/2025,4242.5
10/18/2025,
10/19/2025,
10/20/2025,4346.5
10/21/2025,4142.53
10/22/2025,4039.2
10/23/2025,4144.2
10/24/2025,4121.36
10/25/2025,
10/26/2025,
10/27/2025,3993.63
10/28/2025,3963.87
10/29/2025,3997.48
10/30/2025,
10/31/2025,
