observation_date,DGS5
1/2/1962,3.88
1/3/1962,3.87
1/4/1962,3.86
1/5/1962,3.89
1/6/1962,
1/7/1962,
1/8/1962,3.91
1/9/1962,3.93
1/10/1962,3.94
1/11/1962,3.94
1/12/1962,3.95
1/13/1962,
1/14/1962,
1/15/1962,3.96
1/16/1962,3.98
1/17/1962,3.97
1/18/1962,3.96
1/19/1962,3.95
1/20/1962,
1/21/1962,
1/22/1962,3.93
1/23/1962,3.94
1/24/1962,3.93
1/25/1962,3.94
1/26/1962,3.97
1/27/1962,
1/28/1962,
1/29/1962,3.98
1/30/1962,3.98
1/31/1962,3.99
2/1/1962,4
2/2/1962,3.97
2/3/1962,
2/4/1962,
2/5/1962,3.96
2/6/1962,3.96
2/7/1962,3.95
2/8/1962,3.93
2/9/1962,3.91
2/10/1962,
2/11/1962,
2/12/1962,0
2/13/1962,3.91
2/14/1962,3.9
2/15/1962,3.9
2/16/1962,3.88
2/17/1962,
2/18/1962,
2/19/1962,3.86
2/20/1962,3.88
2/21/1962,3.86
2/22/1962,0
2/23/1962,3.83
2/24/1962,
2/25/1962,
2/26/1962,3.8
2/27/1962,3.8
2/28/1962,3.77
3/1/1962,3.71
3/2/1962,3.72
3/3/1962,
3/4/1962,
3/5/1962,3.74
3/6/1962,3.74
3/7/1962,3.74
3/8/1962,3.72
3/9/1962,3.71
3/10/1962,
3/11/1962,
3/12/1962,3.73
3/13/1962,3.7
3/14/1962,3.72
3/15/1962,3.73
3/16/1962,3.72
3/17/1962,
3/18/1962,
3/19/1962,3.71
3/20/1962,3.67
3/21/1962,3.61
3/22/1962,3.58
3/23/1962,3.62
3/24/1962,
3/25/1962,
3/26/1962,3.65
3/27/1962,3.65
3/28/1962,3.64
3/29/1962,3.64
3/30/1962,3.61
3/31/1962,
4/1/1962,
4/2/1962,3.58
4/3/1962,3.55
4/4/1962,3.51
4/5/1962,3.56
4/6/1962,3.55
4/7/1962,
4/8/1962,
4/9/1962,3.57
4/10/1962,3.57
4/11/1962,3.61
4/12/1962,3.61
4/13/1962,3.6
4/14/1962,
4/15/1962,
4/16/1962,3.6
4/17/1962,3.6
4/18/1962,3.6
4/19/1962,3.6
4/20/1962,0
4/21/1962,
4/22/1962,
4/23/1962,3.63
4/24/1962,3.65
4/25/1962,3.66
4/26/1962,3.66
4/27/1962,3.64
4/28/1962,
4/29/1962,
4/30/1962,3.64
5/1/1962,3.63
5/2/1962,3.64
5/3/1962,3.64
5/4/1962,3.64
5/5/1962,
5/6/1962,
5/7/1962,3.64
5/8/1962,3.62
5/9/1962,3.6
5/10/1962,3.61
5/11/1962,3.61
5/12/1962,
5/13/1962,
5/14/1962,3.63
5/15/1962,3.67
5/16/1962,3.67
5/17/1962,3.67
5/18/1962,3.72
5/19/1962,
5/20/1962,
5/21/1962,3.74
5/22/1962,3.71
5/23/1962,3.69
5/24/1962,3.68
5/25/1962,3.66
5/26/1962,
5/27/1962,
5/28/1962,3.65
5/29/1962,3.66
5/30/1962,0
5/31/1962,3.66
6/1/1962,3.64
6/2/1962,
6/3/1962,
6/4/1962,3.63
6/5/1962,3.64
6/6/1962,3.62
6/7/1962,3.6
6/8/1962,3.6
6/9/1962,
6/10/1962,
6/11/1962,3.59
6/12/1962,3.57
6/13/1962,3.57
6/14/1962,3.6
6/15/1962,3.6
6/16/1962,
6/17/1962,
6/18/1962,3.61
6/19/1962,3.64
6/20/1962,3.63
6/21/1962,3.61
6/22/1962,3.61
6/23/1962,
6/24/1962,
6/25/1962,3.68
6/26/1962,3.71
6/27/1962,3.68
6/28/1962,3.76
6/29/1962,3.76
6/30/1962,
7/1/1962,
7/2/1962,3.77
7/3/1962,3.76
7/4/1962,0
7/5/1962,3.78
7/6/1962,3.79
7/7/1962,
7/8/1962,
7/9/1962,3.83
7/10/1962,3.81
7/11/1962,3.77
7/12/1962,3.78
7/13/1962,3.78
7/14/1962,
7/15/1962,
7/16/1962,3.8
7/17/1962,3.82
7/18/1962,3.83
7/19/1962,3.83
7/20/1962,3.82
7/21/1962,
7/22/1962,
7/23/1962,3.81
7/24/1962,3.82
7/25/1962,3.83
7/26/1962,3.82
7/27/1962,3.79
7/28/1962,
7/29/1962,
7/30/1962,3.81
7/31/1962,3.82
8/1/1962,3.8
8/2/1962,3.76
8/3/1962,3.77
8/4/1962,
8/5/1962,
8/6/1962,3.76
8/7/1962,3.79
8/8/1962,3.78
8/9/1962,3.76
8/10/1962,3.76
8/11/1962,
8/12/1962,
8/13/1962,3.74
8/14/1962,3.73
8/15/1962,3.72
8/16/1962,3.69
8/17/1962,3.69
8/18/1962,
8/19/1962,
8/20/1962,3.66
8/21/1962,3.66
8/22/1962,3.66
8/23/1962,3.66
8/24/1962,3.66
8/25/1962,
8/26/1962,
8/27/1962,3.67
8/28/1962,3.67
8/29/1962,3.67
8/30/1962,3.66
8/31/1962,3.66
9/1/1962,
9/2/1962,
9/3/1962,0
9/4/1962,3.67
9/5/1962,3.68
9/6/1962,3.72
9/7/1962,3.74
9/8/1962,
9/9/1962,
9/10/1962,3.72
9/11/1962,3.72
9/12/1962,3.72
9/13/1962,3.72
9/14/1962,3.72
9/15/1962,
9/16/1962,
9/17/1962,3.71
9/18/1962,3.71
9/19/1962,3.71
9/20/1962,3.71
9/21/1962,3.71
9/22/1962,
9/23/1962,
9/24/1962,3.69
9/25/1962,3.68
9/26/1962,3.67
9/27/1962,3.67
9/28/1962,3.66
9/29/1962,
9/30/1962,
10/1/1962,3.64
10/2/1962,3.62
10/3/1962,3.6
10/4/1962,3.6
10/5/1962,3.62
10/6/1962,
10/7/1962,
10/8/1962,3.64
10/9/1962,3.64
10/10/1962,3.62
10/11/1962,3.63
10/12/1962,0
10/13/1962,
10/14/1962,
10/15/1962,3.63
10/16/1962,3.63
10/17/1962,3.64
10/18/1962,3.63
10/19/1962,3.62
10/20/1962,
10/21/1962,
10/22/1962,3.64
10/23/1962,3.67
10/24/1962,3.67
10/25/1962,3.67
10/26/1962,3.65
10/27/1962,
10/28/1962,
10/29/1962,3.64
10/30/1962,3.63
10/31/1962,3.64
11/1/1962,3.63
11/2/1962,3.62
11/3/1962,
11/4/1962,
11/5/1962,3.61
11/6/1962,0
11/7/1962,3.6
11/8/1962,3.59
11/9/1962,3.57
11/10/1962,
11/11/1962,
11/12/1962,0
11/13/1962,3.58
11/14/1962,3.59
11/15/1962,3.59
11/16/1962,3.63
11/17/1962,
11/18/1962,
11/19/1962,3.62
11/20/1962,3.61
11/21/1962,3.59
11/22/1962,0
11/23/1962,3.59
11/24/1962,
11/25/1962,
11/26/1962,3.6
11/27/1962,3.6
11/28/1962,3.59
11/29/1962,3.59
11/30/1962,3.59
12/1/1962,
12/2/1962,
12/3/1962,3.6
12/4/1962,3.61
12/5/1962,3.61
12/6/1962,3.6
12/7/1962,3.59
12/8/1962,
12/9/1962,
12/10/1962,3.58
12/11/1962,3.57
12/12/1962,3.57
12/13/1962,3.57
12/14/1962,3.57
12/15/1962,
12/16/1962,
12/17/1962,3.56
12/18/1962,3.55
12/19/1962,3.55
12/20/1962,3.54
12/21/1962,3.51
12/22/1962,
12/23/1962,
12/24/1962,3.5
12/25/1962,0
12/26/1962,3.5
12/27/1962,3.52
12/28/1962,3.56
12/29/1962,
12/30/1962,
12/31/1962,3.56
1/1/1963,0
1/2/1963,3.53
1/3/1963,3.53
1/4/1963,3.56
1/5/1963,
1/6/1963,
1/7/1963,3.57
1/8/1963,3.56
1/9/1963,3.56
1/10/1963,3.55
1/11/1963,3.54
1/12/1963,
1/13/1963,
1/14/1963,3.54
1/15/1963,3.53
1/16/1963,3.53
1/17/1963,3.56
1/18/1963,3.57
1/19/1963,
1/20/1963,
1/21/1963,3.6
1/22/1963,3.62
1/23/1963,3.62
1/24/1963,3.62
1/25/1963,3.61
1/26/1963,
1/27/1963,
1/28/1963,3.62
1/29/1963,3.63
1/30/1963,3.63
1/31/1963,3.65
2/1/1963,3.66
2/2/1963,
2/3/1963,
2/4/1963,3.66
2/5/1963,3.66
2/6/1963,3.65
2/7/1963,3.65
2/8/1963,3.65
2/9/1963,
2/10/1963,
2/11/1963,3.65
2/12/1963,0
2/13/1963,3.65
2/14/1963,3.65
2/15/1963,3.64
2/16/1963,
2/17/1963,
2/18/1963,3.64
2/19/1963,3.66
2/20/1963,3.66
2/21/1963,3.68
2/22/1963,0
2/23/1963,
2/24/1963,
2/25/1963,3.68
2/26/1963,3.68
2/27/1963,3.68
2/28/1963,3.68
3/1/1963,3.67
3/2/1963,
3/3/1963,
3/4/1963,3.67
3/5/1963,3.67
3/6/1963,3.67
3/7/1963,3.67
3/8/1963,3.67
3/9/1963,
3/10/1963,
3/11/1963,3.68
3/12/1963,3.68
3/13/1963,3.68
3/14/1963,3.68
3/15/1963,3.68
3/16/1963,
3/17/1963,
3/18/1963,3.68
3/19/1963,3.68
3/20/1963,3.68
3/21/1963,3.68
3/22/1963,3.68
3/23/1963,
3/24/1963,
3/25/1963,3.69
3/26/1963,3.71
3/27/1963,3.72
3/28/1963,3.71
3/29/1963,3.71
3/30/1963,
3/31/1963,
4/1/1963,3.7
4/2/1963,3.7
4/3/1963,3.71
4/4/1963,3.7
4/5/1963,3.7
4/6/1963,
4/7/1963,
4/8/1963,3.72
4/9/1963,3.73
4/10/1963,3.76
4/11/1963,3.74
4/12/1963,0
4/13/1963,
4/14/1963,
4/15/1963,3.77
4/16/1963,3.76
4/17/1963,3.77
4/18/1963,3.76
4/19/1963,3.75
4/20/1963,
4/21/1963,
4/22/1963,3.76
4/23/1963,3.76
4/24/1963,3.76
4/25/1963,3.75
4/26/1963,3.73
4/27/1963,
4/28/1963,
4/29/1963,3.74
4/30/1963,3.73
5/1/1963,3.72
5/2/1963,3.72
5/3/1963,3.71
5/4/1963,
5/5/1963,
5/6/1963,3.69
5/7/1963,3.68
5/8/1963,3.7
5/9/1963,3.71
5/10/1963,3.71
5/11/1963,
5/12/1963,
5/13/1963,3.7
5/14/1963,3.7
5/15/1963,3.69
5/16/1963,3.68
5/17/1963,3.69
5/18/1963,
5/19/1963,
5/20/1963,3.71
5/21/1963,3.7
5/22/1963,3.7
5/23/1963,3.71
5/24/1963,3.75
5/25/1963,
5/26/1963,
5/27/1963,3.75
5/28/1963,3.77
5/29/1963,3.78
5/30/1963,0
5/31/1963,3.78
6/1/1963,
6/2/1963,
6/3/1963,3.81
6/4/1963,3.8
6/5/1963,3.8
6/6/1963,3.8
6/7/1963,3.81
6/8/1963,
6/9/1963,
6/10/1963,3.8
6/11/1963,3.79
6/12/1963,3.81
6/13/1963,3.81
6/14/1963,3.82
6/15/1963,
6/16/1963,
6/17/1963,3.83
6/18/1963,3.83
6/19/1963,3.83
6/20/1963,3.82
6/21/1963,3.82
6/22/1963,
6/23/1963,
6/24/1963,3.82
6/25/1963,3.82
6/26/1963,3.82
6/27/1963,3.82
6/28/1963,3.82
6/29/1963,
6/30/1963,
7/1/1963,3.82
7/2/1963,3.86
7/3/1963,3.86
7/4/1963,0
7/5/1963,3.89
7/6/1963,
7/7/1963,
7/8/1963,3.92
7/9/1963,3.91
7/10/1963,3.9
7/11/1963,3.91
7/12/1963,3.9
7/13/1963,
7/14/1963,
7/15/1963,3.9
7/16/1963,3.91
7/17/1963,3.92
7/18/1963,3.91
7/19/1963,3.9
7/20/1963,
7/21/1963,
7/22/1963,3.91
7/23/1963,3.91
7/24/1963,3.9
7/25/1963,3.89
7/26/1963,3.88
7/27/1963,
7/28/1963,
7/29/1963,3.87
7/30/1963,3.88
7/31/1963,3.88
8/1/1963,3.87
8/2/1963,3.86
8/3/1963,
8/4/1963,
8/5/1963,3.87
8/6/1963,3.87
8/7/1963,3.88
8/8/1963,3.88
8/9/1963,3.88
8/10/1963,
8/11/1963,
8/12/1963,3.9
8/13/1963,3.9
8/14/1963,3.9
8/15/1963,3.89
8/16/1963,3.89
8/17/1963,
8/18/1963,
8/19/1963,3.88
8/20/1963,3.88
8/21/1963,3.89
8/22/1963,3.89
8/23/1963,3.89
8/24/1963,
8/25/1963,
8/26/1963,3.89
8/27/1963,3.9
8/28/1963,3.9
8/29/1963,3.91
8/30/1963,3.93
8/31/1963,
9/1/1963,
9/2/1963,0
9/3/1963,3.94
9/4/1963,3.94
9/5/1963,3.97
9/6/1963,3.97
9/7/1963,
9/8/1963,
9/9/1963,3.97
9/10/1963,3.97
9/11/1963,3.96
9/12/1963,3.97
9/13/1963,3.97
9/14/1963,
9/15/1963,
9/16/1963,3.97
9/17/1963,3.97
9/18/1963,3.96
9/19/1963,3.95
9/20/1963,3.94
9/21/1963,
9/22/1963,
9/23/1963,3.94
9/24/1963,3.95
9/25/1963,3.95
9/26/1963,3.95
9/27/1963,3.94
9/28/1963,
9/29/1963,
9/30/1963,3.94
10/1/1963,3.93
10/2/1963,3.93
10/3/1963,3.93
10/4/1963,3.94
10/5/1963,
10/6/1963,
10/7/1963,3.95
10/8/1963,3.96
10/9/1963,3.97
10/10/1963,3.97
10/11/1963,3.96
10/12/1963,
10/13/1963,
10/14/1963,3.96
10/15/1963,3.97
10/16/1963,3.97
10/17/1963,3.98
10/18/1963,3.99
10/19/1963,
10/20/1963,
10/21/1963,3.99
10/22/1963,3.98
10/23/1963,3.98
10/24/1963,3.97
10/25/1963,3.98
10/26/1963,
10/27/1963,
10/28/1963,3.98
10/29/1963,4
10/30/1963,4
10/31/1963,4.01
11/1/1963,4.01
11/2/1963,
11/3/1963,
11/4/1963,4.02
11/5/1963,0
11/6/1963,4.04
11/7/1963,4.04
11/8/1963,4.05
11/9/1963,
11/10/1963,
11/11/1963,0
11/12/1963,4.03
11/13/1963,4.04
11/14/1963,4.02
11/15/1963,4
11/16/1963,
11/17/1963,
11/18/1963,4
11/19/1963,4
11/20/1963,4
11/21/1963,4
11/22/1963,4
11/23/1963,
11/24/1963,
11/25/1963,0
11/26/1963,3.98
11/27/1963,3.99
11/28/1963,0
11/29/1963,3.99
11/30/1963,
12/1/1963,
12/2/1963,4.01
12/3/1963,4.02
12/4/1963,4.01
12/5/1963,4.01
12/6/1963,4.01
12/7/1963,
12/8/1963,
12/9/1963,4.01
12/10/1963,4.02
12/11/1963,4.03
12/12/1963,4.04
12/13/1963,4.05
12/14/1963,
12/15/1963,
12/16/1963,4.07
12/17/1963,4.07
12/18/1963,4.06
12/19/1963,4.06
12/20/1963,4.07
12/21/1963,
12/22/1963,
12/23/1963,4.07
12/24/1963,4.07
12/25/1963,0
12/26/1963,4.06
12/27/1963,4.05
12/28/1963,
12/29/1963,
12/30/1963,4.05
12/31/1963,4.06
1/1/1964,0
1/2/1964,4.07
1/3/1964,4.07
1/4/1964,
1/5/1964,
1/6/1964,4.08
1/7/1964,4.08
1/8/1964,4.09
1/9/1964,4.09
1/10/1964,4.1
1/11/1964,
1/12/1964,
1/13/1964,4.08
1/14/1964,4.08
1/15/1964,4.09
1/16/1964,4.08
1/17/1964,4.07
1/18/1964,
1/19/1964,
1/20/1964,4.06
1/21/1964,4.05
1/22/1964,4.05
1/23/1964,4.05
1/24/1964,4.06
1/25/1964,
1/26/1964,
1/27/1964,4.06
1/28/1964,4.06
1/29/1964,4.06
1/30/1964,4.05
1/31/1964,4.03
2/1/1964,
2/2/1964,
2/3/1964,4.02
2/4/1964,4.03
2/5/1964,4.02
2/6/1964,4.01
2/7/1964,4.01
2/8/1964,
2/9/1964,
2/10/1964,4.02
2/11/1964,4.02
2/12/1964,0
2/13/1964,4.02
2/14/1964,4.02
2/15/1964,
2/16/1964,
2/17/1964,4.02
2/18/1964,4.03
2/19/1964,4.03
2/20/1964,4.04
2/21/1964,0
2/22/1964,
2/23/1964,
2/24/1964,4.05
2/25/1964,4.06
2/26/1964,4.05
2/27/1964,4.07
2/28/1964,4.1
2/29/1964,
3/1/1964,
3/2/1964,4.1
3/3/1964,4.1
3/4/1964,4.11
3/5/1964,4.1
3/6/1964,4.11
3/7/1964,
3/8/1964,
3/9/1964,4.1
3/10/1964,4.11
3/11/1964,4.12
3/12/1964,4.12
3/13/1964,4.11
3/14/1964,
3/15/1964,
3/16/1964,4.11
3/17/1964,4.12
3/18/1964,4.14
3/19/1964,4.16
3/20/1964,4.17
3/21/1964,
3/22/1964,
3/23/1964,4.19
3/24/1964,4.21
3/25/1964,4.2
3/26/1964,4.19
3/27/1964,0
3/28/1964,
3/29/1964,
3/30/1964,4.18
3/31/1964,4.16
4/1/1964,4.17
4/2/1964,4.18
4/3/1964,4.2
4/4/1964,
4/5/1964,
4/6/1964,4.19
4/7/1964,4.18
4/8/1964,4.16
4/9/1964,4.14
4/10/1964,4.15
4/11/1964,
4/12/1964,
4/13/1964,4.16
4/14/1964,4.16
4/15/1964,4.15
4/16/1964,4.14
4/17/1964,4.14
4/18/1964,
4/19/1964,
4/20/1964,4.14
4/21/1964,4.14
4/22/1964,4.14
4/23/1964,4.14
4/24/1964,4.15
4/25/1964,
4/26/1964,
4/27/1964,4.15
4/28/1964,4.15
4/29/1964,4.14
4/30/1964,4.13
5/1/1964,4.12
5/2/1964,
5/3/1964,
5/4/1964,4.1
5/5/1964,4.1
5/6/1964,4.1
5/7/1964,4.09
5/8/1964,4.06
5/9/1964,
5/10/1964,
5/11/1964,4.04
5/12/1964,4.03
5/13/1964,4.02
5/14/1964,4.01
5/15/1964,4.02
5/16/1964,
5/17/1964,
5/18/1964,4.02
5/19/1964,4.02
5/20/1964,4.05
5/21/1964,4.05
5/22/1964,4.04
5/23/1964,
5/24/1964,
5/25/1964,4.03
5/26/1964,4.03
5/27/1964,4.03
5/28/1964,4.03
5/29/1964,0
5/30/1964,
5/31/1964,
6/1/1964,4.03
6/2/1964,4.03
6/3/1964,4.03
6/4/1964,4.03
6/5/1964,4.02
6/6/1964,
6/7/1964,
6/8/1964,4.02
6/9/1964,4.01
6/10/1964,4.02
6/11/1964,4.02
6/12/1964,4.02
6/13/1964,
6/14/1964,
6/15/1964,4.02
6/16/1964,4.02
6/17/1964,4.02
6/18/1964,4.01
6/19/1964,4.01
6/20/1964,
6/21/1964,
6/22/1964,4
6/23/1964,4.02
6/24/1964,4.03
6/25/1964,4.02
6/26/1964,4.01
6/27/1964,
6/28/1964,
6/29/1964,4.01
6/30/1964,4.01
7/1/1964,4.01
7/2/1964,4.01
7/3/1964,0
7/4/1964,
7/5/1964,
7/6/1964,4.01
7/7/1964,4
7/8/1964,4
7/9/1964,4.01
7/10/1964,4.01
7/11/1964,
7/12/1964,
7/13/1964,4.02
7/14/1964,4.02
7/15/1964,4.02
7/16/1964,4.03
7/17/1964,4.04
7/18/1964,
7/19/1964,
7/20/1964,4.05
7/21/1964,4.05
7/22/1964,4.04
7/23/1964,4.03
7/24/1964,4.03
7/25/1964,
7/26/1964,
7/27/1964,4.03
7/28/1964,4.04
7/29/1964,4.05
7/30/1964,4.05
7/31/1964,4.04
8/1/1964,
8/2/1964,
8/3/1964,4.04
8/4/1964,4.04
8/5/1964,4.04
8/6/1964,4.04
8/7/1964,4.05
8/8/1964,
8/9/1964,
8/10/1964,4.06
8/11/1964,4.07
8/12/1964,4.06
8/13/1964,4.06
8/14/1964,4.05
8/15/1964,
8/16/1964,
8/17/1964,4.05
8/18/1964,4.05
8/19/1964,4.05
8/20/1964,4.05
8/21/1964,4.05
8/22/1964,
8/23/1964,
8/24/1964,4.06
8/25/1964,4.06
8/26/1964,4.06
8/27/1964,4.06
8/28/1964,4.07
8/29/1964,
8/30/1964,
8/31/1964,4.07
9/1/1964,4.08
9/2/1964,4.09
9/3/1964,4.09
9/4/1964,4.09
9/5/1964,
9/6/1964,
9/7/1964,0
9/8/1964,4.1
9/9/1964,4.1
9/10/1964,4.09
9/11/1964,4.09
9/12/1964,
9/13/1964,
9/14/1964,4.09
9/15/1964,4.1
9/16/1964,4.09
9/17/1964,4.08
9/18/1964,4.07
9/19/1964,
9/20/1964,
9/21/1964,4.06
9/22/1964,4.06
9/23/1964,4.06
9/24/1964,4.06
9/25/1964,4.06
9/26/1964,
9/27/1964,
9/28/1964,4.04
9/29/1964,4.05
9/30/1964,4.05
10/1/1964,4.05
10/2/1964,4.07
10/3/1964,
10/4/1964,
10/5/1964,4.07
10/6/1964,4.07
10/7/1964,4.07
10/8/1964,4.07
10/9/1964,4.08
10/10/1964,
10/11/1964,
10/12/1964,0
10/13/1964,4.08
10/14/1964,4.08
10/15/1964,4.08
10/16/1964,4.09
10/17/1964,
10/18/1964,
10/19/1964,4.09
10/20/1964,4.08
10/21/1964,4.07
10/22/1964,4.07
10/23/1964,4.07
10/24/1964,
10/25/1964,
10/26/1964,4.07
10/27/1964,4.06
10/28/1964,4.05
10/29/1964,4.04
10/30/1964,4.05
10/31/1964,
11/1/1964,
11/2/1964,4.04
11/3/1964,0
11/4/1964,4.04
11/5/1964,4.04
11/6/1964,4.04
11/7/1964,
11/8/1964,
11/9/1964,4.03
11/10/1964,4.01
11/11/1964,0
11/12/1964,3.99
11/13/1964,4
11/14/1964,
11/15/1964,
11/16/1964,4.01
11/17/1964,4.01
11/18/1964,4.01
11/19/1964,4.01
11/20/1964,4.01
11/21/1964,
11/22/1964,
11/23/1964,4.08
11/24/1964,4.09
11/25/1964,4.1
11/26/1964,0
11/27/1964,4.11
11/28/1964,
11/29/1964,
11/30/1964,4.13
12/1/1964,4.13
12/2/1964,4.12
12/3/1964,4.09
12/4/1964,4.08
12/5/1964,
12/6/1964,
12/7/1964,4.07
12/8/1964,4.06
12/9/1964,4.06
12/10/1964,4.06
12/11/1964,4.07
12/12/1964,
12/13/1964,
12/14/1964,4.08
12/15/1964,4.08
12/16/1964,4.08
12/17/1964,4.08
12/18/1964,4.09
12/19/1964,
12/20/1964,
12/21/1964,4.09
12/22/1964,4.09
12/23/1964,4.09
12/24/1964,4.09
12/25/1964,0
12/26/1964,
12/27/1964,
12/28/1964,4.09
12/29/1964,4.09
12/30/1964,4.09
12/31/1964,4.12
1/1/1965,0
1/2/1965,
1/3/1965,
1/4/1965,4.12
1/5/1965,4.11
1/6/1965,4.11
1/7/1965,4.12
1/8/1965,4.12
1/9/1965,
1/10/1965,
1/11/1965,4.12
1/12/1965,4.11
1/13/1965,4.1
1/14/1965,4.1
1/15/1965,4.11
1/16/1965,
1/17/1965,
1/18/1965,4.11
1/19/1965,4.1
1/20/1965,4.09
1/21/1965,4.08
1/22/1965,4.08
1/23/1965,
1/24/1965,
1/25/1965,4.08
1/26/1965,4.09
1/27/1965,4.09
1/28/1965,4.1
1/29/1965,4.11
1/30/1965,
1/31/1965,
2/1/1965,4.12
2/2/1965,4.12
2/3/1965,4.13
2/4/1965,4.15
2/5/1965,4.16
2/6/1965,
2/7/1965,
2/8/1965,4.15
2/9/1965,4.15
2/10/1965,4.15
2/11/1965,4.15
2/12/1965,0
2/13/1965,
2/14/1965,
2/15/1965,4.15
2/16/1965,4.15
2/17/1965,4.14
2/18/1965,4.15
2/19/1965,4.16
2/20/1965,
2/21/1965,
2/22/1965,0
2/23/1965,4.15
2/24/1965,4.15
2/25/1965,4.15
2/26/1965,4.16
2/27/1965,
2/28/1965,
3/1/1965,4.16
3/2/1965,4.18
3/3/1965,4.17
3/4/1965,4.17
3/5/1965,4.17
3/6/1965,
3/7/1965,
3/8/1965,4.17
3/9/1965,4.18
3/10/1965,4.17
3/11/1965,4.16
3/12/1965,4.16
3/13/1965,
3/14/1965,
3/15/1965,4.15
3/16/1965,4.14
3/17/1965,4.12
3/18/1965,4.13
3/19/1965,4.13
3/20/1965,
3/21/1965,
3/22/1965,4.13
3/23/1965,4.13
3/24/1965,4.12
3/25/1965,4.13
3/26/1965,4.14
3/27/1965,
3/28/1965,
3/29/1965,4.15
3/30/1965,4.14
3/31/1965,4.14
4/1/1965,4.14
4/2/1965,4.15
4/3/1965,
4/4/1965,
4/5/1965,4.15
4/6/1965,4.14
4/7/1965,4.14
4/8/1965,4.13
4/9/1965,4.15
4/10/1965,
4/11/1965,
4/12/1965,4.15
4/13/1965,4.14
4/14/1965,4.14
4/15/1965,4.15
4/16/1965,0
4/17/1965,
4/18/1965,
4/19/1965,4.16
4/20/1965,4.16
4/21/1965,4.16
4/22/1965,4.16
4/23/1965,4.16
4/24/1965,
4/25/1965,
4/26/1965,4.16
4/27/1965,4.16
4/28/1965,4.16
4/29/1965,4.16
4/30/1965,4.16
5/1/1965,
5/2/1965,
5/3/1965,4.16
5/4/1965,4.14
5/5/1965,4.14
5/6/1965,4.14
5/7/1965,4.14
5/8/1965,
5/9/1965,
5/10/1965,4.15
5/11/1965,4.15
5/12/1965,4.16
5/13/1965,4.16
5/14/1965,4.15
5/15/1965,
5/16/1965,
5/17/1965,4.15
5/18/1965,4.15
5/19/1965,4.15
5/20/1965,4.15
5/21/1965,4.15
5/22/1965,
5/23/1965,
5/24/1965,4.15
5/25/1965,4.15
5/26/1965,4.14
5/27/1965,4.14
5/28/1965,4.15
5/29/1965,
5/30/1965,
5/31/1965,0
6/1/1965,4.15
6/2/1965,4.16
6/3/1965,4.15
6/4/1965,4.15
6/5/1965,
6/6/1965,
6/7/1965,4.15
6/8/1965,4.16
6/9/1965,4.16
6/10/1965,4.16
6/11/1965,4.16
6/12/1965,
6/13/1965,
6/14/1965,4.15
6/15/1965,4.15
6/16/1965,4.15
6/17/1965,4.15
6/18/1965,4.15
6/19/1965,
6/20/1965,
6/21/1965,4.15
6/22/1965,4.15
6/23/1965,4.13
6/24/1965,4.13
6/25/1965,4.13
6/26/1965,
6/27/1965,
6/28/1965,4.14
6/29/1965,4.14
6/30/1965,4.14
7/1/1965,4.15
7/2/1965,4.16
7/3/1965,
7/4/1965,
7/5/1965,0
7/6/1965,4.16
7/7/1965,4.14
7/8/1965,4.14
7/9/1965,4.15
7/10/1965,
7/11/1965,
7/12/1965,4.15
7/13/1965,4.15
7/14/1965,4.15
7/15/1965,4.15
7/16/1965,4.15
7/17/1965,
7/18/1965,
7/19/1965,4.14
7/20/1965,4.14
7/21/1965,4.14
7/22/1965,4.15
7/23/1965,4.15
7/24/1965,
7/25/1965,
7/26/1965,4.15
7/27/1965,4.15
7/28/1965,4.15
7/29/1965,4.17
7/30/1965,4.18
7/31/1965,
8/1/1965,
8/2/1965,4.18
8/3/1965,4.18
8/4/1965,4.18
8/5/1965,4.19
8/6/1965,4.19
8/7/1965,
8/8/1965,
8/9/1965,4.19
8/10/1965,4.19
8/11/1965,4.2
8/12/1965,4.2
8/13/1965,4.2
8/14/1965,
8/15/1965,
8/16/1965,4.2
8/17/1965,4.22
8/18/1965,4.22
8/19/1965,4.21
8/20/1965,4.2
8/21/1965,
8/22/1965,
8/23/1965,4.21
8/24/1965,4.22
8/25/1965,4.21
8/26/1965,4.22
8/27/1965,4.22
8/28/1965,
8/29/1965,
8/30/1965,4.22
8/31/1965,4.22
9/1/1965,4.23
9/2/1965,4.23
9/3/1965,4.22
9/4/1965,
9/5/1965,
9/6/1965,0
9/7/1965,4.23
9/8/1965,4.23
9/9/1965,4.24
9/10/1965,4.24
9/11/1965,
9/12/1965,
9/13/1965,4.23
9/14/1965,4.23
9/15/1965,4.24
9/16/1965,4.23
9/17/1965,4.23
9/18/1965,
9/19/1965,
9/20/1965,4.23
9/21/1965,4.24
9/22/1965,4.25
9/23/1965,4.26
9/24/1965,4.27
9/25/1965,
9/26/1965,
9/27/1965,4.27
9/28/1965,4.3
9/29/1965,4.34
9/30/1965,4.33
10/1/1965,4.34
10/2/1965,
10/3/1965,
10/4/1965,4.33
10/5/1965,4.32
10/6/1965,4.31
10/7/1965,4.31
10/8/1965,4.31
10/9/1965,
10/10/1965,
10/11/1965,4.31
10/12/1965,0
10/13/1965,4.3
10/14/1965,4.31
10/15/1965,4.33
10/16/1965,
10/17/1965,
10/18/1965,4.34
10/19/1965,4.34
10/20/1965,4.35
10/21/1965,4.35
10/22/1965,4.34
10/23/1965,
10/24/1965,
10/25/1965,4.37
10/26/1965,4.37
10/27/1965,4.37
10/28/1965,4.39
10/29/1965,4.4
10/30/1965,
10/31/1965,
11/1/1965,4.43
11/2/1965,0
11/3/1965,4.44
11/4/1965,4.45
11/5/1965,4.48
11/6/1965,
11/7/1965,
11/8/1965,4.5
11/9/1965,4.5
11/10/1965,4.49
11/11/1965,0
11/12/1965,4.47
11/13/1965,
11/14/1965,
11/15/1965,4.47
11/16/1965,4.46
11/17/1965,4.46
11/18/1965,4.45
11/19/1965,4.46
11/20/1965,
11/21/1965,
11/22/1965,4.45
11/23/1965,4.45
11/24/1965,4.44
11/25/1965,0
11/26/1965,4.44
11/27/1965,
11/28/1965,
11/29/1965,4.45
11/30/1965,4.47
12/1/1965,4.52
12/2/1965,4.51
12/3/1965,4.52
12/4/1965,
12/5/1965,
12/6/1965,4.69
12/7/1965,4.67
12/8/1965,4.69
12/9/1965,4.69
12/10/1965,4.69
12/11/1965,
12/12/1965,
12/13/1965,4.74
12/14/1965,4.77
12/15/1965,4.77
12/16/1965,4.76
12/17/1965,4.75
12/18/1965,
12/19/1965,
12/20/1965,4.71
12/21/1965,4.74
12/22/1965,4.76
12/23/1965,4.78
12/24/1965,0
12/25/1965,
12/26/1965,
12/27/1965,4.77
12/28/1965,4.79
12/29/1965,4.81
12/30/1965,4.84
12/31/1965,4.88
1/1/1966,
1/2/1966,
1/3/1966,4.88
1/4/1966,4.89
1/5/1966,4.87
1/6/1966,4.84
1/7/1966,4.83
1/8/1966,
1/9/1966,
1/10/1966,4.84
1/11/1966,4.83
1/12/1966,4.77
1/13/1966,4.79
1/14/1966,4.82
1/15/1966,
1/16/1966,
1/17/1966,4.84
1/18/1966,4.83
1/19/1966,4.83
1/20/1966,4.84
1/21/1966,4.85
1/22/1966,
1/23/1966,
1/24/1966,4.88
1/25/1966,4.9
1/26/1966,4.91
1/27/1966,4.92
1/28/1966,4.95
1/29/1966,
1/30/1966,
1/31/1966,4.98
2/1/1966,4.94
2/2/1966,4.95
2/3/1966,4.95
2/4/1966,4.95
2/5/1966,
2/6/1966,
2/7/1966,4.99
2/8/1966,4.97
2/9/1966,4.97
2/10/1966,4.98
2/11/1966,5.01
2/12/1966,
2/13/1966,
2/14/1966,5
2/15/1966,5
2/16/1966,5
2/17/1966,4.97
2/18/1966,4.98
2/19/1966,
2/20/1966,
2/21/1966,5
2/22/1966,0
2/23/1966,5
2/24/1966,4.99
2/25/1966,5.02
2/26/1966,
2/27/1966,
2/28/1966,5.03
3/1/1966,5.02
3/2/1966,5
3/3/1966,4.99
3/4/1966,4.97
3/5/1966,
3/6/1966,
3/7/1966,4.97
3/8/1966,4.95
3/9/1966,4.96
3/10/1966,4.98
3/11/1966,4.99
3/12/1966,
3/13/1966,
3/14/1966,4.95
3/15/1966,4.91
3/16/1966,4.91
3/17/1966,4.88
3/18/1966,4.88
3/19/1966,
3/20/1966,
3/21/1966,4.84
3/22/1966,4.84
3/23/1966,4.81
3/24/1966,4.88
3/25/1966,4.95
3/26/1966,
3/27/1966,
3/28/1966,4.93
3/29/1966,4.91
3/30/1966,4.81
3/31/1966,4.84
4/1/1966,4.81
4/2/1966,
4/3/1966,
4/4/1966,4.81
4/5/1966,4.76
4/6/1966,4.79
4/7/1966,4.83
4/8/1966,0
4/9/1966,
4/10/1966,
4/11/1966,4.83
4/12/1966,4.83
4/13/1966,4.84
4/14/1966,4.84
4/15/1966,4.86
4/16/1966,
4/17/1966,
4/18/1966,4.84
4/19/1966,4.83
4/20/1966,4.85
4/21/1966,4.83
4/22/1966,4.83
4/23/1966,
4/24/1966,
4/25/1966,4.84
4/26/1966,4.86
4/27/1966,4.85
4/28/1966,4.84
4/29/1966,4.85
4/30/1966,
5/1/1966,
5/2/1966,4.86
5/3/1966,4.86
5/4/1966,4.86
5/5/1966,4.87
5/6/1966,4.86
5/7/1966,
5/8/1966,
5/9/1966,4.82
5/10/1966,4.82
5/11/1966,4.85
5/12/1966,4.84
5/13/1966,4.85
5/14/1966,
5/15/1966,
5/16/1966,4.85
5/17/1966,4.84
5/18/1966,4.84
5/19/1966,4.86
5/20/1966,4.88
5/21/1966,
5/22/1966,
5/23/1966,4.92
5/24/1966,4.96
5/25/1966,4.97
5/26/1966,4.99
5/27/1966,5
5/28/1966,
5/29/1966,
5/30/1966,0
5/31/1966,5
6/1/1966,5.02
6/2/1966,4.99
6/3/1966,5.01
6/4/1966,
6/5/1966,
6/6/1966,5.01
6/7/1966,5.01
6/8/1966,5.02
6/9/1966,5.02
6/10/1966,5.01
6/11/1966,
6/12/1966,
6/13/1966,5
6/14/1966,5
6/15/1966,4.93
6/16/1966,4.9
6/17/1966,4.9
6/18/1966,
6/19/1966,
6/20/1966,4.88
6/21/1966,4.88
6/22/1966,4.89
6/23/1966,4.88
6/24/1966,4.94
6/25/1966,
6/26/1966,
6/27/1966,4.98
6/28/1966,5.02
6/29/1966,5.01
6/30/1966,5.09
7/1/1966,5.11
7/2/1966,
7/3/1966,
7/4/1966,0
7/5/1966,5.09
7/6/1966,5.08
7/7/1966,5.1
7/8/1966,5.13
7/9/1966,
7/10/1966,
7/11/1966,5.19
7/12/1966,5.19
7/13/1966,5.2
7/14/1966,5.22
7/15/1966,5.21
7/16/1966,
7/17/1966,
7/18/1966,5.16
7/19/1966,5.15
7/20/1966,5.16
7/21/1966,5.18
7/22/1966,5.18
7/23/1966,
7/24/1966,
7/25/1966,5.17
7/26/1966,5.18
7/27/1966,5.19
7/28/1966,5.24
7/29/1966,5.26
7/30/1966,
7/31/1966,
8/1/1966,5.26
8/2/1966,5.25
8/3/1966,5.28
8/4/1966,5.28
8/5/1966,5.3
8/6/1966,
8/7/1966,
8/8/1966,5.3
8/9/1966,5.32
8/10/1966,5.33
8/11/1966,5.35
8/12/1966,5.37
8/13/1966,
8/14/1966,
8/15/1966,5.42
8/16/1966,5.49
8/17/1966,5.54
8/18/1966,5.6
8/19/1966,5.62
8/20/1966,
8/21/1966,
8/22/1966,5.58
8/23/1966,5.63
8/24/1966,5.68
8/25/1966,5.73
8/26/1966,5.83
8/27/1966,
8/28/1966,
8/29/1966,5.89
8/30/1966,5.85
8/31/1966,5.68
9/1/1966,5.63
9/2/1966,5.55
9/3/1966,
9/4/1966,
9/5/1966,0
9/6/1966,5.53
9/7/1966,5.54
9/8/1966,5.53
9/9/1966,5.51
9/10/1966,
9/11/1966,
9/12/1966,5.51
9/13/1966,5.48
9/14/1966,5.54
9/15/1966,5.56
9/16/1966,5.55
9/17/1966,
9/18/1966,
9/19/1966,5.64
9/20/1966,5.6
9/21/1966,5.53
9/22/1966,5.47
9/23/1966,5.47
9/24/1966,
9/25/1966,
9/26/1966,5.44
9/27/1966,5.39
9/28/1966,5.35
9/29/1966,5.25
9/30/1966,5.34
10/1/1966,
10/2/1966,
10/3/1966,5.37
10/4/1966,5.32
10/5/1966,5.27
10/6/1966,5.24
10/7/1966,5.26
10/8/1966,
10/9/1966,
10/10/1966,5.3
10/11/1966,5.29
10/12/1966,0
10/13/1966,5.29
10/14/1966,5.29
10/15/1966,
10/16/1966,
10/17/1966,5.26
10/18/1966,5.24
10/19/1966,5.25
10/20/1966,5.28
10/21/1966,5.23
10/22/1966,
10/23/1966,
10/24/1966,5.23
10/25/1966,5.24
10/26/1966,5.27
10/27/1966,5.28
10/28/1966,5.22
10/29/1966,
10/30/1966,
10/31/1966,5.22
11/1/1966,5.26
11/2/1966,5.32
11/3/1966,5.33
11/4/1966,5.37
11/5/1966,
11/6/1966,
11/7/1966,5.36
11/8/1966,0
11/9/1966,5.35
11/10/1966,5.39
11/11/1966,0
11/12/1966,
11/13/1966,
11/14/1966,5.41
11/15/1966,5.41
11/16/1966,5.42
11/17/1966,5.42
11/18/1966,5.41
11/19/1966,
11/20/1966,
11/21/1966,5.36
11/22/1966,5.38
11/23/1966,5.39
11/24/1966,0
11/25/1966,5.39
11/26/1966,
11/27/1966,
11/28/1966,5.35
11/29/1966,5.31
11/30/1966,5.28
12/1/1966,5.25
12/2/1966,5.22
12/3/1966,
12/4/1966,
12/5/1966,5.24
12/6/1966,5.25
12/7/1966,5.22
12/8/1966,5.24
12/9/1966,5.18
12/10/1966,
12/11/1966,
12/12/1966,5.1
12/13/1966,5.05
12/14/1966,5.03
12/15/1966,4.91
12/16/1966,4.92
12/17/1966,
12/18/1966,
12/19/1966,4.86
12/20/1966,4.85
12/21/1966,4.84
12/22/1966,4.85
12/23/1966,4.84
12/24/1966,
12/25/1966,
12/26/1966,0
12/27/1966,4.87
12/28/1966,4.76
12/29/1966,4.8
12/30/1966,4.8
12/31/1966,
1/1/1967,
1/2/1967,0
1/3/1967,4.84
1/4/1967,4.8
1/5/1967,4.75
1/6/1967,4.76
1/7/1967,
1/8/1967,
1/9/1967,4.82
1/10/1967,4.81
1/11/1967,4.69
1/12/1967,4.7
1/13/1967,4.66
1/14/1967,
1/15/1967,
1/16/1967,4.6
1/17/1967,4.61
1/18/1967,4.64
1/19/1967,4.69
1/20/1967,4.7
1/21/1967,
1/22/1967,
1/23/1967,4.7
1/24/1967,4.75
1/25/1967,4.74
1/26/1967,4.63
1/27/1967,4.61
1/28/1967,
1/29/1967,
1/30/1967,4.61
1/31/1967,4.67
2/1/1967,4.68
2/2/1967,4.65
2/3/1967,4.66
2/4/1967,
2/5/1967,
2/6/1967,4.66
2/7/1967,4.68
2/8/1967,4.67
2/9/1967,4.66
2/10/1967,4.72
2/11/1967,
2/12/1967,
2/13/1967,0
2/14/1967,4.74
2/15/1967,4.78
2/16/1967,4.78
2/17/1967,4.79
2/18/1967,
2/19/1967,
2/20/1967,4.8
2/21/1967,4.81
2/22/1967,0
2/23/1967,4.83
2/24/1967,4.79
2/25/1967,
2/26/1967,
2/27/1967,4.78
2/28/1967,4.78
3/1/1967,4.7
3/2/1967,4.64
3/3/1967,4.62
3/4/1967,
3/5/1967,
3/6/1967,4.62
3/7/1967,4.62
3/8/1967,4.63
3/9/1967,4.6
3/10/1967,4.6
3/11/1967,
3/12/1967,
3/13/1967,4.59
3/14/1967,4.57
3/15/1967,4.51
3/16/1967,4.44
3/17/1967,4.47
3/18/1967,
3/19/1967,
3/20/1967,4.44
3/21/1967,4.49
3/22/1967,4.5
3/23/1967,4.47
3/24/1967,0
3/25/1967,
3/26/1967,
3/27/1967,4.5
3/28/1967,4.48
3/29/1967,4.48
3/30/1967,4.44
3/31/1967,4.42
4/1/1967,
4/2/1967,
4/3/1967,4.42
4/4/1967,4.42
4/5/1967,4.43
4/6/1967,4.4
4/7/1967,4.38
4/8/1967,
4/9/1967,
4/10/1967,4.38
4/11/1967,4.41
4/12/1967,4.43
4/13/1967,4.48
4/14/1967,4.49
4/15/1967,
4/16/1967,
4/17/1967,4.54
4/18/1967,4.55
4/19/1967,4.52
4/20/1967,4.52
4/21/1967,4.54
4/22/1967,
4/23/1967,
4/24/1967,4.58
4/25/1967,4.61
4/26/1967,4.63
4/27/1967,4.67
4/28/1967,4.72
4/29/1967,
4/30/1967,
5/1/1967,4.7
5/2/1967,4.68
5/3/1967,4.68
5/4/1967,4.69
5/5/1967,4.72
5/6/1967,
5/7/1967,
5/8/1967,4.76
5/9/1967,4.77
5/10/1967,4.75
5/11/1967,4.71
5/12/1967,4.68
5/13/1967,
5/14/1967,
5/15/1967,4.72
5/16/1967,4.76
5/17/1967,4.76
5/18/1967,4.75
5/19/1967,4.78
5/20/1967,
5/21/1967,
5/22/1967,4.82
5/23/1967,4.85
5/24/1967,4.83
5/25/1967,4.81
5/26/1967,4.78
5/27/1967,
5/28/1967,
5/29/1967,4.74
5/30/1967,0
5/31/1967,4.72
6/1/1967,4.72
6/2/1967,4.73
6/3/1967,
6/4/1967,
6/5/1967,4.76
6/6/1967,4.77
6/7/1967,4.77
6/8/1967,4.8
6/9/1967,4.84
6/10/1967,
6/11/1967,
6/12/1967,4.89
6/13/1967,4.92
6/14/1967,5.02
6/15/1967,5.02
6/16/1967,5.1
6/17/1967,
6/18/1967,
6/19/1967,5.1
6/20/1967,5.17
6/21/1967,5.14
6/22/1967,5.12
6/23/1967,5.15
6/24/1967,
6/25/1967,
6/26/1967,5.18
6/27/1967,5.24
6/28/1967,5.23
6/29/1967,5.27
6/30/1967,5.35
7/1/1967,
7/2/1967,
7/3/1967,5.36
7/4/1967,0
7/5/1967,5.29
7/6/1967,5.25
7/7/1967,5.3
7/8/1967,
7/9/1967,
7/10/1967,5.29
7/11/1967,5.22
7/12/1967,5.16
7/13/1967,5.16
7/14/1967,5.16
7/15/1967,
7/16/1967,
7/17/1967,5.16
7/18/1967,5.2
7/19/1967,5.22
7/20/1967,5.25
7/21/1967,5.25
7/22/1967,
7/23/1967,
7/24/1967,5.31
7/25/1967,5.28
7/26/1967,5.22
7/27/1967,5.17
7/28/1967,5.13
7/29/1967,
7/30/1967,
7/31/1967,5.12
8/1/1967,5.18
8/2/1967,5.22
8/3/1967,5.19
8/4/1967,5.25
8/5/1967,
8/6/1967,
8/7/1967,5.31
8/8/1967,5.29
8/9/1967,5.28
8/10/1967,5.3
8/11/1967,5.32
8/12/1967,
8/13/1967,
8/14/1967,5.32
8/15/1967,5.31
8/16/1967,5.31
8/17/1967,5.32
8/18/1967,5.34
8/19/1967,
8/20/1967,
8/21/1967,5.37
8/22/1967,5.38
8/23/1967,5.4
8/24/1967,5.37
8/25/1967,5.38
8/26/1967,
8/27/1967,
8/28/1967,5.34
8/29/1967,5.32
8/30/1967,5.34
8/31/1967,5.34
9/1/1967,5.32
9/2/1967,
9/3/1967,
9/4/1967,0
9/5/1967,5.29
9/6/1967,5.28
9/7/1967,5.3
9/8/1967,5.37
9/9/1967,
9/10/1967,
9/11/1967,5.38
9/12/1967,5.4
9/13/1967,5.37
9/14/1967,5.39
9/15/1967,5.4
9/16/1967,
9/17/1967,
9/18/1967,5.42
9/19/1967,5.47
9/20/1967,5.43
9/21/1967,5.45
9/22/1967,5.46
9/23/1967,
9/24/1967,
9/25/1967,5.48
9/26/1967,5.47
9/27/1967,5.47
9/28/1967,5.44
9/29/1967,5.38
9/30/1967,
10/1/1967,
10/2/1967,5.43
10/3/1967,5.44
10/4/1967,5.47
10/5/1967,5.47
10/6/1967,5.48
10/7/1967,
10/8/1967,
10/9/1967,5.49
10/10/1967,5.52
10/11/1967,5.53
10/12/1967,0
10/13/1967,5.56
10/14/1967,
10/15/1967,
10/16/1967,5.6
10/17/1967,5.61
10/18/1967,5.6
10/19/1967,5.59
10/20/1967,5.57
10/21/1967,
10/22/1967,
10/23/1967,5.61
10/24/1967,5.63
10/25/1967,5.63
10/26/1967,5.65
10/27/1967,5.64
10/28/1967,
10/29/1967,
10/30/1967,5.67
10/31/1967,5.72
11/1/1967,5.76
11/2/1967,5.76
11/3/1967,5.8
11/4/1967,
11/5/1967,
11/6/1967,5.83
11/7/1967,0
11/8/1967,5.81
11/9/1967,5.83
11/10/1967,5.87
11/11/1967,
11/12/1967,
11/13/1967,5.91
11/14/1967,5.81
11/15/1967,5.78
11/16/1967,5.68
11/17/1967,5.72
11/18/1967,
11/19/1967,
11/20/1967,5.87
11/21/1967,5.72
11/22/1967,5.68
11/23/1967,0
11/24/1967,5.78
11/25/1967,
11/26/1967,
11/27/1967,5.78
11/28/1967,5.65
11/29/1967,5.69
11/30/1967,5.77
12/1/1967,5.82
12/2/1967,
12/3/1967,
12/4/1967,5.8
12/5/1967,5.77
12/6/1967,5.72
12/7/1967,5.76
12/8/1967,5.78
12/9/1967,
12/10/1967,
12/11/1967,5.81
12/12/1967,5.81
12/13/1967,5.74
12/14/1967,5.77
12/15/1967,5.79
12/16/1967,
12/17/1967,
12/18/1967,5.75
12/19/1967,5.7
12/20/1967,5.66
12/21/1967,5.7
12/22/1967,5.74
12/23/1967,
12/24/1967,
12/25/1967,0
12/26/1967,5.7
12/27/1967,5.7
12/28/1967,5.79
12/29/1967,5.78
12/30/1967,
12/31/1967,
1/1/1968,0
1/2/1968,5.68
1/3/1968,5.67
1/4/1968,5.54
1/5/1968,5.5
1/6/1968,
1/7/1968,
1/8/1968,5.53
1/9/1968,5.54
1/10/1968,5.45
1/11/1968,5.43
1/12/1968,5.42
1/13/1968,
1/14/1968,
1/15/1968,5.47
1/16/1968,5.51
1/17/1968,5.46
1/18/1968,5.55
1/19/1968,5.59
1/20/1968,
1/21/1968,
1/22/1968,5.61
1/23/1968,5.56
1/24/1968,5.58
1/25/1968,5.52
1/26/1968,5.55
1/27/1968,
1/28/1968,
1/29/1968,5.54
1/30/1968,5.55
1/31/1968,5.55
2/1/1968,5.6
2/2/1968,5.6
2/3/1968,
2/4/1968,
2/5/1968,5.64
2/6/1968,5.65
2/7/1968,5.63
2/8/1968,5.65
2/9/1968,5.63
2/10/1968,
2/11/1968,
2/12/1968,0
2/13/1968,5.58
2/14/1968,5.56
2/15/1968,5.53
2/16/1968,5.49
2/17/1968,
2/18/1968,
2/19/1968,5.54
2/20/1968,5.55
2/21/1968,5.55
2/22/1968,0
2/23/1968,5.58
2/24/1968,
2/25/1968,
2/26/1968,5.61
2/27/1968,5.6
2/28/1968,5.58
2/29/1968,5.57
3/1/1968,5.57
3/2/1968,
3/3/1968,
3/4/1968,5.59
3/5/1968,5.61
3/6/1968,5.63
3/7/1968,5.71
3/8/1968,5.78
3/9/1968,
3/10/1968,
3/11/1968,5.78
3/12/1968,5.82
3/13/1968,5.9
3/14/1968,6
3/15/1968,5.88
3/16/1968,
3/17/1968,
3/18/1968,5.78
3/19/1968,5.78
3/20/1968,5.71
3/21/1968,5.78
3/22/1968,5.74
3/23/1968,
3/24/1968,
3/25/1968,5.74
3/26/1968,5.78
3/27/1968,5.77
3/28/1968,5.79
3/29/1968,5.76
3/30/1968,
3/31/1968,
4/1/1968,5.64
4/2/1968,5.58
4/3/1968,5.43
4/4/1968,5.47
4/5/1968,5.48
4/6/1968,
4/7/1968,
4/8/1968,5.49
4/9/1968,0
4/10/1968,5.48
4/11/1968,5.53
4/12/1968,0
4/13/1968,
4/14/1968,
4/15/1968,5.62
4/16/1968,5.66
4/17/1968,5.67
4/18/1968,5.72
4/19/1968,5.9
4/20/1968,
4/21/1968,
4/22/1968,5.93
4/23/1968,5.84
4/24/1968,5.84
4/25/1968,5.85
4/26/1968,5.84
4/27/1968,
4/28/1968,
4/29/1968,5.96
4/30/1968,5.96
5/1/1968,5.92
5/2/1968,5.95
5/3/1968,6.01
5/4/1968,
5/5/1968,
5/6/1968,5.98
5/7/1968,5.97
5/8/1968,5.99
5/9/1968,5.97
5/10/1968,5.97
5/11/1968,
5/12/1968,
5/13/1968,5.97
5/14/1968,6
5/15/1968,6.02
5/16/1968,6.07
5/17/1968,6.11
5/18/1968,
5/19/1968,
5/20/1968,6.15
5/21/1968,6.21
5/22/1968,6.2
5/23/1968,6.13
5/24/1968,6.08
5/25/1968,
5/26/1968,
5/27/1968,6.02
5/28/1968,6.06
5/29/1968,6.08
5/30/1968,0
5/31/1968,5.97
6/1/1968,
6/2/1968,
6/3/1968,5.91
6/4/1968,5.9
6/5/1968,5.94
6/6/1968,5.95
6/7/1968,5.93
6/8/1968,
6/9/1968,
6/10/1968,5.92
6/11/1968,5.91
6/12/1968,5.9
6/13/1968,5.88
6/14/1968,5.82
6/15/1968,
6/16/1968,
6/17/1968,5.81
6/18/1968,5.82
6/19/1968,5.78
6/20/1968,5.73
6/21/1968,5.74
6/22/1968,
6/23/1968,
6/24/1968,5.77
6/25/1968,5.81
6/26/1968,5.81
6/27/1968,5.81
6/28/1968,5.79
6/29/1968,
6/30/1968,
7/1/1968,5.77
7/2/1968,5.73
7/3/1968,5.71
7/4/1968,0
7/5/1968,5.7
7/6/1968,
7/7/1968,
7/8/1968,5.65
7/9/1968,5.61
7/10/1968,5.64
7/11/1968,5.65
7/12/1968,5.65
7/13/1968,
7/14/1968,
7/15/1968,5.68
7/16/1968,5.68
7/17/1968,5.64
7/18/1968,5.62
7/19/1968,5.56
7/20/1968,
7/21/1968,
7/22/1968,5.47
7/23/1968,5.43
7/24/1968,5.46
7/25/1968,5.46
7/26/1968,5.5
7/27/1968,
7/28/1968,
7/29/1968,5.53
7/30/1968,5.53
7/31/1968,5.5
8/1/1968,5.47
8/2/1968,5.43
8/3/1968,
8/4/1968,
8/5/1968,5.48
8/6/1968,5.5
8/7/1968,5.45
8/8/1968,5.46
8/9/1968,5.47
8/10/1968,
8/11/1968,
8/12/1968,5.52
8/13/1968,5.52
8/14/1968,5.51
8/15/1968,5.52
8/16/1968,5.49
8/17/1968,
8/18/1968,
8/19/1968,5.49
8/20/1968,5.5
8/21/1968,5.52
8/22/1968,5.55
8/23/1968,5.52
8/24/1968,
8/25/1968,
8/26/1968,5.51
8/27/1968,5.51
8/28/1968,5.5
8/29/1968,5.49
8/30/1968,5.48
8/31/1968,
9/1/1968,
9/2/1968,0
9/3/1968,5.46
9/4/1968,5.46
9/5/1968,5.49
9/6/1968,5.51
9/7/1968,
9/8/1968,
9/9/1968,5.52
9/10/1968,5.54
9/11/1968,5.52
9/12/1968,5.52
9/13/1968,5.49
9/14/1968,
9/15/1968,
9/16/1968,5.48
9/17/1968,5.47
9/18/1968,5.44
9/19/1968,5.43
9/20/1968,5.46
9/21/1968,
9/22/1968,
9/23/1968,5.46
9/24/1968,5.44
9/25/1968,5.44
9/26/1968,5.45
9/27/1968,5.46
9/28/1968,
9/29/1968,
9/30/1968,5.48
10/1/1968,5.48
10/2/1968,5.48
10/3/1968,5.49
10/4/1968,5.5
10/5/1968,
10/6/1968,
10/7/1968,5.54
10/8/1968,5.56
10/9/1968,5.57
10/10/1968,5.57
10/11/1968,5.55
10/12/1968,
10/13/1968,
10/14/1968,5.57
10/15/1968,5.6
10/16/1968,5.57
10/17/1968,5.53
10/18/1968,5.53
10/19/1968,
10/20/1968,
10/21/1968,5.56
10/22/1968,5.56
10/23/1968,5.55
10/24/1968,5.6
10/25/1968,5.58
10/26/1968,
10/27/1968,
10/28/1968,5.58
10/29/1968,5.6
10/30/1968,5.59
10/31/1968,5.57
11/1/1968,5.56
11/2/1968,
11/3/1968,
11/4/1968,5.6
11/5/1968,0
11/6/1968,5.59
11/7/1968,5.61
11/8/1968,5.64
11/9/1968,
11/10/1968,
11/11/1968,0
11/12/1968,5.66
11/13/1968,5.63
11/14/1968,5.63
11/15/1968,5.66
11/16/1968,
11/17/1968,
11/18/1968,5.68
11/19/1968,5.7
11/20/1968,5.69
11/21/1968,5.68
11/22/1968,5.69
11/23/1968,
11/24/1968,
11/25/1968,5.7
11/26/1968,5.71
11/27/1968,5.71
11/28/1968,0
11/29/1968,5.72
11/30/1968,
12/1/1968,
12/2/1968,5.85
12/3/1968,5.96
12/4/1968,5.99
12/5/1968,5.98
12/6/1968,5.97
12/7/1968,
12/8/1968,
12/9/1968,6.01
12/10/1968,6.04
12/11/1968,6.01
12/12/1968,6.05
12/13/1968,6.02
12/14/1968,
12/15/1968,
12/16/1968,6.05
12/17/1968,6.06
12/18/1968,6.11
12/19/1968,6.17
12/20/1968,6.24
12/21/1968,
12/22/1968,
12/23/1968,6.32
12/24/1968,6.34
12/25/1968,0
12/26/1968,6.28
12/27/1968,6.32
12/28/1968,
12/29/1968,
12/30/1968,6.36
12/31/1968,6.33
1/1/1969,0
1/2/1969,6.29
1/3/1969,6.28
1/4/1969,
1/5/1969,
1/6/1969,6.34
1/7/1969,6.43
1/8/1969,6.38
1/9/1969,6.34
1/10/1969,6.32
1/11/1969,
1/12/1969,
1/13/1969,6.3
1/14/1969,6.27
1/15/1969,6.19
1/16/1969,6.11
1/17/1969,6.14
1/18/1969,
1/19/1969,
1/20/1969,6.11
1/21/1969,6.15
1/22/1969,6.21
1/23/1969,6.21
1/24/1969,6.19
1/25/1969,
1/26/1969,
1/27/1969,6.2
1/28/1969,6.22
1/29/1969,6.24
1/30/1969,6.28
1/31/1969,6.3
2/1/1969,
2/2/1969,
2/3/1969,6.32
2/4/1969,6.3
2/5/1969,6.32
2/6/1969,6.34
2/7/1969,6.3
2/8/1969,
2/9/1969,
2/10/1969,6.3
2/11/1969,6.27
2/12/1969,0
2/13/1969,6.27
2/14/1969,6.29
2/15/1969,
2/16/1969,
2/17/1969,6.32
2/18/1969,6.34
2/19/1969,6.36
2/20/1969,6.37
2/21/1969,6.37
2/22/1969,
2/23/1969,
2/24/1969,6.35
2/25/1969,6.38
2/26/1969,6.4
2/27/1969,6.45
2/28/1969,6.44
3/1/1969,
3/2/1969,
3/3/1969,6.45
3/4/1969,6.42
3/5/1969,6.43
3/6/1969,6.45
3/7/1969,6.45
3/8/1969,
3/9/1969,
3/10/1969,6.45
3/11/1969,6.45
3/12/1969,6.42
3/13/1969,6.42
3/14/1969,6.39
3/15/1969,
3/16/1969,
3/17/1969,6.44
3/18/1969,6.44
3/19/1969,6.4
3/20/1969,6.39
3/21/1969,6.37
3/22/1969,
3/23/1969,
3/24/1969,6.35
3/25/1969,6.38
3/26/1969,6.37
3/27/1969,6.38
3/28/1969,6.36
3/29/1969,
3/30/1969,
3/31/1969,0
4/1/1969,6.32
4/2/1969,6.32
4/3/1969,6.34
4/4/1969,0
4/5/1969,
4/6/1969,
4/7/1969,6.37
4/8/1969,6.33
4/9/1969,6.26
4/10/1969,6.27
4/11/1969,6.26
4/12/1969,
4/13/1969,
4/14/1969,6.2
4/15/1969,6.26
4/16/1969,6.24
4/17/1969,6.27
4/18/1969,6.3
4/19/1969,
4/20/1969,
4/21/1969,6.28
4/22/1969,6.26
4/23/1969,6.26
4/24/1969,6.29
4/25/1969,6.3
4/26/1969,
4/27/1969,
4/28/1969,6.34
4/29/1969,6.38
4/30/1969,6.37
5/1/1969,6.46
5/2/1969,6.45
5/3/1969,
5/4/1969,
5/5/1969,6.45
5/6/1969,6.46
5/7/1969,6.47
5/8/1969,6.46
5/9/1969,6.48
5/10/1969,
5/11/1969,
5/12/1969,6.52
5/13/1969,6.49
5/14/1969,6.46
5/15/1969,6.49
5/16/1969,6.54
5/17/1969,
5/18/1969,
5/19/1969,6.58
5/20/1969,6.57
5/21/1969,6.55
5/22/1969,6.56
5/23/1969,6.59
5/24/1969,
5/25/1969,
5/26/1969,6.62
5/27/1969,6.67
5/28/1969,6.68
5/29/1969,6.69
5/30/1969,0
5/31/1969,
6/1/1969,
6/2/1969,6.69
6/3/1969,6.69
6/4/1969,6.71
6/5/1969,6.69
6/6/1969,6.68
6/7/1969,
6/8/1969,
6/9/1969,6.76
6/10/1969,6.72
6/11/1969,6.73
6/12/1969,6.7
6/13/1969,6.66
6/14/1969,
6/15/1969,
6/16/1969,6.64
6/17/1969,6.68
6/18/1969,6.68
6/19/1969,6.74
6/20/1969,6.76
6/21/1969,
6/22/1969,
6/23/1969,6.78
6/24/1969,6.82
6/25/1969,6.85
6/26/1969,6.84
6/27/1969,6.88
6/28/1969,
6/29/1969,
6/30/1969,6.98
7/1/1969,7.02
7/2/1969,7.04
7/3/1969,7.01
7/4/1969,0
7/5/1969,
7/6/1969,
7/7/1969,7.02
7/8/1969,7.04
7/9/1969,7.08
7/10/1969,7.04
7/11/1969,6.88
7/12/1969,
7/13/1969,
7/14/1969,6.94
7/15/1969,6.97
7/16/1969,6.92
7/17/1969,6.95
7/18/1969,6.97
7/19/1969,
7/20/1969,
7/21/1969,0
7/22/1969,7.04
7/23/1969,7.05
7/24/1969,7.06
7/25/1969,7.07
7/26/1969,
7/27/1969,
7/28/1969,7.07
7/29/1969,7.07
7/30/1969,7.06
7/31/1969,6.98
8/1/1969,6.98
8/2/1969,
8/3/1969,
8/4/1969,6.94
8/5/1969,6.91
8/6/1969,6.94
8/7/1969,6.95
8/8/1969,6.98
8/9/1969,
8/10/1969,
8/11/1969,7.04
8/12/1969,7.07
8/13/1969,7.07
8/14/1969,7.05
8/15/1969,7.05
8/16/1969,
8/17/1969,
8/18/1969,7.01
8/19/1969,7
8/20/1969,6.99
8/21/1969,7.01
8/22/1969,7.03
8/23/1969,
8/24/1969,
8/25/1969,7.04
8/26/1969,7.09
8/27/1969,7.11
8/28/1969,7.14
8/29/1969,7.13
8/30/1969,
8/31/1969,
9/1/1969,0
9/2/1969,7.17
9/3/1969,7.24
9/4/1969,7.26
9/5/1969,7.33
9/6/1969,
9/7/1969,
9/8/1969,7.39
9/9/1969,7.4
9/10/1969,7.38
9/11/1969,7.44
9/12/1969,7.48
9/13/1969,
9/14/1969,
9/15/1969,7.5
9/16/1969,7.54
9/17/1969,7.56
9/18/1969,7.71
9/19/1969,7.72
9/20/1969,
9/21/1969,
9/22/1969,7.72
9/23/1969,7.71
9/24/1969,7.74
9/25/1969,7.78
9/26/1969,7.88
9/27/1969,
9/28/1969,
9/29/1969,7.94
9/30/1969,8.02
10/1/1969,8.04
10/2/1969,7.98
10/3/1969,7.87
10/4/1969,
10/5/1969,
10/6/1969,7.82
10/7/1969,7.75
10/8/1969,7.75
10/9/1969,7.77
10/10/1969,7.67
10/11/1969,
10/12/1969,
10/13/1969,0
10/14/1969,7.54
10/15/1969,7.55
10/16/1969,7.44
10/17/1969,7.34
10/18/1969,
10/19/1969,
10/20/1969,7.18
10/21/1969,7.12
10/22/1969,7.17
10/23/1969,7.25
10/24/1969,7.26
10/25/1969,
10/26/1969,
10/27/1969,7.28
10/28/1969,7.33
10/29/1969,7.34
10/30/1969,7.34
10/31/1969,7.33
11/1/1969,
11/2/1969,
11/3/1969,7.29
11/4/1969,0
11/5/1969,7.35
11/6/1969,7.39
11/7/1969,7.35
11/8/1969,
11/9/1969,
11/10/1969,7.35
11/11/1969,0
11/12/1969,7.43
11/13/1969,7.5
11/14/1969,7.46
11/15/1969,
11/16/1969,
11/17/1969,7.55
11/18/1969,7.63
11/19/1969,7.64
11/20/1969,7.73
11/21/1969,7.71
11/22/1969,
11/23/1969,
11/24/1969,7.66
11/25/1969,7.64
11/26/1969,7.66
11/27/1969,0
11/28/1969,7.61
11/29/1969,
11/30/1969,
12/1/1969,7.56
12/2/1969,7.63
12/3/1969,7.72
12/4/1969,7.7
12/5/1969,7.71
12/6/1969,
12/7/1969,
12/8/1969,7.75
12/9/1969,7.87
12/10/1969,7.97
12/11/1969,7.99
12/12/1969,7.95
12/13/1969,
12/14/1969,
12/15/1969,7.95
12/16/1969,8.02
12/17/1969,8.07
12/18/1969,8.07
12/19/1969,8.02
12/20/1969,
12/21/1969,
12/22/1969,8
12/23/1969,8.08
12/24/1969,8.12
12/25/1969,0
12/26/1969,8.14
12/27/1969,
12/28/1969,
12/29/1969,8.33
12/30/1969,8.26
12/31/1969,8.22
1/1/1970,0
1/2/1970,8.19
1/3/1970,
1/4/1970,
1/5/1970,8.19
1/6/1970,8.26
1/7/1970,8.3
1/8/1970,8.25
1/9/1970,8.18
1/10/1970,
1/11/1970,
1/12/1970,8.16
1/13/1970,8.13
1/14/1970,8.16
1/15/1970,8.19
1/16/1970,8.08
1/17/1970,
1/18/1970,
1/19/1970,8.03
1/20/1970,8.08
1/21/1970,8.06
1/22/1970,8.06
1/23/1970,8.1
1/24/1970,
1/25/1970,
1/26/1970,8.15
1/27/1970,8.16
1/28/1970,8.2
1/29/1970,8.28
1/30/1970,8.27
1/31/1970,
2/1/1970,
2/2/1970,8.18
2/3/1970,8.15
2/4/1970,8.17
2/5/1970,8.18
2/6/1970,8.13
2/7/1970,
2/8/1970,
2/9/1970,8.04
2/10/1970,8.07
2/11/1970,8.05
2/12/1970,0
2/13/1970,7.82
2/14/1970,
2/15/1970,
2/16/1970,7.8
2/17/1970,7.7
2/18/1970,7.63
2/19/1970,7.56
2/20/1970,7.58
2/21/1970,
2/22/1970,
2/23/1970,0
2/24/1970,7.61
2/25/1970,7.49
2/26/1970,7.37
2/27/1970,7.31
2/28/1970,
3/1/1970,
3/2/1970,7.43
3/3/1970,7.35
3/4/1970,7.27
3/5/1970,7.18
3/6/1970,7.06
3/7/1970,
3/8/1970,
3/9/1970,7.04
3/10/1970,7
3/11/1970,7.11
3/12/1970,7.16
3/13/1970,7.3
3/14/1970,
3/15/1970,
3/16/1970,7.3
3/17/1970,7.48
3/18/1970,7.41
3/19/1970,7.22
3/20/1970,7.22
3/21/1970,
3/22/1970,
3/23/1970,7.17
3/24/1970,7.08
3/25/1970,7.05
3/26/1970,7.12
3/27/1970,0
3/28/1970,
3/29/1970,
3/30/1970,7.22
3/31/1970,7.24
4/1/1970,7.18
4/2/1970,7.24
4/3/1970,7.31
4/4/1970,
4/5/1970,
4/6/1970,7.38
4/7/1970,7.35
4/8/1970,7.3
4/9/1970,7.29
4/10/1970,7.29
4/11/1970,
4/12/1970,
4/13/1970,7.36
4/14/1970,7.36
4/15/1970,7.42
4/16/1970,7.49
4/17/1970,7.49
4/18/1970,
4/19/1970,
4/20/1970,7.49
4/21/1970,7.57
4/22/1970,7.66
4/23/1970,7.66
4/24/1970,7.79
4/25/1970,
4/26/1970,
4/27/1970,7.8
4/28/1970,7.82
4/29/1970,7.83
4/30/1970,7.95
5/1/1970,7.98
5/2/1970,
5/3/1970,
5/4/1970,8.05
5/5/1970,8.02
5/6/1970,8.01
5/7/1970,7.94
5/8/1970,7.88
5/9/1970,
5/10/1970,
5/11/1970,7.97
5/12/1970,7.97
5/13/1970,7.98
5/14/1970,8.01
5/15/1970,7.96
5/16/1970,
5/17/1970,
5/18/1970,7.93
5/19/1970,7.92
5/20/1970,7.98
5/21/1970,8
5/22/1970,8.02
5/23/1970,
5/24/1970,
5/25/1970,8.08
5/26/1970,8.04
5/27/1970,7.92
5/28/1970,7.86
5/29/1970,7.83
5/30/1970,
5/31/1970,
6/1/1970,7.73
6/2/1970,7.74
6/3/1970,7.74
6/4/1970,7.76
6/5/1970,7.88
6/6/1970,
6/7/1970,
6/8/1970,7.87
6/9/1970,7.83
6/10/1970,7.82
6/11/1970,7.89
6/12/1970,7.98
6/13/1970,
6/14/1970,
6/15/1970,7.98
6/16/1970,7.9
6/17/1970,7.96
6/18/1970,7.96
6/19/1970,7.94
6/20/1970,
6/21/1970,
6/22/1970,7.88
6/23/1970,7.84
6/24/1970,7.84
6/25/1970,7.83
6/26/1970,7.84
6/27/1970,
6/28/1970,
6/29/1970,7.8
6/30/1970,7.77
7/1/1970,7.69
7/2/1970,7.62
7/3/1970,0
7/4/1970,
7/5/1970,
7/6/1970,7.62
7/7/1970,7.63
7/8/1970,7.65
7/9/1970,7.64
7/10/1970,7.64
7/11/1970,
7/12/1970,
7/13/1970,7.62
7/14/1970,7.59
7/15/1970,7.54
7/16/1970,7.48
7/17/1970,7.52
7/18/1970,
7/19/1970,
7/20/1970,7.59
7/21/1970,7.58
7/22/1970,7.56
7/23/1970,7.47
7/24/1970,7.54
7/25/1970,
7/26/1970,
7/27/1970,7.59
7/28/1970,7.62
7/29/1970,7.61
7/30/1970,7.59
7/31/1970,7.58
8/1/1970,
8/2/1970,
8/3/1970,7.6
8/4/1970,7.62
8/5/1970,7.62
8/6/1970,7.62
8/7/1970,7.63
8/8/1970,
8/9/1970,
8/10/1970,7.69
8/11/1970,7.67
8/12/1970,7.64
8/13/1970,7.62
8/14/1970,7.66
8/15/1970,
8/16/1970,
8/17/1970,7.68
8/18/1970,7.65
8/19/1970,7.59
8/20/1970,7.57
8/21/1970,7.53
8/22/1970,
8/23/1970,
8/24/1970,7.44
8/25/1970,7.42
8/26/1970,7.42
8/27/1970,7.45
8/28/1970,7.45
8/29/1970,
8/30/1970,
8/31/1970,7.45
9/1/1970,7.43
9/2/1970,7.43
9/3/1970,7.42
9/4/1970,7.37
9/5/1970,
9/6/1970,
9/7/1970,0
9/8/1970,7.4
9/9/1970,7.44
9/10/1970,7.43
9/11/1970,7.4
9/12/1970,
9/13/1970,
9/14/1970,7.38
9/15/1970,7.37
9/16/1970,7.31
9/17/1970,7.24
9/18/1970,7.24
9/19/1970,
9/20/1970,
9/21/1970,7.22
9/22/1970,7.19
9/23/1970,7.1
9/24/1970,7.13
9/25/1970,7.14
9/26/1970,
9/27/1970,
9/28/1970,7.19
9/29/1970,7.18
9/30/1970,7.18
10/1/1970,7.19
10/2/1970,7.17
10/3/1970,
10/4/1970,
10/5/1970,7.15
10/6/1970,7.09
10/7/1970,7.07
10/8/1970,7.1
10/9/1970,7.07
10/10/1970,
10/11/1970,
10/12/1970,0
10/13/1970,7.07
10/14/1970,7.08
10/15/1970,7.1
10/16/1970,7.11
10/17/1970,
10/18/1970,
10/19/1970,7.16
10/20/1970,7.14
10/21/1970,7.15
10/22/1970,7.18
10/23/1970,7.17
10/24/1970,
10/25/1970,
10/26/1970,7.17
10/27/1970,7.11
10/28/1970,7.07
10/29/1970,7.03
10/30/1970,7.04
10/31/1970,
11/1/1970,
11/2/1970,6.95
11/3/1970,0
11/4/1970,6.96
11/5/1970,6.89
11/6/1970,6.86
11/7/1970,
11/8/1970,
11/9/1970,6.73
11/10/1970,6.76
11/11/1970,0
11/12/1970,6.75
11/13/1970,6.69
11/14/1970,
11/15/1970,
11/16/1970,6.63
11/17/1970,6.58
11/18/1970,6.43
11/19/1970,6.29
11/20/1970,6.01
11/21/1970,
11/22/1970,
11/23/1970,5.91
11/24/1970,6.06
11/25/1970,5.97
11/26/1970,0
11/27/1970,5.97
11/28/1970,
11/29/1970,
11/30/1970,5.99
12/1/1970,6
12/2/1970,5.95
12/3/1970,5.88
12/4/1970,5.85
12/5/1970,
12/6/1970,
12/7/1970,5.89
12/8/1970,5.92
12/9/1970,5.97
12/10/1970,5.95
12/11/1970,5.89
12/12/1970,
12/13/1970,
12/14/1970,5.87
12/15/1970,5.9
12/16/1970,5.9
12/17/1970,5.9
12/18/1970,5.94
12/19/1970,
12/20/1970,
12/21/1970,6.02
12/22/1970,6.07
12/23/1970,6.05
12/24/1970,5.98
12/25/1970,0
12/26/1970,
12/27/1970,
12/28/1970,6
12/29/1970,6.03
12/30/1970,5.98
12/31/1970,5.98
1/1/1971,0
1/2/1971,
1/3/1971,
1/4/1971,5.98
1/5/1971,6.04
1/6/1971,6.06
1/7/1971,6.06
1/8/1971,6.06
1/9/1971,
1/10/1971,
1/11/1971,6.01
1/12/1971,5.98
1/13/1971,5.91
1/14/1971,5.85
1/15/1971,5.84
1/16/1971,
1/17/1971,
1/18/1971,5.86
1/19/1971,5.86
1/20/1971,5.82
1/21/1971,5.75
1/22/1971,5.77
1/23/1971,
1/24/1971,
1/25/1971,5.76
1/26/1971,5.8
1/27/1971,5.79
1/28/1971,5.78
1/29/1971,5.78
1/30/1971,
1/31/1971,
2/1/1971,5.79
2/2/1971,5.77
2/3/1971,5.78
2/4/1971,5.74
2/5/1971,5.72
2/6/1971,
2/7/1971,
2/8/1971,5.69
2/9/1971,5.62
2/10/1971,5.64
2/11/1971,5.61
2/12/1971,0
2/13/1971,
2/14/1971,
2/15/1971,0
2/16/1971,5.59
2/17/1971,5.51
2/18/1971,5.42
2/19/1971,5.36
2/20/1971,
2/21/1971,
2/22/1971,5.39
2/23/1971,5.41
2/24/1971,5.38
2/25/1971,5.34
2/26/1971,5.36
2/27/1971,
2/28/1971,
3/1/1971,5.35
3/2/1971,5.35
3/3/1971,5.31
3/4/1971,5.25
3/5/1971,5.22
3/6/1971,
3/7/1971,
3/8/1971,5.16
3/9/1971,5.04
3/10/1971,4.99
3/11/1971,4.88
3/12/1971,4.97
3/13/1971,
3/14/1971,
3/15/1971,4.93
3/16/1971,4.9
3/17/1971,4.83
3/18/1971,4.78
3/19/1971,4.79
3/20/1971,
3/21/1971,
3/22/1971,4.74
3/23/1971,4.77
3/24/1971,4.82
3/25/1971,4.86
3/26/1971,4.98
3/27/1971,
3/28/1971,
3/29/1971,5.07
3/30/1971,5.04
3/31/1971,5.06
4/1/1971,5.16
4/2/1971,5.22
4/3/1971,
4/4/1971,
4/5/1971,5.3
4/6/1971,5.27
4/7/1971,5.29
4/8/1971,5.42
4/9/1971,0
4/10/1971,
4/11/1971,
4/12/1971,5.63
4/13/1971,5.54
4/14/1971,5.58
4/15/1971,5.58
4/16/1971,5.61
4/17/1971,
4/18/1971,
4/19/1971,5.66
4/20/1971,5.78
4/21/1971,5.88
4/22/1971,5.85
4/23/1971,5.86
4/24/1971,
4/25/1971,
4/26/1971,5.89
4/27/1971,5.97
4/28/1971,5.99
4/29/1971,6.14
4/30/1971,6.08
5/1/1971,
5/2/1971,
5/3/1971,6.09
5/4/1971,6.14
5/5/1971,6.2
5/6/1971,6.2
5/7/1971,6.18
5/8/1971,
5/9/1971,
5/10/1971,6.13
5/11/1971,6.17
5/12/1971,6.25
5/13/1971,6.33
5/14/1971,6.38
5/15/1971,
5/16/1971,
5/17/1971,6.5
5/18/1971,6.6
5/19/1971,6.49
5/20/1971,6.32
5/21/1971,6.41
5/22/1971,
5/23/1971,
5/24/1971,6.37
5/25/1971,6.3
5/26/1971,6.18
5/27/1971,6.16
5/28/1971,6.24
5/29/1971,
5/30/1971,
5/31/1971,0
6/1/1971,6.27
6/2/1971,6.13
6/3/1971,6.13
6/4/1971,6.22
6/5/1971,
6/6/1971,
6/7/1971,6.36
6/8/1971,6.37
6/9/1971,6.45
6/10/1971,6.48
6/11/1971,6.5
6/12/1971,
6/13/1971,
6/14/1971,6.66
6/15/1971,6.76
6/16/1971,6.66
6/17/1971,6.67
6/18/1971,6.61
6/19/1971,
6/20/1971,
6/21/1971,6.51
6/22/1971,6.61
6/23/1971,6.58
6/24/1971,6.61
6/25/1971,6.66
6/26/1971,
6/27/1971,
6/28/1971,6.73
6/29/1971,6.82
6/30/1971,6.86
7/1/1971,6.83
7/2/1971,6.81
7/3/1971,
7/4/1971,
7/5/1971,0
7/6/1971,6.8
7/7/1971,6.76
7/8/1971,6.77
7/9/1971,6.8
7/10/1971,
7/11/1971,
7/12/1971,6.68
7/13/1971,6.7
7/14/1971,6.71
7/15/1971,6.71
7/16/1971,6.79
7/17/1971,
7/18/1971,
7/19/1971,6.88
7/20/1971,6.85
7/21/1971,6.85
7/22/1971,6.93
7/23/1971,6.97
7/24/1971,
7/25/1971,
7/26/1971,7
7/27/1971,7.02
7/28/1971,7.03
7/29/1971,7
7/30/1971,6.96
7/31/1971,
8/1/1971,
8/2/1971,6.94
8/3/1971,7.02
8/4/1971,7.01
8/5/1971,6.98
8/6/1971,6.98
8/7/1971,
8/8/1971,
8/9/1971,7.01
8/10/1971,7.03
8/11/1971,7
8/12/1971,6.9
8/13/1971,6.78
8/14/1971,
8/15/1971,
8/16/1971,6.39
8/17/1971,6.17
8/18/1971,6.22
8/19/1971,6.15
8/20/1971,6.19
8/21/1971,
8/22/1971,
8/23/1971,6.33
8/24/1971,6.19
8/25/1971,6.22
8/26/1971,6.2
8/27/1971,6.16
8/28/1971,
8/29/1971,
8/30/1971,6.15
8/31/1971,6.07
9/1/1971,6.09
9/2/1971,6.05
9/3/1971,6.02
9/4/1971,
9/5/1971,
9/6/1971,0
9/7/1971,6
9/8/1971,6.05
9/9/1971,6.15
9/10/1971,6.17
9/11/1971,
9/12/1971,
9/13/1971,6.24
9/14/1971,6.21
9/15/1971,6.16
9/16/1971,6.13
9/17/1971,6.09
9/18/1971,
9/19/1971,
9/20/1971,6.16
9/21/1971,6.19
9/22/1971,6.22
9/23/1971,6.21
9/24/1971,6.19
9/25/1971,
9/26/1971,
9/27/1971,6.17
9/28/1971,6.18
9/29/1971,6.14
9/30/1971,6.06
10/1/1971,6.04
10/2/1971,
10/3/1971,
10/4/1971,6.04
10/5/1971,6.1
10/6/1971,6.06
10/7/1971,6.07
10/8/1971,6.03
10/9/1971,
10/10/1971,
10/11/1971,0
10/12/1971,5.95
10/13/1971,5.88
10/14/1971,5.87
10/15/1971,5.88
10/16/1971,
10/17/1971,
10/18/1971,5.92
10/19/1971,5.92
10/20/1971,5.84
10/21/1971,5.84
10/22/1971,5.84
10/23/1971,
10/24/1971,
10/25/1971,0
10/26/1971,5.84
10/27/1971,5.86
10/28/1971,5.83
10/29/1971,5.78
10/30/1971,
10/31/1971,
11/1/1971,5.75
11/2/1971,0
11/3/1971,5.72
11/4/1971,5.74
11/5/1971,5.72
11/6/1971,
11/7/1971,
11/8/1971,5.77
11/9/1971,5.77
11/10/1971,5.83
11/11/1971,5.8
11/12/1971,5.73
11/13/1971,
11/14/1971,
11/15/1971,5.71
11/16/1971,5.71
11/17/1971,5.71
11/18/1971,5.71
11/19/1971,5.76
11/20/1971,
11/21/1971,
11/22/1971,5.81
11/23/1971,5.9
11/24/1971,5.93
11/25/1971,0
11/26/1971,5.85
11/27/1971,
11/28/1971,
11/29/1971,5.86
11/30/1971,5.84
12/1/1971,5.8
12/2/1971,5.76
12/3/1971,5.72
12/4/1971,
12/5/1971,
12/6/1971,5.74
12/7/1971,5.78
12/8/1971,5.75
12/9/1971,5.79
12/10/1971,5.77
12/11/1971,
12/12/1971,
12/13/1971,5.71
12/14/1971,5.75
12/15/1971,5.76
12/16/1971,5.73
12/17/1971,5.7
12/18/1971,
12/19/1971,
12/20/1971,5.73
12/21/1971,5.73
12/22/1971,5.71
12/23/1971,5.64
12/24/1971,0
12/25/1971,
12/26/1971,
12/27/1971,5.55
12/28/1971,5.49
12/29/1971,5.54
12/30/1971,5.52
12/31/1971,5.5
1/1/1972,
1/2/1972,
1/3/1972,5.55
1/4/1972,5.55
1/5/1972,5.56
1/6/1972,5.53
1/7/1972,5.51
1/8/1972,
1/9/1972,
1/10/1972,5.48
1/11/1972,5.5
1/12/1972,5.5
1/13/1972,5.47
1/14/1972,5.48
1/15/1972,
1/16/1972,
1/17/1972,5.52
1/18/1972,5.56
1/19/1972,5.64
1/20/1972,5.66
1/21/1972,5.68
1/22/1972,
1/23/1972,
1/24/1972,5.72
1/25/1972,5.68
1/26/1972,5.66
1/27/1972,5.72
1/28/1972,5.74
1/29/1972,
1/30/1972,
1/31/1972,5.75
2/1/1972,5.78
2/2/1972,5.75
2/3/1972,5.77
2/4/1972,5.72
2/5/1972,
2/6/1972,
2/7/1972,5.73
2/8/1972,5.74
2/9/1972,5.73
2/10/1972,5.69
2/11/1972,5.7
2/12/1972,
2/13/1972,
2/14/1972,5.68
2/15/1972,5.67
2/16/1972,5.63
2/17/1972,5.63
2/18/1972,5.64
2/19/1972,
2/20/1972,
2/21/1972,0
2/22/1972,5.64
2/23/1972,5.68
2/24/1972,5.66
2/25/1972,5.65
2/26/1972,
2/27/1972,
2/28/1972,5.66
2/29/1972,5.68
3/1/1972,5.66
3/2/1972,5.62
3/3/1972,5.64
3/4/1972,
3/5/1972,
3/6/1972,5.66
3/7/1972,5.68
3/8/1972,5.7
3/9/1972,5.74
3/10/1972,5.81
3/11/1972,
3/12/1972,
3/13/1972,5.9
3/14/1972,5.91
3/15/1972,5.98
3/16/1972,5.94
3/17/1972,5.98
3/18/1972,
3/19/1972,
3/20/1972,5.97
3/21/1972,5.92
3/22/1972,5.88
3/23/1972,5.95
3/24/1972,6
3/25/1972,
3/26/1972,
3/27/1972,5.99
3/28/1972,6.03
3/29/1972,6.09
3/30/1972,6.1
3/31/1972,0
4/1/1972,
4/2/1972,
4/3/1972,6.15
4/4/1972,6.24
4/5/1972,6.21
4/6/1972,6.22
4/7/1972,6.22
4/8/1972,
4/9/1972,
4/10/1972,6.18
4/11/1972,6.23
4/12/1972,6.28
4/13/1972,6.28
4/14/1972,6.23
4/15/1972,
4/16/1972,
4/17/1972,6.21
4/18/1972,6.2
4/19/1972,6.2
4/20/1972,6.18
4/21/1972,6.18
4/22/1972,
4/23/1972,
4/24/1972,6.17
4/25/1972,6.14
4/26/1972,6.1
4/27/1972,5.9
4/28/1972,5.89
4/29/1972,
4/30/1972,
5/1/1972,5.85
5/2/1972,5.88
5/3/1972,5.91
5/4/1972,5.92
5/5/1972,5.91
5/6/1972,
5/7/1972,
5/8/1972,5.92
5/9/1972,5.95
5/10/1972,5.92
5/11/1972,5.9
5/12/1972,5.85
5/13/1972,
5/14/1972,
5/15/1972,5.84
5/16/1972,5.86
5/17/1972,5.88
5/18/1972,5.86
5/19/1972,5.84
5/20/1972,
5/21/1972,
5/22/1972,5.81
5/23/1972,5.78
5/24/1972,5.8
5/25/1972,5.77
5/26/1972,5.77
5/27/1972,
5/28/1972,
5/29/1972,0
5/30/1972,5.75
5/31/1972,5.79
6/1/1972,5.82
6/2/1972,5.84
6/3/1972,
6/4/1972,
6/5/1972,5.86
6/6/1972,5.88
6/7/1972,5.86
6/8/1972,5.87
6/9/1972,5.86
6/10/1972,
6/11/1972,
6/12/1972,5.86
6/13/1972,5.87
6/14/1972,5.86
6/15/1972,5.86
6/16/1972,5.89
6/17/1972,
6/18/1972,
6/19/1972,5.88
6/20/1972,5.9
6/21/1972,5.94
6/22/1972,5.98
6/23/1972,5.98
6/24/1972,
6/25/1972,
6/26/1972,6
6/27/1972,5.98
6/28/1972,5.96
6/29/1972,6
6/30/1972,6
7/1/1972,
7/2/1972,
7/3/1972,6
7/4/1972,0
7/5/1972,5.96
7/6/1972,5.93
7/7/1972,5.98
7/8/1972,
7/9/1972,
7/10/1972,5.98
7/11/1972,5.98
7/12/1972,5.97
7/13/1972,5.96
7/14/1972,5.93
7/15/1972,
7/16/1972,
7/17/1972,5.94
7/18/1972,5.96
7/19/1972,5.94
7/20/1972,5.97
7/21/1972,5.99
7/22/1972,
7/23/1972,
7/24/1972,5.99
7/25/1972,5.98
7/26/1972,5.98
7/27/1972,6.02
7/28/1972,6
7/29/1972,
7/30/1972,
7/31/1972,5.98
8/1/1972,5.98
8/2/1972,5.95
8/3/1972,5.96
8/4/1972,5.98
8/5/1972,
8/6/1972,
8/7/1972,5.98
8/8/1972,5.97
8/9/1972,5.94
8/10/1972,5.95
8/11/1972,5.95
8/12/1972,
8/13/1972,
8/14/1972,5.96
8/15/1972,5.96
8/16/1972,5.96
8/17/1972,5.96
8/18/1972,5.98
8/19/1972,
8/20/1972,
8/21/1972,5.98
8/22/1972,5.99
8/23/1972,6.02
8/24/1972,6.04
8/25/1972,6.13
8/26/1972,
8/27/1972,
8/28/1972,6.17
8/29/1972,6.19
8/30/1972,6.22
8/31/1972,6.21
9/1/1972,6.2
9/2/1972,
9/3/1972,
9/4/1972,0
9/5/1972,6.24
9/6/1972,6.26
9/7/1972,6.28
9/8/1972,6.3
9/9/1972,
9/10/1972,
9/11/1972,6.28
9/12/1972,6.28
9/13/1972,6.31
9/14/1972,6.32
9/15/1972,6.27
9/16/1972,
9/17/1972,
9/18/1972,6.22
9/19/1972,6.22
9/20/1972,6.23
9/21/1972,6.25
9/22/1972,6.28
9/23/1972,
9/24/1972,
9/25/1972,6.27
9/26/1972,6.22
9/27/1972,6.21
9/28/1972,6.19
9/29/1972,6.18
9/30/1972,
10/1/1972,
10/2/1972,6.17
10/3/1972,6.23
10/4/1972,6.2
10/5/1972,6.19
10/6/1972,6.18
10/7/1972,
10/8/1972,
10/9/1972,0
10/10/1972,6.15
10/11/1972,6.16
10/12/1972,6.19
10/13/1972,6.19
10/14/1972,
10/15/1972,
10/16/1972,6.17
10/17/1972,6.17
10/18/1972,6.19
10/19/1972,6.19
10/20/1972,6.19
10/21/1972,
10/22/1972,
10/23/1972,0
10/24/1972,6.16
10/25/1972,6.17
10/26/1972,6.16
10/27/1972,6.18
10/28/1972,
10/29/1972,
10/30/1972,6.2
10/31/1972,6.2
11/1/1972,6.2
11/2/1972,6.15
11/3/1972,6.13
11/4/1972,
11/5/1972,
11/6/1972,6.11
11/7/1972,0
11/8/1972,6.15
11/9/1972,6.16
11/10/1972,6.15
11/11/1972,
11/12/1972,
11/13/1972,6.11
11/14/1972,6.1
11/15/1972,6.06
11/16/1972,6.08
11/17/1972,6.1
11/18/1972,
11/19/1972,
11/20/1972,6.08
11/21/1972,6.09
11/22/1972,6.09
11/23/1972,0
11/24/1972,6.1
11/25/1972,
11/26/1972,
11/27/1972,6.13
11/28/1972,6.12
11/29/1972,6.1
11/30/1972,6.12
12/1/1972,6.12
12/2/1972,
12/3/1972,
12/4/1972,6.13
12/5/1972,6.14
12/6/1972,6.13
12/7/1972,6.12
12/8/1972,6.14
12/9/1972,
12/10/1972,
12/11/1972,6.15
12/12/1972,6.13
12/13/1972,6.12
12/14/1972,6.11
12/15/1972,6.11
12/16/1972,
12/17/1972,
12/18/1972,6.18
12/19/1972,6.18
12/20/1972,6.18
12/21/1972,6.17
12/22/1972,6.19
12/23/1972,
12/24/1972,
12/25/1972,0
12/26/1972,6.19
12/27/1972,6.2
12/28/1972,6.22
12/29/1972,6.26
12/30/1972,
12/31/1972,
1/1/1973,0
1/2/1973,6.29
1/3/1973,6.26
1/4/1973,6.23
1/5/1973,6.27
1/6/1973,
1/7/1973,
1/8/1973,6.3
1/9/1973,6.3
1/10/1973,6.31
1/11/1973,6.31
1/12/1973,6.33
1/13/1973,
1/14/1973,
1/15/1973,6.31
1/16/1973,6.32
1/17/1973,6.3
1/18/1973,6.32
1/19/1973,6.36
1/20/1973,
1/21/1973,
1/22/1973,6.38
1/23/1973,6.35
1/24/1973,6.39
1/25/1973,6.41
1/26/1973,6.44
1/27/1973,
1/28/1973,
1/29/1973,6.44
1/30/1973,6.44
1/31/1973,6.45
2/1/1973,6.56
2/2/1973,6.58
2/3/1973,
2/4/1973,
2/5/1973,6.58
2/6/1973,6.58
2/7/1973,6.57
2/8/1973,6.55
2/9/1973,6.51
2/10/1973,
2/11/1973,
2/12/1973,0
2/13/1973,6.54
2/14/1973,6.54
2/15/1973,6.53
2/16/1973,6.55
2/17/1973,
2/18/1973,
2/19/1973,0
2/20/1973,6.65
2/21/1973,6.65
2/22/1973,6.64
2/23/1973,6.6
2/24/1973,
2/25/1973,
2/26/1973,6.72
2/27/1973,6.72
2/28/1973,6.73
3/1/1973,6.72
3/2/1973,6.77
3/3/1973,
3/4/1973,
3/5/1973,6.79
3/6/1973,6.83
3/7/1973,6.8
3/8/1973,6.83
3/9/1973,6.83
3/10/1973,
3/11/1973,
3/12/1973,6.84
3/13/1973,6.81
3/14/1973,6.82
3/15/1973,6.85
3/16/1973,6.92
3/17/1973,
3/18/1973,
3/19/1973,6.85
3/20/1973,6.85
3/21/1973,6.83
3/22/1973,6.84
3/23/1973,6.84
3/24/1973,
3/25/1973,
3/26/1973,6.76
3/27/1973,6.74
3/28/1973,6.69
3/29/1973,6.68
3/30/1973,6.81
3/31/1973,
4/1/1973,
4/2/1973,6.81
4/3/1973,6.77
4/4/1973,6.71
4/5/1973,6.7
4/6/1973,6.59
4/7/1973,
4/8/1973,
4/9/1973,6.55
4/10/1973,6.58
4/11/1973,6.63
4/12/1973,6.64
4/13/1973,6.55
4/14/1973,
4/15/1973,
4/16/1973,6.57
4/17/1973,6.66
4/18/1973,6.67
4/19/1973,6.71
4/20/1973,0
4/21/1973,
4/22/1973,
4/23/1973,6.76
4/24/1973,6.73
4/25/1973,6.72
4/26/1973,6.67
4/27/1973,6.7
4/28/1973,
4/29/1973,
4/30/1973,6.73
5/1/1973,6.77
5/2/1973,6.78
5/3/1973,6.8
5/4/1973,6.83
5/5/1973,
5/6/1973,
5/7/1973,6.83
5/8/1973,6.8
5/9/1973,6.78
5/10/1973,6.77
5/11/1973,6.81
5/12/1973,
5/13/1973,
5/14/1973,6.8
5/15/1973,6.78
5/16/1973,6.76
5/17/1973,6.81
5/18/1973,6.83
5/19/1973,
5/20/1973,
5/21/1973,6.86
5/22/1973,6.86
5/23/1973,6.84
5/24/1973,6.8
5/25/1973,6.78
5/26/1973,
5/27/1973,
5/28/1973,0
5/29/1973,6.8
5/30/1973,6.8
5/31/1973,6.78
6/1/1973,6.78
6/2/1973,
6/3/1973,
6/4/1973,6.8
6/5/1973,6.7
6/6/1973,6.57
6/7/1973,6.61
6/8/1973,6.59
6/9/1973,
6/10/1973,
6/11/1973,6.62
6/12/1973,6.61
6/13/1973,6.62
6/14/1973,6.62
6/15/1973,6.63
6/16/1973,
6/17/1973,
6/18/1973,6.65
6/19/1973,6.66
6/20/1973,6.66
6/21/1973,6.67
6/22/1973,6.7
6/23/1973,
6/24/1973,
6/25/1973,6.74
6/26/1973,6.76
6/27/1973,6.78
6/28/1973,6.82
6/29/1973,6.9
6/30/1973,
7/1/1973,
7/2/1973,7
7/3/1973,7.03
7/4/1973,0
7/5/1973,7.02
7/6/1973,7.07
7/7/1973,
7/8/1973,
7/9/1973,7.18
7/10/1973,7.11
7/11/1973,7.11
7/12/1973,7.12
7/13/1973,7.17
7/14/1973,
7/15/1973,
7/16/1973,7.21
7/17/1973,7.22
7/18/1973,7.26
7/19/1973,7.39
7/20/1973,7.48
7/21/1973,
7/22/1973,
7/23/1973,7.45
7/24/1973,7.5
7/25/1973,7.56
7/26/1973,7.7
7/27/1973,7.78
7/28/1973,
7/29/1973,
7/30/1973,7.8
7/31/1973,7.87
8/1/1973,7.94
8/2/1973,7.86
8/3/1973,7.98
8/4/1973,
8/5/1973,
8/6/1973,8.06
8/7/1973,8.13
8/8/1973,7.97
8/9/1973,8.01
8/10/1973,7.96
8/11/1973,
8/12/1973,
8/13/1973,7.84
8/14/1973,7.81
8/15/1973,7.71
8/16/1973,7.54
8/17/1973,7.41
8/18/1973,
8/19/1973,
8/20/1973,7.5
8/21/1973,7.47
8/22/1973,7.51
8/23/1973,7.31
8/24/1973,7.15
8/25/1973,
8/26/1973,
8/27/1973,7.23
8/28/1973,7.31
8/29/1973,7.22
8/30/1973,7.26
8/31/1973,7.28
9/1/1973,
9/2/1973,
9/3/1973,0
9/4/1973,7.22
9/5/1973,7.12
9/6/1973,7.12
9/7/1973,7.1
9/8/1973,
9/9/1973,
9/10/1973,7.23
9/11/1973,7.33
9/12/1973,7.33
9/13/1973,7.36
9/14/1973,7.29
9/15/1973,
9/16/1973,
9/17/1973,7.11
9/18/1973,6.99
9/19/1973,7.02
9/20/1973,6.95
9/21/1973,6.91
9/22/1973,
9/23/1973,
9/24/1973,6.81
9/25/1973,6.79
9/26/1973,6.82
9/27/1973,6.8
9/28/1973,6.72
9/29/1973,
9/30/1973,
10/1/1973,6.75
10/2/1973,6.88
10/3/1973,6.82
10/4/1973,6.88
10/5/1973,6.72
10/6/1973,
10/7/1973,
10/8/1973,0
10/9/1973,6.68
10/10/1973,6.74
10/11/1973,6.74
10/12/1973,6.68
10/13/1973,
10/14/1973,
10/15/1973,6.75
10/16/1973,6.8
10/17/1973,6.79
10/18/1973,6.77
10/19/1973,6.75
10/20/1973,
10/21/1973,
10/22/1973,0
10/23/1973,6.8
10/24/1973,6.81
10/25/1973,6.76
10/26/1973,6.76
10/27/1973,
10/28/1973,
10/29/1973,6.77
10/30/1973,6.75
10/31/1973,6.8
11/1/1973,6.83
11/2/1973,6.85
11/3/1973,
11/4/1973,
11/5/1973,7
11/6/1973,0
11/7/1973,6.98
11/8/1973,6.91
11/9/1973,6.93
11/10/1973,
11/11/1973,
11/12/1973,7.03
11/13/1973,7.16
11/14/1973,7.19
11/15/1973,7.1
11/16/1973,7.05
11/17/1973,
11/18/1973,
11/19/1973,6.91
11/20/1973,6.9
11/21/1973,6.8
11/22/1973,0
11/23/1973,6.81
11/24/1973,
11/25/1973,
11/26/1973,6.76
11/27/1973,6.77
11/28/1973,6.8
11/29/1973,6.8
11/30/1973,6.77
12/1/1973,
12/2/1973,
12/3/1973,6.84
12/4/1973,6.85
12/5/1973,6.9
12/6/1973,6.91
12/7/1973,6.88
12/8/1973,
12/9/1973,
12/10/1973,6.72
12/11/1973,6.77
12/12/1973,6.73
12/13/1973,6.76
12/14/1973,6.74
12/15/1973,
12/16/1973,
12/17/1973,6.71
12/18/1973,6.75
12/19/1973,6.75
12/20/1973,6.73
12/21/1973,6.75
12/22/1973,
12/23/1973,
12/24/1973,0
12/25/1973,0
12/26/1973,6.87
12/27/1973,6.84
12/28/1973,6.81
12/29/1973,
12/30/1973,
12/31/1973,6.83
1/1/1974,0
1/2/1974,6.86
1/3/1974,6.83
1/4/1974,6.83
1/5/1974,
1/6/1974,
1/7/1974,6.86
1/8/1974,6.87
1/9/1974,6.87
1/10/1974,6.91
1/11/1974,6.96
1/12/1974,
1/13/1974,
1/14/1974,6.98
1/15/1974,6.94
1/16/1974,6.96
1/17/1974,6.93
1/18/1974,6.94
1/19/1974,
1/20/1974,
1/21/1974,6.99
1/22/1974,7.05
1/23/1974,7.08
1/24/1974,7.06
1/25/1974,7.06
1/26/1974,
1/27/1974,
1/28/1974,7.01
1/29/1974,7
1/30/1974,6.97
1/31/1974,6.91
2/1/1974,6.85
2/2/1974,
2/3/1974,
2/4/1974,6.8
2/5/1974,6.8
2/6/1974,6.77
2/7/1974,6.82
2/8/1974,6.79
2/9/1974,
2/10/1974,
2/11/1974,6.78
2/12/1974,0
2/13/1974,6.76
2/14/1974,6.72
2/15/1974,6.74
2/16/1974,
2/17/1974,
2/18/1974,0
2/19/1974,6.76
2/20/1974,6.77
2/21/1974,6.81
2/22/1974,6.82
2/23/1974,
2/24/1974,
2/25/1974,6.83
2/26/1974,6.94
2/27/1974,6.96
2/28/1974,6.98
3/1/1974,7.06
3/2/1974,
3/3/1974,
3/4/1974,7.08
3/5/1974,7.08
3/6/1974,7.02
3/7/1974,7.01
3/8/1974,7.09
3/9/1974,
3/10/1974,
3/11/1974,7.12
3/12/1974,7.12
3/13/1974,7.16
3/14/1974,7.14
3/15/1974,7.22
3/16/1974,
3/17/1974,
3/18/1974,7.32
3/19/1974,7.33
3/20/1974,7.4
3/21/1974,7.56
3/22/1974,7.65
3/23/1974,
3/24/1974,
3/25/1974,7.68
3/26/1974,7.62
3/27/1974,7.59
3/28/1974,7.67
3/29/1974,7.65
3/30/1974,
3/31/1974,
4/1/1974,7.67
4/2/1974,7.71
4/3/1974,7.75
4/4/1974,7.88
4/5/1974,7.97
4/6/1974,
4/7/1974,
4/8/1974,7.92
4/9/1974,7.92
4/10/1974,7.84
4/11/1974,7.83
4/12/1974,0
4/13/1974,
4/14/1974,
4/15/1974,7.75
4/16/1974,7.88
4/17/1974,7.88
4/18/1974,7.97
4/19/1974,7.93
4/20/1974,
4/21/1974,
4/22/1974,7.95
4/23/1974,7.96
4/24/1974,7.95
4/25/1974,8.04
4/26/1974,8.11
4/27/1974,
4/28/1974,
4/29/1974,8.2
4/30/1974,8.21
5/1/1974,8.16
5/2/1974,8.2
5/3/1974,8.35
5/4/1974,
5/5/1974,
5/6/1974,8.42
5/7/1974,8.56
5/8/1974,8.46
5/9/1974,8.47
5/10/1974,8.19
5/11/1974,
5/12/1974,
5/13/1974,8.06
5/14/1974,8.13
5/15/1974,8.1
5/16/1974,8.12
5/17/1974,8.21
5/18/1974,
5/19/1974,
5/20/1974,8.21
5/21/1974,8.13
5/22/1974,8.07
5/23/1974,7.98
5/24/1974,7.94
5/25/1974,
5/26/1974,
5/27/1974,0
5/28/1974,8.05
5/29/1974,8.06
5/30/1974,8.02
5/31/1974,8.06
6/1/1974,
6/2/1974,
6/3/1974,8.11
6/4/1974,8.02
6/5/1974,8.04
6/6/1974,8
6/7/1974,7.93
6/8/1974,
6/9/1974,
6/10/1974,7.93
6/11/1974,7.95
6/12/1974,8.03
6/13/1974,8.1
6/14/1974,8.06
6/15/1974,
6/16/1974,
6/17/1974,8.01
6/18/1974,8.06
6/19/1974,8.06
6/20/1974,8.07
6/21/1974,8.1
6/22/1974,
6/23/1974,
6/24/1974,8.22
6/25/1974,8.29
6/26/1974,8.25
6/27/1974,8.36
6/28/1974,8.33
6/29/1974,
6/30/1974,
7/1/1974,8.38
7/2/1974,8.35
7/3/1974,8.43
7/4/1974,0
7/5/1974,8.51
7/6/1974,
7/7/1974,
7/8/1974,8.63
7/9/1974,8.63
7/10/1974,8.58
7/11/1974,8.54
7/12/1974,8.41
7/13/1974,
7/14/1974,
7/15/1974,8.42
7/16/1974,8.42
7/17/1974,8.38
7/18/1974,8.38
7/19/1974,8.29
7/20/1974,
7/21/1974,
7/22/1974,8.18
7/23/1974,8.15
7/24/1974,8.06
7/25/1974,8.04
7/26/1974,8.24
7/27/1974,
7/28/1974,
7/29/1974,8.32
7/30/1974,8.47
7/31/1974,8.46
8/1/1974,8.57
8/2/1974,8.68
8/3/1974,
8/4/1974,
8/5/1974,8.61
8/6/1974,8.53
8/7/1974,8.62
8/8/1974,8.59
8/9/1974,8.62
8/10/1974,
8/11/1974,
8/12/1974,8.58
8/13/1974,8.6
8/14/1974,8.58
8/15/1974,8.57
8/16/1974,8.53
8/17/1974,
8/18/1974,
8/19/1974,8.53
8/20/1974,8.56
8/21/1974,8.65
8/22/1974,8.74
8/23/1974,8.79
8/24/1974,
8/25/1974,
8/26/1974,8.77
8/27/1974,8.72
8/28/1974,8.71
8/29/1974,8.68
8/30/1974,8.63
8/31/1974,
9/1/1974,
9/2/1974,0
9/3/1974,8.65
9/4/1974,8.63
9/5/1974,8.59
9/6/1974,8.57
9/7/1974,
9/8/1974,
9/9/1974,8.49
9/10/1974,8.5
9/11/1974,8.49
9/12/1974,8.57
9/13/1974,8.53
9/14/1974,
9/15/1974,
9/16/1974,8.45
9/17/1974,8.41
9/18/1974,8.35
9/19/1974,8.3
9/20/1974,8.26
9/21/1974,
9/22/1974,
9/23/1974,8.15
9/24/1974,8.16
9/25/1974,8.16
9/26/1974,8.11
9/27/1974,8.07
9/28/1974,
9/29/1974,
9/30/1974,8.05
10/1/1974,8.11
10/2/1974,8.13
10/3/1974,8.14
10/4/1974,8.05
10/5/1974,
10/6/1974,
10/7/1974,7.98
10/8/1974,7.97
10/9/1974,8.02
10/10/1974,7.99
10/11/1974,7.93
10/12/1974,
10/13/1974,
10/14/1974,0
10/15/1974,7.92
10/16/1974,7.96
10/17/1974,7.98
10/18/1974,7.88
10/19/1974,
10/20/1974,
10/21/1974,7.85
10/22/1974,7.86
10/23/1974,7.88
10/24/1974,7.9
10/25/1974,7.92
10/26/1974,
10/27/1974,
10/28/1974,7.98
10/29/1974,7.95
10/30/1974,7.95
10/31/1974,7.94
11/1/1974,7.95
11/2/1974,
11/3/1974,
11/4/1974,7.91
11/5/1974,0
11/6/1974,7.87
11/7/1974,7.81
11/8/1974,7.79
11/9/1974,
11/10/1974,
11/11/1974,0
11/12/1974,7.76
11/13/1974,7.76
11/14/1974,7.7
11/15/1974,7.6
11/16/1974,
11/17/1974,
11/18/1974,7.61
11/19/1974,7.6
11/20/1974,7.55
11/21/1974,7.55
11/22/1974,7.54
11/23/1974,
11/24/1974,
11/25/1974,7.53
11/26/1974,7.56
11/27/1974,7.56
11/28/1974,0
11/29/1974,7.56
11/30/1974,
12/1/1974,
12/2/1974,7.6
12/3/1974,7.64
12/4/1974,7.57
12/5/1974,7.52
12/6/1974,7.47
12/7/1974,
12/8/1974,
12/9/1974,7.25
12/10/1974,7.27
12/11/1974,7.22
12/12/1974,7.26
12/13/1974,7.2
12/14/1974,
12/15/1974,
12/16/1974,7.21
12/17/1974,7.13
12/18/1974,7.09
12/19/1974,7.1
12/20/1974,7.1
12/21/1974,
12/22/1974,
12/23/1974,7.29
12/24/1974,7.33
12/25/1974,0
12/26/1974,7.27
12/27/1974,7.27
12/28/1974,
12/29/1974,
12/30/1974,7.34
12/31/1974,7.36
1/1/1975,0
1/2/1975,7.34
1/3/1975,7.36
1/4/1975,
1/5/1975,
1/6/1975,7.34
1/7/1975,7.35
1/8/1975,7.32
1/9/1975,7.29
1/10/1975,7.34
1/11/1975,
1/12/1975,
1/13/1975,7.4
1/14/1975,7.41
1/15/1975,7.49
1/16/1975,7.48
1/17/1975,7.45
1/18/1975,
1/19/1975,
1/20/1975,7.54
1/21/1975,7.48
1/22/1975,7.45
1/23/1975,7.5
1/24/1975,7.45
1/25/1975,
1/26/1975,
1/27/1975,7.44
1/28/1975,7.42
1/29/1975,7.38
1/30/1975,7.35
1/31/1975,7.34
2/1/1975,
2/2/1975,
2/3/1975,7.25
2/4/1975,7.19
2/5/1975,7.08
2/6/1975,7.11
2/7/1975,7.11
2/8/1975,
2/9/1975,
2/10/1975,7.22
2/11/1975,7.19
2/12/1975,0
2/13/1975,7.19
2/14/1975,7.07
2/15/1975,
2/16/1975,
2/17/1975,0
2/18/1975,7
2/19/1975,6.93
2/20/1975,7
2/21/1975,7.03
2/22/1975,
2/23/1975,
2/24/1975,7.03
2/25/1975,7.13
2/26/1975,7.2
2/27/1975,7.17
2/28/1975,7.13
3/1/1975,
3/2/1975,
3/3/1975,7.2
3/4/1975,7.22
3/5/1975,7.14
3/6/1975,7.16
3/7/1975,7.21
3/8/1975,
3/9/1975,
3/10/1975,7.25
3/11/1975,7.2
3/12/1975,7.2
3/13/1975,7.19
3/14/1975,7.21
3/15/1975,
3/16/1975,
3/17/1975,7.32
3/18/1975,7.31
3/19/1975,7.39
3/20/1975,7.37
3/21/1975,7.4
3/22/1975,
3/23/1975,
3/24/1975,7.45
3/25/1975,7.43
3/26/1975,7.46
3/27/1975,7.46
3/28/1975,0
3/29/1975,
3/30/1975,
3/31/1975,7.5
4/1/1975,7.65
4/2/1975,7.82
4/3/1975,7.83
4/4/1975,7.84
4/5/1975,
4/6/1975,
4/7/1975,8.06
4/8/1975,7.97
4/9/1975,7.93
4/10/1975,7.97
4/11/1975,7.96
4/12/1975,
4/13/1975,
4/14/1975,7.9
4/15/1975,7.9
4/16/1975,7.9
4/17/1975,7.99
4/18/1975,8.05
4/19/1975,
4/20/1975,
4/21/1975,8.16
4/22/1975,8.13
4/23/1975,8.09
4/24/1975,8.07
4/25/1975,8.07
4/26/1975,
4/27/1975,
4/28/1975,8.17
4/29/1975,8.12
4/30/1975,8.12
5/1/1975,8.13
5/2/1975,7.86
5/3/1975,
5/4/1975,
5/5/1975,7.83
5/6/1975,7.89
5/7/1975,7.82
5/8/1975,7.78
5/9/1975,7.79
5/10/1975,
5/11/1975,
5/12/1975,7.74
5/13/1975,7.7
5/14/1975,7.64
5/15/1975,7.68
5/16/1975,7.64
5/17/1975,
5/18/1975,
5/19/1975,7.62
5/20/1975,7.59
5/21/1975,7.6
5/22/1975,7.63
5/23/1975,7.61
5/24/1975,
5/25/1975,
5/26/1975,0
5/27/1975,7.6
5/28/1975,7.64
5/29/1975,7.72
5/30/1975,7.61
5/31/1975,
6/1/1975,
6/2/1975,7.62
6/3/1975,7.62
6/4/1975,7.57
6/5/1975,7.52
6/6/1975,7.48
6/7/1975,
6/8/1975,
6/9/1975,7.36
6/10/1975,7.35
6/11/1975,7.23
6/12/1975,7.24
6/13/1975,7.22
6/14/1975,
6/15/1975,
6/16/1975,7.21
6/17/1975,7.3
6/18/1975,7.41
6/19/1975,7.44
6/20/1975,7.62
6/21/1975,
6/22/1975,
6/23/1975,7.64
6/24/1975,7.64
6/25/1975,7.83
6/26/1975,7.85
6/27/1975,7.78
6/28/1975,
6/29/1975,
6/30/1975,7.82
7/1/1975,7.85
7/2/1975,7.88
7/3/1975,7.94
7/4/1975,0
7/5/1975,
7/6/1975,
7/7/1975,7.93
7/8/1975,7.86
7/9/1975,7.88
7/10/1975,7.92
7/11/1975,7.82
7/12/1975,
7/13/1975,
7/14/1975,7.77
7/15/1975,7.82
7/16/1975,7.89
7/17/1975,7.88
7/18/1975,7.92
7/19/1975,
7/20/1975,
7/21/1975,7.97
7/22/1975,7.98
7/23/1975,7.96
7/24/1975,7.96
7/25/1975,8
7/26/1975,
7/27/1975,
7/28/1975,7.98
7/29/1975,8
7/30/1975,8.03
7/31/1975,8.07
8/1/1975,8.18
8/2/1975,
8/3/1975,
8/4/1975,8.26
8/5/1975,8.28
8/6/1975,8.29
8/7/1975,8.4
8/8/1975,8.32
8/9/1975,
8/10/1975,
8/11/1975,8.25
8/12/1975,8.34
8/13/1975,8.33
8/14/1975,8.39
8/15/1975,8.44
8/16/1975,
8/17/1975,
8/18/1975,8.4
8/19/1975,8.36
8/20/1975,8.38
8/21/1975,8.46
8/22/1975,8.4
8/23/1975,
8/24/1975,
8/25/1975,8.42
8/26/1975,8.34
8/27/1975,8.27
8/28/1975,8.22
8/29/1975,8.16
8/30/1975,
8/31/1975,
9/1/1975,0
9/2/1975,8.2
9/3/1975,8.21
9/4/1975,8.22
9/5/1975,8.31
9/6/1975,
9/7/1975,
9/8/1975,8.31
9/9/1975,8.35
9/10/1975,8.41
9/11/1975,8.52
9/12/1975,8.53
9/13/1975,
9/14/1975,
9/15/1975,8.56
9/16/1975,8.56
9/17/1975,8.48
9/18/1975,8.45
9/19/1975,8.34
9/20/1975,
9/21/1975,
9/22/1975,8.22
9/23/1975,8.27
9/24/1975,8.22
9/25/1975,8.3
9/26/1975,8.4
9/27/1975,
9/28/1975,
9/29/1975,8.4
9/30/1975,8.42
10/1/1975,8.4
10/2/1975,8.35
10/3/1975,8.13
10/4/1975,
10/5/1975,
10/6/1975,8.12
10/7/1975,8.19
10/8/1975,8.18
10/9/1975,8.15
10/10/1975,8.04
10/11/1975,
10/12/1975,
10/13/1975,0
10/14/1975,8.1
10/15/1975,8.1
10/16/1975,7.91
10/17/1975,7.92
10/18/1975,
10/19/1975,
10/20/1975,7.92
10/21/1975,7.87
10/22/1975,7.87
10/23/1975,7.77
10/24/1975,7.79
10/25/1975,
10/26/1975,
10/27/1975,7.82
10/28/1975,7.8
10/29/1975,7.72
10/30/1975,7.62
10/31/1975,7.66
11/1/1975,
11/2/1975,
11/3/1975,7.75
11/4/1975,0
11/5/1975,7.65
11/6/1975,7.69
11/7/1975,7.59
11/8/1975,
11/9/1975,
11/10/1975,7.54
11/11/1975,0
11/12/1975,7.62
11/13/1975,7.68
11/14/1975,7.84
11/15/1975,
11/16/1975,
11/17/1975,7.87
11/18/1975,7.91
11/19/1975,7.94
11/20/1975,7.88
11/21/1975,8.01
11/22/1975,
11/23/1975,
11/24/1975,7.9
11/25/1975,7.93
11/26/1975,7.92
11/27/1975,0
11/28/1975,7.9
11/29/1975,
11/30/1975,
12/1/1975,7.87
12/2/1975,7.86
12/3/1975,7.84
12/4/1975,7.89
12/5/1975,7.88
12/6/1975,
12/7/1975,
12/8/1975,7.97
12/9/1975,8
12/10/1975,8
12/11/1975,7.94
12/12/1975,7.91
12/13/1975,
12/14/1975,
12/15/1975,7.87
12/16/1975,7.82
12/17/1975,7.7
12/18/1975,7.73
12/19/1975,7.61
12/20/1975,
12/21/1975,
12/22/1975,7.64
12/23/1975,7.62
12/24/1975,7.59
12/25/1975,0
12/26/1975,7.48
12/27/1975,
12/28/1975,
12/29/1975,7.51
12/30/1975,7.46
12/31/1975,7.5
1/1/1976,0
1/2/1976,7.54
1/3/1976,
1/4/1976,
1/5/1976,7.5
1/6/1976,7.41
1/7/1976,7.43
1/8/1976,7.47
1/9/1976,7.37
1/10/1976,
1/11/1976,
1/12/1976,7.34
1/13/1976,7.34
1/14/1976,7.41
1/15/1976,7.47
1/16/1976,7.53
1/17/1976,
1/18/1976,
1/19/1976,7.46
1/20/1976,7.52
1/21/1976,7.48
1/22/1976,7.51
1/23/1976,7.45
1/24/1976,
1/25/1976,
1/26/1976,7.47
1/27/1976,7.48
1/28/1976,7.52
1/29/1976,7.46
1/30/1976,7.43
1/31/1976,
2/1/1976,
2/2/1976,7.44
2/3/1976,7.46
2/4/1976,7.5
2/5/1976,7.47
2/6/1976,7.49
2/7/1976,
2/8/1976,
2/9/1976,7.47
2/10/1976,7.49
2/11/1976,7.5
2/12/1976,0
2/13/1976,7.5
2/14/1976,
2/15/1976,
2/16/1976,0
2/17/1976,7.44
2/18/1976,7.47
2/19/1976,7.45
2/20/1976,7.41
2/21/1976,
2/22/1976,
2/23/1976,7.39
2/24/1976,7.39
2/25/1976,7.37
2/26/1976,7.37
2/27/1976,7.46
2/28/1976,
2/29/1976,
3/1/1976,7.57
3/2/1976,7.53
3/3/1976,7.56
3/4/1976,7.61
3/5/1976,7.56
3/6/1976,
3/7/1976,
3/8/1976,7.54
3/9/1976,7.56
3/10/1976,7.56
3/11/1976,7.56
3/12/1976,7.5
3/13/1976,
3/14/1976,
3/15/1976,7.52
3/16/1976,7.54
3/17/1976,7.52
3/18/1976,7.48
3/19/1976,7.49
3/20/1976,
3/21/1976,
3/22/1976,7.43
3/23/1976,7.41
3/24/1976,7.4
3/25/1976,7.38
3/26/1976,7.38
3/27/1976,
3/28/1976,
3/29/1976,7.37
3/30/1976,7.4
3/31/1976,7.39
4/1/1976,7.44
4/2/1976,7.38
4/3/1976,
4/4/1976,
4/5/1976,7.34
4/6/1976,7.31
4/7/1976,7.29
4/8/1976,7.24
4/9/1976,7.23
4/10/1976,
4/11/1976,
4/12/1976,7.2
4/13/1976,7.16
4/14/1976,7.14
4/15/1976,7.14
4/16/1976,0
4/17/1976,
4/18/1976,
4/19/1976,7.18
4/20/1976,7.17
4/21/1976,7.12
4/22/1976,7.19
4/23/1976,7.31
4/24/1976,
4/25/1976,
4/26/1976,7.3
4/27/1976,7.31
4/28/1976,7.28
4/29/1976,7.25
4/30/1976,7.34
5/1/1976,
5/2/1976,
5/3/1976,7.36
5/4/1976,7.31
5/5/1976,7.34
5/6/1976,7.37
5/7/1976,7.45
5/8/1976,
5/9/1976,
5/10/1976,7.51
5/11/1976,7.52
5/12/1976,7.54
5/13/1976,7.53
5/14/1976,7.59
5/15/1976,
5/16/1976,
5/17/1976,7.63
5/18/1976,7.63
5/19/1976,7.64
5/20/1976,7.71
5/21/1976,7.81
5/22/1976,
5/23/1976,
5/24/1976,7.76
5/25/1976,7.72
5/26/1976,7.78
5/27/1976,7.82
5/28/1976,7.78
5/29/1976,
5/30/1976,
5/31/1976,0
6/1/1976,7.71
6/2/1976,7.74
6/3/1976,7.75
6/4/1976,7.67
6/5/1976,
6/6/1976,
6/7/1976,7.64
6/8/1976,7.67
6/9/1976,7.66
6/10/1976,7.61
6/11/1976,7.58
6/12/1976,
6/13/1976,
6/14/1976,7.56
6/15/1976,7.59
6/16/1976,7.62
6/17/1976,7.6
6/18/1976,7.54
6/19/1976,
6/20/1976,
6/21/1976,7.51
6/22/1976,7.53
6/23/1976,7.53
6/24/1976,7.53
6/25/1976,7.56
6/26/1976,
6/27/1976,
6/28/1976,7.58
6/29/1976,7.59
6/30/1976,7.58
7/1/1976,7.59
7/2/1976,7.57
7/3/1976,
7/4/1976,
7/5/1976,0
7/6/1976,7.55
7/7/1976,7.57
7/8/1976,7.52
7/9/1976,7.45
7/10/1976,
7/11/1976,
7/12/1976,7.4
7/13/1976,7.42
7/14/1976,7.43
7/15/1976,7.38
7/16/1976,7.47
7/17/1976,
7/18/1976,
7/19/1976,7.51
7/20/1976,7.52
7/21/1976,7.51
7/22/1976,7.52
7/23/1976,7.5
7/24/1976,
7/25/1976,
7/26/1976,7.51
7/27/1976,7.44
7/28/1976,7.48
7/29/1976,7.43
7/30/1976,7.47
7/31/1976,
8/1/1976,
8/2/1976,7.54
8/3/1976,7.5
8/4/1976,7.45
8/5/1976,7.4
8/6/1976,7.37
8/7/1976,
8/8/1976,
8/9/1976,7.38
8/10/1976,7.37
8/11/1976,7.33
8/12/1976,7.33
8/13/1976,7.28
8/14/1976,
8/15/1976,
8/16/1976,7.23
8/17/1976,7.26
8/18/1976,7.26
8/19/1976,7.29
8/20/1976,7.28
8/21/1976,
8/22/1976,
8/23/1976,7.23
8/24/1976,7.22
8/25/1976,7.19
8/26/1976,7.19
8/27/1976,7.26
8/28/1976,
8/29/1976,
8/30/1976,7.23
8/31/1976,7.16
9/1/1976,7.14
9/2/1976,7.18
9/3/1976,7.16
9/4/1976,
9/5/1976,
9/6/1976,0
9/7/1976,7.15
9/8/1976,7.16
9/9/1976,7.19
9/10/1976,7.17
9/11/1976,
9/12/1976,
9/13/1976,7.2
9/14/1976,7.18
9/15/1976,7.17
9/16/1976,7.13
9/17/1976,7.04
9/18/1976,
9/19/1976,
9/20/1976,7.07
9/21/1976,7.06
9/22/1976,7.09
9/23/1976,7.09
9/24/1976,7.18
9/25/1976,
9/26/1976,
9/27/1976,7.14
9/28/1976,7.09
9/29/1976,7.08
9/30/1976,7.05
10/1/1976,6.95
10/2/1976,
10/3/1976,
10/4/1976,6.94
10/5/1976,6.94
10/6/1976,6.88
10/7/1976,6.86
10/8/1976,6.71
10/9/1976,
10/10/1976,
10/11/1976,0
10/12/1976,6.64
10/13/1976,6.66
10/14/1976,6.63
10/15/1976,6.55
10/16/1976,
10/17/1976,
10/18/1976,6.55
10/19/1976,6.6
10/20/1976,6.64
10/21/1976,6.67
10/22/1976,6.78
10/23/1976,
10/24/1976,
10/25/1976,6.87
10/26/1976,6.83
10/27/1976,6.8
10/28/1976,6.76
10/29/1976,6.78
10/30/1976,
10/31/1976,
11/1/1976,6.7
11/2/1976,0
11/3/1976,6.79
11/4/1976,6.72
11/5/1976,6.75
11/6/1976,
11/7/1976,
11/8/1976,6.82
11/9/1976,6.82
11/10/1976,6.78
11/11/1976,0
11/12/1976,6.73
11/13/1976,
11/14/1976,
11/15/1976,6.7
11/16/1976,6.6
11/17/1976,6.56
11/18/1976,6.59
11/19/1976,6.44
11/20/1976,
11/21/1976,
11/22/1976,6.3
11/23/1976,6.28
11/24/1976,6.23
11/25/1976,0
11/26/1976,5.99
11/27/1976,
11/28/1976,
11/29/1976,6.02
11/30/1976,6.05
12/1/1976,6.02
12/2/1976,6
12/3/1976,6.03
12/4/1976,
12/5/1976,
12/6/1976,6.05
12/7/1976,6.09
12/8/1976,6.13
12/9/1976,6.14
12/10/1976,6.02
12/11/1976,
12/12/1976,
12/13/1976,6.16
12/14/1976,6.13
12/15/1976,6.14
12/16/1976,6.14
12/17/1976,6.11
12/18/1976,
12/19/1976,
12/20/1976,6.08
12/21/1976,6.14
12/22/1976,6.12
12/23/1976,6.11
12/24/1976,0
12/25/1976,
12/26/1976,
12/27/1976,6.13
12/28/1976,6.15
12/29/1976,6.16
12/30/1976,6.12
12/31/1976,6.13
1/1/1977,
1/2/1977,
1/3/1977,6.16
1/4/1977,6.19
1/5/1977,6.18
1/6/1977,6.23
1/7/1977,6.42
1/8/1977,
1/9/1977,
1/10/1977,6.6
1/11/1977,6.68
1/12/1977,6.6
1/13/1977,6.5
1/14/1977,6.59
1/15/1977,
1/16/1977,
1/17/1977,6.6
1/18/1977,6.7
1/19/1977,6.64
1/20/1977,6.64
1/21/1977,6.68
1/22/1977,
1/23/1977,
1/24/1977,6.77
1/25/1977,6.74
1/26/1977,6.76
1/27/1977,6.88
1/28/1977,6.86
1/29/1977,
1/30/1977,
1/31/1977,6.83
2/1/1977,6.91
2/2/1977,7.02
2/3/1977,6.93
2/4/1977,6.7
2/5/1977,
2/6/1977,
2/7/1977,6.75
2/8/1977,6.76
2/9/1977,6.73
2/10/1977,6.76
2/11/1977,6.76
2/12/1977,
2/13/1977,
2/14/1977,6.76
2/15/1977,6.72
2/16/1977,6.7
2/17/1977,6.67
2/18/1977,6.82
2/19/1977,
2/20/1977,
2/21/1977,0
2/22/1977,6.84
2/23/1977,6.95
2/24/1977,7.02
2/25/1977,6.99
2/26/1977,
2/27/1977,
2/28/1977,6.98
3/1/1977,6.99
3/2/1977,6.93
3/3/1977,6.9
3/4/1977,6.98
3/5/1977,
3/6/1977,
3/7/1977,6.99
3/8/1977,6.99
3/9/1977,6.97
3/10/1977,6.95
3/11/1977,6.9
3/12/1977,
3/13/1977,
3/14/1977,6.89
3/15/1977,6.87
3/16/1977,6.9
3/17/1977,6.94
3/18/1977,6.9
3/19/1977,
3/20/1977,
3/21/1977,6.88
3/22/1977,6.87
3/23/1977,6.88
3/24/1977,6.9
3/25/1977,6.94
3/26/1977,
3/27/1977,
3/28/1977,6.96
3/29/1977,6.93
3/30/1977,6.95
3/31/1977,6.94
4/1/1977,6.92
4/2/1977,
4/3/1977,
4/4/1977,6.94
4/5/1977,6.95
4/6/1977,6.95
4/7/1977,6.93
4/8/1977,0
4/9/1977,
4/10/1977,
4/11/1977,6.84
4/12/1977,6.83
4/13/1977,6.81
4/14/1977,6.56
4/15/1977,6.6
4/16/1977,
4/17/1977,
4/18/1977,6.61
4/19/1977,6.66
4/20/1977,6.71
4/21/1977,6.72
4/22/1977,6.8
4/23/1977,
4/24/1977,
4/25/1977,6.82
4/26/1977,6.76
4/27/1977,6.75
4/28/1977,6.78
4/29/1977,6.9
4/30/1977,
5/1/1977,
5/2/1977,6.94
5/3/1977,6.9
5/4/1977,6.89
5/5/1977,6.94
5/6/1977,7
5/7/1977,
5/8/1977,
5/9/1977,6.97
5/10/1977,6.99
5/11/1977,7.03
5/12/1977,6.98
5/13/1977,6.94
5/14/1977,
5/15/1977,
5/16/1977,6.92
5/17/1977,6.91
5/18/1977,6.89
5/19/1977,7
5/20/1977,7.01
5/21/1977,
5/22/1977,
5/23/1977,6.99
5/24/1977,6.93
5/25/1977,6.88
5/26/1977,6.86
5/27/1977,6.88
5/28/1977,
5/29/1977,
5/30/1977,0
5/31/1977,6.87
6/1/1977,6.87
6/2/1977,6.87
6/3/1977,6.86
6/4/1977,
6/5/1977,
6/6/1977,6.87
6/7/1977,6.85
6/8/1977,6.84
6/9/1977,6.85
6/10/1977,6.78
6/11/1977,
6/12/1977,
6/13/1977,6.74
6/14/1977,6.68
6/15/1977,6.73
6/16/1977,6.74
6/17/1977,6.72
6/18/1977,
6/19/1977,
6/20/1977,6.74
6/21/1977,6.74
6/22/1977,6.7
6/23/1977,6.72
6/24/1977,6.68
6/25/1977,
6/26/1977,
6/27/1977,6.65
6/28/1977,6.64
6/29/1977,6.68
6/30/1977,6.7
7/1/1977,6.71
7/2/1977,
7/3/1977,
7/4/1977,0
7/5/1977,6.75
7/6/1977,6.78
7/7/1977,6.78
7/8/1977,6.82
7/9/1977,
7/10/1977,
7/11/1977,6.83
7/12/1977,6.81
7/13/1977,6.75
7/14/1977,0
7/15/1977,6.82
7/16/1977,
7/17/1977,
7/18/1977,6.84
7/19/1977,6.83
7/20/1977,6.85
7/21/1977,6.89
7/22/1977,6.88
7/23/1977,
7/24/1977,
7/25/1977,6.86
7/26/1977,6.86
7/27/1977,6.94
7/28/1977,7.01
7/29/1977,7.03
7/30/1977,
7/31/1977,
8/1/1977,7.02
8/2/1977,7.05
8/3/1977,7.02
8/4/1977,7.05
8/5/1977,7.02
8/6/1977,
8/7/1977,
8/8/1977,7.01
8/9/1977,7.06
8/10/1977,7.07
8/11/1977,7.08
8/12/1977,7.1
8/13/1977,
8/14/1977,
8/15/1977,7.11
8/16/1977,7.12
8/17/1977,7.08
8/18/1977,7.06
8/19/1977,7.04
8/20/1977,
8/21/1977,
8/22/1977,7.05
8/23/1977,7.02
8/24/1977,7.01
8/25/1977,6.98
8/26/1977,6.93
8/27/1977,
8/28/1977,
8/29/1977,6.9
8/30/1977,6.93
8/31/1977,6.94
9/1/1977,6.97
9/2/1977,6.93
9/3/1977,
9/4/1977,
9/5/1977,0
9/6/1977,6.9
9/7/1977,6.95
9/8/1977,6.96
9/9/1977,7.09
9/10/1977,
9/11/1977,
9/12/1977,7.1
9/13/1977,7.06
9/14/1977,7.05
9/15/1977,7.04
9/16/1977,7.02
9/17/1977,
9/18/1977,
9/19/1977,7.02
9/20/1977,7.04
9/21/1977,7.05
9/22/1977,7.08
9/23/1977,7.09
9/24/1977,
9/25/1977,
9/26/1977,7.14
9/27/1977,7.07
9/28/1977,7.08
9/29/1977,7.1
9/30/1977,7.11
10/1/1977,
10/2/1977,
10/3/1977,7.13
10/4/1977,7.15
10/5/1977,7.16
10/6/1977,7.23
10/7/1977,7.25
10/8/1977,
10/9/1977,
10/10/1977,0
10/11/1977,7.3
10/12/1977,7.34
10/13/1977,7.34
10/14/1977,7.31
10/15/1977,
10/16/1977,
10/17/1977,7.33
10/18/1977,7.36
10/19/1977,7.35
10/20/1977,7.36
10/21/1977,7.39
10/22/1977,
10/23/1977,
10/24/1977,7.39
10/25/1977,7.41
10/26/1977,7.4
10/27/1977,7.38
10/28/1977,7.38
10/29/1977,
10/30/1977,
10/31/1977,7.44
11/1/1977,7.47
11/2/1977,7.47
11/3/1977,7.45
11/4/1977,7.42
11/5/1977,
11/6/1977,
11/7/1977,7.4
11/8/1977,0
11/9/1977,7.35
11/10/1977,7.34
11/11/1977,0
11/12/1977,
11/13/1977,
11/14/1977,7.24
11/15/1977,7.26
11/16/1977,7.28
11/17/1977,7.28
11/18/1977,7.28
11/19/1977,
11/20/1977,
11/21/1977,7.3
11/22/1977,7.3
11/23/1977,7.3
11/24/1977,0
11/25/1977,7.31
11/26/1977,
11/27/1977,
11/28/1977,7.31
11/29/1977,7.32
11/30/1977,7.36
12/1/1977,7.38
12/2/1977,7.4
12/3/1977,
12/4/1977,
12/5/1977,7.4
12/6/1977,7.44
12/7/1977,7.45
12/8/1977,7.46
12/9/1977,7.45
12/10/1977,
12/11/1977,
12/12/1977,7.46
12/13/1977,7.46
12/14/1977,7.46
12/15/1977,7.46
12/16/1977,7.44
12/17/1977,
12/18/1977,
12/19/1977,7.48
12/20/1977,7.5
12/21/1977,7.48
12/22/1977,7.52
12/23/1977,7.55
12/24/1977,
12/25/1977,
12/26/1977,0
12/27/1977,7.57
12/28/1977,7.57
12/29/1977,7.58
12/30/1977,7.54
12/31/1977,
1/1/1978,
1/2/1978,0
1/3/1978,7.58
1/4/1978,7.58
1/5/1978,7.58
1/6/1978,7.6
1/7/1978,
1/8/1978,
1/9/1978,7.86
1/10/1978,7.85
1/11/1978,7.87
1/12/1978,7.87
1/13/1978,7.82
1/14/1978,
1/15/1978,
1/16/1978,7.82
1/17/1978,7.81
1/18/1978,7.81
1/19/1978,7.81
1/20/1978,7.81
1/21/1978,
1/22/1978,
1/23/1978,7.78
1/24/1978,7.8
1/25/1978,7.82
1/26/1978,7.78
1/27/1978,7.77
1/28/1978,
1/29/1978,
1/30/1978,7.75
1/31/1978,7.72
2/1/1978,7.74
2/2/1978,7.75
2/3/1978,7.75
2/4/1978,
2/5/1978,
2/6/1978,7.78
2/7/1978,7.77
2/8/1978,7.79
2/9/1978,7.8
2/10/1978,7.81
2/11/1978,
2/12/1978,
2/13/1978,0
2/14/1978,7.84
2/15/1978,7.87
2/16/1978,7.9
2/17/1978,7.88
2/18/1978,
2/19/1978,
2/20/1978,0
2/21/1978,7.89
2/22/1978,7.91
2/23/1978,7.9
2/24/1978,7.88
2/25/1978,
2/26/1978,
2/27/1978,7.86
2/28/1978,7.86
3/1/1978,7.87
3/2/1978,7.87
3/3/1978,7.87
3/4/1978,
3/5/1978,
3/6/1978,7.87
3/7/1978,7.85
3/8/1978,7.85
3/9/1978,7.85
3/10/1978,7.82
3/11/1978,
3/12/1978,
3/13/1978,7.82
3/14/1978,7.81
3/15/1978,7.81
3/16/1978,7.82
3/17/1978,7.81
3/18/1978,
3/19/1978,
3/20/1978,7.78
3/21/1978,7.79
3/22/1978,7.81
3/23/1978,7.86
3/24/1978,0
3/25/1978,
3/26/1978,
3/27/1978,7.91
3/28/1978,7.94
3/29/1978,7.94
3/30/1978,7.95
3/31/1978,7.97
4/1/1978,
4/2/1978,
4/3/1978,7.96
4/4/1978,7.95
4/5/1978,7.97
4/6/1978,7.98
4/7/1978,7.97
4/8/1978,
4/9/1978,
4/10/1978,7.98
4/11/1978,7.97
4/12/1978,7.97
4/13/1978,7.95
4/14/1978,7.9
4/15/1978,
4/16/1978,
4/17/1978,7.88
4/18/1978,7.89
4/19/1978,7.99
4/20/1978,8.01
4/21/1978,8.02
4/22/1978,
4/23/1978,
4/24/1978,8.03
4/25/1978,8.02
4/26/1978,8.05
4/27/1978,8.07
4/28/1978,8.09
4/29/1978,
4/30/1978,
5/1/1978,8.08
5/2/1978,8.09
5/3/1978,8.08
5/4/1978,8.07
5/5/1978,8.15
5/6/1978,
5/7/1978,
5/8/1978,8.17
5/9/1978,8.16
5/10/1978,8.16
5/11/1978,8.17
5/12/1978,8.2
5/13/1978,
5/14/1978,
5/15/1978,8.17
5/16/1978,8.15
5/17/1978,8.14
5/18/1978,8.19
5/19/1978,8.22
5/20/1978,
5/21/1978,
5/22/1978,8.22
5/23/1978,8.22
5/24/1978,8.24
5/25/1978,8.26
5/26/1978,8.27
5/27/1978,
5/28/1978,
5/29/1978,0
5/30/1978,0
5/31/1978,8.28
6/1/1978,8.27
6/2/1978,8.27
6/3/1978,
6/4/1978,
6/5/1978,8.25
6/6/1978,8.24
6/7/1978,8.24
6/8/1978,8.25
6/9/1978,8.27
6/10/1978,
6/11/1978,
6/12/1978,8.28
6/13/1978,8.28
6/14/1978,8.28
6/15/1978,8.28
6/16/1978,8.32
6/17/1978,
6/18/1978,
6/19/1978,8.34
6/20/1978,8.42
6/21/1978,8.46
6/22/1978,8.45
6/23/1978,8.47
6/24/1978,
6/25/1978,
6/26/1978,8.5
6/27/1978,8.5
6/28/1978,8.48
6/29/1978,8.46
6/30/1978,8.5
7/1/1978,
7/2/1978,
7/3/1978,8.48
7/4/1978,0
7/5/1978,8.5
7/6/1978,8.5
7/7/1978,8.52
7/8/1978,
7/9/1978,
7/10/1978,8.56
7/11/1978,8.56
7/12/1978,8.56
7/13/1978,8.57
7/14/1978,8.57
7/15/1978,
7/16/1978,
7/17/1978,8.55
7/18/1978,8.54
7/19/1978,8.54
7/20/1978,8.57
7/21/1978,8.58
7/22/1978,
7/23/1978,
7/24/1978,8.59
7/25/1978,8.59
7/26/1978,8.56
7/27/1978,8.48
7/28/1978,8.45
7/29/1978,
7/30/1978,
7/31/1978,8.46
8/1/1978,8.44
8/2/1978,8.35
8/3/1978,8.3
8/4/1978,8.26
8/5/1978,
8/6/1978,
8/7/1978,8.24
8/8/1978,8.24
8/9/1978,8.2
8/10/1978,8.3
8/11/1978,8.28
8/12/1978,
8/13/1978,
8/14/1978,8.29
8/15/1978,8.3
8/16/1978,8.44
8/17/1978,8.4
8/18/1978,8.4
8/19/1978,
8/20/1978,
8/21/1978,8.39
8/22/1978,8.38
8/23/1978,8.31
8/24/1978,8.33
8/25/1978,8.32
8/26/1978,
8/27/1978,
8/28/1978,8.3
8/29/1978,8.37
8/30/1978,8.42
8/31/1978,8.42
9/1/1978,8.42
9/2/1978,
9/3/1978,
9/4/1978,0
9/5/1978,8.38
9/6/1978,8.38
9/7/1978,8.36
9/8/1978,8.37
9/9/1978,
9/10/1978,
9/11/1978,8.33
9/12/1978,8.35
9/13/1978,8.34
9/14/1978,8.36
9/15/1978,8.39
9/16/1978,
9/17/1978,
9/18/1978,8.41
9/19/1978,8.44
9/20/1978,8.46
9/21/1978,8.48
9/22/1978,8.5
9/23/1978,
9/24/1978,
9/25/1978,8.54
9/26/1978,8.51
9/27/1978,8.52
9/28/1978,8.51
9/29/1978,8.5
9/30/1978,
10/1/1978,
10/2/1978,8.53
10/3/1978,8.52
10/4/1978,8.53
10/5/1978,8.53
10/6/1978,8.51
10/7/1978,
10/8/1978,
10/9/1978,0
10/10/1978,8.5
10/11/1978,8.51
10/12/1978,8.47
10/13/1978,8.47
10/14/1978,
10/15/1978,
10/16/1978,8.57
10/17/1978,8.57
10/18/1978,8.58
10/19/1978,8.6
10/20/1978,8.62
10/21/1978,
10/22/1978,
10/23/1978,8.62
10/24/1978,8.6
10/25/1978,8.62
10/26/1978,8.69
10/27/1978,8.78
10/28/1978,
10/29/1978,
10/30/1978,8.93
10/31/1978,9.16
11/1/1978,8.77
11/2/1978,8.78
11/3/1978,8.8
11/4/1978,
11/5/1978,
11/6/1978,8.85
11/7/1978,0
11/8/1978,8.87
11/9/1978,8.88
11/10/1978,8.85
11/11/1978,
11/12/1978,
11/13/1978,8.86
11/14/1978,8.84
11/15/1978,8.76
11/16/1978,8.71
11/17/1978,8.72
11/18/1978,
11/19/1978,
11/20/1978,8.74
11/21/1978,8.77
11/22/1978,8.77
11/23/1978,0
11/24/1978,8.94
11/25/1978,
11/26/1978,
11/27/1978,8.96
11/28/1978,8.96
11/29/1978,8.93
11/30/1978,8.94
12/1/1978,8.81
12/2/1978,
12/3/1978,
12/4/1978,8.85
12/5/1978,8.87
12/6/1978,8.88
12/7/1978,8.92
12/8/1978,8.93
12/9/1978,
12/10/1978,
12/11/1978,8.93
12/12/1978,8.92
12/13/1978,8.98
12/14/1978,8.98
12/15/1978,9.05
12/16/1978,
12/17/1978,
12/18/1978,9.17
12/19/1978,9.17
12/20/1978,9.26
12/21/1978,9.35
12/22/1978,9.32
12/23/1978,
12/24/1978,
12/25/1978,0
12/26/1978,9.32
12/27/1978,9.31
12/28/1978,9.34
12/29/1978,9.32
12/30/1978,
12/31/1978,
1/1/1979,0
1/2/1979,9.33
1/3/1979,9.33
1/4/1979,9.27
1/5/1979,9.28
1/6/1979,
1/7/1979,
1/8/1979,9.31
1/9/1979,9.3
1/10/1979,9.3
1/11/1979,9.3
1/12/1979,9.28
1/13/1979,
1/14/1979,
1/15/1979,9.27
1/16/1979,9.26
1/17/1979,9.28
1/18/1979,9.27
1/19/1979,9.24
1/20/1979,
1/21/1979,
1/22/1979,9.2
1/23/1979,9.16
1/24/1979,9.16
1/25/1979,9.01
1/26/1979,8.98
1/27/1979,
1/28/1979,
1/29/1979,9
1/30/1979,8.98
1/31/1979,8.95
2/1/1979,8.95
2/2/1979,8.84
2/3/1979,
2/4/1979,
2/5/1979,8.92
2/6/1979,9
2/7/1979,9.11
2/8/1979,9.11
2/9/1979,9.12
2/10/1979,
2/11/1979,
2/12/1979,0
2/13/1979,9.12
2/14/1979,9.13
2/15/1979,9.13
2/16/1979,9.14
2/17/1979,
2/18/1979,
2/19/1979,0
2/20/1979,9.17
2/21/1979,9.2
2/22/1979,9.29
2/23/1979,9.31
2/24/1979,
2/25/1979,
2/26/1979,9.28
2/27/1979,9.3
2/28/1979,9.29
3/1/1979,9.28
3/2/1979,9.26
3/3/1979,
3/4/1979,
3/5/1979,9.22
3/6/1979,9.2
3/7/1979,9.18
3/8/1979,9.18
3/9/1979,9.2
3/10/1979,
3/11/1979,
3/12/1979,9.18
3/13/1979,9.2
3/14/1979,9.21
3/15/1979,9.21
3/16/1979,9.22
3/17/1979,
3/18/1979,
3/19/1979,9.21
3/20/1979,9.21
3/21/1979,9.21
3/22/1979,9.2
3/23/1979,9.2
3/24/1979,
3/25/1979,
3/26/1979,9.2
3/27/1979,9.18
3/28/1979,9.16
3/29/1979,9.15
3/30/1979,9.19
3/31/1979,
4/1/1979,
4/2/1979,9.2
4/3/1979,9.19
4/4/1979,9.18
4/5/1979,9.15
4/6/1979,9.19
4/7/1979,
4/8/1979,
4/9/1979,9.23
4/10/1979,9.27
4/11/1979,9.3
4/12/1979,9.3
4/13/1979,0
4/14/1979,
4/15/1979,
4/16/1979,9.29
4/17/1979,9.24
4/18/1979,9.22
4/19/1979,9.2
4/20/1979,9.26
4/21/1979,
4/22/1979,
4/23/1979,9.26
4/24/1979,9.29
4/25/1979,9.26
4/26/1979,9.28
4/27/1979,9.33
4/28/1979,
4/29/1979,
4/30/1979,9.35
5/1/1979,9.35
5/2/1979,9.34
5/3/1979,9.36
5/4/1979,9.38
5/5/1979,
5/6/1979,
5/7/1979,9.36
5/8/1979,9.36
5/9/1979,9.35
5/10/1979,9.37
5/11/1979,9.33
5/12/1979,
5/13/1979,
5/14/1979,9.3
5/15/1979,9.32
5/16/1979,9.3
5/17/1979,9.22
5/18/1979,9.2
5/19/1979,
5/20/1979,
5/21/1979,9.22
5/22/1979,9.14
5/23/1979,9.05
5/24/1979,9.02
5/25/1979,8.98
5/26/1979,
5/27/1979,
5/28/1979,0
5/29/1979,8.99
5/30/1979,0
5/31/1979,9.04
6/1/1979,9.01
6/2/1979,
6/3/1979,
6/4/1979,9.01
6/5/1979,8.97
6/6/1979,8.91
6/7/1979,8.82
6/8/1979,8.84
6/9/1979,
6/10/1979,
6/11/1979,8.87
6/12/1979,8.71
6/13/1979,8.75
6/14/1979,8.79
6/15/1979,8.9
6/16/1979,
6/17/1979,
6/18/1979,8.86
6/19/1979,8.88
6/20/1979,8.87
6/21/1979,8.88
6/22/1979,8.94
6/23/1979,
6/24/1979,
6/25/1979,8.89
6/26/1979,8.76
6/27/1979,8.72
6/28/1979,8.71
6/29/1979,8.74
6/30/1979,
7/1/1979,
7/2/1979,8.7
7/3/1979,8.71
7/4/1979,0
7/5/1979,8.73
7/6/1979,8.78
7/7/1979,
7/8/1979,
7/9/1979,8.82
7/10/1979,8.85
7/11/1979,8.88
7/12/1979,8.88
7/13/1979,8.88
7/14/1979,
7/15/1979,
7/16/1979,8.92
7/17/1979,8.93
7/18/1979,8.93
7/19/1979,8.96
7/20/1979,8.96
7/21/1979,
7/22/1979,
7/23/1979,8.98
7/24/1979,9.01
7/25/1979,8.98
7/26/1979,8.94
7/27/1979,9.01
7/28/1979,
7/29/1979,
7/30/1979,9.01
7/31/1979,8.99
8/1/1979,8.96
8/2/1979,8.9
8/3/1979,8.92
8/4/1979,
8/5/1979,
8/6/1979,8.9
8/7/1979,8.9
8/8/1979,8.92
8/9/1979,8.96
8/10/1979,8.99
8/11/1979,
8/12/1979,
8/13/1979,9
8/14/1979,8.98
8/15/1979,9.02
8/16/1979,9.02
8/17/1979,9.03
8/18/1979,
8/19/1979,
8/20/1979,9.05
8/21/1979,9.09
8/22/1979,9.11
8/23/1979,9.11
8/24/1979,9.19
8/25/1979,
8/26/1979,
8/27/1979,9.18
8/28/1979,9.23
8/29/1979,9.25
8/30/1979,9.32
8/31/1979,9.36
9/1/1979,
9/2/1979,
9/3/1979,0
9/4/1979,9.42
9/5/1979,9.42
9/6/1979,9.42
9/7/1979,9.41
9/8/1979,
9/9/1979,
9/10/1979,9.42
9/11/1979,9.27
9/12/1979,9.36
9/13/1979,9.41
9/14/1979,9.36
9/15/1979,
9/16/1979,
9/17/1979,9.44
9/18/1979,9.45
9/19/1979,9.38
9/20/1979,9.38
9/21/1979,9.38
9/22/1979,
9/23/1979,
9/24/1979,9.41
9/25/1979,9.4
9/26/1979,9.45
9/27/1979,9.5
9/28/1979,9.48
9/29/1979,
9/30/1979,
10/1/1979,9.55
10/2/1979,9.54
10/3/1979,9.55
10/4/1979,9.67
10/5/1979,9.74
10/6/1979,
10/7/1979,
10/8/1979,0
10/9/1979,10.29
10/10/1979,10.48
10/11/1979,10.45
10/12/1979,10.45
10/13/1979,
10/14/1979,
10/15/1979,10.6
10/16/1979,10.56
10/17/1979,10.51
10/18/1979,10.74
10/19/1979,11.09
10/20/1979,
10/21/1979,
10/22/1979,11.4
10/23/1979,11.48
10/24/1979,11.36
10/25/1979,11.5
10/26/1979,11.11
10/27/1979,
10/28/1979,
10/29/1979,11.27
10/30/1979,11.27
10/31/1979,11.2
11/1/1979,11.26
11/2/1979,11.24
11/3/1979,
11/4/1979,
11/5/1979,11.25
11/6/1979,0
11/7/1979,11.35
11/8/1979,11.28
11/9/1979,10.96
11/10/1979,
11/11/1979,
11/12/1979,0
11/13/1979,10.86
11/14/1979,10.98
11/15/1979,10.86
11/16/1979,11.08
11/17/1979,
11/18/1979,
11/19/1979,11.19
11/20/1979,11.22
11/21/1979,11.17
11/22/1979,0
11/23/1979,10.76
11/24/1979,
11/25/1979,
11/26/1979,10.52
11/27/1979,10.28
11/28/1979,10.46
11/29/1979,10.42
11/30/1979,10.44
12/1/1979,
12/2/1979,
12/3/1979,10.48
12/4/1979,10.4
12/5/1979,10.31
12/6/1979,10.2
12/7/1979,10.29
12/8/1979,
12/9/1979,
12/10/1979,10.29
12/11/1979,10.47
12/12/1979,10.6
12/13/1979,10.51
12/14/1979,10.4
12/15/1979,
12/16/1979,
12/17/1979,10.39
12/18/1979,10.33
12/19/1979,10.33
12/20/1979,10.4
12/21/1979,10.48
12/22/1979,
12/23/1979,
12/24/1979,10.49
12/25/1979,0
12/26/1979,10.52
12/27/1979,10.54
12/28/1979,10.5
12/29/1979,
12/30/1979,
12/31/1979,10.38
1/1/1980,0
1/2/1980,10.52
1/3/1980,10.54
1/4/1980,10.62
1/5/1980,
1/6/1980,
1/7/1980,10.56
1/8/1980,10.52
1/9/1980,10.53
1/10/1980,10.47
1/11/1980,10.61
1/12/1980,
1/13/1980,
1/14/1980,10.61
1/15/1980,10.61
1/16/1980,10.6
1/17/1980,10.62
1/18/1980,10.74
1/19/1980,
1/20/1980,
1/21/1980,10.86
1/22/1980,10.8
1/23/1980,10.76
1/24/1980,10.9
1/25/1980,11.04
1/26/1980,
1/27/1980,
1/28/1980,11.08
1/29/1980,11.14
1/30/1980,11.12
1/31/1980,11.11
2/1/1980,11.3
2/2/1980,
2/3/1980,
2/4/1980,11.38
2/5/1980,11.8
2/6/1980,11.86
2/7/1980,11.61
2/8/1980,11.76
2/9/1980,
2/10/1980,
2/11/1980,11.91
2/12/1980,0
2/13/1980,11.86
2/14/1980,11.93
2/15/1980,12.26
2/16/1980,
2/17/1980,
2/18/1980,0
2/19/1980,12.88
2/20/1980,13.1
2/21/1980,13.5
2/22/1980,13.38
2/23/1980,
2/24/1980,
2/25/1980,13.7
2/26/1980,14.12
2/27/1980,14.08
2/28/1980,13.42
2/29/1980,13.48
3/1/1980,
3/2/1980,
3/3/1980,13.53
3/4/1980,13.61
3/5/1980,13.68
3/6/1980,13.8
3/7/1980,13.64
3/8/1980,
3/9/1980,
3/10/1980,13.37
3/11/1980,13.03
3/12/1980,13.27
3/13/1980,13.2
3/14/1980,13.21
3/15/1980,
3/16/1980,
3/17/1980,13.22
3/18/1980,13.01
3/19/1980,13
3/20/1980,13.32
3/21/1980,13.51
3/22/1980,
3/23/1980,
3/24/1980,14.03
3/25/1980,14
3/26/1980,13.87
3/27/1980,13.75
3/28/1980,13.5
3/29/1980,
3/30/1980,
3/31/1980,13.31
4/1/1980,13.39
4/2/1980,13.27
4/3/1980,13.19
4/4/1980,0
4/5/1980,
4/6/1980,
4/7/1980,12.7
4/8/1980,12.64
4/9/1980,12.59
4/10/1980,12.61
4/11/1980,12.3
4/12/1980,
4/13/1980,
4/14/1980,12.15
4/15/1980,12.02
4/16/1980,11.43
4/17/1980,11.52
4/18/1980,11.24
4/19/1980,
4/20/1980,
4/21/1980,11.1
4/22/1980,10.97
4/23/1980,11.03
4/24/1980,11.15
4/25/1980,11.14
4/26/1980,
4/27/1980,
4/28/1980,10.73
4/29/1980,10.73
4/30/1980,10.82
5/1/1980,10.72
5/2/1980,10.17
5/3/1980,
5/4/1980,
5/5/1980,10.08
5/6/1980,9.71
5/7/1980,9.85
5/8/1980,9.97
5/9/1980,10.08
5/10/1980,
5/11/1980,
5/12/1980,9.99
5/13/1980,9.79
5/14/1980,9.84
5/15/1980,9.97
5/16/1980,10.09
5/17/1980,
5/18/1980,
5/19/1980,10.2
5/20/1980,9.89
5/21/1980,9.85
5/22/1980,9.89
5/23/1980,9.61
5/24/1980,
5/25/1980,
5/26/1980,0
5/27/1980,9.63
5/28/1980,9.78
5/29/1980,9.88
5/30/1980,9.87
5/31/1980,
6/1/1980,
6/2/1980,9.97
6/3/1980,9.66
6/4/1980,9.55
6/5/1980,9.46
6/6/1980,9.25
6/7/1980,
6/8/1980,
6/9/1980,9.17
6/10/1980,9.27
6/11/1980,9.17
6/12/1980,8.93
6/13/1980,8.86
6/14/1980,
6/15/1980,
6/16/1980,8.87
6/17/1980,8.86
6/18/1980,8.96
6/19/1980,8.96
6/20/1980,8.86
6/21/1980,
6/22/1980,
6/23/1980,9.02
6/24/1980,9.13
6/25/1980,9.23
6/26/1980,9.33
6/27/1980,9.45
6/28/1980,
6/29/1980,
6/30/1980,9.48
7/1/1980,9.55
7/2/1980,9.49
7/3/1980,9.36
7/4/1980,0
7/5/1980,
7/6/1980,
7/7/1980,9.49
7/8/1980,9.37
7/9/1980,9.41
7/10/1980,9.47
7/11/1980,9.56
7/12/1980,
7/13/1980,
7/14/1980,9.56
7/15/1980,9.45
7/16/1980,9.34
7/17/1980,9.43
7/18/1980,9.42
7/19/1980,
7/20/1980,
7/21/1980,9.38
7/22/1980,9.41
7/23/1980,9.4
7/24/1980,9.51
7/25/1980,9.59
7/26/1980,
7/27/1980,
7/28/1980,9.77
7/29/1980,9.77
7/30/1980,9.81
7/31/1980,10.09
8/1/1980,10.16
8/2/1980,
8/3/1980,
8/4/1980,10.04
8/5/1980,10.06
8/6/1980,10.19
8/7/1980,10.1
8/8/1980,10.22
8/9/1980,
8/10/1980,
8/11/1980,10.47
8/12/1980,10.48
8/13/1980,10.46
8/14/1980,10.48
8/15/1980,10.48
8/16/1980,
8/17/1980,
8/18/1980,10.99
8/19/1980,11.11
8/20/1980,11.29
8/21/1980,11.39
8/22/1980,11.26
8/23/1980,
8/24/1980,
8/25/1980,11.55
8/26/1980,11.55
8/27/1980,11.76
8/28/1980,11.92
8/29/1980,11.66
8/30/1980,
8/31/1980,
9/1/1980,0
9/2/1980,11.45
9/3/1980,11.13
9/4/1980,11.15
9/5/1980,11.19
9/6/1980,
9/7/1980,
9/8/1980,11.3
9/9/1980,11.27
9/10/1980,11.19
9/11/1980,11.37
9/12/1980,11.41
9/13/1980,
9/14/1980,
9/15/1980,11.75
9/16/1980,11.63
9/17/1980,11.73
9/18/1980,11.75
9/19/1980,11.53
9/20/1980,
9/21/1980,
9/22/1980,11.92
9/23/1980,11.97
9/24/1980,11.96
9/25/1980,12.04
9/26/1980,12.17
9/27/1980,
9/28/1980,
9/29/1980,12.19
9/30/1980,11.88
10/1/1980,11.77
10/2/1980,11.83
10/3/1980,11.35
10/4/1980,
10/5/1980,
10/6/1980,11.35
10/7/1980,11.4
10/8/1980,11.55
10/9/1980,11.45
10/10/1980,11.55
10/11/1980,
10/12/1980,
10/13/1980,0
10/14/1980,11.5
10/15/1980,11.44
10/16/1980,11.55
10/17/1980,11.69
10/18/1980,
10/19/1980,
10/20/1980,11.72
10/21/1980,11.81
10/22/1980,12.07
10/23/1980,11.95
10/24/1980,11.89
10/25/1980,
10/26/1980,
10/27/1980,12.32
10/28/1980,12.56
10/29/1980,12.75
10/30/1980,12.71
10/31/1980,12.74
11/1/1980,
11/2/1980,
11/3/1980,12.74
11/4/1980,0
11/5/1980,12.95
11/6/1980,13.19
11/7/1980,12.87
11/8/1980,
11/9/1980,
11/10/1980,12.88
11/11/1980,0
11/12/1980,12.39
11/13/1980,12.38
11/14/1980,12.7
11/15/1980,
11/16/1980,
11/17/1980,12.95
11/18/1980,12.67
11/19/1980,12.6
11/20/1980,12.68
11/21/1980,12.97
11/22/1980,
11/23/1980,
11/24/1980,13
11/25/1980,13.07
11/26/1980,13.01
11/27/1980,0
11/28/1980,13.14
11/29/1980,
11/30/1980,
12/1/1980,13.35
12/2/1980,13.37
12/3/1980,13.42
12/4/1980,13.43
12/5/1980,13.45
12/6/1980,
12/7/1980,
12/8/1980,13.51
12/9/1980,13.61
12/10/1980,13.63
12/11/1980,14.04
12/12/1980,13.63
12/13/1980,
12/14/1980,
12/15/1980,13.75
12/16/1980,14.04
12/17/1980,13.87
12/18/1980,13.79
12/19/1980,13.02
12/20/1980,
12/21/1980,
12/22/1980,12.34
12/23/1980,12.5
12/24/1980,12.61
12/25/1980,0
12/26/1980,12.53
12/27/1980,
12/28/1980,
12/29/1980,12.41
12/30/1980,12.55
12/31/1980,12.59
1/1/1981,0
1/2/1981,12.61
1/3/1981,
1/4/1981,
1/5/1981,12.29
1/6/1981,12.21
1/7/1981,12.61
1/8/1981,12.68
1/9/1981,12.88
1/10/1981,
1/11/1981,
1/12/1981,12.71
1/13/1981,12.68
1/14/1981,12.61
1/15/1981,12.77
1/16/1981,12.66
1/17/1981,
1/18/1981,
1/19/1981,12.92
1/20/1981,12.77
1/21/1981,13.08
1/22/1981,13.16
1/23/1981,13.1
1/24/1981,
1/25/1981,
1/26/1981,12.89
1/27/1981,12.92
1/28/1981,12.94
1/29/1981,12.89
1/30/1981,12.8
1/31/1981,
2/1/1981,
2/2/1981,13.02
2/3/1981,13.2
2/4/1981,13.09
2/5/1981,13.1
2/6/1981,13.23
2/7/1981,
2/8/1981,
2/9/1981,13.35
2/10/1981,13.5
2/11/1981,13.66
2/12/1981,0
2/13/1981,13.84
2/14/1981,
2/15/1981,
2/16/1981,0
2/17/1981,13.46
2/18/1981,13.45
2/19/1981,13.25
2/20/1981,13.1
2/21/1981,
2/22/1981,
2/23/1981,13.49
2/24/1981,13.51
2/25/1981,13.61
2/26/1981,13.8
2/27/1981,13.76
2/28/1981,
3/1/1981,
3/2/1981,13.92
3/3/1981,13.78
3/4/1981,13.82
3/5/1981,13.78
3/6/1981,13.49
3/7/1981,
3/8/1981,
3/9/1981,13.39
3/10/1981,13.37
3/11/1981,13.4
3/12/1981,13.33
3/13/1981,13.18
3/14/1981,
3/15/1981,
3/16/1981,13.15
3/17/1981,12.97
3/18/1981,12.8
3/19/1981,12.95
3/20/1981,13.01
3/21/1981,
3/22/1981,
3/23/1981,13.38
3/24/1981,13.57
3/25/1981,13.51
3/26/1981,13.63
3/27/1981,13.68
3/28/1981,
3/29/1981,
3/30/1981,13.48
3/31/1981,13.39
4/1/1981,13.36
4/2/1981,13.46
4/3/1981,13.62
4/4/1981,
4/5/1981,
4/6/1981,14.01
4/7/1981,13.74
4/8/1981,13.85
4/9/1981,13.77
4/10/1981,13.84
4/11/1981,
4/12/1981,
4/13/1981,14.01
4/14/1981,13.89
4/15/1981,14.05
4/16/1981,14.08
4/17/1981,0
4/18/1981,
4/19/1981,
4/20/1981,14.1
4/21/1981,14.07
4/22/1981,14.13
4/23/1981,14.18
4/24/1981,14.24
4/25/1981,
4/26/1981,
4/27/1981,14.31
4/28/1981,14.28
4/29/1981,14.37
4/30/1981,14.45
5/1/1981,14.37
5/2/1981,
5/3/1981,
5/4/1981,14.83
5/5/1981,15.35
5/6/1981,15.02
5/7/1981,14.83
5/8/1981,14.66
5/9/1981,
5/10/1981,
5/11/1981,14.87
5/12/1981,15.06
5/13/1981,15.05
5/14/1981,14.84
5/15/1981,14.59
5/16/1981,
5/17/1981,
5/18/1981,14.22
5/19/1981,14.59
5/20/1981,14.71
5/21/1981,14.77
5/22/1981,14.39
5/23/1981,
5/24/1981,
5/25/1981,0
5/26/1981,14.13
5/27/1981,14.24
5/28/1981,13.99
5/29/1981,13.99
5/30/1981,
5/31/1981,
6/1/1981,13.99
6/2/1981,14.07
6/3/1981,14.05
6/4/1981,14.1
6/5/1981,14.1
6/6/1981,
6/7/1981,
6/8/1981,13.78
6/9/1981,13.87
6/10/1981,13.78
6/11/1981,13.84
6/12/1981,13.87
6/13/1981,
6/14/1981,
6/15/1981,13.57
6/16/1981,13.58
6/17/1981,13.71
6/18/1981,14.1
6/19/1981,14.07
6/20/1981,
6/21/1981,
6/22/1981,13.96
6/23/1981,14
6/24/1981,14.1
6/25/1981,14.08
6/26/1981,14.09
6/27/1981,
6/28/1981,
6/29/1981,14.01
6/30/1981,14.25
7/1/1981,14.47
7/2/1981,14.38
7/3/1981,0
7/4/1981,
7/5/1981,
7/6/1981,14.27
7/7/1981,14.49
7/8/1981,14.57
7/9/1981,14.6
7/10/1981,14.45
7/11/1981,
7/12/1981,
7/13/1981,14.41
7/14/1981,14.55
7/15/1981,14.55
7/16/1981,14.59
7/17/1981,14.53
7/18/1981,
7/19/1981,
7/20/1981,15.25
7/21/1981,15.23
7/22/1981,15.24
7/23/1981,15.17
7/24/1981,14.96
7/25/1981,
7/26/1981,
7/27/1981,14.87
7/28/1981,15.04
7/29/1981,15.21
7/30/1981,15.31
7/31/1981,15.24
8/1/1981,
8/2/1981,
8/3/1981,15.62
8/4/1981,15.6
8/5/1981,15.4
8/6/1981,15.31
8/7/1981,15.34
8/8/1981,
8/9/1981,
8/10/1981,15.08
8/11/1981,14.87
8/12/1981,15.12
8/13/1981,15.26
8/14/1981,15.34
8/15/1981,
8/16/1981,
8/17/1981,15.39
8/18/1981,15.45
8/19/1981,15.48
8/20/1981,15.63
8/21/1981,15.62
8/22/1981,
8/23/1981,
8/24/1981,16
8/25/1981,16.07
8/26/1981,15.99
8/27/1981,16.15
8/28/1981,16.01
8/29/1981,
8/30/1981,
8/31/1981,16.11
9/1/1981,16.12
9/2/1981,16.09
9/3/1981,16.14
9/4/1981,16.17
9/5/1981,
9/6/1981,
9/7/1981,0
9/8/1981,16.23
9/9/1981,16.22
9/10/1981,16.01
9/11/1981,15.81
9/12/1981,
9/13/1981,
9/14/1981,15.93
9/15/1981,15.71
9/16/1981,15.75
9/17/1981,15.55
9/18/1981,15.55
9/19/1981,
9/20/1981,
9/21/1981,15.31
9/22/1981,15.61
9/23/1981,15.79
9/24/1981,15.83
9/25/1981,16.13
9/26/1981,
9/27/1981,
9/28/1981,16.13
9/29/1981,16.18
9/30/1981,16.27
10/1/1981,16.13
10/2/1981,15.83
10/3/1981,
10/4/1981,
10/5/1981,15.55
10/6/1981,15.53
10/7/1981,15.43
10/8/1981,15.41
10/9/1981,15.03
10/10/1981,
10/11/1981,
10/12/1981,0
10/13/1981,15.12
10/14/1981,15.13
10/15/1981,15.12
10/16/1981,15.2
10/17/1981,
10/18/1981,
10/19/1981,15.29
10/20/1981,15.37
10/21/1981,15.55
10/22/1981,15.57
10/23/1981,15.46
10/24/1981,
10/25/1981,
10/26/1981,15.68
10/27/1981,15.62
10/28/1981,15.54
10/29/1981,15.2
10/30/1981,14.78
10/31/1981,
11/1/1981,
11/2/1981,14.61
11/3/1981,0
11/4/1981,14.32
11/5/1981,14.43
11/6/1981,14.07
11/7/1981,
11/8/1981,
11/9/1981,13.54
11/10/1981,13.63
11/11/1981,0
11/12/1981,13.23
11/13/1981,13.31
11/14/1981,
11/15/1981,
11/16/1981,13.21
11/17/1981,13.21
11/18/1981,13.11
11/19/1981,13.04
11/20/1981,13.01
11/21/1981,
11/22/1981,
11/23/1981,13.31
11/24/1981,12.75
11/25/1981,12.61
11/26/1981,0
11/27/1981,12.58
11/28/1981,
11/29/1981,
11/30/1981,12.79
12/1/1981,13.11
12/2/1981,13.25
12/3/1981,13.21
12/4/1981,12.8
12/5/1981,
12/6/1981,
12/7/1981,13.22
12/8/1981,13.23
12/9/1981,13.4
12/10/1981,13.77
12/11/1981,13.73
12/12/1981,
12/13/1981,
12/14/1981,13.55
12/15/1981,13.35
12/16/1981,13.36
12/17/1981,13.55
12/18/1981,13.4
12/19/1981,
12/20/1981,
12/21/1981,13.87
12/22/1981,14.03
12/23/1981,14.2
12/24/1981,14.03
12/25/1981,0
12/26/1981,
12/27/1981,
12/28/1981,14.01
12/29/1981,14.11
12/30/1981,14.06
12/31/1981,13.97
1/1/1982,0
1/2/1982,
1/3/1982,
1/4/1982,14.15
1/5/1982,14.41
1/6/1982,14.6
1/7/1982,14.66
1/8/1982,14.47
1/9/1982,
1/10/1982,
1/11/1982,14.83
1/12/1982,14.7
1/13/1982,14.86
1/14/1982,14.69
1/15/1982,14.86
1/16/1982,
1/17/1982,
1/18/1982,14.77
1/19/1982,14.79
1/20/1982,14.9
1/21/1982,14.75
1/22/1982,14.85
1/23/1982,
1/24/1982,
1/25/1982,14.8
1/26/1982,14.63
1/27/1982,14.62
1/28/1982,14.33
1/29/1982,14.24
1/30/1982,
1/31/1982,
2/1/1982,14.79
2/2/1982,14.61
2/3/1982,14.73
2/4/1982,14.82
2/5/1982,14.72
2/6/1982,
2/7/1982,
2/8/1982,14.94
2/9/1982,15.02
2/10/1982,14.89
2/11/1982,14.8
2/12/1982,0
2/13/1982,
2/14/1982,
2/15/1982,0
2/16/1982,14.68
2/17/1982,14.73
2/18/1982,14.45
2/19/1982,14.44
2/20/1982,
2/21/1982,
2/22/1982,13.97
2/23/1982,14.03
2/24/1982,13.98
2/25/1982,14.01
2/26/1982,14.12
2/27/1982,
2/28/1982,
3/1/1982,13.97
3/2/1982,13.87
3/3/1982,13.77
3/4/1982,13.61
3/5/1982,13.57
3/6/1982,
3/7/1982,
3/8/1982,13.57
3/9/1982,13.72
3/10/1982,13.75
3/11/1982,14.03
3/12/1982,14.04
3/13/1982,
3/14/1982,
3/15/1982,14.11
3/16/1982,14.04
3/17/1982,14
3/18/1982,14.01
3/19/1982,14.06
3/20/1982,
3/21/1982,
3/22/1982,13.91
3/23/1982,13.89
3/24/1982,14.1
3/25/1982,14.09
3/26/1982,14.18
3/27/1982,
3/28/1982,
3/29/1982,14.39
3/30/1982,14.41
3/31/1982,14.39
4/1/1982,14.26
4/2/1982,14.26
4/3/1982,
4/4/1982,
4/5/1982,14.28
4/6/1982,14.3
4/7/1982,14.3
4/8/1982,14.11
4/9/1982,0
4/10/1982,
4/11/1982,
4/12/1982,14.01
4/13/1982,13.99
4/14/1982,14.12
4/15/1982,14.05
4/16/1982,13.83
4/17/1982,
4/18/1982,
4/19/1982,13.83
4/20/1982,13.89
4/21/1982,13.81
4/22/1982,13.87
4/23/1982,13.84
4/24/1982,
4/25/1982,
4/26/1982,13.81
4/27/1982,13.8
4/28/1982,13.87
4/29/1982,13.95
4/30/1982,13.9
5/1/1982,
5/2/1982,
5/3/1982,14.02
5/4/1982,14.02
5/5/1982,13.95
5/6/1982,13.71
5/7/1982,13.64
5/8/1982,
5/9/1982,
5/10/1982,13.59
5/11/1982,13.64
5/12/1982,13.75
5/13/1982,13.84
5/14/1982,13.64
5/15/1982,
5/16/1982,
5/17/1982,13.71
5/18/1982,13.76
5/19/1982,13.81
5/20/1982,13.64
5/21/1982,13.66
5/22/1982,
5/23/1982,
5/24/1982,13.68
5/25/1982,13.73
5/26/1982,13.74
5/27/1982,13.79
5/28/1982,13.76
5/29/1982,
5/30/1982,
5/31/1982,0
6/1/1982,13.98
6/2/1982,13.96
6/3/1982,13.94
6/4/1982,14.03
6/5/1982,
6/6/1982,
6/7/1982,14
6/8/1982,14.04
6/9/1982,14.06
6/10/1982,14.08
6/11/1982,14
6/12/1982,
6/13/1982,
6/14/1982,14.31
6/15/1982,14.31
6/16/1982,14.39
6/17/1982,14.61
6/18/1982,14.8
6/19/1982,
6/20/1982,
6/21/1982,14.85
6/22/1982,14.84
6/23/1982,14.95
6/24/1982,14.94
6/25/1982,14.93
6/26/1982,
6/27/1982,
6/28/1982,14.91
6/29/1982,14.8
6/30/1982,14.65
7/1/1982,14.62
7/2/1982,14.69
7/3/1982,
7/4/1982,
7/5/1982,0
7/6/1982,14.69
7/7/1982,14.69
7/8/1982,14.33
7/9/1982,14.19
7/10/1982,
7/11/1982,
7/12/1982,14.01
7/13/1982,14.19
7/14/1982,14.27
7/15/1982,14.16
7/16/1982,13.86
7/17/1982,
7/18/1982,
7/19/1982,13.8
7/20/1982,13.65
7/21/1982,13.7
7/22/1982,13.55
7/23/1982,13.58
7/24/1982,
7/25/1982,
7/26/1982,13.92
7/27/1982,13.89
7/28/1982,14
7/29/1982,13.89
7/30/1982,13.73
7/31/1982,
8/1/1982,
8/2/1982,13.46
8/3/1982,13.52
8/4/1982,13.6
8/5/1982,13.68
8/6/1982,13.86
8/7/1982,
8/8/1982,
8/9/1982,13.72
8/10/1982,13.74
8/11/1982,13.74
8/12/1982,13.5
8/13/1982,13.24
8/14/1982,
8/15/1982,
8/16/1982,13
8/17/1982,12.61
8/18/1982,12.45
8/19/1982,12.42
8/20/1982,12.15
8/21/1982,
8/22/1982,
8/23/1982,12.39
8/24/1982,12.29
8/25/1982,12.26
8/26/1982,12.32
8/27/1982,12.65
8/28/1982,
8/29/1982,
8/30/1982,12.71
8/31/1982,12.65
9/1/1982,12.58
9/2/1982,12.52
9/3/1982,12.26
9/4/1982,
9/5/1982,
9/6/1982,0
9/7/1982,12.36
9/8/1982,12.4
9/9/1982,12.41
9/10/1982,12.56
9/11/1982,
9/12/1982,
9/13/1982,12.52
9/14/1982,12.38
9/15/1982,12.56
9/16/1982,12.52
9/17/1982,12.39
9/18/1982,
9/19/1982,
9/20/1982,12.43
9/21/1982,12.13
9/22/1982,12.04
9/23/1982,11.92
9/24/1982,12.05
9/25/1982,
9/26/1982,
9/27/1982,11.95
9/28/1982,11.78
9/29/1982,11.76
9/30/1982,11.69
10/1/1982,11.5
10/2/1982,
10/3/1982,
10/4/1982,11.73
10/5/1982,11.7
10/6/1982,11.52
10/7/1982,10.81
10/8/1982,10.71
10/9/1982,
10/10/1982,
10/11/1982,0
10/12/1982,10.4
10/13/1982,10.28
10/14/1982,10.52
10/15/1982,10.64
10/16/1982,
10/17/1982,
10/18/1982,10.42
10/19/1982,10.38
10/20/1982,10.52
10/21/1982,10.54
10/22/1982,10.66
10/23/1982,
10/24/1982,
10/25/1982,10.97
10/26/1982,10.74
10/27/1982,10.76
10/28/1982,10.61
10/29/1982,10.58
10/30/1982,
10/31/1982,
11/1/1982,10.41
11/2/1982,0
11/3/1982,10.3
11/4/1982,10.28
11/5/1982,10.36
11/6/1982,
11/7/1982,
11/8/1982,10.46
11/9/1982,10.41
11/10/1982,10.38
11/11/1982,0
11/12/1982,10.5
11/13/1982,
11/14/1982,
11/15/1982,10.6
11/16/1982,10.63
11/17/1982,10.55
11/18/1982,10.42
11/19/1982,10.36
11/20/1982,
11/21/1982,
11/22/1982,10.25
11/23/1982,10.19
11/24/1982,10.2
11/25/1982,0
11/26/1982,10.19
11/27/1982,
11/28/1982,
11/29/1982,10.39
11/30/1982,10.37
12/1/1982,10.34
12/2/1982,10.29
12/3/1982,10.16
12/4/1982,
12/5/1982,
12/6/1982,10.17
12/7/1982,10.21
12/8/1982,10.25
12/9/1982,10.3
12/10/1982,10.37
12/11/1982,
12/12/1982,
12/13/1982,10.34
12/14/1982,10.13
12/15/1982,10.15
12/16/1982,10.24
12/17/1982,10.28
12/18/1982,
12/19/1982,
12/20/1982,10.31
12/21/1982,10.21
12/22/1982,10.22
12/23/1982,10.15
12/24/1982,0
12/25/1982,
12/26/1982,
12/27/1982,10.15
12/28/1982,10.15
12/29/1982,10.19
12/30/1982,10.19
12/31/1982,10.09
1/1/1983,
1/2/1983,
1/3/1983,10.02
1/4/1983,10.07
1/5/1983,10.06
1/6/1983,10.05
1/7/1983,9.98
1/8/1983,
1/9/1983,
1/10/1983,9.96
1/11/1983,9.92
1/12/1983,9.92
1/13/1983,9.81
1/14/1983,9.78
1/15/1983,
1/16/1983,
1/17/1983,9.78
1/18/1983,9.79
1/19/1983,9.89
1/20/1983,9.94
1/21/1983,10.18
1/22/1983,
1/23/1983,
1/24/1983,10.26
1/25/1983,10.18
1/26/1983,10.23
1/27/1983,10.2
1/28/1983,10.21
1/29/1983,
1/30/1983,
1/31/1983,10.31
2/1/1983,10.34
2/2/1983,10.37
2/3/1983,10.39
2/4/1983,10.51
2/5/1983,
2/6/1983,
2/7/1983,10.49
2/8/1983,10.5
2/9/1983,10.58
2/10/1983,10.38
2/11/1983,10.31
2/12/1983,
2/13/1983,
2/14/1983,10.37
2/15/1983,10.37
2/16/1983,10.29
2/17/1983,10.24
2/18/1983,10.13
2/19/1983,
2/20/1983,
2/21/1983,0
2/22/1983,10.01
2/23/1983,10
2/24/1983,9.96
2/25/1983,9.82
2/26/1983,
2/27/1983,
2/28/1983,9.83
3/1/1983,9.74
3/2/1983,9.76
3/3/1983,9.72
3/4/1983,9.75
3/5/1983,
3/6/1983,
3/7/1983,9.92
3/8/1983,10.01
3/9/1983,10.02
3/10/1983,10.08
3/11/1983,10.12
3/12/1983,
3/13/1983,
3/14/1983,10.02
3/15/1983,9.99
3/16/1983,10.09
3/17/1983,10.14
3/18/1983,10.15
3/19/1983,
3/20/1983,
3/21/1983,10.2
3/22/1983,10.29
3/23/1983,10.23
3/24/1983,10.24
3/25/1983,10.32
3/26/1983,
3/27/1983,
3/28/1983,10.33
3/29/1983,10.28
3/30/1983,10.25
3/31/1983,10.27
4/1/1983,0
4/2/1983,
4/3/1983,
4/4/1983,10.25
4/5/1983,10.11
4/6/1983,10.11
4/7/1983,10.09
4/8/1983,10.11
4/9/1983,
4/10/1983,
4/11/1983,9.99
4/12/1983,10.01
4/13/1983,10.01
4/14/1983,9.93
4/15/1983,9.98
4/16/1983,
4/17/1983,
4/18/1983,9.95
4/19/1983,10.04
4/20/1983,10.01
4/21/1983,10.07
4/22/1983,10.03
4/23/1983,
4/24/1983,
4/25/1983,10.01
4/26/1983,10.02
4/27/1983,9.92
4/28/1983,9.91
4/29/1983,9.88
4/30/1983,
5/1/1983,
5/2/1983,9.82
5/3/1983,9.81
5/4/1983,9.73
5/5/1983,9.76
5/6/1983,9.74
5/7/1983,
5/8/1983,
5/9/1983,9.86
5/10/1983,9.81
5/11/1983,9.82
5/12/1983,9.87
5/13/1983,9.86
5/14/1983,
5/15/1983,
5/16/1983,10.02
5/17/1983,10.03
5/18/1983,10.06
5/19/1983,10.17
5/20/1983,10.2
5/21/1983,
5/22/1983,
5/23/1983,10.27
5/24/1983,10.3
5/25/1983,10.29
5/26/1983,10.38
5/27/1983,10.37
5/28/1983,
5/29/1983,
5/30/1983,0
5/31/1983,10.55
6/1/1983,10.48
6/2/1983,10.46
6/3/1983,10.53
6/4/1983,
6/5/1983,
6/6/1983,10.54
6/7/1983,10.61
6/8/1983,10.64
6/9/1983,10.63
6/10/1983,10.64
6/11/1983,
6/12/1983,
6/13/1983,10.5
6/14/1983,10.53
6/15/1983,10.48
6/16/1983,10.46
6/17/1983,10.47
6/18/1983,
6/19/1983,
6/20/1983,10.62
6/21/1983,10.64
6/22/1983,10.71
6/23/1983,10.76
6/24/1983,10.83
6/25/1983,
6/26/1983,
6/27/1983,10.92
6/28/1983,10.85
6/29/1983,10.76
6/30/1983,10.76
7/1/1983,10.72
7/2/1983,
7/3/1983,
7/4/1983,0
7/5/1983,11.03
7/6/1983,10.98
7/7/1983,11.12
7/8/1983,11.16
7/9/1983,
7/10/1983,
7/11/1983,11.09
7/12/1983,11.24
7/13/1983,11.21
7/14/1983,11.21
7/15/1983,11.36
7/16/1983,
7/17/1983,
7/18/1983,11.3
7/19/1983,11.23
7/20/1983,11.14
7/21/1983,11.16
7/22/1983,11.26
7/23/1983,
7/24/1983,
7/25/1983,11.26
7/26/1983,11.33
7/27/1983,11.32
7/28/1983,11.47
7/29/1983,11.59
7/30/1983,
7/31/1983,
8/1/1983,11.63
8/2/1983,11.68
8/3/1983,11.68
8/4/1983,11.84
8/5/1983,11.85
8/6/1983,
8/7/1983,
8/8/1983,11.95
8/9/1983,11.88
8/10/1983,11.94
8/11/1983,11.87
8/12/1983,11.82
8/13/1983,
8/14/1983,
8/15/1983,11.58
8/16/1983,11.52
8/17/1983,11.41
8/18/1983,11.44
8/19/1983,11.5
8/20/1983,
8/21/1983,
8/22/1983,11.3
8/23/1983,11.37
8/24/1983,11.3
8/25/1983,11.35
8/26/1983,11.4
8/27/1983,
8/28/1983,
8/29/1983,11.63
8/30/1983,11.67
8/31/1983,11.79
9/1/1983,11.76
9/2/1983,11.81
9/3/1983,
9/4/1983,
9/5/1983,0
9/6/1983,11.63
9/7/1983,11.52
9/8/1983,11.57
9/9/1983,11.53
9/10/1983,
9/11/1983,
9/12/1983,11.35
9/13/1983,11.38
9/14/1983,11.51
9/15/1983,11.61
9/16/1983,11.43
9/17/1983,
9/18/1983,
9/19/1983,11.42
9/20/1983,11.33
9/21/1983,11.4
9/22/1983,11.4
9/23/1983,11.29
9/24/1983,
9/25/1983,
9/26/1983,11.18
9/27/1983,11.21
9/28/1983,11.24
9/29/1983,11.26
9/30/1983,11.2
10/1/1983,
10/2/1983,
10/3/1983,11.22
10/4/1983,11.22
10/5/1983,11.11
10/6/1983,11.1
10/7/1983,11.12
10/8/1983,
10/9/1983,
10/10/1983,0
10/11/1983,11.36
10/12/1983,11.35
10/13/1983,11.4
10/14/1983,11.31
10/15/1983,
10/16/1983,
10/17/1983,11.21
10/18/1983,11.2
10/19/1983,11.2
10/20/1983,11.22
10/21/1983,11.18
10/22/1983,
10/23/1983,
10/24/1983,11.39
10/25/1983,11.4
10/26/1983,11.4
10/27/1983,11.39
10/28/1983,11.39
10/29/1983,
10/30/1983,
10/31/1983,11.39
11/1/1983,11.38
11/2/1983,11.39
11/3/1983,11.41
11/4/1983,11.53
11/5/1983,
11/6/1983,
11/7/1983,11.56
11/8/1983,0
11/9/1983,11.54
11/10/1983,11.4
11/11/1983,0
11/12/1983,
11/13/1983,
11/14/1983,11.38
11/15/1983,11.4
11/16/1983,11.4
11/17/1983,11.44
11/18/1983,11.46
11/19/1983,
11/20/1983,
11/21/1983,11.38
11/22/1983,11.34
11/23/1983,11.37
11/24/1983,0
11/25/1983,11.31
11/26/1983,
11/27/1983,
11/28/1983,11.41
11/29/1983,11.31
11/30/1983,11.36
12/1/1983,11.37
12/2/1983,11.47
12/3/1983,
12/4/1983,
12/5/1983,11.5
12/6/1983,11.46
12/7/1983,11.49
12/8/1983,11.57
12/9/1983,11.58
12/10/1983,
12/11/1983,
12/12/1983,11.54
12/13/1983,11.65
12/14/1983,11.68
12/15/1983,11.66
12/16/1983,11.59
12/17/1983,
12/18/1983,
12/19/1983,11.59
12/20/1983,11.56
12/21/1983,11.54
12/22/1983,11.51
12/23/1983,11.53
12/24/1983,
12/25/1983,
12/26/1983,0
12/27/1983,11.5
12/28/1983,11.56
12/29/1983,11.52
12/30/1983,11.57
12/31/1983,
1/1/1984,
1/2/1984,0
1/3/1984,11.59
1/4/1984,11.5
1/5/1984,11.47
1/6/1984,11.43
1/7/1984,
1/8/1984,
1/9/1984,11.47
1/10/1984,11.44
1/11/1984,11.46
1/12/1984,11.48
1/13/1984,11.26
1/14/1984,
1/15/1984,
1/16/1984,11.25
1/17/1984,11.28
1/18/1984,11.3
1/19/1984,11.29
1/20/1984,11.32
1/21/1984,
1/22/1984,
1/23/1984,11.31
1/24/1984,11.31
1/25/1984,11.31
1/26/1984,11.31
1/27/1984,11.31
1/28/1984,
1/29/1984,
1/30/1984,11.31
1/31/1984,11.34
2/1/1984,11.31
2/2/1984,11.28
2/3/1984,11.31
2/4/1984,
2/5/1984,
2/6/1984,11.4
2/7/1984,11.4
2/8/1984,11.41
2/9/1984,11.43
2/10/1984,11.52
2/11/1984,
2/12/1984,
2/13/1984,0
2/14/1984,11.54
2/15/1984,11.5
2/16/1984,11.51
2/17/1984,11.63
2/18/1984,
2/19/1984,
2/20/1984,0
2/21/1984,11.62
2/22/1984,11.61
2/23/1984,11.76
2/24/1984,11.69
2/25/1984,
2/26/1984,
2/27/1984,11.77
2/28/1984,11.8
2/29/1984,11.74
3/1/1984,11.77
3/2/1984,11.68
3/3/1984,
3/4/1984,
3/5/1984,11.76
3/6/1984,11.77
3/7/1984,11.87
3/8/1984,11.9
3/9/1984,11.95
3/10/1984,
3/11/1984,
3/12/1984,11.94
3/13/1984,11.97
3/14/1984,12
3/15/1984,11.99
3/16/1984,12.01
3/17/1984,
3/18/1984,
3/19/1984,12.11
3/20/1984,12.13
3/21/1984,12.17
3/22/1984,12.22
3/23/1984,12.23
3/24/1984,
3/25/1984,
3/26/1984,12.2
3/27/1984,12.21
3/28/1984,12.15
3/29/1984,12.16
3/30/1984,12.28
3/31/1984,
4/1/1984,
4/2/1984,12.29
4/3/1984,12.4
4/4/1984,12.44
4/5/1984,12.42
4/6/1984,12.24
4/7/1984,
4/8/1984,
4/9/1984,12.22
4/10/1984,12.26
4/11/1984,12.24
4/12/1984,12.16
4/13/1984,12.3
4/14/1984,
4/15/1984,
4/16/1984,12.35
4/17/1984,12.3
4/18/1984,12.4
4/19/1984,12.47
4/20/1984,0
4/21/1984,
4/22/1984,
4/23/1984,12.49
4/24/1984,12.46
4/25/1984,12.45
4/26/1984,12.42
4/27/1984,12.55
4/28/1984,
4/29/1984,
4/30/1984,12.57
5/1/1984,12.57
5/2/1984,12.62
5/3/1984,12.64
5/4/1984,12.83
5/5/1984,
5/6/1984,
5/7/1984,12.9
5/8/1984,12.88
5/9/1984,12.97
5/10/1984,12.98
5/11/1984,13.2
5/12/1984,
5/13/1984,
5/14/1984,13.3
5/15/1984,13.23
5/16/1984,13.17
5/17/1984,13.27
5/18/1984,13.21
5/19/1984,
5/20/1984,
5/21/1984,13.18
5/22/1984,13.27
5/23/1984,13.3
5/24/1984,13.46
5/25/1984,13.52
5/26/1984,
5/27/1984,
5/28/1984,0
5/29/1984,13.7
5/30/1984,13.84
5/31/1984,13.76
6/1/1984,13.46
6/2/1984,
6/3/1984,
6/4/1984,13.29
6/5/1984,13.24
6/6/1984,13.38
6/7/1984,13.43
6/8/1984,13.35
6/9/1984,
6/10/1984,
6/11/1984,13.57
6/12/1984,13.45
6/13/1984,13.37
6/14/1984,13.31
6/15/1984,13.12
6/16/1984,
6/17/1984,
6/18/1984,13.19
6/19/1984,13.3
6/20/1984,13.57
6/21/1984,13.67
6/22/1984,13.72
6/23/1984,
6/24/1984,
6/25/1984,13.7
6/26/1984,13.77
6/27/1984,13.7
6/28/1984,13.7
6/29/1984,13.72
6/30/1984,
7/1/1984,
7/2/1984,13.73
7/3/1984,13.67
7/4/1984,0
7/5/1984,13.64
7/6/1984,13.65
7/7/1984,
7/8/1984,
7/9/1984,13.4
7/10/1984,13.46
7/11/1984,13.45
7/12/1984,13.39
7/13/1984,13.24
7/14/1984,
7/15/1984,
7/16/1984,13.24
7/17/1984,13.29
7/18/1984,13.22
7/19/1984,13.17
7/20/1984,13.24
7/21/1984,
7/22/1984,
7/23/1984,13.25
7/24/1984,13.24
7/25/1984,12.95
7/26/1984,12.8
7/27/1984,12.89
7/28/1984,
7/29/1984,
7/30/1984,13
7/31/1984,12.85
8/1/1984,12.74
8/2/1984,12.71
8/3/1984,12.55
8/4/1984,
8/5/1984,
8/6/1984,12.66
8/7/1984,12.64
8/8/1984,12.62
8/9/1984,12.59
8/10/1984,12.63
8/11/1984,
8/12/1984,
8/13/1984,12.71
8/14/1984,12.62
8/15/1984,12.68
8/16/1984,12.66
8/17/1984,12.67
8/18/1984,
8/19/1984,
8/20/1984,12.66
8/21/1984,12.64
8/22/1984,12.66
8/23/1984,12.68
8/24/1984,12.67
8/25/1984,
8/26/1984,
8/27/1984,12.8
8/28/1984,12.82
8/29/1984,12.78
8/30/1984,12.79
8/31/1984,12.77
9/1/1984,
9/2/1984,
9/3/1984,0
9/4/1984,12.85
9/5/1984,12.92
9/6/1984,12.82
9/7/1984,12.75
9/8/1984,
9/9/1984,
9/10/1984,12.65
9/11/1984,12.59
9/12/1984,12.62
9/13/1984,12.47
9/14/1984,12.42
9/15/1984,
9/16/1984,
9/17/1984,12.42
9/18/1984,12.33
9/19/1984,12.26
9/20/1984,12.27
9/21/1984,12.44
9/22/1984,
9/23/1984,
9/24/1984,12.51
9/25/1984,12.53
9/26/1984,12.47
9/27/1984,12.31
9/28/1984,12.48
9/29/1984,
9/30/1984,
10/1/1984,12.51
10/2/1984,12.52
10/3/1984,12.49
10/4/1984,12.45
10/5/1984,12.35
10/6/1984,
10/7/1984,
10/8/1984,0
10/9/1984,12.32
10/10/1984,12.32
10/11/1984,12.23
10/12/1984,12.17
10/13/1984,
10/14/1984,
10/15/1984,12.24
10/16/1984,12.25
10/17/1984,12.21
10/18/1984,11.98
10/19/1984,11.82
10/20/1984,
10/21/1984,
10/22/1984,11.82
10/23/1984,11.62
10/24/1984,11.55
10/25/1984,11.65
10/26/1984,11.83
10/27/1984,
10/28/1984,
10/29/1984,11.79
10/30/1984,11.63
10/31/1984,11.59
11/1/1984,11.45
11/2/1984,11.46
11/3/1984,
11/4/1984,
11/5/1984,11.4
11/6/1984,0
11/7/1984,11.45
11/8/1984,11.55
11/9/1984,11.47
11/10/1984,
11/11/1984,
11/12/1984,0
11/13/1984,11.55
11/14/1984,11.59
11/15/1984,11.52
11/16/1984,11.46
11/17/1984,
11/18/1984,
11/19/1984,11.41
11/20/1984,11.29
11/21/1984,11.14
11/22/1984,0
11/23/1984,10.99
11/24/1984,
11/25/1984,
11/26/1984,11.05
11/27/1984,11.05
11/28/1984,11.03
11/29/1984,11.07
11/30/1984,11.25
12/1/1984,
12/2/1984,
12/3/1984,11.23
12/4/1984,11.16
12/5/1984,11.14
12/6/1984,11.23
12/7/1984,11.31
12/8/1984,
12/9/1984,
12/10/1984,11.26
12/11/1984,11.18
12/12/1984,11.14
12/13/1984,11.27
12/14/1984,11.08
12/15/1984,
12/16/1984,
12/17/1984,11.01
12/18/1984,10.83
12/19/1984,10.86
12/20/1984,10.89
12/21/1984,10.89
12/22/1984,
12/23/1984,
12/24/1984,10.85
12/25/1984,0
12/26/1984,10.97
12/27/1984,10.98
12/28/1984,11.03
12/29/1984,
12/30/1984,
12/31/1984,11.08
1/1/1985,0
1/2/1985,11.22
1/3/1985,11.13
1/4/1985,11.19
1/5/1985,
1/6/1985,
1/7/1985,11.09
1/8/1985,11.04
1/9/1985,11.03
1/10/1985,11.05
1/11/1985,11.14
1/12/1985,
1/13/1985,
1/14/1985,11.13
1/15/1985,11.01
1/16/1985,11.02
1/17/1985,10.99
1/18/1985,10.89
1/19/1985,
1/20/1985,
1/21/1985,0
1/22/1985,10.79
1/23/1985,10.74
1/24/1985,10.61
1/25/1985,10.66
1/26/1985,
1/27/1985,
1/28/1985,10.7
1/29/1985,10.7
1/30/1985,10.68
1/31/1985,10.77
2/1/1985,10.93
2/2/1985,
2/3/1985,
2/4/1985,10.99
2/5/1985,10.93
2/6/1985,11
2/7/1985,11.04
2/8/1985,11
2/9/1985,
2/10/1985,
2/11/1985,11.05
2/12/1985,0
2/13/1985,11.02
2/14/1985,10.93
2/15/1985,10.98
2/16/1985,
2/17/1985,
2/18/1985,0
2/19/1985,10.95
2/20/1985,11.09
2/21/1985,11.29
2/22/1985,11.35
2/23/1985,
2/24/1985,
2/25/1985,11.4
2/26/1985,11.35
2/27/1985,11.51
2/28/1985,11.55
3/1/1985,11.52
3/2/1985,
3/3/1985,
3/4/1985,11.57
3/5/1985,11.49
3/6/1985,11.53
3/7/1985,11.61
3/8/1985,11.37
3/9/1985,
3/10/1985,
3/11/1985,11.38
3/12/1985,11.45
3/13/1985,11.59
3/14/1985,11.63
3/15/1985,11.63
3/16/1985,
3/17/1985,
3/18/1985,11.7
3/19/1985,11.67
3/20/1985,11.62
3/21/1985,11.48
3/22/1985,11.55
3/23/1985,
3/24/1985,
3/25/1985,11.53
3/26/1985,11.45
3/27/1985,11.49
3/28/1985,11.38
3/29/1985,11.29
3/30/1985,
3/31/1985,
4/1/1985,11.28
4/2/1985,11.33
4/3/1985,11.34
4/4/1985,11.35
4/5/1985,0
4/6/1985,
4/7/1985,
4/8/1985,11.36
4/9/1985,11.28
4/10/1985,11.2
4/11/1985,11.05
4/12/1985,11.05
4/13/1985,
4/14/1985,
4/15/1985,11.02
4/16/1985,10.8
4/17/1985,10.86
4/18/1985,10.69
4/19/1985,10.69
4/20/1985,
4/21/1985,
4/22/1985,10.67
4/23/1985,10.79
4/24/1985,10.77
4/25/1985,10.87
4/26/1985,10.87
4/27/1985,
4/28/1985,
4/29/1985,10.96
4/30/1985,10.91
5/1/1985,10.81
5/2/1985,10.83
5/3/1985,10.74
5/4/1985,
5/5/1985,
5/6/1985,10.71
5/7/1985,10.68
5/8/1985,10.74
5/9/1985,10.68
5/10/1985,10.57
5/11/1985,
5/12/1985,
5/13/1985,10.56
5/14/1985,10.39
5/15/1985,10.39
5/16/1985,10.28
5/17/1985,10.32
5/18/1985,
5/19/1985,
5/20/1985,10.04
5/21/1985,10.07
5/22/1985,10.05
5/23/1985,10.11
5/24/1985,10.05
5/25/1985,
5/26/1985,
5/27/1985,0
5/28/1985,9.95
5/29/1985,9.9
5/30/1985,9.84
5/31/1985,9.68
6/1/1985,
6/2/1985,
6/3/1985,9.5
6/4/1985,9.47
6/5/1985,9.26
6/6/1985,9.33
6/7/1985,9.67
6/8/1985,
6/9/1985,
6/10/1985,9.68
6/11/1985,9.63
6/12/1985,9.65
6/13/1985,9.67
6/14/1985,9.39
6/15/1985,
6/16/1985,
6/17/1985,9.45
6/18/1985,9.33
6/19/1985,9.46
6/20/1985,9.51
6/21/1985,9.75
6/22/1985,
6/23/1985,
6/24/1985,9.83
6/25/1985,9.95
6/26/1985,9.97
6/27/1985,9.83
6/28/1985,9.65
6/29/1985,
6/30/1985,
7/1/1985,9.58
7/2/1985,9.61
7/3/1985,9.62
7/4/1985,0
7/5/1985,9.3
7/6/1985,
7/7/1985,
7/8/1985,9.41
7/9/1985,9.41
7/10/1985,9.45
7/11/1985,9.61
7/12/1985,9.63
7/13/1985,
7/14/1985,
7/15/1985,9.63
7/16/1985,9.59
7/17/1985,9.54
7/18/1985,9.71
7/19/1985,9.72
7/20/1985,
7/21/1985,
7/22/1985,9.87
7/23/1985,9.91
7/24/1985,9.92
7/25/1985,9.91
7/26/1985,9.96
7/27/1985,
7/28/1985,
7/29/1985,10.02
7/30/1985,10.02
7/31/1985,9.98
8/1/1985,9.95
8/2/1985,10.09
8/3/1985,
8/4/1985,
8/5/1985,10.06
8/6/1985,10.08
8/7/1985,10.01
8/8/1985,9.91
8/9/1985,9.86
8/10/1985,
8/11/1985,
8/12/1985,9.86
8/13/1985,9.92
8/14/1985,9.84
8/15/1985,9.83
8/16/1985,9.74
8/17/1985,
8/18/1985,
8/19/1985,9.74
8/20/1985,9.7
8/21/1985,9.63
8/22/1985,9.62
8/23/1985,9.67
8/24/1985,
8/25/1985,
8/26/1985,9.7
8/27/1985,9.65
8/28/1985,9.63
8/29/1985,9.58
8/30/1985,9.74
8/31/1985,
9/1/1985,
9/2/1985,0
9/3/1985,9.71
9/4/1985,9.64
9/5/1985,9.71
9/6/1985,9.97
9/7/1985,
9/8/1985,
9/9/1985,9.97
9/10/1985,9.96
9/11/1985,9.98
9/12/1985,9.97
9/13/1985,9.87
9/14/1985,
9/15/1985,
9/16/1985,9.83
9/17/1985,9.85
9/18/1985,9.87
9/19/1985,9.89
9/20/1985,9.81
9/21/1985,
9/22/1985,
9/23/1985,9.74
9/24/1985,9.69
9/25/1985,9.59
9/26/1985,9.61
9/27/1985,0
9/28/1985,
9/29/1985,
9/30/1985,9.73
10/1/1985,9.69
10/2/1985,9.69
10/3/1985,9.69
10/4/1985,9.73
10/5/1985,
10/6/1985,
10/7/1985,9.83
10/8/1985,9.81
10/9/1985,9.82
10/10/1985,9.82
10/11/1985,9.82
10/12/1985,
10/13/1985,
10/14/1985,0
10/15/1985,9.79
10/16/1985,9.73
10/17/1985,9.67
10/18/1985,9.62
10/19/1985,
10/20/1985,
10/21/1985,9.63
10/22/1985,9.6
10/23/1985,9.62
10/24/1985,9.64
10/25/1985,9.67
10/26/1985,
10/27/1985,
10/28/1985,9.75
10/29/1985,9.61
10/30/1985,9.45
10/31/1985,9.47
11/1/1985,9.45
11/2/1985,
11/3/1985,
11/4/1985,9.44
11/5/1985,9.39
11/6/1985,9.38
11/7/1985,9.38
11/8/1985,9.3
11/9/1985,
11/10/1985,
11/11/1985,0
11/12/1985,9.2
11/13/1985,9.28
11/14/1985,9.33
11/15/1985,9.39
11/16/1985,
11/17/1985,
11/18/1985,9.22
11/19/1985,9.2
11/20/1985,9.22
11/21/1985,9.17
11/22/1985,9.22
11/23/1985,
11/24/1985,
11/25/1985,9.23
11/26/1985,9.24
11/27/1985,9.12
11/28/1985,0
11/29/1985,9.07
11/30/1985,
12/1/1985,
12/2/1985,9.14
12/3/1985,9.15
12/4/1985,9.1
12/5/1985,9.1
12/6/1985,9.12
12/7/1985,
12/8/1985,
12/9/1985,8.98
12/10/1985,8.83
12/11/1985,8.64
12/12/1985,8.72
12/13/1985,8.63
12/14/1985,
12/15/1985,
12/16/1985,8.62
12/17/1985,8.48
12/18/1985,8.57
12/19/1985,8.58
12/20/1985,8.52
12/21/1985,
12/22/1985,
12/23/1985,8.56
12/24/1985,8.56
12/25/1985,0
12/26/1985,8.52
12/27/1985,8.5
12/28/1985,
12/29/1985,
12/30/1985,8.49
12/31/1985,8.49
1/1/1986,0
1/2/1986,8.51
1/3/1986,8.52
1/4/1986,
1/5/1986,
1/6/1986,8.54
1/7/1986,8.44
1/8/1986,8.58
1/9/1986,8.78
1/10/1986,8.89
1/11/1986,
1/12/1986,
1/13/1986,9
1/14/1986,8.93
1/15/1986,8.82
1/16/1986,8.79
1/17/1986,8.74
1/18/1986,
1/19/1986,
1/20/1986,0
1/21/1986,8.74
1/22/1986,8.77
1/23/1986,8.74
1/24/1986,8.74
1/25/1986,
1/26/1986,
1/27/1986,8.63
1/28/1986,8.53
1/29/1986,8.56
1/30/1986,8.57
1/31/1986,8.53
2/1/1986,
2/2/1986,
2/3/1986,8.5
2/4/1986,8.44
2/5/1986,8.51
2/6/1986,8.54
2/7/1986,8.62
2/8/1986,
2/9/1986,
2/10/1986,8.54
2/11/1986,8.47
2/12/1986,8.46
2/13/1986,8.43
2/14/1986,8.29
2/15/1986,
2/16/1986,
2/17/1986,0
2/18/1986,8.28
2/19/1986,8.37
2/20/1986,8.39
2/21/1986,8.24
2/22/1986,
2/23/1986,
2/24/1986,8.2
2/25/1986,8.21
2/26/1986,8.07
2/27/1986,7.91
2/28/1986,7.91
3/1/1986,
3/2/1986,
3/3/1986,7.76
3/4/1986,7.55
3/5/1986,7.76
3/6/1986,7.68
3/7/1986,7.56
3/8/1986,
3/9/1986,
3/10/1986,7.41
3/11/1986,7.35
3/12/1986,7.37
3/13/1986,7.46
3/14/1986,7.4
3/15/1986,
3/16/1986,
3/17/1986,7.42
3/18/1986,7.48
3/19/1986,7.46
3/20/1986,7.45
3/21/1986,7.47
3/22/1986,
3/23/1986,
3/24/1986,7.4
3/25/1986,7.39
3/26/1986,7.36
3/27/1986,7.28
3/28/1986,0
3/29/1986,
3/30/1986,
3/31/1986,7.19
4/1/1986,7.18
4/2/1986,7.21
4/3/1986,7.29
4/4/1986,7.22
4/5/1986,
4/6/1986,
4/7/1986,7.19
4/8/1986,7.07
4/9/1986,6.99
4/10/1986,6.95
4/11/1986,7
4/12/1986,
4/13/1986,
4/14/1986,6.89
4/15/1986,6.88
4/16/1986,6.68
4/17/1986,6.75
4/18/1986,6.78
4/19/1986,
4/20/1986,
4/21/1986,6.75
4/22/1986,6.93
4/23/1986,7.11
4/24/1986,7.31
4/25/1986,7.39
4/26/1986,
4/27/1986,
4/28/1986,7.27
4/29/1986,7.17
4/30/1986,7.17
5/1/1986,7.2
5/2/1986,7.23
5/3/1986,
5/4/1986,
5/5/1986,7.17
5/6/1986,7.16
5/7/1986,7.21
5/8/1986,7.17
5/9/1986,7.25
5/10/1986,
5/11/1986,
5/12/1986,7.41
5/13/1986,7.46
5/14/1986,7.48
5/15/1986,7.67
5/16/1986,7.89
5/17/1986,
5/18/1986,
5/19/1986,7.87
5/20/1986,7.8
5/21/1986,7.76
5/22/1986,7.76
5/23/1986,7.73
5/24/1986,
5/25/1986,
5/26/1986,0
5/27/1986,7.65
5/28/1986,7.55
5/29/1986,7.78
5/30/1986,7.82
5/31/1986,
6/1/1986,
6/2/1986,8.05
6/3/1986,7.99
6/4/1986,8.17
6/5/1986,8.1
6/6/1986,7.78
6/7/1986,
6/8/1986,
6/9/1986,7.94
6/10/1986,7.92
6/11/1986,7.9
6/12/1986,7.83
6/13/1986,7.57
6/14/1986,
6/15/1986,
6/16/1986,7.47
6/17/1986,7.45
6/18/1986,7.41
6/19/1986,7.49
6/20/1986,7.45
6/21/1986,
6/22/1986,
6/23/1986,7.42
6/24/1986,7.35
6/25/1986,7.31
6/26/1986,7.29
6/27/1986,7.27
6/28/1986,
6/29/1986,
6/30/1986,7.23
7/1/1986,7.23
7/2/1986,7.23
7/3/1986,7.15
7/4/1986,0
7/5/1986,
7/6/1986,
7/7/1986,7.14
7/8/1986,7.26
7/9/1986,7.14
7/10/1986,7.12
7/11/1986,7
7/12/1986,
7/13/1986,
7/14/1986,6.97
7/15/1986,6.91
7/16/1986,6.9
7/17/1986,6.91
7/18/1986,6.88
7/19/1986,
7/20/1986,
7/21/1986,6.88
7/22/1986,6.93
7/23/1986,7.04
7/24/1986,7.12
7/25/1986,7.09
7/26/1986,
7/27/1986,
7/28/1986,7.23
7/29/1986,7.13
7/30/1986,7.1
7/31/1986,7.02
8/1/1986,7.02
8/2/1986,
8/3/1986,
8/4/1986,7.01
8/5/1986,7.07
8/6/1986,7.13
8/7/1986,7.1
8/8/1986,6.97
8/9/1986,
8/10/1986,
8/11/1986,6.9
8/12/1986,6.89
8/13/1986,6.83
8/14/1986,6.89
8/15/1986,6.83
8/16/1986,
8/17/1986,
8/18/1986,6.83
8/19/1986,6.7
8/20/1986,6.65
8/21/1986,6.62
8/22/1986,6.68
8/23/1986,
8/24/1986,
8/25/1986,6.65
8/26/1986,6.63
8/27/1986,6.53
8/28/1986,6.52
8/29/1986,6.4
8/30/1986,
8/31/1986,
9/1/1986,0
9/2/1986,6.45
9/3/1986,6.64
9/4/1986,6.63
9/5/1986,6.81
9/6/1986,
9/7/1986,
9/8/1986,6.89
9/9/1986,6.88
9/10/1986,6.85
9/11/1986,7.07
9/12/1986,7.09
9/13/1986,
9/14/1986,
9/15/1986,7
9/16/1986,6.99
9/17/1986,6.93
9/18/1986,7.02
9/19/1986,7.1
9/20/1986,
9/21/1986,
9/22/1986,7.06
9/23/1986,7.03
9/24/1986,6.94
9/25/1986,6.94
9/26/1986,6.96
9/27/1986,
9/28/1986,
9/29/1986,7.04
9/30/1986,6.98
10/1/1986,6.93
10/2/1986,6.95
10/3/1986,6.74
10/4/1986,
10/5/1986,
10/6/1986,6.71
10/7/1986,6.71
10/8/1986,6.71
10/9/1986,6.73
10/10/1986,6.73
10/11/1986,
10/12/1986,
10/13/1986,0
10/14/1986,6.82
10/15/1986,6.87
10/16/1986,6.87
10/17/1986,6.94
10/18/1986,
10/19/1986,
10/20/1986,7.05
10/21/1986,6.96
10/22/1986,6.91
10/23/1986,6.82
10/24/1986,6.86
10/25/1986,
10/26/1986,
10/27/1986,6.82
10/28/1986,6.85
10/29/1986,6.82
10/30/1986,6.75
10/31/1986,6.76
11/1/1986,
11/2/1986,
11/3/1986,6.71
11/4/1986,6.71
11/5/1986,6.72
11/6/1986,6.79
11/7/1986,6.86
11/8/1986,
11/9/1986,
11/10/1986,6.89
11/11/1986,0
11/12/1986,6.87
11/13/1986,6.83
11/14/1986,6.81
11/15/1986,
11/16/1986,
11/17/1986,6.77
11/18/1986,6.79
11/19/1986,6.73
11/20/1986,6.74
11/21/1986,6.72
11/22/1986,
11/23/1986,
11/24/1986,6.69
11/25/1986,6.66
11/26/1986,6.65
11/27/1986,0
11/28/1986,6.65
11/29/1986,
11/30/1986,
12/1/1986,6.69
12/2/1986,6.61
12/3/1986,6.58
12/4/1986,6.53
12/5/1986,6.65
12/6/1986,
12/7/1986,
12/8/1986,6.61
12/9/1986,6.6
12/10/1986,6.58
12/11/1986,6.64
12/12/1986,6.66
12/13/1986,
12/14/1986,
12/15/1986,6.69
12/16/1986,6.67
12/17/1986,6.68
12/18/1986,6.69
12/19/1986,6.69
12/20/1986,
12/21/1986,
12/22/1986,6.69
12/23/1986,6.68
12/24/1986,6.68
12/25/1986,0
12/26/1986,6.69
12/27/1986,
12/28/1986,
12/29/1986,6.78
12/30/1986,6.82
12/31/1986,6.81
1/1/1987,0
1/2/1987,6.75
1/3/1987,
1/4/1987,
1/5/1987,6.67
1/6/1987,6.67
1/7/1987,6.65
1/8/1987,6.6
1/9/1987,6.58
1/10/1987,
1/11/1987,
1/12/1987,6.61
1/13/1987,6.64
1/14/1987,6.67
1/15/1987,6.64
1/16/1987,6.6
1/17/1987,
1/18/1987,
1/19/1987,0
1/20/1987,6.57
1/21/1987,6.57
1/22/1987,6.57
1/23/1987,6.59
1/24/1987,
1/25/1987,
1/26/1987,6.67
1/27/1987,6.66
1/28/1987,6.63
1/29/1987,6.65
1/30/1987,6.71
1/31/1987,
2/1/1987,
2/2/1987,6.75
2/3/1987,6.77
2/4/1987,6.76
2/5/1987,6.7
2/6/1987,6.73
2/7/1987,
2/8/1987,
2/9/1987,6.79
2/10/1987,6.89
2/11/1987,6.96
2/12/1987,6.92
2/13/1987,6.83
2/14/1987,
2/15/1987,
2/16/1987,0
2/17/1987,6.87
2/18/1987,6.84
2/19/1987,6.76
2/20/1987,6.78
2/21/1987,
2/22/1987,
2/23/1987,6.78
2/24/1987,6.75
2/25/1987,6.72
2/26/1987,6.74
2/27/1987,6.71
2/28/1987,
3/1/1987,
3/2/1987,6.69
3/3/1987,6.72
3/4/1987,6.66
3/5/1987,6.69
3/6/1987,6.77
3/7/1987,
3/8/1987,
3/9/1987,6.78
3/10/1987,6.78
3/11/1987,6.78
3/12/1987,6.78
3/13/1987,6.75
3/14/1987,
3/15/1987,
3/16/1987,6.77
3/17/1987,6.75
3/18/1987,6.76
3/19/1987,6.75
3/20/1987,6.77
3/21/1987,
3/22/1987,
3/23/1987,6.8
3/24/1987,6.82
3/25/1987,6.84
3/26/1987,6.81
3/27/1987,6.89
3/28/1987,
3/29/1987,
3/30/1987,7.07
3/31/1987,7.02
4/1/1987,7.12
4/2/1987,7.12
4/3/1987,7.1
4/4/1987,
4/5/1987,
4/6/1987,7.06
4/7/1987,7.14
4/8/1987,7.14
4/9/1987,7.3
4/10/1987,7.55
4/11/1987,
4/12/1987,
4/13/1987,7.68
4/14/1987,7.83
4/15/1987,7.67
4/16/1987,7.55
4/17/1987,0
4/18/1987,
4/19/1987,
4/20/1987,7.72
4/21/1987,7.71
4/22/1987,7.77
4/23/1987,7.92
4/24/1987,8.05
4/25/1987,
4/26/1987,
4/27/1987,7.97
4/28/1987,7.91
4/29/1987,7.93
4/30/1987,7.82
5/1/1987,7.98
5/2/1987,
5/3/1987,
5/4/1987,8.12
5/5/1987,8.08
5/6/1987,8.15
5/7/1987,8.08
5/8/1987,8.04
5/9/1987,
5/10/1987,
5/11/1987,8.19
5/12/1987,8.19
5/13/1987,8.18
5/14/1987,8.2
5/15/1987,8.45
5/16/1987,
5/17/1987,
5/18/1987,8.42
5/19/1987,8.55
5/20/1987,8.61
5/21/1987,8.55
5/22/1987,8.49
5/23/1987,
5/24/1987,
5/25/1987,0
5/26/1987,8.23
5/27/1987,8.28
5/28/1987,8.25
5/29/1987,8.15
5/30/1987,
5/31/1987,
6/1/1987,8.08
6/2/1987,8.31
6/3/1987,8.25
6/4/1987,8.2
6/5/1987,8.11
6/6/1987,
6/7/1987,
6/8/1987,8.14
6/9/1987,8.18
6/10/1987,8.15
6/11/1987,8.13
6/12/1987,7.9
6/13/1987,
6/14/1987,
6/15/1987,7.89
6/16/1987,7.89
6/17/1987,7.83
6/18/1987,7.87
6/19/1987,7.89
6/20/1987,
6/21/1987,
6/22/1987,7.83
6/23/1987,7.85
6/24/1987,7.94
6/25/1987,7.91
6/26/1987,8.02
6/27/1987,
6/28/1987,
6/29/1987,7.97
6/30/1987,8.02
7/1/1987,7.96
7/2/1987,7.9
7/3/1987,0
7/4/1987,
7/5/1987,
7/6/1987,7.9
7/7/1987,7.9
7/8/1987,7.9
7/9/1987,7.95
7/10/1987,7.88
7/11/1987,
7/12/1987,
7/13/1987,7.93
7/14/1987,7.89
7/15/1987,7.97
7/16/1987,7.95
7/17/1987,7.92
7/18/1987,
7/19/1987,
7/20/1987,7.96
7/21/1987,8.03
7/22/1987,8.05
7/23/1987,8.08
7/24/1987,8.12
7/25/1987,
7/26/1987,
7/27/1987,8.15
7/28/1987,8.17
7/29/1987,8.16
7/30/1987,8.2
7/31/1987,8.21
8/1/1987,
8/2/1987,
8/3/1987,8.34
8/4/1987,8.34
8/5/1987,8.26
8/6/1987,8.28
8/7/1987,8.27
8/8/1987,
8/9/1987,
8/10/1987,8.29
8/11/1987,8.26
8/12/1987,8.27
8/13/1987,8.21
8/14/1987,8.18
8/15/1987,
8/16/1987,
8/17/1987,8.17
8/18/1987,8.31
8/19/1987,8.34
8/20/1987,8.35
8/21/1987,8.35
8/22/1987,
8/23/1987,
8/24/1987,8.34
8/25/1987,8.32
8/26/1987,8.36
8/27/1987,8.48
8/28/1987,8.54
8/29/1987,
8/30/1987,
8/31/1987,8.52
9/1/1987,8.57
9/2/1987,8.77
9/3/1987,8.77
9/4/1987,8.82
9/5/1987,
9/6/1987,
9/7/1987,0
9/8/1987,9.02
9/9/1987,9
9/10/1987,8.95
9/11/1987,8.88
9/12/1987,
9/13/1987,
9/14/1987,8.87
9/15/1987,8.95
9/16/1987,9
9/17/1987,8.98
9/18/1987,8.91
9/19/1987,
9/20/1987,
9/21/1987,8.94
9/22/1987,8.91
9/23/1987,8.92
9/24/1987,9.03
9/25/1987,9.06
9/26/1987,
9/27/1987,
9/28/1987,9.07
9/29/1987,9.17
9/30/1987,9.21
10/1/1987,9.22
10/2/1987,9.2
10/3/1987,
10/4/1987,
10/5/1987,9.28
10/6/1987,9.32
10/7/1987,9.31
10/8/1987,9.49
10/9/1987,9.56
10/10/1987,
10/11/1987,
10/12/1987,0
10/13/1987,9.51
10/14/1987,9.75
10/15/1987,9.82
10/16/1987,9.84
10/17/1987,
10/18/1987,
10/19/1987,9.7
10/20/1987,8.93
10/21/1987,8.8
10/22/1987,8.52
10/23/1987,8.55
10/24/1987,
10/25/1987,
10/26/1987,8.33
10/27/1987,8.42
10/28/1987,8.43
10/29/1987,8.33
10/30/1987,8.37
10/31/1987,
11/1/1987,
11/2/1987,8.44
11/3/1987,8.38
11/4/1987,8.3
11/5/1987,8.18
11/6/1987,8.28
11/7/1987,
11/8/1987,
11/9/1987,8.3
11/10/1987,8.27
11/11/1987,0
11/12/1987,8.27
11/13/1987,8.34
11/14/1987,
11/15/1987,
11/16/1987,8.34
11/17/1987,8.38
11/18/1987,8.38
11/19/1987,8.34
11/20/1987,8.32
11/21/1987,
11/22/1987,
11/23/1987,8.34
11/24/1987,8.35
11/25/1987,8.41
11/26/1987,0
11/27/1987,8.55
11/28/1987,
11/29/1987,
11/30/1987,8.43
12/1/1987,8.44
12/2/1987,8.43
12/3/1987,8.35
12/4/1987,8.35
12/5/1987,
12/6/1987,
12/7/1987,8.48
12/8/1987,8.49
12/9/1987,8.47
12/10/1987,8.63
12/11/1987,8.65
12/12/1987,
12/13/1987,
12/14/1987,8.63
12/15/1987,8.54
12/16/1987,8.46
12/17/1987,8.47
12/18/1987,8.39
12/19/1987,
12/20/1987,
12/21/1987,8.38
12/22/1987,8.48
12/23/1987,8.4
12/24/1987,8.37
12/25/1987,0
12/26/1987,
12/27/1987,
12/28/1987,8.46
12/29/1987,8.41
12/30/1987,8.32
12/31/1987,8.33
1/1/1988,0
1/2/1988,
1/3/1988,
1/4/1988,8.35
1/5/1988,8.29
1/6/1988,8.37
1/7/1988,8.35
1/8/1988,8.48
1/9/1988,
1/10/1988,
1/11/1988,8.41
1/12/1988,8.39
1/13/1988,8.36
1/14/1988,8.36
1/15/1988,8.13
1/16/1988,
1/17/1988,
1/18/1988,0
1/19/1988,8.16
1/20/1988,8.11
1/21/1988,8.04
1/22/1988,8.01
1/23/1988,
1/24/1988,
1/25/1988,7.99
1/26/1988,8.08
1/27/1988,7.91
1/28/1988,7.83
1/29/1988,7.76
1/30/1988,
1/31/1988,
2/1/1988,7.78
2/2/1988,7.7
2/3/1988,7.76
2/4/1988,7.76
2/5/1988,7.64
2/6/1988,
2/7/1988,
2/8/1988,7.7
2/9/1988,7.65
2/10/1988,7.59
2/11/1988,7.64
2/12/1988,7.77
2/13/1988,
2/14/1988,
2/15/1988,0
2/16/1988,7.79
2/17/1988,7.8
2/18/1988,7.78
2/19/1988,7.77
2/20/1988,
2/21/1988,
2/22/1988,7.75
2/23/1988,7.69
2/24/1988,7.69
2/25/1988,7.68
2/26/1988,7.67
2/27/1988,
2/28/1988,
2/29/1988,7.64
3/1/1988,7.61
3/2/1988,7.59
3/3/1988,7.59
3/4/1988,7.74
3/5/1988,
3/6/1988,
3/7/1988,7.77
3/8/1988,7.79
3/9/1988,7.76
3/10/1988,7.81
3/11/1988,7.76
3/12/1988,
3/13/1988,
3/14/1988,7.76
3/15/1988,7.76
3/16/1988,7.81
3/17/1988,7.76
3/18/1988,7.81
3/19/1988,
3/20/1988,
3/21/1988,7.91
3/22/1988,7.91
3/23/1988,7.95
3/24/1988,8.01
3/25/1988,7.95
3/26/1988,
3/27/1988,
3/28/1988,8.03
3/29/1988,8.03
3/30/1988,8.03
3/31/1988,8.04
4/1/1988,0
4/2/1988,
4/3/1988,
4/4/1988,8.19
4/5/1988,8.18
4/6/1988,8.13
4/7/1988,8.12
4/8/1988,8.05
4/9/1988,
4/10/1988,
4/11/1988,8.1
4/12/1988,8.09
4/13/1988,8.05
4/14/1988,8.15
4/15/1988,8.2
4/16/1988,
4/17/1988,
4/18/1988,8.25
4/19/1988,8.24
4/20/1988,8.27
4/21/1988,8.26
4/22/1988,8.23
4/23/1988,
4/24/1988,
4/25/1988,8.23
4/26/1988,8.24
4/27/1988,8.25
4/28/1988,8.32
4/29/1988,8.33
4/30/1988,
5/1/1988,
5/2/1988,8.39
5/3/1988,8.35
5/4/1988,8.35
5/5/1988,8.39
5/6/1988,8.48
5/7/1988,
5/8/1988,
5/9/1988,8.5
5/10/1988,8.55
5/11/1988,8.55
5/12/1988,8.55
5/13/1988,8.51
5/14/1988,
5/15/1988,
5/16/1988,8.52
5/17/1988,8.64
5/18/1988,8.68
5/19/1988,8.67
5/20/1988,8.7
5/21/1988,
5/22/1988,
5/23/1988,8.74
5/24/1988,8.73
5/25/1988,8.73
5/26/1988,8.72
5/27/1988,8.75
5/28/1988,
5/29/1988,
5/30/1988,0
5/31/1988,8.73
6/1/1988,8.57
6/2/1988,8.6
6/3/1988,8.52
6/4/1988,
6/5/1988,
6/6/1988,8.51
6/7/1988,8.54
6/8/1988,8.46
6/9/1988,8.5
6/10/1988,8.47
6/11/1988,
6/12/1988,
6/13/1988,8.45
6/14/1988,8.25
6/15/1988,8.29
6/16/1988,8.46
6/17/1988,8.58
6/18/1988,
6/19/1988,
6/20/1988,8.59
6/21/1988,8.61
6/22/1988,8.49
6/23/1988,8.47
6/24/1988,8.45
6/25/1988,
6/26/1988,
6/27/1988,8.54
6/28/1988,8.48
6/29/1988,8.47
6/30/1988,8.41
7/1/1988,8.38
7/2/1988,
7/3/1988,
7/4/1988,0
7/5/1988,8.42
7/6/1988,8.47
7/7/1988,8.52
7/8/1988,8.64
7/9/1988,
7/10/1988,
7/11/1988,8.62
7/12/1988,8.68
7/13/1988,8.69
7/14/1988,8.7
7/15/1988,8.67
7/16/1988,
7/17/1988,
7/18/1988,8.73
7/19/1988,8.7
7/20/1988,8.7
7/21/1988,8.75
7/22/1988,8.71
7/23/1988,
7/24/1988,
7/25/1988,8.69
7/26/1988,8.72
7/27/1988,8.77
7/28/1988,8.79
7/29/1988,8.75
7/30/1988,
7/31/1988,
8/1/1988,8.7
8/2/1988,8.63
8/3/1988,8.64
8/4/1988,8.61
8/5/1988,8.78
8/6/1988,
8/7/1988,
8/8/1988,8.79
8/9/1988,8.88
8/10/1988,9
8/11/1988,9.02
8/12/1988,9.03
8/13/1988,
8/14/1988,
8/15/1988,9.04
8/16/1988,9.03
8/17/1988,9.06
8/18/1988,9.05
8/19/1988,9.05
8/20/1988,
8/21/1988,
8/22/1988,9.09
8/23/1988,9.04
8/24/1988,9.02
8/25/1988,9.08
8/26/1988,9.07
8/27/1988,
8/28/1988,
8/29/1988,9
8/30/1988,8.98
8/31/1988,8.95
9/1/1988,8.95
9/2/1988,8.7
9/3/1988,
9/4/1988,
9/5/1988,0
9/6/1988,8.7
9/7/1988,8.69
9/8/1988,8.69
9/9/1988,8.62
9/10/1988,
9/11/1988,
9/12/1988,8.66
9/13/1988,8.65
9/14/1988,8.59
9/15/1988,8.63
9/16/1988,8.65
9/17/1988,
9/18/1988,
9/19/1988,8.69
9/20/1988,8.68
9/21/1988,8.64
9/22/1988,8.67
9/23/1988,8.69
9/24/1988,
9/25/1988,
9/26/1988,8.73
9/27/1988,8.77
9/28/1988,8.81
9/29/1988,8.73
9/30/1988,8.61
10/1/1988,
10/2/1988,
10/3/1988,8.59
10/4/1988,8.6
10/5/1988,8.6
10/6/1988,8.61
10/7/1988,8.43
10/8/1988,
10/9/1988,
10/10/1988,0
10/11/1988,8.48
10/12/1988,8.56
10/13/1988,8.55
10/14/1988,8.52
10/15/1988,
10/16/1988,
10/17/1988,8.5
10/18/1988,8.49
10/19/1988,8.53
10/20/1988,8.52
10/21/1988,8.54
10/22/1988,
10/23/1988,
10/24/1988,8.54
10/25/1988,8.53
10/26/1988,8.48
10/27/1988,8.41
10/28/1988,8.4
10/29/1988,
10/30/1988,
10/31/1988,8.37
11/1/1988,8.38
11/2/1988,8.44
11/3/1988,8.42
11/4/1988,8.58
11/5/1988,
11/6/1988,
11/7/1988,8.66
11/8/1988,8.66
11/9/1988,8.71
11/10/1988,8.72
11/11/1988,0
11/12/1988,
11/13/1988,
11/14/1988,8.76
11/15/1988,8.78
11/16/1988,8.87
11/17/1988,8.9
11/18/1988,8.91
11/19/1988,
11/20/1988,
11/21/1988,8.92
11/22/1988,8.99
11/23/1988,8.97
11/24/1988,0
11/25/1988,9.07
11/26/1988,
11/27/1988,
11/28/1988,9.06
11/29/1988,9.02
11/30/1988,8.91
12/1/1988,8.88
12/2/1988,9.11
12/3/1988,
12/4/1988,
12/5/1988,9.07
12/6/1988,8.88
12/7/1988,8.93
12/8/1988,9.01
12/9/1988,9.05
12/10/1988,
12/11/1988,
12/12/1988,9.07
12/13/1988,9.15
12/14/1988,9.19
12/15/1988,9.21
12/16/1988,9.18
12/17/1988,
12/18/1988,
12/19/1988,9.16
12/20/1988,9.09
12/21/1988,9.08
12/22/1988,9.09
12/23/1988,9.08
12/24/1988,
12/25/1988,
12/26/1988,0
12/27/1988,9.17
12/28/1988,9.22
12/29/1988,9.19
12/30/1988,9.14
12/31/1988,
1/1/1989,
1/2/1989,0
1/3/1989,9.25
1/4/1989,9.24
1/5/1989,9.32
1/6/1989,9.3
1/7/1989,
1/8/1989,
1/9/1989,9.3
1/10/1989,9.29
1/11/1989,9.28
1/12/1989,9.2
1/13/1989,9.1
1/14/1989,
1/15/1989,
1/16/1989,0
1/17/1989,9.11
1/18/1989,9.07
1/19/1989,9.06
1/20/1989,9.11
1/21/1989,
1/22/1989,
1/23/1989,9.06
1/24/1989,8.98
1/25/1989,9.05
1/26/1989,9.07
1/27/1989,9.03
1/28/1989,
1/29/1989,
1/30/1989,9.07
1/31/1989,9.08
2/1/1989,9.05
2/2/1989,9.05
2/3/1989,9.1
2/4/1989,
2/5/1989,
2/6/1989,9.11
2/7/1989,9.06
2/8/1989,9.06
2/9/1989,9.21
2/10/1989,9.28
2/11/1989,
2/12/1989,
2/13/1989,9.29
2/14/1989,9.34
2/15/1989,9.33
2/16/1989,9.32
2/17/1989,9.32
2/18/1989,
2/19/1989,
2/20/1989,0
2/21/1989,9.34
2/22/1989,9.43
2/23/1989,9.47
2/24/1989,9.49
2/25/1989,
2/26/1989,
2/27/1989,9.47
2/28/1989,9.42
3/1/1989,9.43
3/2/1989,9.38
3/3/1989,9.38
3/4/1989,
3/5/1989,
3/6/1989,9.34
3/7/1989,9.35
3/8/1989,9.34
3/9/1989,9.35
3/10/1989,9.48
3/11/1989,
3/12/1989,
3/13/1989,9.48
3/14/1989,9.45
3/15/1989,9.45
3/16/1989,9.43
3/17/1989,9.64
3/18/1989,
3/19/1989,
3/20/1989,9.71
3/21/1989,9.75
3/22/1989,9.65
3/23/1989,9.65
3/24/1989,0
3/25/1989,
3/26/1989,
3/27/1989,9.67
3/28/1989,9.66
3/29/1989,9.6
3/30/1989,9.59
3/31/1989,9.53
4/1/1989,
4/2/1989,
4/3/1989,9.39
4/4/1989,9.31
4/5/1989,9.31
4/6/1989,9.35
4/7/1989,9.42
4/8/1989,
4/9/1989,
4/10/1989,9.43
4/11/1989,9.42
4/12/1989,9.44
4/13/1989,9.5
4/14/1989,9.29
4/15/1989,
4/16/1989,
4/17/1989,9.33
4/18/1989,9.14
4/19/1989,9.17
4/20/1989,9.32
4/21/1989,9.27
4/22/1989,
4/23/1989,
4/24/1989,9.26
4/25/1989,9.21
4/26/1989,9.18
4/27/1989,9.1
4/28/1989,9.06
4/29/1989,
4/30/1989,
5/1/1989,9.19
5/2/1989,9.11
5/3/1989,9.1
5/4/1989,9.09
5/5/1989,8.96
5/6/1989,
5/7/1989,
5/8/1989,9.02
5/9/1989,9.17
5/10/1989,9.21
5/11/1989,9.1
5/12/1989,8.8
5/13/1989,
5/14/1989,
5/15/1989,8.85
5/16/1989,8.87
5/17/1989,8.87
5/18/1989,8.88
5/19/1989,8.82
5/20/1989,
5/21/1989,
5/22/1989,8.71
5/23/1989,8.72
5/24/1989,8.74
5/25/1989,8.75
5/26/1989,8.72
5/27/1989,
5/28/1989,
5/29/1989,0
5/30/1989,8.68
5/31/1989,8.65
6/1/1989,8.65
6/2/1989,8.42
6/3/1989,
6/4/1989,
6/5/1989,8.33
6/6/1989,8.35
6/7/1989,8.28
6/8/1989,8.26
6/9/1989,8.16
6/10/1989,
6/11/1989,
6/12/1989,8.18
6/13/1989,8.3
6/14/1989,8.24
6/15/1989,8.36
6/16/1989,8.4
6/17/1989,
6/18/1989,
6/19/1989,8.41
6/20/1989,8.35
6/21/1989,8.4
6/22/1989,8.41
6/23/1989,8.27
6/24/1989,
6/25/1989,
6/26/1989,8.22
6/27/1989,8.14
6/28/1989,8.18
6/29/1989,8.09
6/30/1989,8.03
7/1/1989,
7/2/1989,
7/3/1989,7.99
7/4/1989,0
7/5/1989,7.97
7/6/1989,7.91
7/7/1989,7.86
7/8/1989,
7/9/1989,
7/10/1989,7.84
7/11/1989,7.8
7/12/1989,7.79
7/13/1989,7.8
7/14/1989,7.84
7/15/1989,
7/16/1989,
7/17/1989,7.85
7/18/1989,7.97
7/19/1989,7.9
7/20/1989,7.8
7/21/1989,7.89
7/22/1989,
7/23/1989,
7/24/1989,7.87
7/25/1989,7.79
7/26/1989,7.81
7/27/1989,7.69
7/28/1989,7.6
7/29/1989,
7/30/1989,
7/31/1989,7.56
8/1/1989,7.49
8/2/1989,7.57
8/3/1989,7.64
8/4/1989,7.94
8/5/1989,
8/6/1989,
8/7/1989,7.98
8/8/1989,7.95
8/9/1989,7.96
8/10/1989,7.96
8/11/1989,8.1
8/12/1989,
8/13/1989,
8/14/1989,8.27
8/15/1989,8.24
8/16/1989,8.11
8/17/1989,8.2
8/18/1989,8.2
8/19/1989,
8/20/1989,
8/21/1989,8.27
8/22/1989,8.35
8/23/1989,8.23
8/24/1989,8.23
8/25/1989,8.23
8/26/1989,
8/27/1989,
8/28/1989,8.29
8/29/1989,8.3
8/30/1989,8.28
8/31/1989,8.27
9/1/1989,8.18
9/2/1989,
9/3/1989,
9/4/1989,0
9/5/1989,8.21
9/6/1989,8.19
9/7/1989,8.19
9/8/1989,8.14
9/9/1989,
9/10/1989,
9/11/1989,8.1
9/12/1989,8.07
9/13/1989,8.11
9/14/1989,8.05
9/15/1989,8.01
9/16/1989,
9/17/1989,
9/18/1989,8.04
9/19/1989,8.05
9/20/1989,8.14
9/21/1989,8.19
9/22/1989,8.2
9/23/1989,
9/24/1989,
9/25/1989,8.32
9/26/1989,8.29
9/27/1989,8.31
9/28/1989,8.34
9/29/1989,8.36
9/30/1989,
10/1/1989,
10/2/1989,8.33
10/3/1989,8.27
10/4/1989,8.25
10/5/1989,8.18
10/6/1989,8.01
10/7/1989,
10/8/1989,
10/9/1989,0
10/10/1989,8
10/11/1989,8.03
10/12/1989,7.98
10/13/1989,7.79
10/14/1989,
10/15/1989,
10/16/1989,7.91
10/17/1989,7.92
10/18/1989,7.92
10/19/1989,7.91
10/20/1989,7.93
10/21/1989,
10/22/1989,
10/23/1989,7.87
10/24/1989,7.8
10/25/1989,7.79
10/26/1989,7.81
10/27/1989,7.87
10/28/1989,
10/29/1989,
10/30/1989,7.86
10/31/1989,7.86
11/1/1989,7.86
11/2/1989,7.81
11/3/1989,7.93
11/4/1989,
11/5/1989,
11/6/1989,7.99
11/7/1989,7.85
11/8/1989,7.81
11/9/1989,7.84
11/10/1989,7.85
11/11/1989,
11/12/1989,
11/13/1989,7.85
11/14/1989,7.8
11/15/1989,7.74
11/16/1989,7.74
11/17/1989,7.82
11/18/1989,
11/19/1989,
11/20/1989,7.8
11/21/1989,7.79
11/22/1989,7.72
11/23/1989,0
11/24/1989,7.7
11/25/1989,
11/26/1989,
11/27/1989,7.8
11/28/1989,7.81
11/29/1989,7.78
11/30/1989,7.74
12/1/1989,7.7
12/2/1989,
12/3/1989,
12/4/1989,7.7
12/5/1989,7.7
12/6/1989,7.76
12/7/1989,7.8
12/8/1989,7.73
12/9/1989,
12/10/1989,
12/11/1989,7.74
12/12/1989,7.74
12/13/1989,7.73
12/14/1989,7.68
12/15/1989,7.7
12/16/1989,
12/17/1989,
12/18/1989,7.67
12/19/1989,7.69
12/20/1989,7.67
12/21/1989,7.67
12/22/1989,7.75
12/23/1989,
12/24/1989,
12/25/1989,0
12/26/1989,7.9
12/27/1989,7.89
12/28/1989,7.85
12/29/1989,7.86
12/30/1989,
12/31/1989,
1/1/1990,0
1/2/1990,7.87
1/3/1990,7.92
1/4/1990,7.91
1/5/1990,7.92
1/6/1990,
1/7/1990,
1/8/1990,7.92
1/9/1990,7.92
1/10/1990,7.92
1/11/1990,7.94
1/12/1990,7.99
1/13/1990,
1/14/1990,
1/15/1990,0
1/16/1990,8.11
1/17/1990,8.11
1/18/1990,8.27
1/19/1990,8.2
1/20/1990,
1/21/1990,
1/22/1990,8.19
1/23/1990,8.18
1/24/1990,8.28
1/25/1990,8.31
1/26/1990,8.38
1/27/1990,
1/28/1990,
1/29/1990,8.39
1/30/1990,8.43
1/31/1990,8.35
2/1/1990,8.35
2/2/1990,8.42
2/3/1990,
2/4/1990,
2/5/1990,8.44
2/6/1990,8.49
2/7/1990,8.51
2/8/1990,8.45
2/9/1990,8.29
2/10/1990,
2/11/1990,
2/12/1990,8.37
2/13/1990,8.29
2/14/1990,8.34
2/15/1990,8.4
2/16/1990,8.41
2/17/1990,
2/18/1990,
2/19/1990,0
2/20/1990,8.58
2/21/1990,8.6
2/22/1990,8.48
2/23/1990,8.47
2/24/1990,
2/25/1990,
2/26/1990,8.4
2/27/1990,8.34
2/28/1990,8.44
3/1/1990,8.53
3/2/1990,8.5
3/3/1990,
3/4/1990,
3/5/1990,8.58
3/6/1990,8.57
3/7/1990,8.56
3/8/1990,8.57
3/9/1990,8.68
3/10/1990,
3/11/1990,
3/12/1990,8.67
3/13/1990,8.75
3/14/1990,8.67
3/15/1990,8.69
3/16/1990,8.61
3/17/1990,
3/18/1990,
3/19/1990,8.65
3/20/1990,8.61
3/21/1990,8.62
3/22/1990,8.56
3/23/1990,8.54
3/24/1990,
3/25/1990,
3/26/1990,8.52
3/27/1990,8.55
3/28/1990,8.53
3/29/1990,8.6
3/30/1990,8.65
3/31/1990,
4/1/1990,
4/2/1990,8.65
4/3/1990,8.64
4/4/1990,8.56
4/5/1990,8.57
4/6/1990,8.55
4/7/1990,
4/8/1990,
4/9/1990,8.58
4/10/1990,8.58
4/11/1990,8.6
4/12/1990,8.62
4/13/1990,0
4/14/1990,
4/15/1990,
4/16/1990,8.65
4/17/1990,8.73
4/18/1990,8.84
4/19/1990,8.84
4/20/1990,8.88
4/21/1990,
4/22/1990,
4/23/1990,8.92
4/24/1990,8.96
4/25/1990,9
4/26/1990,9.09
4/27/1990,9.06
4/28/1990,
4/29/1990,
4/30/1990,9.04
5/1/1990,9.08
5/2/1990,9.1
5/3/1990,9.04
5/4/1990,8.8
5/5/1990,
5/6/1990,
5/7/1990,8.83
5/8/1990,8.79
5/9/1990,8.87
5/10/1990,8.8
5/11/1990,8.64
5/12/1990,
5/13/1990,
5/14/1990,8.6
5/15/1990,8.64
5/16/1990,8.66
5/17/1990,8.69
5/18/1990,8.74
5/19/1990,
5/20/1990,
5/21/1990,8.74
5/22/1990,8.66
5/23/1990,8.61
5/24/1990,8.58
5/25/1990,8.61
5/26/1990,
5/27/1990,
5/28/1990,0
5/29/1990,8.59
5/30/1990,8.56
5/31/1990,8.56
6/1/1990,8.38
6/2/1990,
6/3/1990,
6/4/1990,8.39
6/5/1990,8.42
6/6/1990,8.43
6/7/1990,8.41
6/8/1990,8.42
6/9/1990,
6/10/1990,
6/11/1990,8.43
6/12/1990,8.44
6/13/1990,8.35
6/14/1990,8.32
6/15/1990,8.41
6/16/1990,
6/17/1990,
6/18/1990,8.45
6/19/1990,8.47
6/20/1990,8.51
6/21/1990,8.48
6/22/1990,8.46
6/23/1990,
6/24/1990,
6/25/1990,8.53
6/26/1990,8.51
6/27/1990,8.47
6/28/1990,8.41
6/29/1990,8.35
6/30/1990,
7/1/1990,
7/2/1990,8.35
7/3/1990,8.32
7/4/1990,0
7/5/1990,8.34
7/6/1990,8.44
7/7/1990,
7/8/1990,
7/9/1990,8.49
7/10/1990,8.5
7/11/1990,8.49
7/12/1990,8.37
7/13/1990,8.32
7/14/1990,
7/15/1990,
7/16/1990,8.31
7/17/1990,8.3
7/18/1990,8.34
7/19/1990,8.33
7/20/1990,8.28
7/21/1990,
7/22/1990,
7/23/1990,8.28
7/24/1990,8.35
7/25/1990,8.31
7/26/1990,8.31
7/27/1990,8.25
7/28/1990,
7/29/1990,
7/30/1990,8.14
7/31/1990,8.13
8/1/1990,8.06
8/2/1990,8.15
8/3/1990,8.11
8/4/1990,
8/5/1990,
8/6/1990,8.29
8/7/1990,8.41
8/8/1990,8.43
8/9/1990,8.33
8/10/1990,8.35
8/11/1990,
8/12/1990,
8/13/1990,8.36
8/14/1990,8.34
8/15/1990,8.33
8/16/1990,8.45
8/17/1990,8.49
8/18/1990,
8/19/1990,
8/20/1990,8.5
8/21/1990,8.56
8/22/1990,8.62
8/23/1990,8.69
8/24/1990,8.75
8/25/1990,
8/26/1990,
8/27/1990,8.61
8/28/1990,8.67
8/29/1990,8.52
8/30/1990,8.52
8/31/1990,8.5
9/1/1990,
9/2/1990,
9/3/1990,0
9/4/1990,8.53
9/5/1990,8.47
9/6/1990,8.47
9/7/1990,8.45
9/8/1990,
9/9/1990,
9/10/1990,8.5
9/11/1990,8.48
9/12/1990,8.45
9/13/1990,8.44
9/14/1990,8.48
9/15/1990,
9/16/1990,
9/17/1990,8.49
9/18/1990,8.48
9/19/1990,8.51
9/20/1990,8.53
9/21/1990,8.58
9/22/1990,
9/23/1990,
9/24/1990,8.64
9/25/1990,8.64
9/26/1990,8.63
9/27/1990,8.52
9/28/1990,8.47
9/29/1990,
9/30/1990,
10/1/1990,8.38
10/2/1990,8.35
10/3/1990,8.33
10/4/1990,8.3
10/5/1990,8.27
10/6/1990,
10/7/1990,
10/8/1990,0
10/9/1990,8.43
10/10/1990,8.49
10/11/1990,8.51
10/12/1990,8.44
10/13/1990,
10/14/1990,
10/15/1990,8.39
10/16/1990,8.39
10/17/1990,8.37
10/18/1990,8.32
10/19/1990,8.25
10/20/1990,
10/21/1990,
10/22/1990,8.25
10/23/1990,8.25
10/24/1990,8.26
10/25/1990,8.21
10/26/1990,8.23
10/27/1990,
10/28/1990,
10/29/1990,8.27
10/30/1990,8.28
10/31/1990,8.24
11/1/1990,8.15
11/2/1990,8.16
11/3/1990,
11/4/1990,
11/5/1990,8.1
11/6/1990,8.11
11/7/1990,8.16
11/8/1990,8.18
11/9/1990,8.1
11/10/1990,
11/11/1990,
11/12/1990,0
11/13/1990,8.01
11/14/1990,8.01
11/15/1990,8.01
11/16/1990,7.96
11/17/1990,
11/18/1990,
11/19/1990,8.01
11/20/1990,7.98
11/21/1990,7.92
11/22/1990,0
11/23/1990,7.92
11/24/1990,
11/25/1990,
11/26/1990,7.92
11/27/1990,7.94
11/28/1990,7.94
11/29/1990,7.96
11/30/1990,7.91
12/1/1990,
12/2/1990,
12/3/1990,7.88
12/4/1990,7.83
12/5/1990,7.82
12/6/1990,7.82
12/7/1990,7.67
12/8/1990,
12/9/1990,
12/10/1990,7.63
12/11/1990,7.6
12/12/1990,7.59
12/13/1990,7.68
12/14/1990,7.74
12/15/1990,
12/16/1990,
12/17/1990,7.71
12/18/1990,7.67
12/19/1990,7.64
12/20/1990,7.67
12/21/1990,7.75
12/22/1990,
12/23/1990,
12/24/1990,7.84
12/25/1990,0
12/26/1990,7.78
12/27/1990,7.75
12/28/1990,7.78
12/29/1990,
12/30/1990,
12/31/1990,7.68
1/1/1991,0
1/2/1991,7.59
1/3/1991,7.56
1/4/1991,7.65
1/5/1991,
1/6/1991,
1/7/1991,7.75
1/8/1991,7.74
1/9/1991,7.81
1/10/1991,7.76
1/11/1991,7.79
1/12/1991,
1/13/1991,
1/14/1991,7.82
1/15/1991,7.79
1/16/1991,7.83
1/17/1991,7.71
1/18/1991,7.68
1/19/1991,
1/20/1991,
1/21/1991,0
1/22/1991,7.7
1/23/1991,7.67
1/24/1991,7.61
1/25/1991,7.67
1/26/1991,
1/27/1991,
1/28/1991,7.67
1/29/1991,7.64
1/30/1991,7.64
1/31/1991,7.62
2/1/1991,7.45
2/2/1991,
2/3/1991,
2/4/1991,7.43
2/5/1991,7.4
2/6/1991,7.4
2/7/1991,7.42
2/8/1991,7.4
2/9/1991,
2/10/1991,
2/11/1991,7.39
2/12/1991,7.39
2/13/1991,7.39
2/14/1991,7.38
2/15/1991,7.41
2/16/1991,
2/17/1991,
2/18/1991,0
2/19/1991,7.46
2/20/1991,7.49
2/21/1991,7.51
2/22/1991,7.57
2/23/1991,
2/24/1991,
2/25/1991,7.57
2/26/1991,7.62
2/27/1991,7.64
2/28/1991,7.66
3/1/1991,7.78
3/2/1991,
3/3/1991,
3/4/1991,7.77
3/5/1991,7.73
3/6/1991,7.77
3/7/1991,7.73
3/8/1991,7.77
3/9/1991,
3/10/1991,
3/11/1991,7.71
3/12/1991,7.74
3/13/1991,7.67
3/14/1991,7.64
3/15/1991,7.73
3/16/1991,
3/17/1991,
3/18/1991,7.79
3/19/1991,7.93
3/20/1991,7.88
3/21/1991,7.82
3/22/1991,7.82
3/23/1991,
3/24/1991,
3/25/1991,7.83
3/26/1991,7.84
3/27/1991,7.76
3/28/1991,7.73
3/29/1991,0
3/30/1991,
3/31/1991,
4/1/1991,7.74
4/2/1991,7.68
4/3/1991,7.71
4/4/1991,7.67
4/5/1991,7.65
4/6/1991,
4/7/1991,
4/8/1991,7.63
4/9/1991,7.68
4/10/1991,7.75
4/11/1991,7.74
4/12/1991,7.64
4/13/1991,
4/14/1991,
4/15/1991,7.64
4/16/1991,7.66
4/17/1991,7.64
4/18/1991,7.74
4/19/1991,7.8
4/20/1991,
4/21/1991,
4/22/1991,7.83
4/23/1991,7.78
4/24/1991,7.73
4/25/1991,7.7
4/26/1991,7.68
4/27/1991,
4/28/1991,
4/29/1991,7.7
4/30/1991,7.63
5/1/1991,7.63
5/2/1991,7.59
5/3/1991,7.67
5/4/1991,
5/5/1991,
5/6/1991,7.67
5/7/1991,7.67
5/8/1991,7.68
5/9/1991,7.68
5/10/1991,7.76
5/11/1991,
5/12/1991,
5/13/1991,7.72
5/14/1991,7.78
5/15/1991,7.77
5/16/1991,7.77
5/17/1991,7.77
5/18/1991,
5/19/1991,
5/20/1991,7.78
5/21/1991,7.74
5/22/1991,7.72
5/23/1991,7.71
5/24/1991,7.68
5/25/1991,
5/26/1991,
5/27/1991,0
5/28/1991,7.66
5/29/1991,7.66
5/30/1991,7.63
5/31/1991,7.69
6/1/1991,
6/2/1991,
6/3/1991,7.8
6/4/1991,7.8
6/5/1991,7.84
6/6/1991,7.89
6/7/1991,7.96
6/8/1991,
6/9/1991,
6/10/1991,7.95
6/11/1991,7.96
6/12/1991,8.02
6/13/1991,8
6/14/1991,7.94
6/15/1991,
6/16/1991,
6/17/1991,7.96
6/18/1991,7.97
6/19/1991,7.97
6/20/1991,7.91
6/21/1991,7.95
6/22/1991,
6/23/1991,
6/24/1991,7.98
6/25/1991,7.99
6/26/1991,7.98
6/27/1991,7.97
6/28/1991,7.9
6/29/1991,
6/30/1991,
7/1/1991,7.93
7/2/1991,7.95
7/3/1991,7.92
7/4/1991,0
7/5/1991,8.01
7/6/1991,
7/7/1991,
7/8/1991,8
7/9/1991,8.02
7/10/1991,8
7/11/1991,7.95
7/12/1991,7.9
7/13/1991,
7/14/1991,
7/15/1991,7.9
7/16/1991,7.91
7/17/1991,7.94
7/18/1991,7.95
7/19/1991,7.91
7/20/1991,
7/21/1991,
7/22/1991,7.92
7/23/1991,7.96
7/24/1991,7.86
7/25/1991,7.81
7/26/1991,7.82
7/27/1991,
7/28/1991,
7/29/1991,7.81
7/30/1991,7.81
7/31/1991,7.77
8/1/1991,7.78
8/2/1991,7.62
8/3/1991,
8/4/1991,
8/5/1991,7.62
8/6/1991,7.54
8/7/1991,7.51
8/8/1991,7.53
8/9/1991,7.51
8/10/1991,
8/11/1991,
8/12/1991,7.49
8/13/1991,7.46
8/14/1991,7.37
8/15/1991,7.37
8/16/1991,7.33
8/17/1991,
8/18/1991,
8/19/1991,7.31
8/20/1991,7.24
8/21/1991,7.27
8/22/1991,7.25
8/23/1991,7.39
8/24/1991,
8/25/1991,
8/26/1991,7.44
8/27/1991,7.42
8/28/1991,7.32
8/29/1991,7.24
8/30/1991,7.34
8/31/1991,
9/1/1991,
9/2/1991,0
9/3/1991,7.32
9/4/1991,7.31
9/5/1991,7.32
9/6/1991,7.24
9/7/1991,
9/8/1991,
9/9/1991,7.2
9/10/1991,7.2
9/11/1991,7.21
9/12/1991,7.15
9/13/1991,7.13
9/14/1991,
9/15/1991,
9/16/1991,7.11
9/17/1991,7.1
9/18/1991,7.1
9/19/1991,7.1
9/20/1991,7.09
9/21/1991,
9/22/1991,
9/23/1991,7.09
9/24/1991,7.09
9/25/1991,7.06
9/26/1991,7.03
9/27/1991,6.95
9/28/1991,
9/29/1991,
9/30/1991,6.92
10/1/1991,6.9
10/2/1991,6.9
10/3/1991,6.88
10/4/1991,6.81
10/5/1991,
10/6/1991,
10/7/1991,6.81
10/8/1991,6.82
10/9/1991,6.87
10/10/1991,6.93
10/11/1991,6.84
10/12/1991,
10/13/1991,
10/14/1991,0
10/15/1991,6.81
10/16/1991,6.79
10/17/1991,6.9
10/18/1991,6.88
10/19/1991,
10/20/1991,
10/21/1991,6.95
10/22/1991,6.99
10/23/1991,7
10/24/1991,6.91
10/25/1991,6.96
10/26/1991,
10/27/1991,
10/28/1991,6.91
10/29/1991,6.8
10/30/1991,6.77
10/31/1991,6.74
11/1/1991,6.71
11/2/1991,
11/3/1991,
11/4/1991,6.74
11/5/1991,6.79
11/6/1991,6.72
11/7/1991,6.65
11/8/1991,6.66
11/9/1991,
11/10/1991,
11/11/1991,0
11/12/1991,6.65
11/13/1991,6.69
11/14/1991,6.62
11/15/1991,6.58
11/16/1991,
11/17/1991,
11/18/1991,6.57
11/19/1991,6.55
11/20/1991,6.56
11/21/1991,6.54
11/22/1991,6.56
11/23/1991,
11/24/1991,
11/25/1991,6.61
11/26/1991,6.53
11/27/1991,6.53
11/28/1991,0
11/29/1991,6.48
11/30/1991,
12/1/1991,
12/2/1991,6.43
12/3/1991,6.39
12/4/1991,6.27
12/5/1991,6.3
12/6/1991,6.31
12/7/1991,
12/8/1991,
12/9/1991,6.23
12/10/1991,6.25
12/11/1991,6.26
12/12/1991,6.23
12/13/1991,6.3
12/14/1991,
12/15/1991,
12/16/1991,6.28
12/17/1991,6.24
12/18/1991,6.3
12/19/1991,6.19
12/20/1991,6.02
12/21/1991,
12/22/1991,
12/23/1991,6
12/24/1991,6.01
12/25/1991,0
12/26/1991,6
12/27/1991,6
12/28/1991,
12/29/1991,
12/30/1991,5.97
12/31/1991,5.93
1/1/1992,0
1/2/1992,5.98
1/3/1992,6.05
1/4/1992,
1/5/1992,
1/6/1992,6.02
1/7/1992,5.94
1/8/1992,5.96
1/9/1992,6.02
1/10/1992,6.1
1/11/1992,
1/12/1992,
1/13/1992,6.21
1/14/1992,6.34
1/15/1992,6.37
1/16/1992,6.41
1/17/1992,6.36
1/18/1992,
1/19/1992,
1/20/1992,0
1/21/1992,6.27
1/22/1992,6.28
1/23/1992,6.32
1/24/1992,6.4
1/25/1992,
1/26/1992,
1/27/1992,6.41
1/28/1992,6.32
1/29/1992,6.42
1/30/1992,6.48
1/31/1992,6.44
2/1/1992,
2/2/1992,
2/3/1992,6.52
2/4/1992,6.46
2/5/1992,6.4
2/6/1992,6.4
2/7/1992,6.4
2/8/1992,
2/9/1992,
2/10/1992,6.38
2/11/1992,6.4
2/12/1992,6.46
2/13/1992,6.61
2/14/1992,6.65
2/15/1992,
2/16/1992,
2/17/1992,0
2/18/1992,6.69
2/19/1992,6.67
2/20/1992,6.67
2/21/1992,6.77
2/22/1992,
2/23/1992,
2/24/1992,6.81
2/25/1992,6.78
2/26/1992,6.66
2/27/1992,6.67
2/28/1992,6.58
2/29/1992,
3/1/1992,
3/2/1992,6.73
3/3/1992,6.76
3/4/1992,6.76
3/5/1992,6.87
3/6/1992,6.85
3/7/1992,
3/8/1992,
3/9/1992,6.77
3/10/1992,6.78
3/11/1992,6.86
3/12/1992,7.01
3/13/1992,7.14
3/14/1992,
3/15/1992,
3/16/1992,7.12
3/17/1992,7.06
3/18/1992,7.06
3/19/1992,7.03
3/20/1992,7.12
3/21/1992,
3/22/1992,
3/23/1992,7.1
3/24/1992,7
3/25/1992,6.96
3/26/1992,6.98
3/27/1992,6.97
3/28/1992,
3/29/1992,
3/30/1992,6.93
3/31/1992,6.94
4/1/1992,6.82
4/2/1992,6.85
4/3/1992,6.76
4/4/1992,
4/5/1992,
4/6/1992,6.74
4/7/1992,6.73
4/8/1992,6.76
4/9/1992,6.59
4/10/1992,6.62
4/11/1992,
4/12/1992,
4/13/1992,6.58
4/14/1992,6.6
4/15/1992,6.66
4/16/1992,6.76
4/17/1992,0
4/18/1992,
4/19/1992,
4/20/1992,6.9
4/21/1992,6.89
4/22/1992,6.89
4/23/1992,6.91
4/24/1992,6.85
4/25/1992,
4/26/1992,
4/27/1992,6.9
4/28/1992,6.87
4/29/1992,6.88
4/30/1992,6.91
5/1/1992,6.82
5/2/1992,
5/3/1992,
5/4/1992,6.82
5/5/1992,6.8
5/6/1992,6.76
5/7/1992,6.8
5/8/1992,6.73
5/9/1992,
5/10/1992,
5/11/1992,6.71
5/12/1992,6.66
5/13/1992,6.64
5/14/1992,6.63
5/15/1992,6.6
5/16/1992,
5/17/1992,
5/18/1992,6.59
5/19/1992,6.47
5/20/1992,6.55
5/21/1992,6.77
5/22/1992,6.69
5/23/1992,
5/24/1992,
5/25/1992,0
5/26/1992,6.79
5/27/1992,6.74
5/28/1992,6.67
5/29/1992,6.61
5/30/1992,
5/31/1992,
6/1/1992,6.69
6/2/1992,6.61
6/3/1992,6.6
6/4/1992,6.6
6/5/1992,6.55
6/6/1992,
6/7/1992,
6/8/1992,6.56
6/9/1992,6.59
6/10/1992,6.59
6/11/1992,6.56
6/12/1992,6.49
6/13/1992,
6/14/1992,
6/15/1992,6.49
6/16/1992,6.44
6/17/1992,6.44
6/18/1992,6.39
6/19/1992,6.45
6/20/1992,
6/21/1992,
6/22/1992,6.45
6/23/1992,6.5
6/24/1992,6.39
6/25/1992,6.32
6/26/1992,6.33
6/27/1992,
6/28/1992,
6/29/1992,6.29
6/30/1992,6.29
7/1/1992,6.27
7/2/1992,6.02
7/3/1992,0
7/4/1992,
7/5/1992,
7/6/1992,5.97
7/7/1992,5.91
7/8/1992,5.93
7/9/1992,5.93
7/10/1992,5.92
7/11/1992,
7/12/1992,
7/13/1992,5.94
7/14/1992,5.9
7/15/1992,5.8
7/16/1992,5.8
7/17/1992,5.82
7/18/1992,
7/19/1992,
7/20/1992,5.82
7/21/1992,5.82
7/22/1992,5.77
7/23/1992,5.62
7/24/1992,5.66
7/25/1992,
7/26/1992,
7/27/1992,5.66
7/28/1992,5.63
7/29/1992,5.62
7/30/1992,5.76
7/31/1992,5.84
8/1/1992,
8/2/1992,
8/3/1992,5.82
8/4/1992,5.72
8/5/1992,5.69
8/6/1992,5.67
8/7/1992,5.56
8/8/1992,
8/9/1992,
8/10/1992,5.5
8/11/1992,5.5
8/12/1992,5.54
8/13/1992,5.57
8/14/1992,5.54
8/15/1992,
8/16/1992,
8/17/1992,5.55
8/18/1992,5.44
8/19/1992,5.43
8/20/1992,5.42
8/21/1992,5.54
8/22/1992,
8/23/1992,
8/24/1992,5.72
8/25/1992,5.76
8/26/1992,5.7
8/27/1992,5.65
8/28/1992,5.6
8/29/1992,
8/30/1992,
8/31/1992,5.6
9/1/1992,5.52
9/2/1992,5.5
9/3/1992,5.5
9/4/1992,5.3
9/5/1992,
9/6/1992,
9/7/1992,0
9/8/1992,5.21
9/9/1992,5.25
9/10/1992,5.26
9/11/1992,5.33
9/12/1992,
9/13/1992,
9/14/1992,5.28
9/15/1992,5.37
9/16/1992,5.4
9/17/1992,5.41
9/18/1992,5.41
9/19/1992,
9/20/1992,
9/21/1992,5.46
9/22/1992,5.52
9/23/1992,5.54
9/24/1992,5.47
9/25/1992,5.33
9/26/1992,
9/27/1992,
9/28/1992,5.28
9/29/1992,5.31
9/30/1992,5.33
10/1/1992,5.18
10/2/1992,5.22
10/3/1992,
10/4/1992,
10/5/1992,5.18
10/6/1992,5.25
10/7/1992,5.43
10/8/1992,5.37
10/9/1992,5.5
10/10/1992,
10/11/1992,
10/12/1992,0
10/13/1992,5.49
10/14/1992,5.51
10/15/1992,5.52
10/16/1992,5.57
10/17/1992,
10/18/1992,
10/19/1992,5.71
10/20/1992,5.9
10/21/1992,5.82
10/22/1992,5.79
10/23/1992,5.91
10/24/1992,
10/25/1992,
10/26/1992,5.92
10/27/1992,5.82
10/28/1992,5.83
10/29/1992,5.79
10/30/1992,5.9
10/31/1992,
11/1/1992,
11/2/1992,5.96
11/3/1992,5.94
11/4/1992,5.94
11/5/1992,5.93
11/6/1992,6.02
11/7/1992,
11/8/1992,
11/9/1992,6.09
11/10/1992,6.01
11/11/1992,0
11/12/1992,5.89
11/13/1992,5.99
11/14/1992,
11/15/1992,
11/16/1992,6.11
11/17/1992,6.08
11/18/1992,5.97
11/19/1992,6
11/20/1992,6.08
11/21/1992,
11/22/1992,
11/23/1992,6.1
11/24/1992,6.04
11/25/1992,6.12
11/26/1992,0
11/27/1992,6.22
11/28/1992,
11/29/1992,
11/30/1992,6.23
12/1/1992,6.24
12/2/1992,6.23
12/3/1992,6.2
12/4/1992,6.11
12/5/1992,
12/6/1992,
12/7/1992,6.05
12/8/1992,5.99
12/9/1992,6.01
12/10/1992,6.04
12/11/1992,6.1
12/12/1992,
12/13/1992,
12/14/1992,6.15
12/15/1992,6.12
12/16/1992,6.06
12/17/1992,6.08
12/18/1992,6.07
12/19/1992,
12/20/1992,
12/21/1992,6.05
12/22/1992,6.02
12/23/1992,6.01
12/24/1992,6.02
12/25/1992,0
12/26/1992,
12/27/1992,
12/28/1992,6.06
12/29/1992,6.04
12/30/1992,5.98
12/31/1992,6.04
1/1/1993,0
1/2/1993,
1/3/1993,
1/4/1993,5.9
1/5/1993,5.9
1/6/1993,5.94
1/7/1993,6.05
1/8/1993,5.97
1/9/1993,
1/10/1993,
1/11/1993,5.93
1/12/1993,5.95
1/13/1993,5.93
1/14/1993,5.88
1/15/1993,5.8
1/16/1993,
1/17/1993,
1/18/1993,0
1/19/1993,5.82
1/20/1993,5.85
1/21/1993,5.83
1/22/1993,5.77
1/23/1993,
1/24/1993,
1/25/1993,5.71
1/26/1993,5.75
1/27/1993,5.68
1/28/1993,5.61
1/29/1993,5.57
1/30/1993,
1/31/1993,
2/1/1993,5.55
2/2/1993,5.63
2/3/1993,5.62
2/4/1993,5.53
2/5/1993,5.42
2/6/1993,
2/7/1993,
2/8/1993,5.49
2/9/1993,5.55
2/10/1993,5.63
2/11/1993,5.58
2/12/1993,5.57
2/13/1993,
2/14/1993,
2/15/1993,0
2/16/1993,5.52
2/17/1993,5.43
2/18/1993,5.29
2/19/1993,5.3
2/20/1993,
2/21/1993,
2/22/1993,5.28
2/23/1993,5.12
2/24/1993,5.2
2/25/1993,5.23
2/26/1993,5.21
2/27/1993,
2/28/1993,
3/1/1993,5.12
3/2/1993,5.13
3/3/1993,5.05
3/4/1993,5
3/5/1993,5.14
3/6/1993,
3/7/1993,
3/8/1993,5.15
3/9/1993,5.21
3/10/1993,5.24
3/11/1993,5.23
3/12/1993,5.35
3/13/1993,
3/14/1993,
3/15/1993,5.39
3/16/1993,5.27
3/17/1993,5.21
3/18/1993,5.11
3/19/1993,5.17
3/20/1993,
3/21/1993,
3/22/1993,5.18
3/23/1993,5.14
3/24/1993,5.19
3/25/1993,5.19
3/26/1993,5.32
3/27/1993,
3/28/1993,
3/29/1993,5.25
3/30/1993,5.2
3/31/1993,5.24
4/1/1993,5.24
4/2/1993,5.31
4/3/1993,
4/4/1993,
4/5/1993,5.27
4/6/1993,5.22
4/7/1993,5.23
4/8/1993,5.13
4/9/1993,0
4/10/1993,
4/11/1993,
4/12/1993,5.09
4/13/1993,5.1
4/14/1993,5.07
4/15/1993,5.06
4/16/1993,5.08
4/17/1993,
4/18/1993,
4/19/1993,5.07
4/20/1993,5.07
4/21/1993,5.05
4/22/1993,5.04
4/23/1993,5.06
4/24/1993,
4/25/1993,
4/26/1993,5.09
4/27/1993,5.19
4/28/1993,5.18
4/29/1993,5.1
4/30/1993,5.14
5/1/1993,
5/2/1993,
5/3/1993,5.06
5/4/1993,5.04
5/5/1993,5.07
5/6/1993,5.03
5/7/1993,5.04
5/8/1993,
5/9/1993,
5/10/1993,5.02
5/11/1993,5.03
5/12/1993,5.07
5/13/1993,5.15
5/14/1993,5.21
5/15/1993,
5/16/1993,
5/17/1993,5.27
5/18/1993,5.3
5/19/1993,5.26
5/20/1993,5.25
5/21/1993,5.34
5/22/1993,
5/23/1993,
5/24/1993,5.37
5/25/1993,5.38
5/26/1993,5.35
5/27/1993,5.35
5/28/1993,5.37
5/29/1993,
5/30/1993,
5/31/1993,0
6/1/1993,5.28
6/2/1993,5.27
6/3/1993,5.23
6/4/1993,5.36
6/5/1993,
6/6/1993,
6/7/1993,5.34
6/8/1993,5.35
6/9/1993,5.33
6/10/1993,5.34
6/11/1993,5.22
6/12/1993,
6/13/1993,
6/14/1993,5.2
6/15/1993,5.19
6/16/1993,5.18
6/17/1993,5.17
6/18/1993,5.23
6/19/1993,
6/20/1993,
6/21/1993,5.2
6/22/1993,5.21
6/23/1993,5.2
6/24/1993,5.16
6/25/1993,5.13
6/26/1993,
6/27/1993,
6/28/1993,5.08
6/29/1993,5.05
6/30/1993,5.05
7/1/1993,5.04
7/2/1993,4.98
7/3/1993,
7/4/1993,
7/5/1993,0
7/6/1993,5.04
7/7/1993,5.04
7/8/1993,5.02
7/9/1993,5
7/10/1993,
7/11/1993,
7/12/1993,5
7/13/1993,5.03
7/14/1993,4.98
7/15/1993,4.99
7/16/1993,4.99
7/17/1993,
7/18/1993,
7/19/1993,5
7/20/1993,5.08
7/21/1993,5.17
7/22/1993,5.24
7/23/1993,5.28
7/24/1993,
7/25/1993,
7/26/1993,5.25
7/27/1993,5.26
7/28/1993,5.23
7/29/1993,5.13
7/30/1993,5.16
7/31/1993,
8/1/1993,
8/2/1993,5.2
8/3/1993,5.19
8/4/1993,5.2
8/5/1993,5.18
8/6/1993,5.16
8/7/1993,
8/8/1993,
8/9/1993,5.12
8/10/1993,5.14
8/11/1993,5.13
8/12/1993,5.13
8/13/1993,5.08
8/14/1993,
8/15/1993,
8/16/1993,5.05
8/17/1993,5.07
8/18/1993,5.04
8/19/1993,4.97
8/20/1993,4.96
8/21/1993,
8/22/1993,
8/23/1993,4.98
8/24/1993,4.9
8/25/1993,4.86
8/26/1993,4.78
8/27/1993,4.83
8/28/1993,
8/29/1993,
8/30/1993,4.78
8/31/1993,4.8
9/1/1993,4.81
9/2/1993,4.76
9/3/1993,4.65
9/4/1993,
9/5/1993,
9/6/1993,0
9/7/1993,4.6
9/8/1993,4.63
9/9/1993,4.74
9/10/1993,4.67
9/11/1993,
9/12/1993,
9/13/1993,4.66
9/14/1993,4.77
9/15/1993,4.75
9/16/1993,4.74
9/17/1993,4.75
9/18/1993,
9/19/1993,
9/20/1993,4.79
9/21/1993,4.8
9/22/1993,4.81
9/23/1993,4.8
9/24/1993,4.81
9/25/1993,
9/26/1993,
9/27/1993,4.69
9/28/1993,4.67
9/29/1993,4.74
9/30/1993,4.79
10/1/1993,4.72
10/2/1993,
10/3/1993,
10/4/1993,4.71
10/5/1993,4.72
10/6/1993,4.7
10/7/1993,4.69
10/8/1993,4.61
10/9/1993,
10/10/1993,
10/11/1993,0
10/12/1993,4.64
10/13/1993,4.64
10/14/1993,4.61
10/15/1993,4.57
10/16/1993,
10/17/1993,
10/18/1993,4.66
10/19/1993,4.66
10/20/1993,4.64
10/21/1993,4.72
10/22/1993,4.76
10/23/1993,
10/24/1993,
10/25/1993,4.82
10/26/1993,4.79
10/27/1993,4.82
10/28/1993,4.83
10/29/1993,4.83
10/30/1993,
10/31/1993,
11/1/1993,4.96
11/2/1993,5.02
11/3/1993,5.01
11/4/1993,5.03
11/5/1993,5.11
11/6/1993,
11/7/1993,
11/8/1993,5.04
11/9/1993,5.02
11/10/1993,5.08
11/11/1993,0
11/12/1993,5.02
11/13/1993,
11/14/1993,
11/15/1993,5.02
11/16/1993,4.98
11/17/1993,4.99
11/18/1993,5.06
11/19/1993,5.16
11/20/1993,
11/21/1993,
11/22/1993,5.2
11/23/1993,5.14
11/24/1993,5.11
11/25/1993,0
11/26/1993,5.08
11/27/1993,
11/28/1993,
11/29/1993,5.08
11/30/1993,5.15
12/1/1993,5.14
12/2/1993,5.16
12/3/1993,5.16
12/4/1993,
12/5/1993,
12/6/1993,5.09
12/7/1993,5.1
12/8/1993,5.09
12/9/1993,5.07
12/10/1993,5.13
12/11/1993,
12/12/1993,
12/13/1993,5.16
12/14/1993,5.2
12/15/1993,5.19
12/16/1993,5.2
12/17/1993,5.17
12/18/1993,
12/19/1993,
12/20/1993,5.2
12/21/1993,5.22
12/22/1993,5.13
12/23/1993,5.1
12/24/1993,0
12/25/1993,
12/26/1993,
12/27/1993,5.09
12/28/1993,5.1
12/29/1993,5.12
12/30/1993,5.2
12/31/1993,5.21
1/1/1994,
1/2/1994,
1/3/1994,5.29
1/4/1994,5.26
1/5/1994,5.27
1/6/1994,5.21
1/7/1994,5.03
1/8/1994,
1/9/1994,
1/10/1994,5.01
1/11/1994,5
1/12/1994,4.95
1/13/1994,5.08
1/14/1994,5.12
1/15/1994,
1/16/1994,
1/17/1994,0
1/18/1994,5.09
1/19/1994,5.08
1/20/1994,5.02
1/21/1994,5.05
1/22/1994,
1/23/1994,
1/24/1994,5.06
1/25/1994,5.08
1/26/1994,5.09
1/27/1994,5.04
1/28/1994,4.99
1/29/1994,
1/30/1994,
1/31/1994,5.02
2/1/1994,5.1
2/2/1994,5.11
2/3/1994,5.17
2/4/1994,5.32
2/5/1994,
2/6/1994,
2/7/1994,5.36
2/8/1994,5.38
2/9/1994,5.35
2/10/1994,5.36
2/11/1994,5.34
2/12/1994,
2/13/1994,
2/14/1994,5.36
2/15/1994,5.34
2/16/1994,5.35
2/17/1994,5.45
2/18/1994,5.52
2/19/1994,
2/20/1994,
2/21/1994,0
2/22/1994,5.5
2/23/1994,5.59
2/24/1994,5.66
2/25/1994,5.65
2/26/1994,
2/27/1994,
2/28/1994,5.6
3/1/1994,5.74
3/2/1994,5.74
3/3/1994,5.79
3/4/1994,5.82
3/5/1994,
3/6/1994,
3/7/1994,5.77
3/8/1994,5.84
3/9/1994,5.84
3/10/1994,5.9
3/11/1994,5.89
3/12/1994,
3/13/1994,
3/14/1994,5.94
3/15/1994,5.91
3/16/1994,5.86
3/17/1994,5.88
3/18/1994,5.97
3/19/1994,
3/20/1994,
3/21/1994,6.03
3/22/1994,5.92
3/23/1994,5.92
3/24/1994,6.05
3/25/1994,6.08
3/26/1994,
3/27/1994,
3/28/1994,6.1
3/29/1994,6.19
3/30/1994,6.24
3/31/1994,6.23
4/1/1994,0
4/2/1994,
4/3/1994,
4/4/1994,6.64
4/5/1994,6.47
4/6/1994,6.42
4/7/1994,6.38
4/8/1994,6.46
4/9/1994,
4/10/1994,
4/11/1994,6.46
4/12/1994,6.4
4/13/1994,6.47
4/14/1994,6.51
4/15/1994,6.5
4/16/1994,
4/17/1994,
4/18/1994,6.7
4/19/1994,6.68
4/20/1994,6.62
4/21/1994,6.49
4/22/1994,6.53
4/23/1994,
4/24/1994,
4/25/1994,6.48
4/26/1994,6.46
4/27/1994,0
4/28/1994,6.65
4/29/1994,6.64
4/30/1994,
5/1/1994,
5/2/1994,6.69
5/3/1994,6.73
5/4/1994,6.74
5/5/1994,6.7
5/6/1994,6.95
5/7/1994,
5/8/1994,
5/9/1994,7.09
5/10/1994,6.93
5/11/1994,7.02
5/12/1994,6.97
5/13/1994,6.89
5/14/1994,
5/15/1994,
5/16/1994,6.85
5/17/1994,6.66
5/18/1994,6.61
5/19/1994,6.52
5/20/1994,6.59
5/21/1994,
5/22/1994,
5/23/1994,6.76
5/24/1994,6.75
5/25/1994,6.74
5/26/1994,6.69
5/27/1994,6.73
5/28/1994,
5/29/1994,
5/30/1994,0
5/31/1994,6.77
6/1/1994,6.74
6/2/1994,6.68
6/3/1994,6.59
6/4/1994,
6/5/1994,
6/6/1994,6.49
6/7/1994,6.53
6/8/1994,6.53
6/9/1994,6.54
6/10/1994,6.6
6/11/1994,
6/12/1994,
6/13/1994,6.66
6/14/1994,6.58
6/15/1994,6.67
6/16/1994,6.65
6/17/1994,6.71
6/18/1994,
6/19/1994,
6/20/1994,6.74
6/21/1994,6.82
6/22/1994,6.75
6/23/1994,6.7
6/24/1994,6.81
6/25/1994,
6/26/1994,
6/27/1994,6.79
6/28/1994,6.88
6/29/1994,6.87
6/30/1994,6.97
7/1/1994,6.95
7/2/1994,
7/3/1994,
7/4/1994,0
7/5/1994,6.93
7/6/1994,6.92
7/7/1994,6.89
7/8/1994,7.04
7/9/1994,
7/10/1994,
7/11/1994,7.09
7/12/1994,7.03
7/13/1994,7.02
7/14/1994,6.85
7/15/1994,6.84
7/16/1994,
7/17/1994,
7/18/1994,6.79
7/19/1994,6.73
7/20/1994,6.84
7/21/1994,6.89
7/22/1994,6.92
7/23/1994,
7/24/1994,
7/25/1994,6.9
7/26/1994,6.9
7/27/1994,6.99
7/28/1994,6.94
7/29/1994,6.73
7/30/1994,
7/31/1994,
8/1/1994,6.75
8/2/1994,6.73
8/3/1994,6.7
8/4/1994,6.72
8/5/1994,6.93
8/6/1994,
8/7/1994,
8/8/1994,6.93
8/9/1994,6.97
8/10/1994,6.95
8/11/1994,7
8/12/1994,6.94
8/13/1994,
8/14/1994,
8/15/1994,6.96
8/16/1994,6.86
8/17/1994,6.81
8/18/1994,6.93
8/19/1994,6.92
8/20/1994,
8/21/1994,
8/22/1994,6.97
8/23/1994,6.94
8/24/1994,6.87
8/25/1994,6.93
8/26/1994,6.87
8/27/1994,
8/28/1994,
8/29/1994,6.87
8/30/1994,6.83
8/31/1994,6.81
9/1/1994,6.81
9/2/1994,6.82
9/3/1994,
9/4/1994,
9/5/1994,0
9/6/1994,6.88
9/7/1994,6.92
9/8/1994,6.92
9/9/1994,7.06
9/10/1994,
9/11/1994,
9/12/1994,7.08
9/13/1994,7.05
9/14/1994,7.02
9/15/1994,6.97
9/16/1994,7.13
9/17/1994,
9/18/1994,
9/19/1994,7.11
9/20/1994,7.15
9/21/1994,7.2
9/22/1994,7.2
9/23/1994,7.2
9/24/1994,
9/25/1994,
9/26/1994,7.21
9/27/1994,7.24
9/28/1994,7.21
9/29/1994,7.29
9/30/1994,7.28
10/1/1994,
10/2/1994,
10/3/1994,7.35
10/4/1994,7.37
10/5/1994,7.42
10/6/1994,7.43
10/7/1994,7.34
10/8/1994,
10/9/1994,
10/10/1994,0
10/11/1994,7.3
10/12/1994,7.34
10/13/1994,7.3
10/14/1994,7.26
10/15/1994,
10/16/1994,
10/17/1994,7.28
10/18/1994,7.29
10/19/1994,7.34
10/20/1994,7.46
10/21/1994,7.46
10/22/1994,
10/23/1994,
10/24/1994,7.52
10/25/1994,7.54
10/26/1994,7.55
10/27/1994,7.55
10/28/1994,7.48
10/29/1994,
10/30/1994,
10/31/1994,7.48
11/1/1994,7.58
11/2/1994,7.63
11/3/1994,7.65
11/4/1994,7.72
11/5/1994,
11/6/1994,
11/7/1994,7.73
11/8/1994,7.69
11/9/1994,7.64
11/10/1994,7.69
11/11/1994,0
11/12/1994,
11/13/1994,
11/14/1994,7.66
11/15/1994,7.69
11/16/1994,7.73
11/17/1994,7.79
11/18/1994,7.79
11/19/1994,
11/20/1994,
11/21/1994,7.83
11/22/1994,7.82
11/23/1994,7.64
11/24/1994,0
11/25/1994,7.65
11/26/1994,
11/27/1994,
11/28/1994,7.77
11/29/1994,7.86
11/30/1994,7.79
12/1/1994,7.8
12/2/1994,7.71
12/3/1994,
12/4/1994,
12/5/1994,7.78
12/6/1994,7.65
12/7/1994,7.74
12/8/1994,7.77
12/9/1994,7.74
12/10/1994,
12/11/1994,
12/12/1994,7.82
12/13/1994,7.84
12/14/1994,7.74
12/15/1994,7.73
12/16/1994,7.76
12/17/1994,
12/18/1994,
12/19/1994,7.77
12/20/1994,7.76
12/21/1994,7.75
12/22/1994,7.83
12/23/1994,7.86
12/24/1994,
12/25/1994,
12/26/1994,0
12/27/1994,7.78
12/28/1994,7.81
12/29/1994,7.83
12/30/1994,7.83
12/31/1994,
1/1/1995,
1/2/1995,0
1/3/1995,7.88
1/4/1995,7.81
1/5/1995,7.87
1/6/1995,7.87
1/7/1995,
1/8/1995,
1/9/1995,7.9
1/10/1995,7.85
1/11/1995,7.8
1/12/1995,7.8
1/13/1995,7.64
1/14/1995,
1/15/1995,
1/16/1995,0
1/17/1995,7.68
1/18/1995,7.71
1/19/1995,7.74
1/20/1995,7.8
1/21/1995,
1/22/1995,
1/23/1995,7.8
1/24/1995,7.82
1/25/1995,7.76
1/26/1995,7.7
1/27/1995,7.6
1/28/1995,
1/29/1995,
1/30/1995,7.55
1/31/1995,7.54
2/1/1995,7.56
2/2/1995,7.63
2/3/1995,7.4
2/4/1995,
2/5/1995,
2/6/1995,7.43
2/7/1995,7.44
2/8/1995,7.43
2/9/1995,7.5
2/10/1995,7.55
2/11/1995,
2/12/1995,
2/13/1995,7.54
2/14/1995,7.45
2/15/1995,7.37
2/16/1995,7.29
2/17/1995,7.33
2/18/1995,
2/19/1995,
2/20/1995,0
2/21/1995,7.35
2/22/1995,7.2
2/23/1995,7.2
2/24/1995,7.16
2/25/1995,
2/26/1995,
2/27/1995,7.06
2/28/1995,7.06
3/1/1995,7.06
3/2/1995,7.15
3/3/1995,7.19
3/4/1995,
3/5/1995,
3/6/1995,7.24
3/7/1995,7.28
3/8/1995,7.2
3/9/1995,7.11
3/10/1995,7.07
3/11/1995,
3/12/1995,
3/13/1995,7.01
3/14/1995,6.93
3/15/1995,6.93
3/16/1995,6.89
3/17/1995,6.97
3/18/1995,
3/19/1995,
3/20/1995,6.98
3/21/1995,7.01
3/22/1995,7.05
3/23/1995,7.06
3/24/1995,6.93
3/25/1995,
3/26/1995,
3/27/1995,6.9
3/28/1995,7.02
3/29/1995,6.98
3/30/1995,7.05
3/31/1995,7.08
4/1/1995,
4/2/1995,
4/3/1995,7
4/4/1995,6.96
4/5/1995,6.97
4/6/1995,6.92
4/7/1995,6.93
4/8/1995,
4/9/1995,
4/10/1995,6.94
4/11/1995,6.92
4/12/1995,6.89
4/13/1995,6.82
4/14/1995,0
4/15/1995,
4/16/1995,
4/17/1995,6.8
4/18/1995,6.77
4/19/1995,6.82
4/20/1995,6.76
4/21/1995,6.77
4/22/1995,
4/23/1995,
4/24/1995,6.77
4/25/1995,6.79
4/26/1995,6.79
4/27/1995,6.84
4/28/1995,6.88
4/29/1995,
4/30/1995,
5/1/1995,6.9
5/2/1995,6.83
5/3/1995,6.73
5/4/1995,6.63
5/5/1995,6.42
5/6/1995,
5/7/1995,
5/8/1995,6.44
5/9/1995,6.33
5/10/1995,6.39
5/11/1995,6.45
5/12/1995,6.46
5/13/1995,
5/14/1995,
5/15/1995,6.41
5/16/1995,6.36
5/17/1995,6.35
5/18/1995,6.44
5/19/1995,6.43
5/20/1995,
5/21/1995,
5/22/1995,6.46
5/23/1995,6.37
5/24/1995,6.2
5/25/1995,6.18
5/26/1995,6.18
5/27/1995,
5/28/1995,
5/29/1995,0
5/30/1995,6.08
5/31/1995,6.08
6/1/1995,5.94
6/2/1995,5.8
6/3/1995,
6/4/1995,
6/5/1995,5.79
6/6/1995,5.83
6/7/1995,5.95
6/8/1995,6.02
6/9/1995,6.21
6/10/1995,
6/11/1995,
6/12/1995,6.16
6/13/1995,5.88
6/14/1995,5.88
6/15/1995,5.93
6/16/1995,5.96
6/17/1995,
6/18/1995,
6/19/1995,5.87
6/20/1995,5.92
6/21/1995,5.89
6/22/1995,5.8
6/23/1995,5.83
6/24/1995,
6/25/1995,
6/26/1995,5.9
6/27/1995,5.94
6/28/1995,5.88
6/29/1995,6.07
6/30/1995,5.98
7/1/1995,
7/2/1995,
7/3/1995,5.97
7/4/1995,0
7/5/1995,5.95
7/6/1995,5.75
7/7/1995,5.74
7/8/1995,
7/9/1995,
7/10/1995,5.74
7/11/1995,5.8
7/12/1995,5.8
7/13/1995,5.8
7/14/1995,5.89
7/15/1995,
7/16/1995,
7/17/1995,5.97
7/18/1995,6.01
7/19/1995,6.15
7/20/1995,6.15
7/21/1995,6.26
7/22/1995,
7/23/1995,
7/24/1995,6.2
7/25/1995,6.19
7/26/1995,6.24
7/27/1995,6.18
7/28/1995,6.22
7/29/1995,
7/30/1995,
7/31/1995,6.16
8/1/1995,6.22
8/2/1995,6.15
8/3/1995,6.24
8/4/1995,6.2
8/5/1995,
8/6/1995,
8/7/1995,6.18
8/8/1995,6.17
8/9/1995,6.21
8/10/1995,6.25
8/11/1995,6.37
8/12/1995,
8/13/1995,
8/14/1995,6.36
8/15/1995,6.37
8/16/1995,6.32
8/17/1995,6.37
8/18/1995,6.36
8/19/1995,
8/20/1995,
8/21/1995,6.31
8/22/1995,6.35
8/23/1995,6.37
8/24/1995,6.26
8/25/1995,6.13
8/26/1995,
8/27/1995,
8/28/1995,6.1
8/29/1995,6.15
8/30/1995,6.1
8/31/1995,6.07
9/1/1995,6
9/2/1995,
9/3/1995,
9/4/1995,0
9/5/1995,5.96
9/6/1995,5.95
9/7/1995,6
9/8/1995,6.04
9/9/1995,
9/10/1995,
9/11/1995,6.05
9/12/1995,5.96
9/13/1995,5.99
9/14/1995,5.87
9/15/1995,5.91
9/16/1995,
9/17/1995,
9/18/1995,5.97
9/19/1995,5.94
9/20/1995,5.92
9/21/1995,6.03
9/22/1995,6.06
9/23/1995,
9/24/1995,
9/25/1995,6.08
9/26/1995,6.11
9/27/1995,6.08
9/28/1995,6.1
9/29/1995,6.01
9/30/1995,
10/1/1995,
10/2/1995,5.98
10/3/1995,5.96
10/4/1995,5.91
10/5/1995,5.88
10/6/1995,5.89
10/7/1995,
10/8/1995,
10/9/1995,0
10/10/1995,5.91
10/11/1995,5.91
10/12/1995,5.88
10/13/1995,5.8
10/14/1995,
10/15/1995,
10/16/1995,5.8
10/17/1995,5.8
10/18/1995,5.83
10/19/1995,5.83
10/20/1995,5.9
10/21/1995,
10/22/1995,
10/23/1995,5.92
10/24/1995,5.85
10/25/1995,5.8
10/26/1995,5.81
10/27/1995,5.83
10/28/1995,
10/29/1995,
10/30/1995,5.82
10/31/1995,5.81
11/1/1995,5.74
11/2/1995,5.68
11/3/1995,5.7
11/4/1995,
11/5/1995,
11/6/1995,5.73
11/7/1995,5.77
11/8/1995,5.69
11/9/1995,5.72
11/10/1995,5.76
11/11/1995,
11/12/1995,
11/13/1995,5.72
11/14/1995,5.71
11/15/1995,5.77
11/16/1995,5.68
11/17/1995,5.66
11/18/1995,
11/19/1995,
11/20/1995,5.66
11/21/1995,5.7
11/22/1995,5.72
11/23/1995,0
11/24/1995,5.7
11/25/1995,
11/26/1995,
11/27/1995,5.67
11/28/1995,5.67
11/29/1995,5.6
11/30/1995,5.53
12/1/1995,5.49
12/2/1995,
12/3/1995,
12/4/1995,5.43
12/5/1995,5.45
12/6/1995,5.49
12/7/1995,5.54
12/8/1995,5.56
12/9/1995,
12/10/1995,
12/11/1995,5.53
12/12/1995,5.55
12/13/1995,5.56
12/14/1995,5.55
12/15/1995,5.55
12/16/1995,
12/17/1995,
12/18/1995,5.66
12/19/1995,5.58
12/20/1995,5.55
12/21/1995,5.53
12/22/1995,5.5
12/23/1995,
12/24/1995,
12/25/1995,0
12/26/1995,5.48
12/27/1995,5.46
12/28/1995,5.43
12/29/1995,5.38
12/30/1995,
12/31/1995,
1/1/1996,0
1/2/1996,5.39
1/3/1996,5.36
1/4/1996,5.39
1/5/1996,5.42
1/6/1996,
1/7/1996,
1/8/1996,5.41
1/9/1996,5.41
1/10/1996,5.5
1/11/1996,5.47
1/12/1996,5.4
1/13/1996,
1/14/1996,
1/15/1996,0
1/16/1996,5.37
1/17/1996,5.29
1/18/1996,5.25
1/19/1996,5.27
1/20/1996,
1/21/1996,
1/22/1996,5.34
1/23/1996,5.37
1/24/1996,5.3
1/25/1996,5.41
1/26/1996,5.34
1/27/1996,
1/28/1996,
1/29/1996,5.37
1/30/1996,5.3
1/31/1996,5.25
2/1/1996,5.24
2/2/1996,5.24
2/3/1996,
2/4/1996,
2/5/1996,5.3
2/6/1996,5.28
2/7/1996,5.27
2/8/1996,5.27
2/9/1996,5.25
2/10/1996,
2/11/1996,
2/12/1996,5.17
2/13/1996,5.14
2/14/1996,5.17
2/15/1996,5.23
2/16/1996,5.29
2/17/1996,
2/18/1996,
2/19/1996,0
2/20/1996,5.53
2/21/1996,5.56
2/22/1996,5.47
2/23/1996,5.53
2/24/1996,
2/25/1996,
2/26/1996,5.56
2/27/1996,5.63
2/28/1996,5.73
2/29/1996,5.73
3/1/1996,5.6
3/2/1996,
3/3/1996,
3/4/1996,5.52
3/5/1996,5.6
3/6/1996,5.68
3/7/1996,5.71
3/8/1996,6.05
3/9/1996,
3/10/1996,
3/11/1996,6
3/12/1996,6.04
3/13/1996,6.03
3/14/1996,6.03
3/15/1996,6.19
3/16/1996,
3/17/1996,
3/18/1996,6.16
3/19/1996,6.15
3/20/1996,6.05
3/21/1996,6.01
3/22/1996,6.05
3/23/1996,
3/24/1996,
3/25/1996,6
3/26/1996,6
3/27/1996,6.12
3/28/1996,6.2
3/29/1996,6.1
3/30/1996,
3/31/1996,
4/1/1996,6.09
4/2/1996,6.02
4/3/1996,6.06
4/4/1996,6.12
4/5/1996,6.4
4/6/1996,
4/7/1996,
4/8/1996,6.46
4/9/1996,6.37
4/10/1996,6.44
4/11/1996,6.5
4/12/1996,6.31
4/13/1996,
4/14/1996,
4/15/1996,6.27
4/16/1996,6.28
4/17/1996,6.33
4/18/1996,6.39
4/19/1996,6.32
4/20/1996,
4/21/1996,
4/22/1996,6.28
4/23/1996,6.31
4/24/1996,6.34
4/25/1996,6.31
4/26/1996,6.29
4/27/1996,
4/28/1996,
4/29/1996,6.33
4/30/1996,6.4
5/1/1996,6.39
5/2/1996,6.56
5/3/1996,6.61
5/4/1996,
5/5/1996,
5/6/1996,6.57
5/7/1996,6.6
5/8/1996,6.56
5/9/1996,6.57
5/10/1996,6.45
5/11/1996,
5/12/1996,
5/13/1996,6.45
5/14/1996,6.4
5/15/1996,6.39
5/16/1996,6.45
5/17/1996,6.41
5/18/1996,
5/19/1996,
5/20/1996,6.38
5/21/1996,6.41
5/22/1996,6.38
5/23/1996,6.44
5/24/1996,6.42
5/25/1996,
5/26/1996,
5/27/1996,0
5/28/1996,6.44
5/29/1996,6.56
5/30/1996,6.55
5/31/1996,6.64
6/1/1996,
6/2/1996,
6/3/1996,6.64
6/4/1996,6.62
6/5/1996,6.6
6/6/1996,6.52
6/7/1996,6.75
6/8/1996,
6/9/1996,
6/10/1996,6.77
6/11/1996,6.77
6/12/1996,6.81
6/13/1996,6.8
6/14/1996,6.72
6/15/1996,
6/16/1996,
6/17/1996,6.68
6/18/1996,6.71
6/19/1996,6.74
6/20/1996,6.77
6/21/1996,6.74
6/22/1996,
6/23/1996,
6/24/1996,6.72
6/25/1996,6.7
6/26/1996,6.67
6/27/1996,6.59
6/28/1996,6.47
6/29/1996,
6/30/1996,
7/1/1996,6.49
7/2/1996,6.56
7/3/1996,6.53
7/4/1996,0
7/5/1996,6.82
7/6/1996,
7/7/1996,
7/8/1996,6.81
7/9/1996,6.78
7/10/1996,6.71
7/11/1996,6.67
7/12/1996,6.65
7/13/1996,
7/14/1996,
7/15/1996,6.67
7/16/1996,6.61
7/17/1996,6.61
7/18/1996,6.5
7/19/1996,6.55
7/20/1996,
7/21/1996,
7/22/1996,6.62
7/23/1996,6.6
7/24/1996,6.63
7/25/1996,6.65
7/26/1996,6.62
7/27/1996,
7/28/1996,
7/29/1996,6.69
7/30/1996,6.65
7/31/1996,6.57
8/1/1996,6.41
8/2/1996,6.26
8/3/1996,
8/4/1996,
8/5/1996,6.28
8/6/1996,6.29
8/7/1996,6.3
8/8/1996,6.29
8/9/1996,6.25
8/10/1996,
8/11/1996,
8/12/1996,6.24
8/13/1996,6.32
8/14/1996,6.33
8/15/1996,6.37
8/16/1996,6.31
8/17/1996,
8/18/1996,
8/19/1996,6.34
8/20/1996,6.34
8/21/1996,6.35
8/22/1996,6.38
8/23/1996,6.48
8/24/1996,
8/25/1996,
8/26/1996,6.57
8/27/1996,6.55
8/28/1996,6.56
8/29/1996,6.61
8/30/1996,6.73
8/31/1996,
9/1/1996,
9/2/1996,0
9/3/1996,6.71
9/4/1996,6.74
9/5/1996,6.76
9/6/1996,6.72
9/7/1996,
9/8/1996,
9/9/1996,6.67
9/10/1996,6.7
9/11/1996,6.7
9/12/1996,6.64
9/13/1996,6.48
9/14/1996,
9/15/1996,
9/16/1996,6.49
9/17/1996,6.57
9/18/1996,6.61
9/19/1996,6.65
9/20/1996,6.62
9/21/1996,
9/22/1996,
9/23/1996,6.6
9/24/1996,6.52
9/25/1996,6.46
9/26/1996,6.41
9/27/1996,6.43
9/28/1996,
9/29/1996,
9/30/1996,6.46
10/1/1996,6.39
10/2/1996,6.35
10/3/1996,6.35
10/4/1996,6.2
10/5/1996,
10/6/1996,
10/7/1996,6.25
10/8/1996,6.26
10/9/1996,6.31
10/10/1996,6.37
10/11/1996,6.29
10/12/1996,
10/13/1996,
10/14/1996,0
10/15/1996,6.3
10/16/1996,6.31
10/17/1996,6.25
10/18/1996,6.25
10/19/1996,
10/20/1996,
10/21/1996,6.27
10/22/1996,6.31
10/23/1996,6.31
10/24/1996,6.29
10/25/1996,6.26
10/26/1996,
10/27/1996,
10/28/1996,6.29
10/29/1996,6.12
10/30/1996,6.12
10/31/1996,6.1
11/1/1996,6.11
11/2/1996,
11/3/1996,
11/4/1996,6.1
11/5/1996,6.03
11/6/1996,6.05
11/7/1996,6.01
11/8/1996,6.04
11/9/1996,
11/10/1996,
11/11/1996,0
11/12/1996,5.98
11/13/1996,5.99
11/14/1996,5.93
11/15/1996,5.96
11/16/1996,
11/17/1996,
11/18/1996,5.97
11/19/1996,5.94
11/20/1996,5.92
11/21/1996,5.94
11/22/1996,5.94
11/23/1996,
11/24/1996,
11/25/1996,5.92
11/26/1996,5.91
11/27/1996,5.91
11/28/1996,0
11/29/1996,5.84
11/30/1996,
12/1/1996,
12/2/1996,5.85
12/3/1996,5.84
12/4/1996,5.89
12/5/1996,5.99
12/6/1996,6.02
12/7/1996,
12/8/1996,
12/9/1996,5.97
12/10/1996,5.99
12/11/1996,6.14
12/12/1996,6.14
12/13/1996,6.06
12/14/1996,
12/15/1996,
12/16/1996,6.13
12/17/1996,6.17
12/18/1996,6.21
12/19/1996,6.13
12/20/1996,6.12
12/21/1996,
12/22/1996,
12/23/1996,6.12
12/24/1996,6.13
12/25/1996,0
12/26/1996,6.13
12/27/1996,6.09
12/28/1996,
12/29/1996,
12/30/1996,6.1
12/31/1996,6.21
1/1/1997,0
1/2/1997,6.3
1/3/1997,6.28
1/4/1997,
1/5/1997,
1/6/1997,6.3
1/7/1997,6.32
1/8/1997,6.34
1/9/1997,6.27
1/10/1997,6.4
1/11/1997,
1/12/1997,
1/13/1997,6.4
1/14/1997,6.3
1/15/1997,6.3
1/16/1997,6.33
1/17/1997,6.32
1/18/1997,
1/19/1997,
1/20/1997,0
1/21/1997,6.29
1/22/1997,6.32
1/23/1997,6.35
1/24/1997,6.39
1/25/1997,
1/26/1997,
1/27/1997,6.42
1/28/1997,6.38
1/29/1997,6.38
1/30/1997,6.35
1/31/1997,6.26
2/1/1997,
2/2/1997,
2/3/1997,6.21
2/4/1997,6.19
2/5/1997,6.21
2/6/1997,6.22
2/7/1997,6.17
2/8/1997,
2/9/1997,
2/10/1997,6.16
2/11/1997,6.18
2/12/1997,6.19
2/13/1997,6.12
2/14/1997,6.07
2/15/1997,
2/16/1997,
2/17/1997,0
2/18/1997,6.08
2/19/1997,6.1
2/20/1997,6.17
2/21/1997,6.16
2/22/1997,
2/23/1997,
2/24/1997,6.19
2/25/1997,6.2
2/26/1997,6.37
2/27/1997,6.4
2/28/1997,6.39
3/1/1997,
3/2/1997,
3/3/1997,6.41
3/4/1997,6.44
3/5/1997,6.43
3/6/1997,6.45
3/7/1997,6.39
3/8/1997,
3/9/1997,
3/10/1997,6.4
3/11/1997,6.4
3/12/1997,6.43
3/13/1997,6.55
3/14/1997,6.53
3/15/1997,
3/16/1997,
3/17/1997,6.55
3/18/1997,6.56
3/19/1997,6.58
3/20/1997,6.61
3/21/1997,6.61
3/22/1997,
3/23/1997,
3/24/1997,6.58
3/25/1997,6.63
3/26/1997,6.66
3/27/1997,6.76
3/28/1997,0
3/29/1997,
3/30/1997,
3/31/1997,6.77
4/1/1997,6.74
4/2/1997,6.73
4/3/1997,6.72
4/4/1997,6.78
4/5/1997,
4/6/1997,
4/7/1997,6.73
4/8/1997,6.76
4/9/1997,6.77
4/10/1997,6.78
4/11/1997,6.85
4/12/1997,
4/13/1997,
4/14/1997,6.86
4/15/1997,6.76
4/16/1997,6.79
4/17/1997,6.75
4/18/1997,6.73
4/19/1997,
4/20/1997,
4/21/1997,6.76
4/22/1997,6.73
4/23/1997,6.78
4/24/1997,6.83
4/25/1997,6.83
4/26/1997,
4/27/1997,
4/28/1997,6.81
4/29/1997,6.64
4/30/1997,6.57
5/1/1997,6.55
5/2/1997,6.54
5/3/1997,
5/4/1997,
5/5/1997,6.54
5/6/1997,6.56
5/7/1997,6.63
5/8/1997,6.59
5/9/1997,6.51
5/10/1997,
5/11/1997,
5/12/1997,6.5
5/13/1997,6.6
5/14/1997,6.54
5/15/1997,6.52
5/16/1997,6.55
5/17/1997,
5/18/1997,
5/19/1997,6.57
5/20/1997,6.54
5/21/1997,6.57
5/22/1997,6.61
5/23/1997,6.59
5/24/1997,
5/25/1997,
5/26/1997,0
5/27/1997,6.64
5/28/1997,6.65
5/29/1997,6.61
5/30/1997,6.51
5/31/1997,
6/1/1997,
6/2/1997,6.52
6/3/1997,6.49
6/4/1997,6.49
6/5/1997,6.49
6/6/1997,6.39
6/7/1997,
6/8/1997,
6/9/1997,6.44
6/10/1997,6.46
6/11/1997,6.45
6/12/1997,6.35
6/13/1997,6.3
6/14/1997,
6/15/1997,
6/16/1997,6.28
6/17/1997,6.31
6/18/1997,6.29
6/19/1997,6.29
6/20/1997,6.27
6/21/1997,
6/22/1997,
6/23/1997,6.3
6/24/1997,6.31
6/25/1997,6.34
6/26/1997,6.36
6/27/1997,6.35
6/28/1997,
6/29/1997,
6/30/1997,6.4
7/1/1997,6.33
7/2/1997,6.3
7/3/1997,6.2
7/4/1997,0
7/5/1997,
7/6/1997,
7/7/1997,6.17
7/8/1997,6.17
7/9/1997,6.15
7/10/1997,6.15
7/11/1997,6.13
7/12/1997,
7/13/1997,
7/14/1997,6.16
7/15/1997,6.16
7/16/1997,6.11
7/17/1997,6.11
7/18/1997,6.16
7/19/1997,
7/20/1997,
7/21/1997,6.18
7/22/1997,6.07
7/23/1997,6.06
7/24/1997,6.06
7/25/1997,6.08
7/26/1997,
7/27/1997,
7/28/1997,6.06
7/29/1997,6
7/30/1997,5.95
7/31/1997,5.9
8/1/1997,6.08
8/2/1997,
8/3/1997,
8/4/1997,6.12
8/5/1997,6.13
8/6/1997,6.11
8/7/1997,6.14
8/8/1997,6.23
8/9/1997,
8/10/1997,
8/11/1997,6.2
8/12/1997,6.22
8/13/1997,6.19
8/14/1997,6.13
8/15/1997,6.1
8/16/1997,
8/17/1997,
8/18/1997,6.06
8/19/1997,6.07
8/20/1997,6.1
8/21/1997,6.15
8/22/1997,6.21
8/23/1997,
8/24/1997,
8/25/1997,6.25
8/26/1997,6.24
8/27/1997,6.23
8/28/1997,6.18
8/29/1997,6.22
8/30/1997,
8/31/1997,
9/1/1997,0
9/2/1997,6.2
9/3/1997,6.21
9/4/1997,6.22
9/5/1997,6.24
9/6/1997,
9/7/1997,
9/8/1997,6.23
9/9/1997,6.24
9/10/1997,6.26
9/11/1997,6.27
9/12/1997,6.17
9/13/1997,
9/14/1997,
9/15/1997,6.17
9/16/1997,6
9/17/1997,5.99
9/18/1997,6.02
9/19/1997,6.01
9/20/1997,
9/21/1997,
9/22/1997,5.99
9/23/1997,6.02
9/24/1997,5.97
9/25/1997,6.04
9/26/1997,5.99
9/27/1997,
9/28/1997,
9/29/1997,5.99
9/30/1997,6
10/1/1997,5.93
10/2/1997,5.91
10/3/1997,5.89
10/4/1997,
10/5/1997,
10/6/1997,5.85
10/7/1997,5.82
10/8/1997,5.96
10/9/1997,5.98
10/10/1997,6.03
10/11/1997,
10/12/1997,
10/13/1997,0
10/14/1997,5.97
10/15/1997,6
10/16/1997,6
10/17/1997,6.08
10/18/1997,
10/19/1997,
10/20/1997,6.07
10/21/1997,6.07
10/22/1997,6.06
10/23/1997,5.95
10/24/1997,5.94
10/25/1997,
10/26/1997,
10/27/1997,5.79
10/28/1997,5.89
10/29/1997,5.78
10/30/1997,5.73
10/31/1997,5.72
11/1/1997,
11/2/1997,
11/3/1997,5.79
11/4/1997,5.83
11/5/1997,5.84
11/6/1997,5.79
11/7/1997,5.81
11/8/1997,
11/9/1997,
11/10/1997,5.82
11/11/1997,0
11/12/1997,5.81
11/13/1997,5.79
11/14/1997,5.8
11/15/1997,
11/16/1997,
11/17/1997,5.79
11/18/1997,5.8
11/19/1997,5.77
11/20/1997,5.8
11/21/1997,5.77
11/22/1997,
11/23/1997,
11/24/1997,5.81
11/25/1997,5.8
11/26/1997,5.82
11/27/1997,0
11/28/1997,5.83
11/29/1997,
11/30/1997,
12/1/1997,5.83
12/2/1997,5.83
12/3/1997,5.8
12/4/1997,5.78
12/5/1997,5.87
12/6/1997,
12/7/1997,
12/8/1997,5.92
12/9/1997,5.9
12/10/1997,5.85
12/11/1997,5.77
12/12/1997,5.71
12/13/1997,
12/14/1997,
12/15/1997,5.74
12/16/1997,5.74
12/17/1997,5.77
12/18/1997,5.74
12/19/1997,5.7
12/20/1997,
12/21/1997,
12/22/1997,5.71
12/23/1997,5.71
12/24/1997,5.72
12/25/1997,0
12/26/1997,5.72
12/27/1997,
12/28/1997,
12/29/1997,5.73
12/30/1997,5.76
12/31/1997,5.71
1/1/1998,0
1/2/1998,5.63
1/3/1998,
1/4/1998,
1/5/1998,5.46
1/6/1998,5.41
1/7/1998,5.45
1/8/1998,5.34
1/9/1998,5.22
1/10/1998,
1/11/1998,
1/12/1998,5.24
1/13/1998,5.28
1/14/1998,5.33
1/15/1998,5.34
1/16/1998,5.42
1/17/1998,
1/18/1998,
1/19/1998,0
1/20/1998,5.45
1/21/1998,5.41
1/22/1998,5.39
1/23/1998,5.53
1/24/1998,
1/25/1998,
1/26/1998,5.49
1/27/1998,5.57
1/28/1998,5.54
1/29/1998,5.43
1/30/1998,5.39
1/31/1998,
2/1/1998,
2/2/1998,5.43
2/3/1998,5.41
2/4/1998,5.41
2/5/1998,5.46
2/6/1998,5.48
2/7/1998,
2/8/1998,
2/9/1998,5.51
2/10/1998,5.49
2/11/1998,5.46
2/12/1998,5.46
2/13/1998,5.44
2/14/1998,
2/15/1998,
2/16/1998,0
2/17/1998,5.41
2/18/1998,5.44
2/19/1998,5.47
2/20/1998,5.49
2/21/1998,
2/22/1998,
2/23/1998,5.53
2/24/1998,5.66
2/25/1998,5.6
2/26/1998,5.62
2/27/1998,5.59
2/28/1998,
3/1/1998,
3/2/1998,5.67
3/3/1998,5.72
3/4/1998,5.71
3/5/1998,5.71
3/6/1998,5.65
3/7/1998,
3/8/1998,
3/9/1998,5.61
3/10/1998,5.62
3/11/1998,5.57
3/12/1998,5.52
3/13/1998,5.54
3/14/1998,
3/15/1998,
3/16/1998,5.52
3/17/1998,5.53
3/18/1998,5.55
3/19/1998,5.56
3/20/1998,5.56
3/21/1998,
3/22/1998,
3/23/1998,5.56
3/24/1998,5.57
3/25/1998,5.62
3/26/1998,5.66
3/27/1998,5.67
3/28/1998,
3/29/1998,
3/30/1998,5.7
3/31/1998,5.64
4/1/1998,5.59
4/2/1998,5.54
4/3/1998,5.44
4/4/1998,
4/5/1998,
4/6/1998,5.49
4/7/1998,5.5
4/8/1998,5.54
4/9/1998,5.56
4/10/1998,0
4/11/1998,
4/12/1998,
4/13/1998,5.64
4/14/1998,5.6
4/15/1998,5.59
4/16/1998,5.57
4/17/1998,5.57
4/18/1998,
4/19/1998,
4/20/1998,5.61
4/21/1998,5.66
4/22/1998,5.66
4/23/1998,5.66
4/24/1998,5.65
4/25/1998,
4/26/1998,
4/27/1998,5.77
4/28/1998,5.78
4/29/1998,5.78
4/30/1998,5.65
5/1/1998,5.63
5/2/1998,
5/3/1998,
5/4/1998,5.63
5/5/1998,5.66
5/6/1998,5.6
5/7/1998,5.6
5/8/1998,5.65
5/9/1998,
5/10/1998,
5/11/1998,5.72
5/12/1998,5.65
5/13/1998,5.63
5/14/1998,5.66
5/15/1998,5.67
5/16/1998,
5/17/1998,
5/18/1998,5.63
5/19/1998,5.63
5/20/1998,5.6
5/21/1998,5.66
5/22/1998,5.65
5/23/1998,
5/24/1998,
5/25/1998,0
5/26/1998,5.6
5/27/1998,5.57
5/28/1998,5.56
5/29/1998,5.56
5/30/1998,
5/31/1998,
6/1/1998,5.53
6/2/1998,5.56
6/3/1998,5.57
6/4/1998,5.6
6/5/1998,5.6
6/6/1998,
6/7/1998,
6/8/1998,5.6
6/9/1998,5.61
6/10/1998,5.55
6/11/1998,5.46
6/12/1998,5.43
6/13/1998,
6/14/1998,
6/15/1998,5.42
6/16/1998,5.49
6/17/1998,5.57
6/18/1998,5.55
6/19/1998,5.52
6/20/1998,
6/21/1998,
6/22/1998,5.52
6/23/1998,5.51
6/24/1998,5.48
6/25/1998,5.5
6/26/1998,5.49
6/27/1998,
6/28/1998,
6/29/1998,5.5
6/30/1998,5.47
7/1/1998,5.43
7/2/1998,5.43
7/3/1998,0
7/4/1998,
7/5/1998,
7/6/1998,5.4
7/7/1998,5.43
7/8/1998,5.43
7/9/1998,5.4
7/10/1998,5.4
7/11/1998,
7/12/1998,
7/13/1998,5.45
7/14/1998,5.47
7/15/1998,5.46
7/16/1998,5.48
7/17/1998,5.49
7/18/1998,
7/19/1998,
7/20/1998,5.47
7/21/1998,5.46
7/22/1998,5.47
7/23/1998,5.46
7/24/1998,5.48
7/25/1998,
7/26/1998,
7/27/1998,5.49
7/28/1998,5.49
7/29/1998,5.52
7/30/1998,5.52
7/31/1998,5.52
8/1/1998,
8/2/1998,
8/3/1998,5.46
8/4/1998,5.44
8/5/1998,5.43
8/6/1998,5.43
8/7/1998,5.39
8/8/1998,
8/9/1998,
8/10/1998,5.39
8/11/1998,5.33
8/12/1998,5.34
8/13/1998,5.38
8/14/1998,5.34
8/15/1998,
8/16/1998,
8/17/1998,5.33
8/18/1998,5.35
8/19/1998,5.35
8/20/1998,5.32
8/21/1998,5.24
8/22/1998,
8/23/1998,
8/24/1998,5.19
8/25/1998,5.13
8/26/1998,5.11
8/27/1998,4.97
8/28/1998,4.94
8/29/1998,
8/30/1998,
8/31/1998,4.91
9/1/1998,4.91
9/2/1998,4.96
9/3/1998,4.91
9/4/1998,4.9
9/5/1998,
9/6/1998,
9/7/1998,0
9/8/1998,4.89
9/9/1998,4.79
9/10/1998,4.55
9/11/1998,4.65
9/12/1998,
9/13/1998,
9/14/1998,4.65
9/15/1998,4.68
9/16/1998,4.69
9/17/1998,4.6
9/18/1998,4.5
9/19/1998,
9/20/1998,
9/21/1998,4.51
9/22/1998,4.57
9/23/1998,4.48
9/24/1998,4.43
9/25/1998,4.4
9/26/1998,
9/27/1998,
9/28/1998,4.4
9/29/1998,4.4
9/30/1998,4.23
10/1/1998,4.1
10/2/1998,4.08
10/3/1998,
10/4/1998,
10/5/1998,3.95
10/6/1998,4.05
10/7/1998,4.13
10/8/1998,4.29
10/9/1998,4.46
10/10/1998,
10/11/1998,
10/12/1998,0
10/13/1998,4.37
10/14/1998,4.23
10/15/1998,4.23
10/16/1998,4.04
10/17/1998,
10/18/1998,
10/19/1998,4.06
10/20/1998,4.14
10/21/1998,4.17
10/22/1998,4.19
10/23/1998,4.28
10/24/1998,
10/25/1998,
10/26/1998,4.32
10/27/1998,4.23
10/28/1998,4.18
10/29/1998,4.13
10/30/1998,4.24
10/31/1998,
11/1/1998,
11/2/1998,4.39
11/3/1998,4.33
11/4/1998,4.48
11/5/1998,4.48
11/6/1998,4.58
11/7/1998,
11/8/1998,
11/9/1998,4.55
11/10/1998,4.5
11/11/1998,0
11/12/1998,4.47
11/13/1998,4.53
11/14/1998,
11/15/1998,
11/16/1998,4.55
11/17/1998,4.57
11/18/1998,4.58
11/19/1998,4.63
11/20/1998,4.6
11/21/1998,
11/22/1998,
11/23/1998,4.6
11/24/1998,4.63
11/25/1998,4.63
11/26/1998,0
11/27/1998,4.6
11/28/1998,
11/29/1998,
11/30/1998,4.51
12/1/1998,4.43
12/2/1998,4.31
12/3/1998,4.31
12/4/1998,4.38
12/5/1998,
12/6/1998,
12/7/1998,4.47
12/8/1998,4.4
12/9/1998,4.37
12/10/1998,4.33
12/11/1998,4.39
12/12/1998,
12/13/1998,
12/14/1998,4.35
12/15/1998,4.39
12/16/1998,4.34
12/17/1998,4.34
12/18/1998,4.38
12/19/1998,
12/20/1998,
12/21/1998,4.45
12/22/1998,4.5
12/23/1998,4.65
12/24/1998,4.74
12/25/1998,0
12/26/1998,
12/27/1998,
12/28/1998,4.66
12/29/1998,4.6
12/30/1998,4.55
12/31/1998,4.56
1/1/1999,0
1/2/1999,
1/3/1999,
1/4/1999,4.57
1/5/1999,4.62
1/6/1999,4.61
1/7/1999,4.62
1/8/1999,4.72
1/9/1999,
1/10/1999,
1/11/1999,4.76
1/12/1999,4.68
1/13/1999,4.6
1/14/1999,4.48
1/15/1999,4.54
1/16/1999,
1/17/1999,
1/18/1999,0
1/19/1999,4.6
1/20/1999,4.65
1/21/1999,4.6
1/22/1999,4.54
1/23/1999,
1/24/1999,
1/25/1999,4.55
1/26/1999,4.58
1/27/1999,4.57
1/28/1999,4.57
1/29/1999,4.55
1/30/1999,
1/31/1999,
2/1/1999,4.65
2/2/1999,4.7
2/3/1999,4.74
2/4/1999,4.82
2/5/1999,4.88
2/6/1999,
2/7/1999,
2/8/1999,4.86
2/9/1999,4.78
2/10/1999,4.79
2/11/1999,4.83
2/12/1999,4.96
2/13/1999,
2/14/1999,
2/15/1999,0
2/16/1999,4.96
2/17/1999,4.91
2/18/1999,4.96
2/19/1999,4.99
2/20/1999,
2/21/1999,
2/22/1999,4.95
2/23/1999,5.04
2/24/1999,5.12
2/25/1999,5.23
2/26/1999,5.21
2/27/1999,
2/28/1999,
3/1/1999,5.32
3/2/1999,5.27
3/3/1999,5.29
3/4/1999,5.32
3/5/1999,5.24
3/6/1999,
3/7/1999,
3/8/1999,5.21
3/9/1999,5.11
3/10/1999,5.13
3/11/1999,5.13
3/12/1999,5.08
3/13/1999,
3/14/1999,
3/15/1999,5.07
3/16/1999,5.03
3/17/1999,5.05
3/18/1999,5.02
3/19/1999,5.07
3/20/1999,
3/21/1999,
3/22/1999,5.13
3/23/1999,5.11
3/24/1999,5.07
3/25/1999,5.12
3/26/1999,5.1
3/27/1999,
3/28/1999,
3/29/1999,5.15
3/30/1999,5.09
3/31/1999,5.12
4/1/1999,5.15
4/2/1999,5.07
4/3/1999,
4/4/1999,
4/5/1999,5.07
4/6/1999,5.01
4/7/1999,5.04
4/8/1999,4.94
4/9/1999,4.96
4/10/1999,
4/11/1999,
4/12/1999,4.98
4/13/1999,5.02
4/14/1999,5.04
4/15/1999,5.08
4/16/1999,5.13
4/17/1999,
4/18/1999,
4/19/1999,5.08
4/20/1999,5.06
4/21/1999,5.07
4/22/1999,5.15
4/23/1999,5.15
4/24/1999,
4/25/1999,
4/26/1999,5.14
4/27/1999,5.12
4/28/1999,5.16
4/29/1999,5.09
4/30/1999,5.24
5/1/1999,
5/2/1999,
5/3/1999,5.25
5/4/1999,5.3
5/5/1999,5.27
5/6/1999,5.39
5/7/1999,5.4
5/8/1999,
5/9/1999,
5/10/1999,5.38
5/11/1999,5.4
5/12/1999,5.39
5/13/1999,5.29
5/14/1999,5.48
5/15/1999,
5/16/1999,
5/17/1999,5.53
5/18/1999,5.58
5/19/1999,5.54
5/20/1999,5.53
5/21/1999,5.46
5/22/1999,
5/23/1999,
5/24/1999,5.43
5/25/1999,5.44
5/26/1999,5.49
5/27/1999,5.59
5/28/1999,5.6
5/29/1999,
5/30/1999,
5/31/1999,0
6/1/1999,5.74
6/2/1999,5.75
6/3/1999,5.75
6/4/1999,5.75
6/5/1999,
6/6/1999,
6/7/1999,5.73
6/8/1999,5.74
6/9/1999,5.79
6/10/1999,5.85
6/11/1999,5.92
6/12/1999,
6/13/1999,
6/14/1999,5.89
6/15/1999,5.87
6/16/1999,5.84
6/17/1999,5.67
6/18/1999,5.75
6/19/1999,
6/20/1999,
6/21/1999,5.81
6/22/1999,5.84
6/23/1999,5.9
6/24/1999,5.93
6/25/1999,5.91
6/26/1999,
6/27/1999,
6/28/1999,5.86
6/29/1999,5.84
6/30/1999,5.67
7/1/1999,5.73
7/2/1999,5.7
7/3/1999,
7/4/1999,
7/5/1999,0
7/6/1999,5.77
7/7/1999,5.79
7/8/1999,5.72
7/9/1999,5.72
7/10/1999,
7/11/1999,
7/12/1999,5.62
7/13/1999,5.6
7/14/1999,5.63
7/15/1999,5.63
7/16/1999,5.57
7/17/1999,
7/18/1999,
7/19/1999,5.56
7/20/1999,5.54
7/21/1999,5.55
7/22/1999,5.66
7/23/1999,5.72
7/24/1999,
7/25/1999,
7/26/1999,5.73
7/27/1999,5.7
7/28/1999,5.7
7/29/1999,5.79
7/30/1999,5.82
7/31/1999,
8/1/1999,
8/2/1999,5.85
8/3/1999,5.86
8/4/1999,5.86
8/5/1999,5.77
8/6/1999,5.94
8/7/1999,
8/8/1999,
8/9/1999,6.04
8/10/1999,6
8/11/1999,5.96
8/12/1999,5.97
8/13/1999,5.88
8/14/1999,
8/15/1999,
8/16/1999,5.88
8/17/1999,5.8
8/18/1999,5.79
8/19/1999,5.81
8/20/1999,5.79
8/21/1999,
8/22/1999,
8/23/1999,5.79
8/24/1999,5.73
8/25/1999,5.63
8/26/1999,5.67
8/27/1999,5.75
8/28/1999,
8/29/1999,
8/30/1999,5.86
8/31/1999,5.88
9/1/1999,5.88
9/2/1999,5.9
9/3/1999,5.78
9/4/1999,
9/5/1999,
9/6/1999,0
9/7/1999,5.83
9/8/1999,5.82
9/9/1999,5.85
9/10/1999,5.78
9/11/1999,
9/12/1999,
9/13/1999,5.8
9/14/1999,5.85
9/15/1999,5.81
9/16/1999,5.77
9/17/1999,5.76
9/18/1999,
9/19/1999,
9/20/1999,5.81
9/21/1999,5.83
9/22/1999,5.81
9/23/1999,5.76
9/24/1999,5.65
9/25/1999,
9/26/1999,
9/27/1999,5.73
9/28/1999,5.78
9/29/1999,5.86
9/30/1999,5.78
10/1/1999,5.9
10/2/1999,
10/3/1999,
10/4/1999,5.85
10/5/1999,5.94
10/6/1999,5.98
10/7/1999,5.99
10/8/1999,5.97
10/9/1999,
10/10/1999,
10/11/1999,0
10/12/1999,5.99
10/13/1999,6.04
10/14/1999,6.09
10/15/1999,5.99
10/16/1999,
10/17/1999,
10/18/1999,6.03
10/19/1999,6.09
10/20/1999,6.11
10/21/1999,6.11
10/22/1999,6.13
10/23/1999,
10/24/1999,
10/25/1999,6.14
10/26/1999,6.17
10/27/1999,6.13
10/28/1999,6.05
10/29/1999,5.97
10/30/1999,
10/31/1999,
11/1/1999,6
11/2/1999,5.98
11/3/1999,5.97
11/4/1999,5.91
11/5/1999,5.88
11/6/1999,
11/7/1999,
11/8/1999,5.9
11/9/1999,5.87
11/10/1999,5.9
11/11/1999,0
11/12/1999,5.85
11/13/1999,
11/14/1999,
11/15/1999,5.87
11/16/1999,5.91
11/17/1999,5.98
11/18/1999,5.99
11/19/1999,6
11/20/1999,
11/21/1999,
11/22/1999,6.02
11/23/1999,6.02
11/24/1999,6.02
11/25/1999,0
11/26/1999,6.06
11/27/1999,
11/28/1999,
11/29/1999,6.14
11/30/1999,6.11
12/1/1999,6.14
12/2/1999,6.16
12/3/1999,6.08
12/4/1999,
12/5/1999,
12/6/1999,6.07
12/7/1999,6.03
12/8/1999,6.06
12/9/1999,6.03
12/10/1999,5.98
12/11/1999,
12/12/1999,
12/13/1999,6.01
12/14/1999,6.12
12/15/1999,6.14
12/16/1999,6.2
12/17/1999,6.22
12/18/1999,
12/19/1999,
12/20/1999,6.28
12/21/1999,6.29
12/22/1999,6.31
12/23/1999,6.33
12/24/1999,0
12/25/1999,
12/26/1999,
12/27/1999,6.32
12/28/1999,6.35
12/29/1999,6.32
12/30/1999,6.3
12/31/1999,6.36
1/1/2000,
1/2/2000,
1/3/2000,6.5
1/4/2000,6.4
1/5/2000,6.51
1/6/2000,6.46
1/7/2000,6.42
1/8/2000,
1/9/2000,
1/10/2000,6.49
1/11/2000,6.57
1/12/2000,6.63
1/13/2000,6.54
1/14/2000,6.59
1/15/2000,
1/16/2000,
1/17/2000,0
1/18/2000,6.65
1/19/2000,6.62
1/20/2000,6.67
1/21/2000,6.67
1/22/2000,
1/23/2000,
1/24/2000,6.59
1/25/2000,6.6
1/26/2000,6.62
1/27/2000,6.67
1/28/2000,6.68
1/29/2000,
1/30/2000,
1/31/2000,6.71
2/1/2000,6.68
2/2/2000,6.69
2/3/2000,6.56
2/4/2000,6.64
2/5/2000,
2/6/2000,
2/7/2000,6.76
2/8/2000,6.74
2/9/2000,6.77
2/10/2000,6.78
2/11/2000,6.77
2/12/2000,
2/13/2000,
2/14/2000,6.72
2/15/2000,6.74
2/16/2000,6.75
2/17/2000,6.76
2/18/2000,6.72
2/19/2000,
2/20/2000,
2/21/2000,0
2/22/2000,6.62
2/23/2000,6.66
2/24/2000,6.56
2/25/2000,6.5
2/26/2000,
2/27/2000,
2/28/2000,6.53
2/29/2000,6.61
3/1/2000,6.59
3/2/2000,6.59
3/3/2000,6.6
3/4/2000,
3/5/2000,
3/6/2000,6.64
3/7/2000,6.6
3/8/2000,6.59
3/9/2000,6.56
3/10/2000,6.61
3/11/2000,
3/12/2000,
3/13/2000,6.57
3/14/2000,6.52
3/15/2000,6.5
3/16/2000,6.47
3/17/2000,6.45
3/18/2000,
3/19/2000,
3/20/2000,6.45
3/21/2000,6.44
3/22/2000,6.41
3/23/2000,6.39
3/24/2000,6.51
3/25/2000,
3/26/2000,
3/27/2000,6.51
3/28/2000,6.46
3/29/2000,6.46
3/30/2000,6.35
3/31/2000,6.32
4/1/2000,
4/2/2000,
4/3/2000,6.3
4/4/2000,6.16
4/5/2000,6.17
4/6/2000,6.2
4/7/2000,6.18
4/8/2000,
4/9/2000,
4/10/2000,6.11
4/11/2000,6.19
4/12/2000,6.27
4/13/2000,6.24
4/14/2000,6.11
4/15/2000,
4/16/2000,
4/17/2000,6.23
4/18/2000,6.27
4/19/2000,6.23
4/20/2000,6.24
4/21/2000,0
4/22/2000,
4/23/2000,
4/24/2000,6.23
4/25/2000,6.39
4/26/2000,6.4
4/27/2000,6.51
4/28/2000,6.56
4/29/2000,
4/30/2000,
5/1/2000,6.59
5/2/2000,6.6
5/3/2000,6.66
5/4/2000,6.7
5/5/2000,6.77
5/6/2000,
5/7/2000,
5/8/2000,6.83
5/9/2000,6.75
5/10/2000,6.69
5/11/2000,6.67
5/12/2000,6.76
5/13/2000,
5/14/2000,
5/15/2000,6.73
5/16/2000,6.72
5/17/2000,6.74
5/18/2000,6.79
5/19/2000,6.71
5/20/2000,
5/21/2000,
5/22/2000,6.66
5/23/2000,6.68
5/24/2000,6.71
5/25/2000,6.64
5/26/2000,6.57
5/27/2000,
5/28/2000,
5/29/2000,0
5/30/2000,6.62
5/31/2000,6.54
6/1/2000,6.44
6/2/2000,6.37
6/3/2000,
6/4/2000,
6/5/2000,6.33
6/6/2000,6.35
6/7/2000,6.35
6/8/2000,6.37
6/9/2000,6.36
6/10/2000,
6/11/2000,
6/12/2000,6.33
6/13/2000,6.32
6/14/2000,6.26
6/15/2000,6.26
6/16/2000,6.19
6/17/2000,
6/18/2000,
6/19/2000,6.2
6/20/2000,6.23
6/21/2000,6.32
6/22/2000,6.32
6/23/2000,6.37
6/24/2000,
6/25/2000,
6/26/2000,6.29
6/27/2000,6.29
6/28/2000,6.28
6/29/2000,6.21
6/30/2000,6.18
7/1/2000,
7/2/2000,
7/3/2000,6.12
7/4/2000,0
7/5/2000,6.12
7/6/2000,6.16
7/7/2000,6.11
7/8/2000,
7/9/2000,
7/10/2000,6.13
7/11/2000,6.16
7/12/2000,6.2
7/13/2000,6.15
7/14/2000,6.25
7/15/2000,
7/16/2000,
7/17/2000,6.31
7/18/2000,6.3
7/19/2000,6.31
7/20/2000,6.15
7/21/2000,6.14
7/22/2000,
7/23/2000,
7/24/2000,6.18
7/25/2000,6.17
7/26/2000,6.16
7/27/2000,6.14
7/28/2000,6.16
7/29/2000,
7/30/2000,
7/31/2000,6.16
8/1/2000,6.12
8/2/2000,6.09
8/3/2000,6.07
8/4/2000,6.02
8/5/2000,
8/6/2000,
8/7/2000,6.07
8/8/2000,6.03
8/9/2000,6.03
8/10/2000,6
8/11/2000,6.07
8/12/2000,
8/13/2000,
8/14/2000,6.07
8/15/2000,6.11
8/16/2000,6.13
8/17/2000,6.13
8/18/2000,6.09
8/19/2000,
8/20/2000,
8/21/2000,6.1
8/22/2000,6.07
8/23/2000,6.02
8/24/2000,6
8/25/2000,6
8/26/2000,
8/27/2000,
8/28/2000,6.05
8/29/2000,6.08
8/30/2000,6.07
8/31/2000,5.98
9/1/2000,5.92
9/2/2000,
9/3/2000,
9/4/2000,0
9/5/2000,5.92
9/6/2000,5.95
9/7/2000,5.97
9/8/2000,5.95
9/9/2000,
9/10/2000,
9/11/2000,5.97
9/12/2000,5.97
9/13/2000,5.94
9/14/2000,5.96
9/15/2000,5.93
9/16/2000,
9/17/2000,
9/18/2000,5.93
9/19/2000,5.93
9/20/2000,5.98
9/21/2000,5.96
9/22/2000,5.93
9/23/2000,
9/24/2000,
9/25/2000,5.94
9/26/2000,5.9
9/27/2000,5.89
9/28/2000,5.9
9/29/2000,5.85
9/30/2000,
10/1/2000,
10/2/2000,5.86
10/3/2000,5.88
10/4/2000,5.94
10/5/2000,5.92
10/6/2000,5.88
10/7/2000,
10/8/2000,
10/9/2000,0
10/10/2000,5.86
10/11/2000,5.82
10/12/2000,5.74
10/13/2000,5.73
10/14/2000,
10/15/2000,
10/16/2000,5.77
10/17/2000,5.68
10/18/2000,5.68
10/19/2000,5.69
10/20/2000,5.69
10/21/2000,
10/22/2000,
10/23/2000,5.66
10/24/2000,5.7
10/25/2000,5.74
10/26/2000,5.75
10/27/2000,5.79
10/28/2000,
10/29/2000,
10/30/2000,5.83
10/31/2000,5.83
11/1/2000,5.79
11/2/2000,5.78
11/3/2000,5.86
11/4/2000,
11/5/2000,
11/6/2000,5.91
11/7/2000,5.84
11/8/2000,5.83
11/9/2000,5.76
11/10/2000,5.76
11/11/2000,
11/12/2000,
11/13/2000,5.72
11/14/2000,5.72
11/15/2000,5.69
11/16/2000,5.66
11/17/2000,5.67
11/18/2000,
11/19/2000,
11/20/2000,5.65
11/21/2000,5.65
11/22/2000,5.6
11/23/2000,0
11/24/2000,5.63
11/25/2000,
11/26/2000,
11/27/2000,5.63
11/28/2000,5.57
11/29/2000,5.51
11/30/2000,5.42
12/1/2000,5.46
12/2/2000,
12/3/2000,
12/4/2000,5.45
12/5/2000,5.36
12/6/2000,5.26
12/7/2000,5.26
12/8/2000,5.32
12/9/2000,
12/10/2000,
12/11/2000,5.33
12/12/2000,5.33
12/13/2000,5.24
12/14/2000,5.19
12/15/2000,5.15
12/16/2000,
12/17/2000,
12/18/2000,5.1
12/19/2000,5.12
12/20/2000,5
12/21/2000,4.94
12/22/2000,4.93
12/23/2000,
12/24/2000,
12/25/2000,0
12/26/2000,4.92
12/27/2000,4.99
12/28/2000,5.02
12/29/2000,4.99
12/30/2000,
12/31/2000,
1/1/2001,0
1/2/2001,4.76
1/3/2001,4.94
1/4/2001,4.82
1/5/2001,4.66
1/6/2001,
1/7/2001,
1/8/2001,4.65
1/9/2001,4.73
1/10/2001,4.83
1/11/2001,4.85
1/12/2001,4.97
1/13/2001,
1/14/2001,
1/15/2001,0
1/16/2001,4.96
1/17/2001,4.87
1/18/2001,4.74
1/19/2001,4.84
1/20/2001,
1/21/2001,
1/22/2001,4.87
1/23/2001,4.96
1/24/2001,4.98
1/25/2001,4.94
1/26/2001,4.93
1/27/2001,
1/28/2001,
1/29/2001,4.97
1/30/2001,4.91
1/31/2001,4.85
2/1/2001,4.78
2/2/2001,4.86
2/3/2001,
2/4/2001,
2/5/2001,4.88
2/6/2001,4.92
2/7/2001,4.91
2/8/2001,4.93
2/9/2001,4.85
2/10/2001,
2/11/2001,
2/12/2001,4.86
2/13/2001,4.9
2/14/2001,4.99
2/15/2001,5.06
2/16/2001,4.94
2/17/2001,
2/18/2001,
2/19/2001,0
2/20/2001,4.94
2/21/2001,4.96
2/22/2001,4.94
2/23/2001,4.86
2/24/2001,
2/25/2001,
2/26/2001,4.81
2/27/2001,4.75
2/28/2001,4.7
3/1/2001,4.67
3/2/2001,4.75
3/3/2001,
3/4/2001,
3/5/2001,4.78
3/6/2001,4.78
3/7/2001,4.72
3/8/2001,4.7
3/9/2001,4.75
3/10/2001,
3/11/2001,
3/12/2001,4.72
3/13/2001,4.75
3/14/2001,4.62
3/15/2001,4.55
3/16/2001,4.54
3/17/2001,
3/18/2001,
3/19/2001,4.58
3/20/2001,4.52
3/21/2001,4.49
3/22/2001,4.44
3/23/2001,4.52
3/24/2001,
3/25/2001,
3/26/2001,4.56
3/27/2001,4.73
3/28/2001,4.68
3/29/2001,4.67
3/30/2001,4.62
3/31/2001,
4/1/2001,
4/2/2001,4.66
4/3/2001,4.6
4/4/2001,4.58
4/5/2001,4.63
4/6/2001,4.52
4/7/2001,
4/8/2001,
4/9/2001,4.56
4/10/2001,4.7
4/11/2001,4.75
4/12/2001,4.83
4/13/2001,0
4/14/2001,
4/15/2001,
4/16/2001,4.94
4/17/2001,4.87
4/18/2001,4.75
4/19/2001,4.86
4/20/2001,4.88
4/21/2001,
4/22/2001,
4/23/2001,4.78
4/24/2001,4.78
4/25/2001,4.88
4/26/2001,4.79
4/27/2001,4.94
4/28/2001,
4/29/2001,
4/30/2001,4.97
5/1/2001,4.94
5/2/2001,4.95
5/3/2001,4.87
5/4/2001,4.83
5/5/2001,
5/6/2001,
5/7/2001,4.82
5/8/2001,4.68
5/9/2001,4.65
5/10/2001,4.76
5/11/2001,4.99
5/12/2001,
5/13/2001,
5/14/2001,4.94
5/15/2001,4.95
5/16/2001,4.95
5/17/2001,4.99
5/18/2001,4.99
5/19/2001,
5/20/2001,
5/21/2001,4.99
5/22/2001,4.99
5/23/2001,4.96
5/24/2001,5.05
5/25/2001,5.04
5/26/2001,
5/27/2001,
5/28/2001,0
5/29/2001,5.06
5/30/2001,5.07
5/31/2001,4.94
6/1/2001,4.94
6/2/2001,
6/3/2001,
6/4/2001,4.93
6/5/2001,4.84
6/6/2001,4.83
6/7/2001,4.88
6/8/2001,4.93
6/9/2001,
6/10/2001,
6/11/2001,4.87
6/12/2001,4.82
6/13/2001,4.81
6/14/2001,4.76
6/15/2001,4.74
6/16/2001,
6/17/2001,
6/18/2001,4.73
6/19/2001,4.72
6/20/2001,4.72
6/21/2001,4.7
6/22/2001,4.63
6/23/2001,
6/24/2001,
6/25/2001,4.65
6/26/2001,4.74
6/27/2001,4.82
6/28/2001,4.92
6/29/2001,4.97
6/30/2001,
7/1/2001,
7/2/2001,4.88
7/3/2001,4.91
7/4/2001,0
7/5/2001,4.95
7/6/2001,4.9
7/7/2001,
7/8/2001,
7/9/2001,4.88
7/10/2001,4.82
7/11/2001,4.81
7/12/2001,4.8
7/13/2001,4.82
7/14/2001,
7/15/2001,
7/16/2001,4.76
7/17/2001,4.78
7/18/2001,4.66
7/19/2001,4.69
7/20/2001,4.7
7/21/2001,
7/22/2001,
7/23/2001,4.68
7/24/2001,4.67
7/25/2001,4.74
7/26/2001,4.71
7/27/2001,4.64
7/28/2001,
7/29/2001,
7/30/2001,4.63
7/31/2001,4.57
8/1/2001,4.62
8/2/2001,4.69
8/3/2001,4.72
8/4/2001,
8/5/2001,
8/6/2001,4.71
8/7/2001,4.72
8/8/2001,4.61
8/9/2001,4.66
8/10/2001,4.61
8/11/2001,
8/12/2001,
8/13/2001,4.57
8/14/2001,4.59
8/15/2001,4.62
8/16/2001,4.58
8/17/2001,4.49
8/18/2001,
8/19/2001,
8/20/2001,4.55
8/21/2001,4.5
8/22/2001,4.53
8/23/2001,4.52
8/24/2001,4.55
8/25/2001,
8/26/2001,
8/27/2001,4.57
8/28/2001,4.48
8/29/2001,4.43
8/30/2001,4.42
8/31/2001,4.46
9/1/2001,
9/2/2001,
9/3/2001,0
9/4/2001,4.63
9/5/2001,4.61
9/6/2001,4.48
9/7/2001,4.39
9/8/2001,
9/9/2001,
9/10/2001,4.41
9/11/2001,0
9/12/2001,0
9/13/2001,4.03
9/14/2001,3.92
9/15/2001,
9/16/2001,
9/17/2001,3.99
9/18/2001,4.01
9/19/2001,3.9
9/20/2001,3.97
9/21/2001,3.94
9/22/2001,
9/23/2001,
9/24/2001,4
9/25/2001,3.97
9/26/2001,3.91
9/27/2001,3.87
9/28/2001,3.93
9/29/2001,
9/30/2001,
10/1/2001,3.9
10/2/2001,3.87
10/3/2001,3.86
10/4/2001,3.88
10/5/2001,3.87
10/6/2001,
10/7/2001,
10/8/2001,0
10/9/2001,3.96
10/10/2001,3.96
10/11/2001,4.03
10/12/2001,4.01
10/13/2001,
10/14/2001,
10/15/2001,3.97
10/16/2001,3.93
10/17/2001,3.93
10/18/2001,3.93
10/19/2001,3.96
10/20/2001,
10/21/2001,
10/22/2001,3.98
10/23/2001,4.01
10/24/2001,3.96
10/25/2001,3.89
10/26/2001,3.88
10/27/2001,
10/28/2001,
10/29/2001,3.82
10/30/2001,3.76
10/31/2001,3.66
11/1/2001,3.66
11/2/2001,3.77
11/3/2001,
11/4/2001,
11/5/2001,3.71
11/6/2001,3.54
11/7/2001,3.47
11/8/2001,3.58
11/9/2001,3.62
11/10/2001,
11/11/2001,
11/12/2001,0
11/13/2001,3.69
11/14/2001,3.83
11/15/2001,4.1
11/16/2001,4.24
11/17/2001,
11/18/2001,
11/19/2001,4.12
11/20/2001,4.17
11/21/2001,4.31
11/22/2001,0
11/23/2001,4.4
11/24/2001,
11/25/2001,
11/26/2001,4.41
11/27/2001,4.32
11/28/2001,4.33
11/29/2001,4.1
11/30/2001,4.08
12/1/2001,
12/2/2001,
12/3/2001,4.04
12/4/2001,3.99
12/5/2001,4.24
12/6/2001,4.38
12/7/2001,4.5
12/8/2001,
12/9/2001,
12/10/2001,4.46
12/11/2001,4.38
12/12/2001,4.29
12/13/2001,4.4
12/14/2001,4.52
12/15/2001,
12/16/2001,
12/17/2001,4.54
12/18/2001,4.46
12/19/2001,4.38
12/20/2001,4.42
12/21/2001,4.45
12/22/2001,
12/23/2001,
12/24/2001,4.49
12/25/2001,0
12/26/2001,4.55
12/27/2001,4.46
12/28/2001,4.46
12/29/2001,
12/30/2001,
12/31/2001,4.38
1/1/2002,0
1/2/2002,4.52
1/3/2002,4.48
1/4/2002,4.5
1/5/2002,
1/6/2002,
1/7/2002,4.39
1/8/2002,4.39
1/9/2002,4.38
1/10/2002,4.27
1/11/2002,4.14
1/12/2002,
1/13/2002,
1/14/2002,4.15
1/15/2002,4.14
1/16/2002,4.16
1/17/2002,4.28
1/18/2002,4.23
1/19/2002,
1/20/2002,
1/21/2002,0
1/22/2002,4.27
1/23/2002,4.36
1/24/2002,4.4
1/25/2002,4.46
1/26/2002,
1/27/2002,
1/28/2002,4.48
1/29/2002,4.35
1/30/2002,4.37
1/31/2002,4.42
2/1/2002,4.37
2/2/2002,
2/3/2002,
2/4/2002,4.29
2/5/2002,4.29
2/6/2002,4.3
2/7/2002,4.33
2/8/2002,4.28
2/9/2002,
2/10/2002,
2/11/2002,4.29
2/12/2002,4.36
2/13/2002,4.4
2/14/2002,4.35
2/15/2002,4.27
2/16/2002,
2/17/2002,
2/18/2002,0
2/19/2002,4.28
2/20/2002,4.28
2/21/2002,4.27
2/22/2002,4.23
2/23/2002,
2/24/2002,
2/25/2002,4.26
2/26/2002,4.33
2/27/2002,4.22
2/28/2002,4.27
3/1/2002,4.43
3/2/2002,
3/3/2002,
3/4/2002,4.43
3/5/2002,4.44
3/6/2002,4.45
3/7/2002,4.65
3/8/2002,4.77
3/9/2002,
3/10/2002,
3/11/2002,4.77
3/12/2002,4.75
3/13/2002,4.69
3/14/2002,4.83
3/15/2002,4.8
3/16/2002,
3/17/2002,
3/18/2002,4.79
3/19/2002,4.78
3/20/2002,4.87
3/21/2002,4.88
3/22/2002,4.9
3/23/2002,
3/24/2002,
3/25/2002,4.92
3/26/2002,4.85
3/27/2002,4.85
3/28/2002,4.91
3/29/2002,0
3/30/2002,
3/31/2002,
4/1/2002,4.93
4/2/2002,4.84
4/3/2002,4.76
4/4/2002,4.76
4/5/2002,4.68
4/6/2002,
4/7/2002,
4/8/2002,4.7
4/9/2002,4.67
4/10/2002,4.68
4/11/2002,4.66
4/12/2002,4.6
4/13/2002,
4/14/2002,
4/15/2002,4.57
4/16/2002,4.62
4/17/2002,4.64
4/18/2002,4.64
4/19/2002,4.62
4/20/2002,
4/21/2002,
4/22/2002,4.62
4/23/2002,4.62
4/24/2002,4.53
4/25/2002,4.52
4/26/2002,4.49
4/27/2002,
4/28/2002,
4/29/2002,4.55
4/30/2002,4.53
5/1/2002,4.49
5/2/2002,4.54
5/3/2002,4.48
5/4/2002,
5/5/2002,
5/6/2002,4.5
5/7/2002,4.43
5/8/2002,4.58
5/9/2002,4.53
5/10/2002,4.46
5/11/2002,
5/12/2002,
5/13/2002,4.54
5/14/2002,4.64
5/15/2002,4.59
5/16/2002,4.52
5/17/2002,4.6
5/18/2002,
5/19/2002,
5/20/2002,4.53
5/21/2002,4.49
5/22/2002,4.43
5/23/2002,4.46
5/24/2002,4.47
5/25/2002,
5/26/2002,
5/27/2002,0
5/28/2002,4.46
5/29/2002,4.41
5/30/2002,4.36
5/31/2002,4.37
6/1/2002,
6/2/2002,
6/3/2002,4.36
6/4/2002,4.31
6/5/2002,4.35
6/6/2002,4.3
6/7/2002,4.36
6/8/2002,
6/9/2002,
6/10/2002,4.34
6/11/2002,4.29
6/12/2002,4.24
6/13/2002,4.2
6/14/2002,4.1
6/15/2002,
6/16/2002,
6/17/2002,4.14
6/18/2002,4.13
6/19/2002,4.01
6/20/2002,4.11
6/21/2002,4.06
6/22/2002,
6/23/2002,
6/24/2002,4.13
6/25/2002,4.13
6/26/2002,3.99
6/27/2002,4.08
6/28/2002,4.09
6/29/2002,
6/30/2002,
7/1/2002,4.08
7/2/2002,3.99
7/3/2002,4
7/4/2002,0
7/5/2002,4.13
7/6/2002,
7/7/2002,
7/8/2002,4.07
7/9/2002,3.98
7/10/2002,3.85
7/11/2002,3.86
7/12/2002,3.82
7/13/2002,
7/14/2002,
7/15/2002,3.85
7/16/2002,3.93
7/17/2002,3.89
7/18/2002,3.82
7/19/2002,3.76
7/20/2002,
7/21/2002,
7/22/2002,3.65
7/23/2002,3.59
7/24/2002,3.6
7/25/2002,3.51
7/26/2002,3.46
7/27/2002,
7/28/2002,
7/29/2002,3.68
7/30/2002,3.71
7/31/2002,3.53
8/1/2002,3.46
8/2/2002,3.27
8/3/2002,
8/4/2002,
8/5/2002,3.21
8/6/2002,3.36
8/7/2002,3.24
8/8/2002,3.35
8/9/2002,3.28
8/10/2002,
8/11/2002,
8/12/2002,3.24
8/13/2002,3.15
8/14/2002,3.19
8/15/2002,3.28
8/16/2002,3.41
8/17/2002,
8/18/2002,
8/19/2002,3.4
8/20/2002,3.25
8/21/2002,3.28
8/22/2002,3.37
8/23/2002,3.31
8/24/2002,
8/25/2002,
8/26/2002,3.29
8/27/2002,3.37
8/28/2002,3.31
8/29/2002,3.24
8/30/2002,3.22
8/31/2002,
9/1/2002,
9/2/2002,0
9/3/2002,3.04
9/4/2002,3.02
9/5/2002,2.95
9/6/2002,3.1
9/7/2002,
9/8/2002,
9/9/2002,3.11
9/10/2002,3.08
9/11/2002,3.15
9/12/2002,3.07
9/13/2002,3
9/14/2002,
9/15/2002,
9/16/2002,3
9/17/2002,2.97
9/18/2002,2.96
9/19/2002,2.87
9/20/2002,2.86
9/21/2002,
9/22/2002,
9/23/2002,2.76
9/24/2002,2.76
9/25/2002,2.83
9/26/2002,2.86
9/27/2002,2.74
9/28/2002,
9/29/2002,
9/30/2002,2.63
10/1/2002,2.75
10/2/2002,2.74
10/3/2002,2.74
10/4/2002,2.73
10/5/2002,
10/6/2002,
10/7/2002,2.67
10/8/2002,2.7
10/9/2002,2.65
10/10/2002,2.68
10/11/2002,2.83
10/12/2002,
10/13/2002,
10/14/2002,0
10/15/2002,3.11
10/16/2002,3.11
10/17/2002,3.2
10/18/2002,3.17
10/19/2002,
10/20/2002,
10/21/2002,3.28
10/22/2002,3.29
10/23/2002,3.26
10/24/2002,3.18
10/25/2002,3.1
10/26/2002,
10/27/2002,
10/28/2002,3.03
10/29/2002,2.89
10/30/2002,2.87
10/31/2002,2.81
11/1/2002,2.92
11/2/2002,
11/3/2002,
11/4/2002,3
11/5/2002,3
11/6/2002,3.01
11/7/2002,2.86
11/8/2002,2.87
11/9/2002,
11/10/2002,
11/11/2002,0
11/12/2002,2.83
11/13/2002,2.82
11/14/2002,3.01
11/15/2002,3.05
11/16/2002,
11/17/2002,
11/18/2002,3.04
11/19/2002,3.02
11/20/2002,3.13
11/21/2002,3.2
11/22/2002,3.26
11/23/2002,
11/24/2002,
11/25/2002,3.26
11/26/2002,3.14
11/27/2002,3.34
11/28/2002,0
11/29/2002,3.28
11/30/2002,
12/1/2002,
12/2/2002,3.31
12/3/2002,3.33
12/4/2002,3.25
12/5/2002,3.19
12/6/2002,3.13
12/7/2002,
12/8/2002,
12/9/2002,3.08
12/10/2002,3.07
12/11/2002,3.02
12/12/2002,3.03
12/13/2002,3.08
12/14/2002,
12/15/2002,
12/16/2002,3.14
12/17/2002,3.11
12/18/2002,3.03
12/19/2002,2.91
12/20/2002,2.93
12/21/2002,
12/22/2002,
12/23/2002,2.95
12/24/2002,2.92
12/25/2002,0
12/26/2002,2.89
12/27/2002,2.79
12/28/2002,
12/29/2002,
12/30/2002,2.76
12/31/2002,2.78
1/1/2003,0
1/2/2003,3.05
1/3/2003,3.03
1/4/2003,
1/5/2003,
1/6/2003,3.1
1/7/2003,3.04
1/8/2003,3.01
1/9/2003,3.23
1/10/2003,3.2
1/11/2003,
1/12/2003,
1/13/2003,3.17
1/14/2003,3.1
1/15/2003,3.1
1/16/2003,3.11
1/17/2003,3.05
1/18/2003,
1/19/2003,
1/20/2003,0
1/21/2003,3
1/22/2003,2.94
1/23/2003,2.97
1/24/2003,2.93
1/25/2003,
1/26/2003,
1/27/2003,2.97
1/28/2003,2.99
1/29/2003,3.07
1/30/2003,3.02
1/31/2003,3.02
2/1/2003,
2/2/2003,
2/3/2003,3.05
2/4/2003,2.99
2/5/2003,3.07
2/6/2003,3.02
2/7/2003,2.97
2/8/2003,
2/9/2003,
2/10/2003,3.03
2/11/2003,3
2/12/2003,2.92
2/13/2003,2.85
2/14/2003,2.91
2/15/2003,
2/16/2003,
2/17/2003,0
2/18/2003,2.92
2/19/2003,2.87
2/20/2003,2.82
2/21/2003,2.86
2/22/2003,
2/23/2003,
2/24/2003,2.82
2/25/2003,2.77
2/26/2003,2.75
2/27/2003,2.75
2/28/2003,2.69
3/1/2003,
3/2/2003,
3/3/2003,2.66
3/4/2003,2.62
3/5/2003,2.58
3/6/2003,2.63
3/7/2003,2.56
3/8/2003,
3/9/2003,
3/10/2003,2.51
3/11/2003,2.54
3/12/2003,2.57
3/13/2003,2.75
3/14/2003,2.72
3/15/2003,
3/16/2003,
3/17/2003,2.82
3/18/2003,2.93
3/19/2003,2.98
3/20/2003,3.02
3/21/2003,3.12
3/22/2003,
3/23/2003,
3/24/2003,2.98
3/25/2003,2.97
3/26/2003,2.94
3/27/2003,2.92
3/28/2003,2.86
3/29/2003,
3/30/2003,
3/31/2003,2.78
4/1/2003,2.78
4/2/2003,2.89
4/3/2003,2.87
4/4/2003,2.88
4/5/2003,
4/6/2003,
4/7/2003,2.99
4/8/2003,2.91
4/9/2003,2.87
4/10/2003,2.89
4/11/2003,2.95
4/12/2003,
4/13/2003,
4/14/2003,3.02
4/15/2003,2.96
4/16/2003,2.95
4/17/2003,2.99
4/18/2003,0
4/19/2003,
4/20/2003,
4/21/2003,3.03
4/22/2003,3.01
4/23/2003,3.02
4/24/2003,2.92
4/25/2003,2.88
4/26/2003,
4/27/2003,
4/28/2003,2.9
4/29/2003,2.94
4/30/2003,2.85
5/1/2003,2.82
5/2/2003,2.9
5/3/2003,
5/4/2003,
5/5/2003,2.87
5/6/2003,2.76
5/7/2003,2.64
5/8/2003,2.62
5/9/2003,2.61
5/10/2003,
5/11/2003,
5/12/2003,2.58
5/13/2003,2.58
5/14/2003,2.47
5/15/2003,2.52
5/16/2003,2.43
5/17/2003,
5/18/2003,
5/19/2003,2.41
5/20/2003,2.34
5/21/2003,2.37
5/22/2003,2.32
5/23/2003,2.33
5/24/2003,
5/25/2003,
5/26/2003,0
5/27/2003,2.34
5/28/2003,2.35
5/29/2003,2.27
5/30/2003,2.3
5/31/2003,
6/1/2003,
6/2/2003,2.37
6/3/2003,2.25
6/4/2003,2.19
6/5/2003,2.25
6/6/2003,2.29
6/7/2003,
6/8/2003,
6/9/2003,2.2
6/10/2003,2.12
6/11/2003,2.16
6/12/2003,2.1
6/13/2003,2.08
6/14/2003,
6/15/2003,
6/16/2003,2.14
6/17/2003,2.26
6/18/2003,2.34
6/19/2003,2.28
6/20/2003,2.31
6/21/2003,
6/22/2003,
6/23/2003,2.24
6/24/2003,2.21
6/25/2003,2.32
6/26/2003,2.49
6/27/2003,2.52
6/28/2003,
6/29/2003,
6/30/2003,2.46
7/1/2003,2.48
7/2/2003,2.47
7/3/2003,2.55
7/4/2003,0
7/5/2003,
7/6/2003,
7/7/2003,2.63
7/8/2003,2.65
7/9/2003,2.63
7/10/2003,2.59
7/11/2003,2.52
7/12/2003,
7/13/2003,
7/14/2003,2.6
7/15/2003,2.81
7/16/2003,2.87
7/17/2003,2.88
7/18/2003,2.93
7/19/2003,
7/20/2003,
7/21/2003,3.1
7/22/2003,3.07
7/23/2003,3.04
7/24/2003,3.08
7/25/2003,3.1
7/26/2003,
7/27/2003,
7/28/2003,3.21
7/29/2003,3.33
7/30/2003,3.27
7/31/2003,3.38
8/1/2003,3.37
8/2/2003,
8/3/2003,
8/4/2003,3.24
8/5/2003,3.37
8/6/2003,3.25
8/7/2003,3.19
8/8/2003,3.17
8/9/2003,
8/10/2003,
8/11/2003,3.26
8/12/2003,3.23
8/13/2003,3.43
8/14/2003,3.42
8/15/2003,3.42
8/16/2003,
8/17/2003,
8/18/2003,3.37
8/19/2003,3.27
8/20/2003,3.35
8/21/2003,3.51
8/22/2003,3.47
8/23/2003,
8/24/2003,
8/25/2003,3.52
8/26/2003,3.5
8/27/2003,3.55
8/28/2003,3.42
8/29/2003,3.46
8/30/2003,
8/31/2003,
9/1/2003,0
9/2/2003,3.63
9/3/2003,3.61
9/4/2003,3.5
9/5/2003,3.28
9/6/2003,
9/7/2003,
9/8/2003,3.32
9/9/2003,3.28
9/10/2003,3.18
9/11/2003,3.24
9/12/2003,3.15
9/13/2003,
9/14/2003,
9/15/2003,3.12
9/16/2003,3.12
9/17/2003,3.06
9/18/2003,3.09
9/19/2003,3.11
9/20/2003,
9/21/2003,
9/22/2003,3.16
9/23/2003,3.13
9/24/2003,3.07
9/25/2003,3.05
9/26/2003,2.95
9/27/2003,
9/28/2003,
9/29/2003,2.98
9/30/2003,2.85
10/1/2003,2.84
10/2/2003,2.9
10/3/2003,3.12
10/4/2003,
10/5/2003,
10/6/2003,3.06
10/7/2003,3.15
10/8/2003,3.14
10/9/2003,3.17
10/10/2003,3.15
10/11/2003,
10/12/2003,
10/13/2003,0
10/14/2003,3.23
10/15/2003,3.3
10/16/2003,3.4
10/17/2003,3.33
10/18/2003,
10/19/2003,
10/20/2003,3.33
10/21/2003,3.31
10/22/2003,3.21
10/23/2003,3.24
10/24/2003,3.13
10/25/2003,
10/26/2003,
10/27/2003,3.21
10/28/2003,3.11
10/29/2003,3.2
10/30/2003,3.29
10/31/2003,3.27
11/1/2003,
11/2/2003,
11/3/2003,3.34
11/4/2003,3.28
11/5/2003,3.35
11/6/2003,3.43
11/7/2003,3.47
11/8/2003,
11/9/2003,
11/10/2003,3.49
11/11/2003,0
11/12/2003,3.45
11/13/2003,3.29
11/14/2003,3.19
11/15/2003,
11/16/2003,
11/17/2003,3.14
11/18/2003,3.14
11/19/2003,3.22
11/20/2003,3.14
11/21/2003,3.15
11/22/2003,
11/23/2003,
11/24/2003,3.24
11/25/2003,3.2
11/26/2003,3.27
11/27/2003,0
11/28/2003,3.38
11/29/2003,
11/30/2003,
12/1/2003,3.46
12/2/2003,3.43
12/3/2003,3.46
12/4/2003,3.42
12/5/2003,3.23
12/6/2003,
12/7/2003,
12/8/2003,3.28
12/9/2003,3.33
12/10/2003,3.28
12/11/2003,3.21
12/12/2003,3.23
12/13/2003,
12/14/2003,
12/15/2003,3.26
12/16/2003,3.21
12/17/2003,3.18
12/18/2003,3.17
12/19/2003,3.16
12/20/2003,
12/21/2003,
12/22/2003,3.19
12/23/2003,3.3
12/24/2003,3.2
12/25/2003,0
12/26/2003,3.17
12/27/2003,
12/28/2003,
12/29/2003,3.23
12/30/2003,3.26
12/31/2003,3.25
1/1/2004,0
1/2/2004,3.36
1/3/2004,
1/4/2004,
1/5/2004,3.39
1/6/2004,3.26
1/7/2004,3.25
1/8/2004,3.24
1/9/2004,3.05
1/10/2004,
1/11/2004,
1/12/2004,3.04
1/13/2004,2.98
1/14/2004,2.96
1/15/2004,2.97
1/16/2004,3.03
1/17/2004,
1/18/2004,
1/19/2004,0
1/20/2004,3.05
1/21/2004,3.02
1/22/2004,2.96
1/23/2004,3.06
1/24/2004,
1/25/2004,
1/26/2004,3.13
1/27/2004,3.07
1/28/2004,3.22
1/29/2004,3.22
1/30/2004,3.17
1/31/2004,
2/1/2004,
2/2/2004,3.18
2/3/2004,3.12
2/4/2004,3.15
2/5/2004,3.21
2/6/2004,3.12
2/7/2004,
2/8/2004,
2/9/2004,3.08
2/10/2004,3.13
2/11/2004,3.03
2/12/2004,3.07
2/13/2004,3.01
2/14/2004,
2/15/2004,
2/16/2004,0
2/17/2004,3.02
2/18/2004,3.03
2/19/2004,3.02
2/20/2004,3.08
2/21/2004,
2/22/2004,
2/23/2004,3.03
2/24/2004,3.01
2/25/2004,2.98
2/26/2004,3.01
2/27/2004,3.01
2/28/2004,
2/29/2004,
3/1/2004,2.98
3/2/2004,3.04
3/3/2004,3.06
3/4/2004,3.02
3/5/2004,2.81
3/6/2004,
3/7/2004,
3/8/2004,2.74
3/9/2004,2.68
3/10/2004,2.71
3/11/2004,2.72
3/12/2004,2.73
3/13/2004,
3/14/2004,
3/15/2004,2.74
3/16/2004,2.65
3/17/2004,2.66
3/18/2004,2.72
3/19/2004,2.75
3/20/2004,
3/21/2004,
3/22/2004,2.69
3/23/2004,2.69
3/24/2004,2.68
3/25/2004,2.7
3/26/2004,2.81
3/27/2004,
3/28/2004,
3/29/2004,2.86
3/30/2004,2.86
3/31/2004,2.8
4/1/2004,2.87
4/2/2004,3.15
4/3/2004,
4/4/2004,
4/5/2004,3.24
4/6/2004,3.19
4/7/2004,3.19
4/8/2004,3.22
4/9/2004,0
4/10/2004,
4/11/2004,
4/12/2004,3.26
4/13/2004,3.37
4/14/2004,3.44
4/15/2004,3.45
4/16/2004,3.39
4/17/2004,
4/18/2004,
4/19/2004,3.42
4/20/2004,3.45
4/21/2004,3.52
4/22/2004,3.46
4/23/2004,3.58
4/24/2004,
4/25/2004,
4/26/2004,3.57
4/27/2004,3.52
4/28/2004,3.6
4/29/2004,3.66
4/30/2004,3.63
5/1/2004,
5/2/2004,
5/3/2004,3.63
5/4/2004,3.66
5/5/2004,3.71
5/6/2004,3.72
5/7/2004,3.96
5/8/2004,
5/9/2004,
5/10/2004,3.95
5/11/2004,3.94
5/12/2004,3.96
5/13/2004,4.01
5/14/2004,3.92
5/15/2004,
5/16/2004,
5/17/2004,3.83
5/18/2004,3.87
5/19/2004,3.93
5/20/2004,3.86
5/21/2004,3.91
5/22/2004,
5/23/2004,
5/24/2004,3.9
5/25/2004,3.89
5/26/2004,3.81
5/27/2004,3.74
5/28/2004,3.81
5/29/2004,
5/30/2004,
5/31/2004,0
6/1/2004,3.86
6/2/2004,3.91
6/3/2004,3.89
6/4/2004,3.97
6/5/2004,
6/6/2004,
6/7/2004,3.95
6/8/2004,3.96
6/9/2004,4.01
6/10/2004,4
6/11/2004,0
6/12/2004,
6/13/2004,
6/14/2004,4.1
6/15/2004,3.9
6/16/2004,3.96
6/17/2004,3.93
6/18/2004,3.94
6/19/2004,
6/20/2004,
6/21/2004,3.91
6/22/2004,3.92
6/23/2004,3.9
6/24/2004,3.85
6/25/2004,3.85
6/26/2004,
6/27/2004,
6/28/2004,3.97
6/29/2004,3.92
6/30/2004,3.81
7/1/2004,3.74
7/2/2004,3.62
7/3/2004,
7/4/2004,
7/5/2004,0
7/6/2004,3.65
7/7/2004,3.67
7/8/2004,3.65
7/9/2004,3.64
7/10/2004,
7/11/2004,
7/12/2004,3.62
7/13/2004,3.66
7/14/2004,3.68
7/15/2004,3.69
7/16/2004,3.56
7/17/2004,
7/18/2004,
7/19/2004,3.57
7/20/2004,3.68
7/21/2004,3.72
7/22/2004,3.71
7/23/2004,3.69
7/24/2004,
7/25/2004,
7/26/2004,3.73
7/27/2004,3.85
7/28/2004,3.82
7/29/2004,3.8
7/30/2004,3.71
7/31/2004,
8/1/2004,
8/2/2004,3.68
8/3/2004,3.67
8/4/2004,3.66
8/5/2004,3.64
8/6/2004,3.4
8/7/2004,
8/8/2004,
8/9/2004,3.45
8/10/2004,3.52
8/11/2004,3.51
8/12/2004,3.47
8/13/2004,3.42
8/14/2004,
8/15/2004,
8/16/2004,3.45
8/17/2004,3.39
8/18/2004,3.41
8/19/2004,3.39
8/20/2004,3.42
8/21/2004,
8/22/2004,
8/23/2004,3.46
8/24/2004,3.46
8/25/2004,3.46
8/26/2004,3.42
8/27/2004,3.43
8/28/2004,
8/29/2004,
8/30/2004,3.4
8/31/2004,3.33
9/1/2004,3.32
9/2/2004,3.4
9/3/2004,3.52
9/4/2004,
9/5/2004,
9/6/2004,0
9/7/2004,3.48
9/8/2004,3.4
9/9/2004,3.41
9/10/2004,3.4
9/11/2004,
9/12/2004,
9/13/2004,3.38
9/14/2004,3.35
9/15/2004,3.39
9/16/2004,3.29
9/17/2004,3.35
9/18/2004,
9/19/2004,
9/20/2004,3.28
9/21/2004,3.28
9/22/2004,3.26
9/23/2004,3.3
9/24/2004,3.33
9/25/2004,
9/26/2004,
9/27/2004,3.29
9/28/2004,3.28
9/29/2004,3.37
9/30/2004,3.38
10/1/2004,3.44
10/2/2004,
10/3/2004,
10/4/2004,3.44
10/5/2004,3.44
10/6/2004,3.51
10/7/2004,3.53
10/8/2004,3.39
10/9/2004,
10/10/2004,
10/11/2004,0
10/12/2004,3.35
10/13/2004,3.32
10/14/2004,3.26
10/15/2004,3.31
10/16/2004,
10/17/2004,
10/18/2004,3.31
10/19/2004,3.32
10/20/2004,3.26
10/21/2004,3.29
10/22/2004,3.26
10/23/2004,
10/24/2004,
10/25/2004,3.25
10/26/2004,3.26
10/27/2004,3.37
10/28/2004,3.34
10/29/2004,3.3
10/30/2004,
10/31/2004,
11/1/2004,3.36
11/2/2004,3.34
11/3/2004,3.35
11/4/2004,3.37
11/5/2004,3.51
11/6/2004,
11/7/2004,
11/8/2004,3.51
11/9/2004,3.53
11/10/2004,3.56
11/11/2004,0
11/12/2004,3.53
11/13/2004,
11/14/2004,
11/15/2004,3.53
11/16/2004,3.56
11/17/2004,3.47
11/18/2004,3.48
11/19/2004,3.57
11/20/2004,
11/21/2004,
11/22/2004,3.56
11/23/2004,3.58
11/24/2004,3.61
11/25/2004,0
11/26/2004,3.64
11/27/2004,
11/28/2004,
11/29/2004,3.72
11/30/2004,3.72
12/1/2004,3.72
12/2/2004,3.75
12/3/2004,3.61
12/4/2004,
12/5/2004,
12/6/2004,3.59
12/7/2004,3.6
12/8/2004,3.53
12/9/2004,3.54
12/10/2004,3.52
12/11/2004,
12/12/2004,
12/13/2004,3.54
12/14/2004,3.53
12/15/2004,3.48
12/16/2004,3.58
12/17/2004,3.59
12/18/2004,
12/19/2004,
12/20/2004,3.59
12/21/2004,3.57
12/22/2004,3.57
12/23/2004,3.58
12/24/2004,0
12/25/2004,
12/26/2004,
12/27/2004,3.65
12/28/2004,3.66
12/29/2004,3.69
12/30/2004,3.64
12/31/2004,3.63
1/1/2005,
1/2/2005,
1/3/2005,3.64
1/4/2005,3.72
1/5/2005,3.73
1/6/2005,3.71
1/7/2005,3.73
1/8/2005,
1/9/2005,
1/10/2005,3.75
1/11/2005,3.73
1/12/2005,3.72
1/13/2005,3.68
1/14/2005,3.71
1/15/2005,
1/16/2005,
1/17/2005,0
1/18/2005,3.72
1/19/2005,3.73
1/20/2005,3.68
1/21/2005,3.65
1/22/2005,
1/23/2005,
1/24/2005,3.65
1/25/2005,3.71
1/26/2005,3.73
1/27/2005,3.75
1/28/2005,3.69
1/29/2005,
1/30/2005,
1/31/2005,3.71
2/1/2005,3.71
2/2/2005,3.73
2/3/2005,3.76
2/4/2005,3.68
2/5/2005,
2/6/2005,
2/7/2005,3.67
2/8/2005,3.68
2/9/2005,3.58
2/10/2005,3.65
2/11/2005,3.7
2/12/2005,
2/13/2005,
2/14/2005,3.7
2/15/2005,3.71
2/16/2005,3.78
2/17/2005,3.78
2/18/2005,3.86
2/19/2005,
2/20/2005,
2/21/2005,0
2/22/2005,3.88
2/23/2005,3.87
2/24/2005,3.91
2/25/2005,3.91
2/26/2005,
2/27/2005,
2/28/2005,4
3/1/2005,4.02
3/2/2005,4
3/3/2005,4.02
3/4/2005,3.97
3/5/2005,
3/6/2005,
3/7/2005,3.99
3/8/2005,4.05
3/9/2005,4.16
3/10/2005,4.13
3/11/2005,4.22
3/12/2005,
3/13/2005,
3/14/2005,4.2
3/15/2005,4.22
3/16/2005,4.18
3/17/2005,4.14
3/18/2005,4.18
3/19/2005,
3/20/2005,
3/21/2005,4.18
3/22/2005,4.31
3/23/2005,4.3
3/24/2005,4.3
3/25/2005,0
3/26/2005,
3/27/2005,
3/28/2005,4.33
3/29/2005,4.3
3/30/2005,4.26
3/31/2005,4.18
4/1/2005,4.13
4/2/2005,
4/3/2005,
4/4/2005,4.13
4/5/2005,4.15
4/6/2005,4.09
4/7/2005,4.13
4/8/2005,4.17
4/9/2005,
4/10/2005,
4/11/2005,4.13
4/12/2005,4.05
4/13/2005,4.03
4/14/2005,3.99
4/15/2005,3.9
4/16/2005,
4/17/2005,
4/18/2005,3.9
4/19/2005,3.85
4/20/2005,3.86
4/21/2005,3.97
4/22/2005,3.92
4/23/2005,
4/24/2005,
4/25/2005,3.94
4/26/2005,3.96
4/27/2005,3.92
4/28/2005,3.85
4/29/2005,3.9
4/30/2005,
5/1/2005,
5/2/2005,3.88
5/3/2005,3.9
5/4/2005,3.87
5/5/2005,3.82
5/6/2005,3.95
5/7/2005,
5/8/2005,
5/9/2005,3.99
5/10/2005,3.93
5/11/2005,3.91
5/12/2005,3.87
5/13/2005,3.83
5/14/2005,
5/15/2005,
5/16/2005,3.83
5/17/2005,3.82
5/18/2005,3.77
5/19/2005,3.84
5/20/2005,3.88
5/21/2005,
5/22/2005,
5/23/2005,3.83
5/24/2005,3.78
5/25/2005,3.81
5/26/2005,3.82
5/27/2005,3.82
5/28/2005,
5/29/2005,
5/30/2005,0
5/31/2005,3.76
6/1/2005,3.63
6/2/2005,3.65
6/3/2005,3.73
6/4/2005,
6/5/2005,
6/6/2005,3.73
6/7/2005,3.7
6/8/2005,3.73
6/9/2005,3.76
6/10/2005,3.84
6/11/2005,
6/12/2005,
6/13/2005,3.87
6/14/2005,3.89
6/15/2005,3.9
6/16/2005,3.87
6/17/2005,3.88
6/18/2005,
6/19/2005,
6/20/2005,3.88
6/21/2005,3.84
6/22/2005,3.72
6/23/2005,3.74
6/24/2005,3.69
6/25/2005,
6/26/2005,
6/27/2005,3.69
6/28/2005,3.76
6/29/2005,3.77
6/30/2005,3.72
7/1/2005,3.84
7/2/2005,
7/3/2005,
7/4/2005,0
7/5/2005,3.9
7/6/2005,3.86
7/7/2005,3.83
7/8/2005,3.89
7/9/2005,
7/10/2005,
7/11/2005,3.91
7/12/2005,3.94
7/13/2005,3.96
7/14/2005,3.98
7/15/2005,3.98
7/16/2005,
7/17/2005,
7/18/2005,4.01
7/19/2005,3.99
7/20/2005,3.99
7/21/2005,4.09
7/22/2005,4.04
7/23/2005,
7/24/2005,
7/25/2005,4.06
7/26/2005,4.06
7/27/2005,4.09
7/28/2005,4.04
7/29/2005,4.12
7/30/2005,
7/31/2005,
8/1/2005,4.16
8/2/2005,4.17
8/3/2005,4.13
8/4/2005,4.15
8/5/2005,4.24
8/6/2005,
8/7/2005,
8/8/2005,4.28
8/9/2005,4.25
8/10/2005,4.24
8/11/2005,4.18
8/12/2005,4.11
8/13/2005,
8/14/2005,
8/15/2005,4.15
8/16/2005,4.1
8/17/2005,4.15
8/18/2005,4.08
8/19/2005,4.08
8/20/2005,
8/21/2005,
8/22/2005,4.08
8/23/2005,4.07
8/24/2005,4.06
8/25/2005,4.06
8/26/2005,4.09
8/27/2005,
8/28/2005,
8/29/2005,4.08
8/30/2005,4.03
8/31/2005,3.87
9/1/2005,3.85
9/2/2005,3.85
9/3/2005,
9/4/2005,
9/5/2005,0
9/6/2005,3.89
9/7/2005,3.93
9/8/2005,3.94
9/9/2005,3.94
9/10/2005,
9/11/2005,
9/12/2005,3.98
9/13/2005,3.93
9/14/2005,3.96
9/15/2005,3.99
9/16/2005,4.05
9/17/2005,
9/18/2005,
9/19/2005,4.02
9/20/2005,4.06
9/21/2005,4.01
9/22/2005,3.99
9/23/2005,4.07
9/24/2005,
9/25/2005,
9/26/2005,4.11
9/27/2005,4.13
9/28/2005,4.11
9/29/2005,4.14
9/30/2005,4.18
10/1/2005,
10/2/2005,
10/3/2005,4.25
10/4/2005,4.24
10/5/2005,4.23
10/6/2005,4.23
10/7/2005,4.23
10/8/2005,
10/9/2005,
10/10/2005,0
10/11/2005,4.27
10/12/2005,4.32
10/13/2005,4.32
10/14/2005,4.34
10/15/2005,
10/16/2005,
10/17/2005,4.36
10/18/2005,4.34
10/19/2005,4.32
10/20/2005,4.33
10/21/2005,4.26
10/22/2005,
10/23/2005,
10/24/2005,4.32
10/25/2005,4.41
10/26/2005,4.46
10/27/2005,4.43
10/28/2005,4.46
10/29/2005,
10/30/2005,
10/31/2005,4.45
11/1/2005,4.47
11/2/2005,4.5
11/3/2005,4.55
11/4/2005,4.56
11/5/2005,
11/6/2005,
11/7/2005,4.55
11/8/2005,4.49
11/9/2005,4.55
11/10/2005,4.49
11/11/2005,0
11/12/2005,
11/13/2005,
11/14/2005,4.54
11/15/2005,4.51
11/16/2005,4.43
11/17/2005,4.39
11/18/2005,4.43
11/19/2005,
11/20/2005,
11/21/2005,4.39
11/22/2005,4.34
11/23/2005,4.38
11/24/2005,0
11/25/2005,4.34
11/26/2005,
11/27/2005,
11/28/2005,4.32
11/29/2005,4.4
11/30/2005,4.42
12/1/2005,4.45
12/2/2005,4.45
12/3/2005,
12/4/2005,
12/5/2005,4.5
12/6/2005,4.42
12/7/2005,4.43
12/8/2005,4.36
12/9/2005,4.44
12/10/2005,
12/11/2005,
12/12/2005,4.46
12/13/2005,4.44
12/14/2005,4.36
12/15/2005,4.38
12/16/2005,4.36
12/17/2005,
12/18/2005,
12/19/2005,4.37
12/20/2005,4.4
12/21/2005,4.42
12/22/2005,4.38
12/23/2005,4.32
12/24/2005,
12/25/2005,
12/26/2005,0
12/27/2005,4.3
12/28/2005,4.32
12/29/2005,4.33
12/30/2005,4.35
12/31/2005,
1/1/2006,
1/2/2006,0
1/3/2006,4.3
1/4/2006,4.28
1/5/2006,4.29
1/6/2006,4.32
1/7/2006,
1/8/2006,
1/9/2006,4.32
1/10/2006,4.36
1/11/2006,4.39
1/12/2006,4.35
1/13/2006,4.28
1/14/2006,
1/15/2006,
1/16/2006,0
1/17/2006,4.27
1/18/2006,4.28
1/19/2006,4.31
1/20/2006,4.31
1/21/2006,
1/22/2006,
1/23/2006,4.3
1/24/2006,4.32
1/25/2006,4.41
1/26/2006,4.44
1/27/2006,4.45
1/28/2006,
1/29/2006,
1/30/2006,4.46
1/31/2006,4.47
2/1/2006,4.51
2/2/2006,4.51
2/3/2006,4.5
2/4/2006,
2/5/2006,
2/6/2006,4.51
2/7/2006,4.52
2/8/2006,4.55
2/9/2006,4.55
2/10/2006,4.59
2/11/2006,
2/12/2006,
2/13/2006,4.58
2/14/2006,4.61
2/15/2006,4.6
2/16/2006,4.59
2/17/2006,4.55
2/18/2006,
2/19/2006,
2/20/2006,0
2/21/2006,4.59
2/22/2006,4.57
2/23/2006,4.63
2/24/2006,4.64
2/25/2006,
2/26/2006,
2/27/2006,4.66
2/28/2006,4.61
3/1/2006,4.63
3/2/2006,4.68
3/3/2006,4.71
3/4/2006,
3/5/2006,
3/6/2006,4.76
3/7/2006,4.76
3/8/2006,4.75
3/9/2006,4.75
3/10/2006,4.77
3/11/2006,
3/12/2006,
3/13/2006,4.78
3/14/2006,4.68
3/15/2006,4.69
3/16/2006,4.6
3/17/2006,4.62
3/18/2006,
3/19/2006,
3/20/2006,4.61
3/21/2006,4.68
3/22/2006,4.69
3/23/2006,4.73
3/24/2006,4.66
3/25/2006,
3/26/2006,
3/27/2006,4.69
3/28/2006,4.79
3/29/2006,4.79
3/30/2006,4.83
3/31/2006,4.82
4/1/2006,
4/2/2006,
4/3/2006,4.85
4/4/2006,4.82
4/5/2006,4.79
4/6/2006,4.84
4/7/2006,4.89
4/8/2006,
4/9/2006,
4/10/2006,4.89
4/11/2006,4.86
4/12/2006,4.91
4/13/2006,4.97
4/14/2006,0
4/15/2006,
4/16/2006,
4/17/2006,4.93
4/18/2006,4.87
4/19/2006,4.91
4/20/2006,4.92
4/21/2006,4.92
4/22/2006,
4/23/2006,
4/24/2006,4.9
4/25/2006,4.98
4/26/2006,5.02
4/27/2006,4.95
4/28/2006,4.92
4/29/2006,
4/30/2006,
5/1/2006,4.99
5/2/2006,4.98
5/3/2006,5.01
5/4/2006,5.03
5/5/2006,4.99
5/6/2006,
5/7/2006,
5/8/2006,5.01
5/9/2006,5.01
5/10/2006,5.03
5/11/2006,5.04
5/12/2006,5.08
5/13/2006,
5/14/2006,
5/15/2006,5.04
5/16/2006,4.99
5/17/2006,5.03
5/18/2006,4.96
5/19/2006,4.96
5/20/2006,
5/21/2006,
5/22/2006,4.94
5/23/2006,4.98
5/24/2006,4.93
5/25/2006,4.97
5/26/2006,4.95
5/27/2006,
5/28/2006,
5/29/2006,0
5/30/2006,4.99
5/31/2006,5.04
6/1/2006,5.03
6/2/2006,4.9
6/3/2006,
6/4/2006,
6/5/2006,4.95
6/6/2006,4.95
6/7/2006,4.97
6/8/2006,4.95
6/9/2006,4.95
6/10/2006,
6/11/2006,
6/12/2006,4.95
6/13/2006,4.93
6/14/2006,5.03
6/15/2006,5.08
6/16/2006,5.1
6/17/2006,
6/18/2006,
6/19/2006,5.12
6/20/2006,5.13
6/21/2006,5.14
6/22/2006,5.18
6/23/2006,5.21
6/24/2006,
6/25/2006,
6/26/2006,5.22
6/27/2006,5.19
6/28/2006,5.23
6/29/2006,5.17
6/30/2006,5.1
7/1/2006,
7/2/2006,
7/3/2006,5.11
7/4/2006,0
7/5/2006,5.19
7/6/2006,5.15
7/7/2006,5.1
7/8/2006,
7/9/2006,
7/10/2006,5.1
7/11/2006,5.07
7/12/2006,5.08
7/13/2006,5.04
7/14/2006,5.02
7/15/2006,
7/16/2006,
7/17/2006,5.04
7/18/2006,5.1
7/19/2006,5.02
7/20/2006,4.98
7/21/2006,4.99
7/22/2006,
7/23/2006,
7/24/2006,4.99
7/25/2006,5.02
7/26/2006,4.99
7/27/2006,4.98
7/28/2006,4.92
7/29/2006,
7/30/2006,
7/31/2006,4.91
8/1/2006,4.9
8/2/2006,4.88
8/3/2006,4.9
8/4/2006,4.84
8/5/2006,
8/6/2006,
8/7/2006,4.86
8/8/2006,4.85
8/9/2006,4.86
8/10/2006,4.86
8/11/2006,4.91
8/12/2006,
8/13/2006,
8/14/2006,4.95
8/15/2006,4.88
8/16/2006,4.81
8/17/2006,4.82
8/18/2006,4.78
8/19/2006,
8/20/2006,
8/21/2006,4.77
8/22/2006,4.77
8/23/2006,4.77
8/24/2006,4.78
8/25/2006,4.76
8/26/2006,
8/27/2006,
8/28/2006,4.77
8/29/2006,4.77
8/30/2006,4.72
8/31/2006,4.7
9/1/2006,4.68
9/2/2006,
9/3/2006,
9/4/2006,0
9/5/2006,4.73
9/6/2006,4.75
9/7/2006,4.74
9/8/2006,4.71
9/9/2006,
9/10/2006,
9/11/2006,4.74
9/12/2006,4.71
9/13/2006,4.7
9/14/2006,4.74
9/15/2006,4.76
9/16/2006,
9/17/2006,
9/18/2006,4.77
9/19/2006,4.69
9/20/2006,4.7
9/21/2006,4.6
9/22/2006,4.55
9/23/2006,
9/24/2006,
9/25/2006,4.51
9/26/2006,4.55
9/27/2006,4.56
9/28/2006,4.57
9/29/2006,4.59
9/30/2006,
10/1/2006,
10/2/2006,4.56
10/3/2006,4.56
10/4/2006,4.5
10/5/2006,4.55
10/6/2006,4.64
10/7/2006,
10/8/2006,
10/9/2006,0
10/10/2006,4.71
10/11/2006,4.75
10/12/2006,4.74
10/13/2006,4.77
10/14/2006,
10/15/2006,
10/16/2006,4.76
10/17/2006,4.73
10/18/2006,4.74
10/19/2006,4.75
10/20/2006,4.76
10/21/2006,
10/22/2006,
10/23/2006,4.8
10/24/2006,4.81
10/25/2006,4.75
10/26/2006,4.69
10/27/2006,4.64
10/28/2006,
10/29/2006,
10/30/2006,4.64
10/31/2006,4.57
11/1/2006,4.52
11/2/2006,4.55
11/3/2006,4.7
11/4/2006,
11/5/2006,
11/6/2006,4.69
11/7/2006,4.63
11/8/2006,4.61
11/9/2006,4.6
11/10/2006,4.57
11/11/2006,
11/12/2006,
11/13/2006,4.6
11/14/2006,4.57
11/15/2006,4.62
11/16/2006,4.67
11/17/2006,4.6
11/18/2006,
11/19/2006,
11/20/2006,4.6
11/21/2006,4.58
11/22/2006,4.57
11/23/2006,0
11/24/2006,4.55
11/25/2006,
11/26/2006,
11/27/2006,4.54
11/28/2006,4.5
11/29/2006,4.51
11/30/2006,4.45
12/1/2006,4.39
12/2/2006,
12/3/2006,
12/4/2006,4.39
12/5/2006,4.39
12/6/2006,4.44
12/7/2006,4.45
12/8/2006,4.53
12/9/2006,
12/10/2006,
12/11/2006,4.5
12/12/2006,4.45
12/13/2006,4.54
12/14/2006,4.58
12/15/2006,4.57
12/16/2006,
12/17/2006,
12/18/2006,4.57
12/19/2006,4.57
12/20/2006,4.57
12/21/2006,4.52
12/22/2006,4.59
12/23/2006,
12/24/2006,
12/25/2006,0
12/26/2006,4.58
12/27/2006,4.64
12/28/2006,4.69
12/29/2006,4.7
12/30/2006,
12/31/2006,
1/1/2007,0
1/2/2007,4.68
1/3/2007,4.66
1/4/2007,4.61
1/5/2007,4.65
1/6/2007,
1/7/2007,
1/8/2007,4.66
1/9/2007,4.65
1/10/2007,4.68
1/11/2007,4.73
1/12/2007,4.76
1/13/2007,
1/14/2007,
1/15/2007,0
1/16/2007,4.74
1/17/2007,4.78
1/18/2007,4.75
1/19/2007,4.78
1/20/2007,
1/21/2007,
1/22/2007,4.77
1/23/2007,4.81
1/24/2007,4.81
1/25/2007,4.85
1/26/2007,4.87
1/27/2007,
1/28/2007,
1/29/2007,4.89
1/30/2007,4.86
1/31/2007,4.82
2/1/2007,4.84
2/2/2007,4.82
2/3/2007,
2/4/2007,
2/5/2007,4.8
2/6/2007,4.76
2/7/2007,4.74
2/8/2007,4.73
2/9/2007,4.78
2/10/2007,
2/11/2007,
2/12/2007,4.8
2/13/2007,4.81
2/14/2007,4.72
2/15/2007,4.68
2/16/2007,4.68
2/17/2007,
2/18/2007,
2/19/2007,0
2/20/2007,4.67
2/21/2007,4.68
2/22/2007,4.72
2/23/2007,4.67
2/24/2007,
2/25/2007,
2/26/2007,4.62
2/27/2007,4.46
2/28/2007,4.52
3/1/2007,4.5
3/2/2007,4.46
3/3/2007,
3/4/2007,
3/5/2007,4.45
3/6/2007,4.48
3/7/2007,4.45
3/8/2007,4.45
3/9/2007,4.55
3/10/2007,
3/11/2007,
3/12/2007,4.5
3/13/2007,4.41
3/14/2007,4.44
3/15/2007,4.46
3/16/2007,4.47
3/17/2007,
3/18/2007,
3/19/2007,4.5
3/20/2007,4.47
3/21/2007,4.43
3/22/2007,4.49
3/23/2007,4.52
3/24/2007,
3/25/2007,
3/26/2007,4.48
3/27/2007,4.5
3/28/2007,4.5
3/29/2007,4.53
3/30/2007,4.54
3/31/2007,
4/1/2007,
4/2/2007,4.54
4/3/2007,4.56
4/4/2007,4.55
4/5/2007,4.57
4/6/2007,4.67
4/7/2007,
4/8/2007,
4/9/2007,4.66
4/10/2007,4.63
4/11/2007,4.66
4/12/2007,4.66
4/13/2007,4.68
4/14/2007,
4/15/2007,
4/16/2007,4.67
4/17/2007,4.61
4/18/2007,4.56
4/19/2007,4.57
4/20/2007,4.57
4/21/2007,
4/22/2007,
4/23/2007,4.55
4/24/2007,4.51
4/25/2007,4.55
4/26/2007,4.59
4/27/2007,4.59
4/28/2007,
4/29/2007,
4/30/2007,4.51
5/1/2007,4.54
5/2/2007,4.55
5/3/2007,4.59
5/4/2007,4.55
5/5/2007,
5/6/2007,
5/7/2007,4.55
5/8/2007,4.54
5/9/2007,4.58
5/10/2007,4.56
5/11/2007,4.58
5/12/2007,
5/13/2007,
5/14/2007,4.61
5/15/2007,4.63
5/16/2007,4.62
5/17/2007,4.68
5/18/2007,4.74
5/19/2007,
5/20/2007,
5/21/2007,4.71
5/22/2007,4.76
5/23/2007,4.79
5/24/2007,4.79
5/25/2007,4.8
5/26/2007,
5/27/2007,
5/28/2007,0
5/29/2007,4.82
5/30/2007,4.83
5/31/2007,4.86
6/1/2007,4.92
6/2/2007,
6/3/2007,
6/4/2007,4.91
6/5/2007,4.96
6/6/2007,4.94
6/7/2007,5.05
6/8/2007,5.06
6/9/2007,
6/10/2007,
6/11/2007,5.07
6/12/2007,5.18
6/13/2007,5.13
6/14/2007,5.16
6/15/2007,5.1
6/16/2007,
6/17/2007,
6/18/2007,5.07
6/19/2007,5
6/20/2007,5.05
6/21/2007,5.06
6/22/2007,5.02
6/23/2007,
6/24/2007,
6/25/2007,4.97
6/26/2007,4.99
6/27/2007,4.97
6/28/2007,5.02
6/29/2007,4.92
6/30/2007,
7/1/2007,
7/2/2007,4.9
7/3/2007,4.95
7/4/2007,0
7/5/2007,5.05
7/6/2007,5.1
7/7/2007,
7/8/2007,
7/9/2007,5.07
7/10/2007,4.93
7/11/2007,4.98
7/12/2007,5.03
7/13/2007,5.01
7/14/2007,
7/15/2007,
7/16/2007,4.95
7/17/2007,4.98
7/18/2007,4.91
7/19/2007,4.94
7/20/2007,4.85
7/21/2007,
7/22/2007,
7/23/2007,4.86
7/24/2007,4.82
7/25/2007,4.8
7/26/2007,4.61
7/27/2007,4.6
7/28/2007,
7/29/2007,
7/30/2007,4.64
7/31/2007,4.6
8/1/2007,4.6
8/2/2007,4.62
8/3/2007,4.52
8/4/2007,
8/5/2007,
8/6/2007,4.52
8/7/2007,4.6
8/8/2007,4.69
8/9/2007,4.58
8/10/2007,4.59
8/11/2007,
8/12/2007,
8/13/2007,4.57
8/14/2007,4.51
8/15/2007,4.41
8/16/2007,4.26
8/17/2007,4.35
8/18/2007,
8/19/2007,
8/20/2007,4.32
8/21/2007,4.27
8/22/2007,4.34
8/23/2007,4.36
8/24/2007,4.42
8/25/2007,
8/26/2007,
8/27/2007,4.39
8/28/2007,4.25
8/29/2007,4.31
8/30/2007,4.21
8/31/2007,4.25
9/1/2007,
9/2/2007,
9/3/2007,0
9/4/2007,4.26
9/5/2007,4.16
9/6/2007,4.2
9/7/2007,4.03
9/8/2007,
9/9/2007,
9/10/2007,4
9/11/2007,4.07
9/12/2007,4.11
9/13/2007,4.22
9/14/2007,4.18
9/15/2007,
9/16/2007,
9/17/2007,4.21
9/18/2007,4.19
9/19/2007,4.2
9/20/2007,4.35
9/21/2007,4.31
9/22/2007,
9/23/2007,
9/24/2007,4.31
9/25/2007,4.26
9/26/2007,4.27
9/27/2007,4.22
9/28/2007,4.23
9/29/2007,
9/30/2007,
10/1/2007,4.24
10/2/2007,4.2
10/3/2007,4.24
10/4/2007,4.22
10/5/2007,4.33
10/6/2007,
10/7/2007,
10/8/2007,0
10/9/2007,4.38
10/10/2007,4.37
10/11/2007,4.36
10/12/2007,4.42
10/13/2007,
10/14/2007,
10/15/2007,4.4
10/16/2007,4.34
10/17/2007,4.22
10/18/2007,4.17
10/19/2007,4.03
10/20/2007,
10/21/2007,
10/22/2007,4.08
10/23/2007,4.06
10/24/2007,3.99
10/25/2007,4.01
10/26/2007,4.04
10/27/2007,
10/28/2007,
10/29/2007,4.04
10/30/2007,4.06
10/31/2007,4.16
11/1/2007,4.02
11/2/2007,3.93
11/3/2007,
11/4/2007,
11/5/2007,3.96
11/6/2007,3.99
11/7/2007,3.92
11/8/2007,3.81
11/9/2007,3.77
11/10/2007,
11/11/2007,
11/12/2007,0
11/13/2007,3.84
11/14/2007,3.86
11/15/2007,3.71
11/16/2007,3.68
11/17/2007,
11/18/2007,
11/19/2007,3.57
11/20/2007,3.52
11/21/2007,3.4
11/22/2007,0
11/23/2007,3.42
11/24/2007,
11/25/2007,
11/26/2007,3.23
11/27/2007,3.38
11/28/2007,3.5
11/29/2007,3.42
11/30/2007,3.41
12/1/2007,
12/2/2007,
12/3/2007,3.28
12/4/2007,3.28
12/5/2007,3.28
12/6/2007,3.39
12/7/2007,3.51
12/8/2007,
12/9/2007,
12/10/2007,3.54
12/11/2007,3.32
12/12/2007,3.41
12/13/2007,3.54
12/14/2007,3.63
12/15/2007,
12/16/2007,
12/17/2007,3.57
12/18/2007,3.53
12/19/2007,3.46
12/20/2007,3.45
12/21/2007,3.58
12/22/2007,
12/23/2007,
12/24/2007,3.65
12/25/2007,0
12/26/2007,3.72
12/27/2007,3.64
12/28/2007,3.52
12/29/2007,
12/30/2007,
12/31/2007,3.45
1/1/2008,0
1/2/2008,3.28
1/3/2008,3.26
1/4/2008,3.18
1/5/2008,
1/6/2008,
1/7/2008,3.16
1/8/2008,3.16
1/9/2008,3.1
1/10/2008,3.16
1/11/2008,3.06
1/12/2008,
1/13/2008,
1/14/2008,3.08
1/15/2008,3
1/16/2008,3
1/17/2008,2.9
1/18/2008,2.86
1/19/2008,
1/20/2008,
1/21/2008,0
1/22/2008,2.64
1/23/2008,2.64
1/24/2008,2.85
1/25/2008,2.81
1/26/2008,
1/27/2008,
1/28/2008,2.8
1/29/2008,2.87
1/30/2008,2.96
1/31/2008,2.82
2/1/2008,2.75
2/2/2008,
2/3/2008,
2/4/2008,2.78
2/5/2008,2.66
2/6/2008,2.67
2/7/2008,2.79
2/8/2008,2.69
2/9/2008,
2/10/2008,
2/11/2008,2.67
2/12/2008,2.71
2/13/2008,2.71
2/14/2008,2.81
2/15/2008,2.76
2/16/2008,
2/17/2008,
2/18/2008,0
2/19/2008,2.93
2/20/2008,3.02
2/21/2008,2.8
2/22/2008,2.81
2/23/2008,
2/24/2008,
2/25/2008,2.98
2/26/2008,2.92
2/27/2008,2.89
2/28/2008,2.73
2/29/2008,2.5
3/1/2008,
3/2/2008,
3/3/2008,2.48
3/4/2008,2.53
3/5/2008,2.59
3/6/2008,2.5
3/7/2008,2.45
3/8/2008,
3/9/2008,
3/10/2008,2.37
3/11/2008,2.61
3/12/2008,2.49
3/13/2008,2.53
3/14/2008,2.37
3/15/2008,
3/16/2008,
3/17/2008,2.23
3/18/2008,2.42
3/19/2008,2.36
3/20/2008,2.36
3/21/2008,0
3/22/2008,
3/23/2008,
3/24/2008,2.64
3/25/2008,2.61
3/26/2008,2.55
3/27/2008,2.61
3/28/2008,2.51
3/29/2008,
3/30/2008,
3/31/2008,2.46
4/1/2008,2.65
4/2/2008,2.72
4/3/2008,2.75
4/4/2008,2.63
4/5/2008,
4/6/2008,
4/7/2008,2.75
4/8/2008,2.72
4/9/2008,2.59
4/10/2008,2.66
4/11/2008,2.57
4/12/2008,
4/13/2008,
4/14/2008,2.6
4/15/2008,2.68
4/16/2008,2.82
4/17/2008,2.9
4/18/2008,2.95
4/19/2008,
4/20/2008,
4/21/2008,2.95
4/22/2008,2.96
4/23/2008,2.98
4/24/2008,3.15
4/25/2008,3.2
4/26/2008,
4/27/2008,
4/28/2008,3.14
4/29/2008,3.11
4/30/2008,3.03
5/1/2008,3.06
5/2/2008,3.18
5/3/2008,
5/4/2008,
5/5/2008,3.14
5/6/2008,3.15
5/7/2008,3.09
5/8/2008,2.99
5/9/2008,2.98
5/10/2008,
5/11/2008,
5/12/2008,3
5/13/2008,3.17
5/14/2008,3.22
5/15/2008,3.1
5/16/2008,3.12
5/17/2008,
5/18/2008,
5/19/2008,3.09
5/20/2008,3.02
5/21/2008,3.09
5/22/2008,3.24
5/23/2008,3.15
5/24/2008,
5/25/2008,
5/26/2008,0
5/27/2008,3.25
5/28/2008,3.36
5/29/2008,3.41
5/30/2008,3.41
5/31/2008,
6/1/2008,
6/2/2008,3.28
6/3/2008,3.21
6/4/2008,3.26
6/5/2008,3.34
6/6/2008,3.2
6/7/2008,
6/8/2008,
6/9/2008,3.41
6/10/2008,3.54
6/11/2008,3.49
6/12/2008,3.68
6/13/2008,3.73
6/14/2008,
6/15/2008,
6/16/2008,3.73
6/17/2008,3.66
6/18/2008,3.57
6/19/2008,3.67
6/20/2008,3.57
6/21/2008,
6/22/2008,
6/23/2008,3.65
6/24/2008,3.52
6/25/2008,3.54
6/26/2008,3.44
6/27/2008,3.36
6/28/2008,
6/29/2008,
6/30/2008,3.34
7/1/2008,3.33
7/2/2008,3.31
7/3/2008,3.28
7/4/2008,0
7/5/2008,
7/6/2008,
7/7/2008,3.23
7/8/2008,3.19
7/9/2008,3.11
7/10/2008,3.1
7/11/2008,3.27
7/12/2008,
7/13/2008,
7/14/2008,3.2
7/15/2008,3.12
7/16/2008,3.2
7/17/2008,3.35
7/18/2008,3.42
7/19/2008,
7/20/2008,
7/21/2008,3.41
7/22/2008,3.48
7/23/2008,3.51
7/24/2008,3.37
7/25/2008,3.45
7/26/2008,
7/27/2008,
7/28/2008,3.34
7/29/2008,3.39
7/30/2008,3.36
7/31/2008,3.25
8/1/2008,3.23
8/2/2008,
8/3/2008,
8/4/2008,3.23
8/5/2008,3.28
8/6/2008,3.3
8/7/2008,3.16
8/8/2008,3.21
8/9/2008,
8/10/2008,
8/11/2008,3.27
8/12/2008,3.16
8/13/2008,3.21
8/14/2008,3.15
8/15/2008,3.11
8/16/2008,
8/17/2008,
8/18/2008,3.07
8/19/2008,3.07
8/20/2008,3
8/21/2008,3.08
8/22/2008,3.14
8/23/2008,
8/24/2008,
8/25/2008,3.04
8/26/2008,3.06
8/27/2008,3.02
8/28/2008,3.09
8/29/2008,3.1
8/30/2008,
8/31/2008,
9/1/2008,0
9/2/2008,3
9/3/2008,2.95
9/4/2008,2.87
9/5/2008,2.91
9/6/2008,
9/7/2008,
9/8/2008,2.96
9/9/2008,2.9
9/10/2008,2.91
9/11/2008,2.87
9/12/2008,2.97
9/13/2008,
9/14/2008,
9/15/2008,2.59
9/16/2008,2.64
9/17/2008,2.52
9/18/2008,2.67
9/19/2008,3.01
9/20/2008,
9/21/2008,
9/22/2008,3.04
9/23/2008,3.03
9/24/2008,2.91
9/25/2008,3.09
9/26/2008,3.05
9/27/2008,
9/28/2008,
9/29/2008,2.7
9/30/2008,2.98
10/1/2008,2.87
10/2/2008,2.68
10/3/2008,2.64
10/4/2008,
10/5/2008,
10/6/2008,2.45
10/7/2008,2.45
10/8/2008,2.7
10/9/2008,2.79
10/10/2008,2.77
10/11/2008,
10/12/2008,
10/13/2008,0
10/14/2008,3.01
10/15/2008,2.9
10/16/2008,2.84
10/17/2008,2.83
10/18/2008,
10/19/2008,
10/20/2008,2.82
10/21/2008,2.63
10/22/2008,2.56
10/23/2008,2.57
10/24/2008,2.64
10/25/2008,
10/26/2008,
10/27/2008,2.67
10/28/2008,2.75
10/29/2008,2.77
10/30/2008,2.84
10/31/2008,2.8
11/1/2008,
11/2/2008,
11/3/2008,2.71
11/4/2008,2.56
11/5/2008,2.5
11/6/2008,2.46
11/7/2008,2.56
11/8/2008,
11/9/2008,
11/10/2008,2.51
11/11/2008,0
11/12/2008,2.37
11/13/2008,2.43
11/14/2008,2.33
11/15/2008,
11/16/2008,
11/17/2008,2.32
11/18/2008,2.22
11/19/2008,2.08
11/20/2008,1.94
11/21/2008,2.02
11/22/2008,
11/23/2008,
11/24/2008,2.24
11/25/2008,2.06
11/26/2008,2.01
11/27/2008,0
11/28/2008,1.93
11/29/2008,
11/30/2008,
12/1/2008,1.71
12/2/2008,1.65
12/3/2008,1.6
12/4/2008,1.51
12/5/2008,1.67
12/6/2008,
12/7/2008,
12/8/2008,1.76
12/9/2008,1.61
12/10/2008,1.62
12/11/2008,1.55
12/12/2008,1.55
12/13/2008,
12/14/2008,
12/15/2008,1.5
12/16/2008,1.34
12/17/2008,1.35
12/18/2008,1.26
12/19/2008,1.35
12/20/2008,
12/21/2008,
12/22/2008,1.4
12/23/2008,1.53
12/24/2008,1.54
12/25/2008,0
12/26/2008,1.51
12/27/2008,
12/28/2008,
12/29/2008,1.45
12/30/2008,1.47
12/31/2008,1.55
1/1/2009,0
1/2/2009,1.72
1/3/2009,
1/4/2009,
1/5/2009,1.67
1/6/2009,1.68
1/7/2009,1.66
1/8/2009,1.6
1/9/2009,1.51
1/10/2009,
1/11/2009,
1/12/2009,1.45
1/13/2009,1.44
1/14/2009,1.36
1/15/2009,1.36
1/16/2009,1.47
1/17/2009,
1/18/2009,
1/19/2009,0
1/20/2009,1.48
1/21/2009,1.6
1/22/2009,1.61
1/23/2009,1.64
1/24/2009,
1/25/2009,
1/26/2009,1.67
1/27/2009,1.59
1/28/2009,1.7
1/29/2009,1.87
1/30/2009,1.85
1/31/2009,
2/1/2009,
2/2/2009,1.75
2/3/2009,1.88
2/4/2009,1.91
2/5/2009,1.89
2/6/2009,1.97
2/7/2009,
2/8/2009,
2/9/2009,1.99
2/10/2009,1.79
2/11/2009,1.76
2/12/2009,1.73
2/13/2009,1.88
2/14/2009,
2/15/2009,
2/16/2009,0
2/17/2009,1.65
2/18/2009,1.81
2/19/2009,1.89
2/20/2009,1.81
2/21/2009,
2/22/2009,
2/23/2009,1.84
2/24/2009,1.89
2/25/2009,2.06
2/26/2009,2.07
2/27/2009,1.99
2/28/2009,
3/1/2009,
3/2/2009,1.86
3/3/2009,1.87
3/4/2009,1.97
3/5/2009,1.82
3/6/2009,1.83
3/7/2009,
3/8/2009,
3/9/2009,1.9
3/10/2009,1.99
3/11/2009,1.96
3/12/2009,1.92
3/13/2009,1.87
3/14/2009,
3/15/2009,
3/16/2009,1.91
3/17/2009,2
3/18/2009,1.54
3/19/2009,1.64
3/20/2009,1.66
3/21/2009,
3/22/2009,
3/23/2009,1.69
3/24/2009,1.7
3/25/2009,1.84
3/26/2009,1.8
3/27/2009,1.79
3/28/2009,
3/29/2009,
3/30/2009,1.72
3/31/2009,1.67
4/1/2009,1.65
4/2/2009,1.74
4/3/2009,1.87
4/4/2009,
4/5/2009,
4/6/2009,1.9
4/7/2009,1.87
4/8/2009,1.83
4/9/2009,1.9
4/10/2009,0
4/11/2009,
4/12/2009,
4/13/2009,1.81
4/14/2009,1.71
4/15/2009,1.71
4/16/2009,1.79
4/17/2009,1.91
4/18/2009,
4/19/2009,
4/20/2009,1.82
4/21/2009,1.87
4/22/2009,1.92
4/23/2009,1.89
4/24/2009,1.96
4/25/2009,
4/26/2009,
4/27/2009,1.87
4/28/2009,1.97
4/29/2009,2.01
4/30/2009,2.02
5/1/2009,2.03
5/2/2009,
5/3/2009,
5/4/2009,2.03
5/5/2009,2.05
5/6/2009,2.06
5/7/2009,2.15
5/8/2009,2.15
5/9/2009,
5/10/2009,
5/11/2009,2.04
5/12/2009,2.02
5/13/2009,1.98
5/14/2009,1.98
5/15/2009,2.01
5/16/2009,
5/17/2009,
5/18/2009,2.09
5/19/2009,2.12
5/20/2009,2.05
5/21/2009,2.16
5/22/2009,2.23
5/23/2009,
5/24/2009,
5/25/2009,0
5/26/2009,2.3
5/27/2009,2.43
5/28/2009,2.46
5/29/2009,2.34
5/30/2009,
5/31/2009,
6/1/2009,2.55
6/2/2009,2.52
6/3/2009,2.43
6/4/2009,2.56
6/5/2009,2.85
6/6/2009,
6/7/2009,
6/8/2009,2.95
6/9/2009,2.86
6/10/2009,2.93
6/11/2009,2.87
6/12/2009,2.81
6/13/2009,
6/14/2009,
6/15/2009,2.75
6/16/2009,2.7
6/17/2009,2.69
6/18/2009,2.86
6/19/2009,2.82
6/20/2009,
6/21/2009,
6/22/2009,2.75
6/23/2009,2.71
6/24/2009,2.74
6/25/2009,2.58
6/26/2009,2.53
6/27/2009,
6/28/2009,
6/29/2009,2.53
6/30/2009,2.54
7/1/2009,2.51
7/2/2009,2.43
7/3/2009,0
7/4/2009,
7/5/2009,
7/6/2009,2.4
7/7/2009,2.36
7/8/2009,2.23
7/9/2009,2.33
7/10/2009,2.22
7/11/2009,
7/12/2009,
7/13/2009,2.27
7/14/2009,2.37
7/15/2009,2.52
7/16/2009,2.46
7/17/2009,2.52
7/18/2009,
7/19/2009,
7/20/2009,2.46
7/21/2009,2.36
7/22/2009,2.43
7/23/2009,2.6
7/24/2009,2.57
7/25/2009,
7/26/2009,
7/27/2009,2.63
7/28/2009,2.63
7/29/2009,2.69
7/30/2009,2.66
7/31/2009,2.53
8/1/2009,
8/2/2009,
8/3/2009,2.66
8/4/2009,2.68
8/5/2009,2.73
8/6/2009,2.73
8/7/2009,2.84
8/8/2009,
8/9/2009,
8/10/2009,2.75
8/11/2009,2.69
8/12/2009,2.7
8/13/2009,2.58
8/14/2009,2.51
8/15/2009,
8/16/2009,
8/17/2009,2.43
8/18/2009,2.48
8/19/2009,2.43
8/20/2009,2.43
8/21/2009,2.58
8/22/2009,
8/23/2009,
8/24/2009,2.5
8/25/2009,2.48
8/26/2009,2.46
8/27/2009,2.48
8/28/2009,2.46
8/29/2009,
8/30/2009,
8/31/2009,2.39
9/1/2009,2.33
9/2/2009,2.26
9/3/2009,2.29
9/4/2009,2.36
9/5/2009,
9/6/2009,
9/7/2009,0
9/8/2009,2.38
9/9/2009,2.38
9/10/2009,2.29
9/11/2009,2.29
9/12/2009,
9/13/2009,
9/14/2009,2.37
9/15/2009,2.41
9/16/2009,2.46
9/17/2009,2.41
9/18/2009,2.49
9/19/2009,
9/20/2009,
9/21/2009,2.47
9/22/2009,2.45
9/23/2009,2.4
9/24/2009,2.37
9/25/2009,2.36
9/26/2009,
9/27/2009,
9/28/2009,2.33
9/29/2009,2.34
9/30/2009,2.31
10/1/2009,2.2
10/2/2009,2.22
10/3/2009,
10/4/2009,
10/5/2009,2.21
10/6/2009,2.25
10/7/2009,2.16
10/8/2009,2.22
10/9/2009,2.36
10/10/2009,
10/11/2009,
10/12/2009,0
10/13/2009,2.28
10/14/2009,2.36
10/15/2009,2.41
10/16/2009,2.37
10/17/2009,
10/18/2009,
10/19/2009,2.36
10/20/2009,2.3
10/21/2009,2.38
10/22/2009,2.39
10/23/2009,2.46
10/24/2009,
10/25/2009,
10/26/2009,2.53
10/27/2009,2.41
10/28/2009,2.37
10/29/2009,2.44
10/30/2009,2.31
10/31/2009,
11/1/2009,
11/2/2009,2.33
11/3/2009,2.36
11/4/2009,2.39
11/5/2009,2.35
11/6/2009,2.3
11/7/2009,
11/8/2009,
11/9/2009,2.31
11/10/2009,2.31
11/11/2009,0
11/12/2009,2.28
11/13/2009,2.28
11/14/2009,
11/15/2009,
11/16/2009,2.19
11/17/2009,2.19
11/18/2009,2.21
11/19/2009,2.18
11/20/2009,2.2
11/21/2009,
11/22/2009,
11/23/2009,2.2
11/24/2009,2.15
11/25/2009,2.11
11/26/2009,0
11/27/2009,2.03
11/28/2009,
11/29/2009,
11/30/2009,2.01
12/1/2009,2.03
12/2/2009,2.09
12/3/2009,2.14
12/4/2009,2.24
12/5/2009,
12/6/2009,
12/7/2009,2.19
12/8/2009,2.12
12/9/2009,2.15
12/10/2009,2.19
12/11/2009,2.26
12/12/2009,
12/13/2009,
12/14/2009,2.3
12/15/2009,2.35
12/16/2009,2.35
12/17/2009,2.24
12/18/2009,2.3
12/19/2009,
12/20/2009,
12/21/2009,2.43
12/22/2009,2.49
12/23/2009,2.51
12/24/2009,2.57
12/25/2009,0
12/26/2009,
12/27/2009,
12/28/2009,2.62
12/29/2009,2.62
12/30/2009,2.61
12/31/2009,2.69
1/1/2010,0
1/2/2010,
1/3/2010,
1/4/2010,2.65
1/5/2010,2.56
1/6/2010,2.6
1/7/2010,2.62
1/8/2010,2.57
1/9/2010,
1/10/2010,
1/11/2010,2.58
1/12/2010,2.49
1/13/2010,2.55
1/14/2010,2.51
1/15/2010,2.44
1/16/2010,
1/17/2010,
1/18/2010,0
1/19/2010,2.48
1/20/2010,2.45
1/21/2010,2.38
1/22/2010,2.37
1/23/2010,
1/24/2010,
1/25/2010,2.39
1/26/2010,2.38
1/27/2010,2.43
1/28/2010,2.41
1/29/2010,2.34
1/30/2010,
1/31/2010,
2/1/2010,2.38
2/2/2010,2.37
2/3/2010,2.4
2/4/2010,2.29
2/5/2010,2.23
2/6/2010,
2/7/2010,
2/8/2010,2.26
2/9/2010,2.32
2/10/2010,2.39
2/11/2010,2.39
2/12/2010,2.35
2/13/2010,
2/14/2010,
2/15/2010,0
2/16/2010,2.32
2/17/2010,2.4
2/18/2010,2.46
2/19/2010,2.48
2/20/2010,
2/21/2010,
2/22/2010,2.47
2/23/2010,2.37
2/24/2010,2.4
2/25/2010,2.33
2/26/2010,2.3
2/27/2010,
2/28/2010,
3/1/2010,2.28
3/2/2010,2.27
3/3/2010,2.27
3/4/2010,2.28
3/5/2010,2.35
3/6/2010,
3/7/2010,
3/8/2010,2.36
3/9/2010,2.34
3/10/2010,2.39
3/11/2010,2.43
3/12/2010,2.42
3/13/2010,
3/14/2010,
3/15/2010,2.42
3/16/2010,2.37
3/17/2010,2.38
3/18/2010,2.44
3/19/2010,2.48
3/20/2010,
3/21/2010,
3/22/2010,2.43
3/23/2010,2.44
3/24/2010,2.62
3/25/2010,2.65
3/26/2010,2.59
3/27/2010,
3/28/2010,
3/29/2010,2.6
3/30/2010,2.6
3/31/2010,2.55
4/1/2010,2.59
4/2/2010,2.67
4/3/2010,
4/4/2010,
4/5/2010,2.75
4/6/2010,2.71
4/7/2010,2.62
4/8/2010,2.64
4/9/2010,2.65
4/10/2010,
4/11/2010,
4/12/2010,2.6
4/13/2010,2.58
4/14/2010,2.61
4/15/2010,2.57
4/16/2010,2.49
4/17/2010,
4/18/2010,
4/19/2010,2.54
4/20/2010,2.56
4/21/2010,2.52
4/22/2010,2.57
4/23/2010,2.61
4/24/2010,
4/25/2010,
4/26/2010,2.6
4/27/2010,2.46
4/28/2010,2.53
4/29/2010,2.49
4/30/2010,2.43
5/1/2010,
5/2/2010,
5/3/2010,2.47
5/4/2010,2.38
5/5/2010,2.31
5/6/2010,2.13
5/7/2010,2.17
5/8/2010,
5/9/2010,
5/10/2010,2.27
5/11/2010,2.26
5/12/2010,2.29
5/13/2010,2.27
5/14/2010,2.16
5/15/2010,
5/16/2010,
5/17/2010,2.2
5/18/2010,2.11
5/19/2010,2.13
5/20/2010,2.04
5/21/2010,2.02
5/22/2010,
5/23/2010,
5/24/2010,2.04
5/25/2010,2.01
5/26/2010,2.06
5/27/2010,2.18
5/28/2010,2.1
5/29/2010,
5/30/2010,
5/31/2010,0
6/1/2010,2.09
6/2/2010,2.14
6/3/2010,2.17
6/4/2010,1.98
6/5/2010,
6/6/2010,
6/7/2010,1.95
6/8/2010,1.98
6/9/2010,1.99
6/10/2010,2.12
6/11/2010,2.03
6/12/2010,
6/13/2010,
6/14/2010,2.07
6/15/2010,2.1
6/16/2010,2.06
6/17/2010,2.01
6/18/2010,2.04
6/19/2010,
6/20/2010,
6/21/2010,2.05
6/22/2010,1.98
6/23/2010,1.93
6/24/2010,1.93
6/25/2010,1.9
6/26/2010,
6/27/2010,
6/28/2010,1.83
6/29/2010,1.78
6/30/2010,1.79
7/1/2010,1.8
7/2/2010,1.82
7/3/2010,
7/4/2010,
7/5/2010,0
7/6/2010,1.76
7/7/2010,1.79
7/8/2010,1.8
7/9/2010,1.85
7/10/2010,
7/11/2010,
7/12/2010,1.85
7/13/2010,1.9
7/14/2010,1.82
7/15/2010,1.76
7/16/2010,1.7
7/17/2010,
7/18/2010,
7/19/2010,1.73
7/20/2010,1.71
7/21/2010,1.66
7/22/2010,1.69
7/23/2010,1.75
7/24/2010,
7/25/2010,
7/26/2010,1.76
7/27/2010,1.82
7/28/2010,1.75
7/29/2010,1.7
7/30/2010,1.6
7/31/2010,
8/1/2010,
8/2/2010,1.64
8/3/2010,1.55
8/4/2010,1.62
8/5/2010,1.57
8/6/2010,1.51
8/7/2010,
8/8/2010,
8/9/2010,1.54
8/10/2010,1.46
8/11/2010,1.44
8/12/2010,1.48
8/13/2010,1.47
8/14/2010,
8/15/2010,
8/16/2010,1.4
8/17/2010,1.44
8/18/2010,1.46
8/19/2010,1.41
8/20/2010,1.47
8/21/2010,
8/22/2010,
8/23/2010,1.43
8/24/2010,1.36
8/25/2010,1.4
8/26/2010,1.38
8/27/2010,1.49
8/28/2010,
8/29/2010,
8/30/2010,1.39
8/31/2010,1.33
9/1/2010,1.41
9/2/2010,1.43
9/3/2010,1.49
9/4/2010,
9/5/2010,
9/6/2010,0
9/7/2010,1.41
9/8/2010,1.46
9/9/2010,1.57
9/10/2010,1.59
9/11/2010,
9/12/2010,
9/13/2010,1.51
9/14/2010,1.43
9/15/2010,1.46
9/16/2010,1.48
9/17/2010,1.46
9/18/2010,
9/19/2010,
9/20/2010,1.43
9/21/2010,1.34
9/22/2010,1.33
9/23/2010,1.34
9/24/2010,1.37
9/25/2010,
9/26/2010,
9/27/2010,1.31
9/28/2010,1.25
9/29/2010,1.28
9/30/2010,1.27
10/1/2010,1.26
10/2/2010,
10/3/2010,
10/4/2010,1.23
10/5/2010,1.21
10/6/2010,1.16
10/7/2010,1.14
10/8/2010,1.11
10/9/2010,
10/10/2010,
10/11/2010,0
10/12/2010,1.14
10/13/2010,1.13
10/14/2010,1.18
10/15/2010,1.2
10/16/2010,
10/17/2010,
10/18/2010,1.14
10/19/2010,1.11
10/20/2010,1.11
10/21/2010,1.15
10/22/2010,1.17
10/23/2010,
10/24/2010,
10/25/2010,1.2
10/26/2010,1.27
10/27/2010,1.34
10/28/2010,1.23
10/29/2010,1.17
10/30/2010,
10/31/2010,
11/1/2010,1.17
11/2/2010,1.15
11/3/2010,1.11
11/4/2010,1.04
11/5/2010,1.1
11/6/2010,
11/7/2010,
11/8/2010,1.13
11/9/2010,1.27
11/10/2010,1.23
11/11/2010,0
11/12/2010,1.35
11/13/2010,
11/14/2010,
11/15/2010,1.51
11/16/2010,1.49
11/17/2010,1.49
11/18/2010,1.51
11/19/2010,1.54
11/20/2010,
11/21/2010,
11/22/2010,1.44
11/23/2010,1.4
11/24/2010,1.56
11/25/2010,0
11/26/2010,1.53
11/27/2010,
11/28/2010,
11/29/2010,1.51
11/30/2010,1.47
12/1/2010,1.64
12/2/2010,1.68
12/3/2010,1.64
12/4/2010,
12/5/2010,
12/6/2010,1.53
12/7/2010,1.74
12/8/2010,1.87
12/9/2010,1.9
12/10/2010,1.98
12/11/2010,
12/12/2010,
12/13/2010,1.91
12/14/2010,2.08
12/15/2010,2.11
12/16/2010,2.06
12/17/2010,1.97
12/18/2010,
12/19/2010,
12/20/2010,1.99
12/21/2010,1.99
12/22/2010,2.02
12/23/2010,2.09
12/24/2010,0
12/25/2010,
12/26/2010,
12/27/2010,2.08
12/28/2010,2.18
12/29/2010,2.03
12/30/2010,2.06
12/31/2010,2.01
1/1/2011,
1/2/2011,
1/3/2011,2.02
1/4/2011,2.01
1/5/2011,2.14
1/6/2011,2.09
1/7/2011,1.96
1/8/2011,
1/9/2011,
1/10/2011,1.93
1/11/2011,1.98
1/12/2011,1.99
1/13/2011,1.93
1/14/2011,1.95
1/15/2011,
1/16/2011,
1/17/2011,0
1/18/2011,1.97
1/19/2011,1.95
1/20/2011,2.06
1/21/2011,2.04
1/22/2011,
1/23/2011,
1/24/2011,2.03
1/25/2011,1.96
1/26/2011,2.03
1/27/2011,1.98
1/28/2011,1.92
1/29/2011,
1/30/2011,
1/31/2011,1.95
2/1/2011,2.02
2/2/2011,2.1
2/3/2011,2.18
2/4/2011,2.27
2/5/2011,
2/6/2011,
2/7/2011,2.29
2/8/2011,2.39
2/9/2011,2.33
2/10/2011,2.4
2/11/2011,2.38
2/12/2011,
2/13/2011,
2/14/2011,2.37
2/15/2011,2.35
2/16/2011,2.37
2/17/2011,2.3
2/18/2011,2.3
2/19/2011,
2/20/2011,
2/21/2011,0
2/22/2011,2.16
2/23/2011,2.21
2/24/2011,2.19
2/25/2011,2.16
2/26/2011,
2/27/2011,
2/28/2011,2.13
3/1/2011,2.11
3/2/2011,2.16
3/3/2011,2.3
3/4/2011,2.17
3/5/2011,
3/6/2011,
3/7/2011,2.19
3/8/2011,2.22
3/9/2011,2.16
3/10/2011,2.05
3/11/2011,2.06
3/12/2011,
3/13/2011,
3/14/2011,2
3/15/2011,2
3/16/2011,1.87
3/17/2011,1.91
3/18/2011,1.96
3/19/2011,
3/20/2011,
3/21/2011,2.04
3/22/2011,2.07
3/23/2011,2.07
3/24/2011,2.14
3/25/2011,2.2
3/26/2011,
3/27/2011,
3/28/2011,2.23
3/29/2011,2.25
3/30/2011,2.21
3/31/2011,2.24
4/1/2011,2.24
4/2/2011,
4/3/2011,
4/4/2011,2.2
4/5/2011,2.28
4/6/2011,2.32
4/7/2011,2.29
4/8/2011,2.31
4/9/2011,
4/10/2011,
4/11/2011,2.31
4/12/2011,2.22
4/13/2011,2.19
4/14/2011,2.23
4/15/2011,2.14
4/16/2011,
4/17/2011,
4/18/2011,2.09
4/19/2011,2.09
4/20/2011,2.15
4/21/2011,2.14
4/22/2011,0
4/23/2011,
4/24/2011,
4/25/2011,2.1
4/26/2011,2.05
4/27/2011,2.06
4/28/2011,2
4/29/2011,1.97
4/30/2011,
5/1/2011,
5/2/2011,1.96
5/3/2011,1.96
5/4/2011,1.95
5/5/2011,1.88
5/6/2011,1.87
5/7/2011,
5/8/2011,
5/9/2011,1.84
5/10/2011,1.91
5/11/2011,1.87
5/12/2011,1.89
5/13/2011,1.86
5/14/2011,
5/15/2011,
5/16/2011,1.83
5/17/2011,1.8
5/18/2011,1.87
5/19/2011,1.85
5/20/2011,1.82
5/21/2011,
5/22/2011,
5/23/2011,1.8
5/24/2011,1.81
5/25/2011,1.81
5/26/2011,1.72
5/27/2011,1.71
5/28/2011,
5/29/2011,
5/30/2011,0
5/31/2011,1.68
6/1/2011,1.6
6/2/2011,1.65
6/3/2011,1.6
6/4/2011,
6/5/2011,
6/6/2011,1.6
6/7/2011,1.59
6/8/2011,1.52
6/9/2011,1.6
6/10/2011,1.58
6/11/2011,
6/12/2011,
6/13/2011,1.59
6/14/2011,1.7
6/15/2011,1.55
6/16/2011,1.52
6/17/2011,1.53
6/18/2011,
6/19/2011,
6/20/2011,1.55
6/21/2011,1.57
6/22/2011,1.58
6/23/2011,1.48
6/24/2011,1.4
6/25/2011,
6/26/2011,
6/27/2011,1.47
6/28/2011,1.62
6/29/2011,1.7
6/30/2011,1.76
7/1/2011,1.8
7/2/2011,
7/3/2011,
7/4/2011,0
7/5/2011,1.7
7/6/2011,1.66
7/7/2011,1.74
7/8/2011,1.57
7/9/2011,
7/10/2011,
7/11/2011,1.49
7/12/2011,1.47
7/13/2011,1.45
7/14/2011,1.51
7/15/2011,1.46
7/16/2011,
7/17/2011,
7/18/2011,1.45
7/19/2011,1.45
7/20/2011,1.49
7/21/2011,1.56
7/22/2011,1.53
7/23/2011,
7/24/2011,
7/25/2011,1.55
7/26/2011,1.51
7/27/2011,1.56
7/28/2011,1.52
7/29/2011,1.35
7/30/2011,
7/31/2011,
8/1/2011,1.32
8/2/2011,1.23
8/3/2011,1.25
8/4/2011,1.12
8/5/2011,1.23
8/6/2011,
8/7/2011,
8/8/2011,1.11
8/9/2011,0.91
8/10/2011,0.93
8/11/2011,1.02
8/12/2011,0.96
8/13/2011,
8/14/2011,
8/15/2011,0.99
8/16/2011,0.95
8/17/2011,0.92
8/18/2011,0.9
8/19/2011,0.9
8/20/2011,
8/21/2011,
8/22/2011,0.94
8/23/2011,0.95
8/24/2011,1.05
8/25/2011,0.98
8/26/2011,0.94
8/27/2011,
8/28/2011,
8/29/2011,0.99
8/30/2011,0.94
8/31/2011,0.96
9/1/2011,0.9
9/2/2011,0.88
9/3/2011,
9/4/2011,
9/5/2011,0
9/6/2011,0.88
9/7/2011,0.92
9/8/2011,0.88
9/9/2011,0.81
9/10/2011,
9/11/2011,
9/12/2011,0.87
9/13/2011,0.89
9/14/2011,0.91
9/15/2011,0.95
9/16/2011,0.94
9/17/2011,
9/18/2011,
9/19/2011,0.85
9/20/2011,0.85
9/21/2011,0.88
9/22/2011,0.79
9/23/2011,0.89
9/24/2011,
9/25/2011,
9/26/2011,0.92
9/27/2011,0.97
9/28/2011,0.99
9/29/2011,0.98
9/30/2011,0.96
10/1/2011,
10/2/2011,
10/3/2011,0.87
10/4/2011,0.9
10/5/2011,0.96
10/6/2011,1.01
10/7/2011,1.08
10/8/2011,
10/9/2011,
10/10/2011,0
10/11/2011,1.14
10/12/2011,1.17
10/13/2011,1.11
10/14/2011,1.12
10/15/2011,
10/16/2011,
10/17/2011,1.08
10/18/2011,1.07
10/19/2011,1.05
10/20/2011,1.07
10/21/2011,1.08
10/22/2011,
10/23/2011,
10/24/2011,1.1
10/25/2011,1.01
10/26/2011,1.09
10/27/2011,1.2
10/28/2011,1.13
10/29/2011,
10/30/2011,
10/31/2011,0.99
11/1/2011,0.9
11/2/2011,0.89
11/3/2011,0.91
11/4/2011,0.88
11/5/2011,
11/6/2011,
11/7/2011,0.88
11/8/2011,0.92
11/9/2011,0.88
11/10/2011,0.9
11/11/2011,0
11/12/2011,
11/13/2011,
11/14/2011,0.91
11/15/2011,0.93
11/16/2011,0.9
11/17/2011,0.88
11/18/2011,0.94
11/19/2011,
11/20/2011,
11/21/2011,0.92
11/22/2011,0.91
11/23/2011,0.88
11/24/2011,0
11/25/2011,0.93
11/26/2011,
11/27/2011,
11/28/2011,0.91
11/29/2011,0.93
11/30/2011,0.96
12/1/2011,0.97
12/2/2011,0.92
12/3/2011,
12/4/2011,
12/5/2011,0.93
12/6/2011,0.94
12/7/2011,0.89
12/8/2011,0.86
12/9/2011,0.89
12/10/2011,
12/11/2011,
12/12/2011,0.87
12/13/2011,0.85
12/14/2011,0.86
12/15/2011,0.86
12/16/2011,0.81
12/17/2011,
12/18/2011,
12/19/2011,0.82
12/20/2011,0.88
12/21/2011,0.91
12/22/2011,0.91
12/23/2011,0.97
12/24/2011,
12/25/2011,
12/26/2011,0
12/27/2011,0.96
12/28/2011,0.91
12/29/2011,0.88
12/30/2011,0.83
12/31/2011,
1/1/2012,
1/2/2012,0
1/3/2012,0.89
1/4/2012,0.89
1/5/2012,0.88
1/6/2012,0.86
1/7/2012,
1/8/2012,
1/9/2012,0.85
1/10/2012,0.86
1/11/2012,0.82
1/12/2012,0.84
1/13/2012,0.8
1/14/2012,
1/15/2012,
1/16/2012,0
1/17/2012,0.79
1/18/2012,0.82
1/19/2012,0.87
1/20/2012,0.91
1/21/2012,
1/22/2012,
1/23/2012,0.93
1/24/2012,0.92
1/25/2012,0.81
1/26/2012,0.77
1/27/2012,0.75
1/28/2012,
1/29/2012,
1/30/2012,0.73
1/31/2012,0.71
2/1/2012,0.72
2/2/2012,0.71
2/3/2012,0.78
2/4/2012,
2/5/2012,
2/6/2012,0.76
2/7/2012,0.82
2/8/2012,0.82
2/9/2012,0.86
2/10/2012,0.81
2/11/2012,
2/12/2012,
2/13/2012,0.85
2/14/2012,0.81
2/15/2012,0.81
2/16/2012,0.87
2/17/2012,0.88
2/18/2012,
2/19/2012,
2/20/2012,0
2/21/2012,0.92
2/22/2012,0.88
2/23/2012,0.88
2/24/2012,0.89
2/25/2012,
2/26/2012,
2/27/2012,0.84
2/28/2012,0.84
2/29/2012,0.87
3/1/2012,0.89
3/2/2012,0.84
3/3/2012,
3/4/2012,
3/5/2012,0.87
3/6/2012,0.83
3/7/2012,0.85
3/8/2012,0.89
3/9/2012,0.9
3/10/2012,
3/11/2012,
3/12/2012,0.92
3/13/2012,0.99
3/14/2012,1.13
3/15/2012,1.11
3/16/2012,1.13
3/17/2012,
3/18/2012,
3/19/2012,1.2
3/20/2012,1.22
3/21/2012,1.15
3/22/2012,1.13
3/23/2012,1.1
3/24/2012,
3/25/2012,
3/26/2012,1.09
3/27/2012,1.04
3/28/2012,1.05
3/29/2012,1.01
3/30/2012,1.04
3/31/2012,
4/1/2012,
4/2/2012,1.03
4/3/2012,1.1
4/4/2012,1.05
4/5/2012,1.01
4/6/2012,0.89
4/7/2012,
4/8/2012,
4/9/2012,0.9
4/10/2012,0.85
4/11/2012,0.89
4/12/2012,0.9
4/13/2012,0.86
4/14/2012,
4/15/2012,
4/16/2012,0.85
4/17/2012,0.88
4/18/2012,0.86
4/19/2012,0.84
4/20/2012,0.86
4/21/2012,
4/22/2012,
4/23/2012,0.83
4/24/2012,0.86
4/25/2012,0.86
4/26/2012,0.83
4/27/2012,0.82
4/28/2012,
4/29/2012,
4/30/2012,0.82
5/1/2012,0.84
5/2/2012,0.82
5/3/2012,0.82
5/4/2012,0.78
5/5/2012,
5/6/2012,
5/7/2012,0.79
5/8/2012,0.77
5/9/2012,0.77
5/10/2012,0.79
5/11/2012,0.75
5/12/2012,
5/13/2012,
5/14/2012,0.73
5/15/2012,0.74
5/16/2012,0.75
5/17/2012,0.74
5/18/2012,0.75
5/19/2012,
5/20/2012,
5/21/2012,0.75
5/22/2012,0.78
5/23/2012,0.74
5/24/2012,0.77
5/25/2012,0.76
5/26/2012,
5/27/2012,
5/28/2012,0
5/29/2012,0.76
5/30/2012,0.69
5/31/2012,0.67
6/1/2012,0.62
6/2/2012,
6/3/2012,
6/4/2012,0.68
6/5/2012,0.68
6/6/2012,0.73
6/7/2012,0.72
6/8/2012,0.71
6/9/2012,
6/10/2012,
6/11/2012,0.69
6/12/2012,0.75
6/13/2012,0.71
6/14/2012,0.73
6/15/2012,0.68
6/16/2012,
6/17/2012,
6/18/2012,0.69
6/19/2012,0.71
6/20/2012,0.74
6/21/2012,0.73
6/22/2012,0.76
6/23/2012,
6/24/2012,
6/25/2012,0.72
6/26/2012,0.75
6/27/2012,0.73
6/28/2012,0.69
6/29/2012,0.72
6/30/2012,
7/1/2012,
7/2/2012,0.67
7/3/2012,0.69
7/4/2012,0
7/5/2012,0.68
7/6/2012,0.64
7/7/2012,
7/8/2012,
7/9/2012,0.63
7/10/2012,0.63
7/11/2012,0.64
7/12/2012,0.63
7/13/2012,0.63
7/14/2012,
7/15/2012,
7/16/2012,0.6
7/17/2012,0.62
7/18/2012,0.6
7/19/2012,0.62
7/20/2012,0.59
7/21/2012,
7/22/2012,
7/23/2012,0.57
7/24/2012,0.57
7/25/2012,0.56
7/26/2012,0.58
7/27/2012,0.65
7/28/2012,
7/29/2012,
7/30/2012,0.61
7/31/2012,0.6
8/1/2012,0.63
8/2/2012,0.61
8/3/2012,0.67
8/4/2012,
8/5/2012,
8/6/2012,0.65
8/7/2012,0.71
8/8/2012,0.73
8/9/2012,0.74
8/10/2012,0.71
8/11/2012,
8/12/2012,
8/13/2012,0.71
8/14/2012,0.75
8/15/2012,0.8
8/16/2012,0.83
8/17/2012,0.81
8/18/2012,
8/19/2012,
8/20/2012,0.8
8/21/2012,0.8
8/22/2012,0.71
8/23/2012,0.71
8/24/2012,0.72
8/25/2012,
8/26/2012,
8/27/2012,0.7
8/28/2012,0.69
8/29/2012,0.69
8/30/2012,0.66
8/31/2012,0.59
9/1/2012,
9/2/2012,
9/3/2012,0
9/4/2012,0.62
9/5/2012,0.62
9/6/2012,0.68
9/7/2012,0.64
9/8/2012,
9/9/2012,
9/10/2012,0.66
9/11/2012,0.67
9/12/2012,0.7
9/13/2012,0.65
9/14/2012,0.72
9/15/2012,
9/16/2012,
9/17/2012,0.73
9/18/2012,0.71
9/19/2012,0.7
9/20/2012,0.7
9/21/2012,0.68
9/22/2012,
9/23/2012,
9/24/2012,0.68
9/25/2012,0.66
9/26/2012,0.63
9/27/2012,0.64
9/28/2012,0.62
9/29/2012,
9/30/2012,
10/1/2012,0.62
10/2/2012,0.61
10/3/2012,0.61
10/4/2012,0.63
10/5/2012,0.67
10/6/2012,
10/7/2012,
10/8/2012,0
10/9/2012,0.67
10/10/2012,0.66
10/11/2012,0.67
10/12/2012,0.67
10/13/2012,
10/14/2012,
10/15/2012,0.67
10/16/2012,0.7
10/17/2012,0.78
10/18/2012,0.79
10/19/2012,0.77
10/20/2012,
10/21/2012,
10/22/2012,0.79
10/23/2012,0.77
10/24/2012,0.76
10/25/2012,0.82
10/26/2012,0.76
10/27/2012,
10/28/2012,
10/29/2012,0.74
10/30/2012,0
10/31/2012,0.72
11/1/2012,0.73
11/2/2012,0.73
11/3/2012,
11/4/2012,
11/5/2012,0.7
11/6/2012,0.75
11/7/2012,0.67
11/8/2012,0.65
11/9/2012,0.65
11/10/2012,
11/11/2012,
11/12/2012,0
11/13/2012,0.63
11/14/2012,0.63
11/15/2012,0.62
11/16/2012,0.62
11/17/2012,
11/18/2012,
11/19/2012,0.64
11/20/2012,0.67
11/21/2012,0.69
11/22/2012,0
11/23/2012,0.7
11/24/2012,
11/25/2012,
11/26/2012,0.68
11/27/2012,0.66
11/28/2012,0.64
11/29/2012,0.63
11/30/2012,0.61
12/1/2012,
12/2/2012,
12/3/2012,0.63
12/4/2012,0.63
12/5/2012,0.61
12/6/2012,0.6
12/7/2012,0.63
12/8/2012,
12/9/2012,
12/10/2012,0.62
12/11/2012,0.64
12/12/2012,0.66
12/13/2012,0.7
12/14/2012,0.7
12/15/2012,
12/16/2012,
12/17/2012,0.74
12/18/2012,0.78
12/19/2012,0.77
12/20/2012,0.77
12/21/2012,0.75
12/22/2012,
12/23/2012,
12/24/2012,0.77
12/25/2012,0
12/26/2012,0.76
12/27/2012,0.72
12/28/2012,0.72
12/29/2012,
12/30/2012,
12/31/2012,0.72
1/1/2013,0
1/2/2013,0.76
1/3/2013,0.81
1/4/2013,0.82
1/5/2013,
1/6/2013,
1/7/2013,0.82
1/8/2013,0.79
1/9/2013,0.77
1/10/2013,0.8
1/11/2013,0.78
1/12/2013,
1/13/2013,
1/14/2013,0.78
1/15/2013,0.75
1/16/2013,0.75
1/17/2013,0.79
1/18/2013,0.77
1/19/2013,
1/20/2013,
1/21/2013,0
1/22/2013,0.76
1/23/2013,0.76
1/24/2013,0.78
1/25/2013,0.87
1/26/2013,
1/27/2013,
1/28/2013,0.89
1/29/2013,0.9
1/30/2013,0.88
1/31/2013,0.88
2/1/2013,0.88
2/2/2013,
2/3/2013,
2/4/2013,0.85
2/5/2013,0.88
2/6/2013,0.84
2/7/2013,0.83
2/8/2013,0.84
2/9/2013,
2/10/2013,
2/11/2013,0.85
2/12/2013,0.88
2/13/2013,0.92
2/14/2013,0.86
2/15/2013,0.87
2/16/2013,
2/17/2013,
2/18/2013,0
2/19/2013,0.89
2/20/2013,0.88
2/21/2013,0.86
2/22/2013,0.84
2/23/2013,
2/24/2013,
2/25/2013,0.78
2/26/2013,0.78
2/27/2013,0.78
2/28/2013,0.77
3/1/2013,0.75
3/2/2013,
3/3/2013,
3/4/2013,0.76
3/5/2013,0.77
3/6/2013,0.81
3/7/2013,0.85
3/8/2013,0.9
3/9/2013,
3/10/2013,
3/11/2013,0.9
3/12/2013,0.88
3/13/2013,0.89
3/14/2013,0.88
3/15/2013,0.84
3/16/2013,
3/17/2013,
3/18/2013,0.81
3/19/2013,0.79
3/20/2013,0.81
3/21/2013,0.81
3/22/2013,0.8
3/23/2013,
3/24/2013,
3/25/2013,0.8
3/26/2013,0.79
3/27/2013,0.76
3/28/2013,0.77
3/29/2013,0
3/30/2013,
3/31/2013,
4/1/2013,0.76
4/2/2013,0.78
4/3/2013,0.73
4/4/2013,0.69
4/5/2013,0.68
4/6/2013,
4/7/2013,
4/8/2013,0.71
4/9/2013,0.7
4/10/2013,0.74
4/11/2013,0.74
4/12/2013,0.7
4/13/2013,
4/14/2013,
4/15/2013,0.69
4/16/2013,0.71
4/17/2013,0.71
4/18/2013,0.71
4/19/2013,0.72
4/20/2013,
4/21/2013,
4/22/2013,0.7
4/23/2013,0.71
4/24/2013,0.7
4/25/2013,0.71
4/26/2013,0.68
4/27/2013,
4/28/2013,
4/29/2013,0.68
4/30/2013,0.68
5/1/2013,0.65
5/2/2013,0.65
5/3/2013,0.73
5/4/2013,
5/5/2013,
5/6/2013,0.74
5/7/2013,0.75
5/8/2013,0.75
5/9/2013,0.75
5/10/2013,0.82
5/11/2013,
5/12/2013,
5/13/2013,0.83
5/14/2013,0.85
5/15/2013,0.84
5/16/2013,0.79
5/17/2013,0.84
5/18/2013,
5/19/2013,
5/20/2013,0.85
5/21/2013,0.84
5/22/2013,0.91
5/23/2013,0.91
5/24/2013,0.9
5/25/2013,
5/26/2013,
5/27/2013,0
5/28/2013,1.02
5/29/2013,1.02
5/30/2013,1.01
5/31/2013,1.05
6/1/2013,
6/2/2013,
6/3/2013,1.03
6/4/2013,1.05
6/5/2013,1.02
6/6/2013,1.01
6/7/2013,1.1
6/8/2013,
6/9/2013,
6/10/2013,1.13
6/11/2013,1.12
6/12/2013,1.15
6/13/2013,1.11
6/14/2013,1.04
6/15/2013,
6/16/2013,
6/17/2013,1.06
6/18/2013,1.07
6/19/2013,1.24
6/20/2013,1.31
6/21/2013,1.42
6/22/2013,
6/23/2013,
6/24/2013,1.48
6/25/2013,1.49
6/26/2013,1.45
6/27/2013,1.38
6/28/2013,1.41
6/29/2013,
6/30/2013,
7/1/2013,1.39
7/2/2013,1.38
7/3/2013,1.42
7/4/2013,0
7/5/2013,1.6
7/6/2013,
7/7/2013,
7/8/2013,1.51
7/9/2013,1.5
7/10/2013,1.54
7/11/2013,1.4
7/12/2013,1.43
7/13/2013,
7/14/2013,
7/15/2013,1.4
7/16/2013,1.38
7/17/2013,1.33
7/18/2013,1.35
7/19/2013,1.31
7/20/2013,
7/21/2013,
7/22/2013,1.32
7/23/2013,1.33
7/24/2013,1.4
7/25/2013,1.38
7/26/2013,1.36
7/27/2013,
7/28/2013,
7/29/2013,1.37
7/30/2013,1.39
7/31/2013,1.38
8/1/2013,1.49
8/2/2013,1.36
8/3/2013,
8/4/2013,
8/5/2013,1.39
8/6/2013,1.39
8/7/2013,1.38
8/8/2013,1.36
8/9/2013,1.36
8/10/2013,
8/11/2013,
8/12/2013,1.39
8/13/2013,1.49
8/14/2013,1.48
8/15/2013,1.54
8/16/2013,1.6
8/17/2013,
8/18/2013,
8/19/2013,1.63
8/20/2013,1.57
8/21/2013,1.64
8/22/2013,1.71
8/23/2013,1.66
8/24/2013,
8/25/2013,
8/26/2013,1.61
8/27/2013,1.56
8/28/2013,1.62
8/29/2013,1.6
8/30/2013,1.62
8/31/2013,
9/1/2013,
9/2/2013,0
9/3/2013,1.68
9/4/2013,1.74
9/5/2013,1.85
9/6/2013,1.77
9/7/2013,
9/8/2013,
9/9/2013,1.71
9/10/2013,1.78
9/11/2013,1.72
9/12/2013,1.72
9/13/2013,1.71
9/14/2013,
9/15/2013,
9/16/2013,1.65
9/17/2013,1.62
9/18/2013,1.43
9/19/2013,1.49
9/20/2013,1.5
9/21/2013,
9/22/2013,
9/23/2013,1.48
9/24/2013,1.44
9/25/2013,1.41
9/26/2013,1.43
9/27/2013,1.4
9/28/2013,
9/29/2013,
9/30/2013,1.39
10/1/2013,1.42
10/2/2013,1.38
10/3/2013,1.36
10/4/2013,1.41
10/5/2013,
10/6/2013,
10/7/2013,1.41
10/8/2013,1.43
10/9/2013,1.43
10/10/2013,1.44
10/11/2013,1.42
10/12/2013,
10/13/2013,
10/14/2013,0
10/15/2013,1.45
10/16/2013,1.41
10/17/2013,1.35
10/18/2013,1.35
10/19/2013,
10/20/2013,
10/21/2013,1.38
10/22/2013,1.3
10/23/2013,1.3
10/24/2013,1.32
10/25/2013,1.3
10/26/2013,
10/27/2013,
10/28/2013,1.31
10/29/2013,1.29
10/30/2013,1.3
10/31/2013,1.31
11/1/2013,1.37
11/2/2013,
11/3/2013,
11/4/2013,1.36
11/5/2013,1.39
11/6/2013,1.34
11/7/2013,1.31
11/8/2013,1.42
11/9/2013,
11/10/2013,
11/11/2013,0
11/12/2013,1.47
11/13/2013,1.41
11/14/2013,1.34
11/15/2013,1.36
11/16/2013,
11/17/2013,
11/18/2013,1.33
11/19/2013,1.37
11/20/2013,1.39
11/21/2013,1.38
11/22/2013,1.37
11/23/2013,
11/24/2013,
11/25/2013,1.37
11/26/2013,1.34
11/27/2013,1.36
11/28/2013,0
11/29/2013,1.37
11/30/2013,
12/1/2013,
12/2/2013,1.43
12/3/2013,1.4
12/4/2013,1.45
12/5/2013,1.49
12/6/2013,1.51
12/7/2013,
12/8/2013,
12/9/2013,1.5
12/10/2013,1.46
12/11/2013,1.5
12/12/2013,1.55
12/13/2013,1.55
12/14/2013,
12/15/2013,
12/16/2013,1.55
12/17/2013,1.52
12/18/2013,1.55
12/19/2013,1.63
12/20/2013,1.66
12/21/2013,
12/22/2013,
12/23/2013,1.68
12/24/2013,1.73
12/25/2013,0
12/26/2013,1.74
12/27/2013,1.74
12/28/2013,
12/29/2013,
12/30/2013,1.71
12/31/2013,1.75
1/1/2014,0
1/2/2014,1.72
1/3/2014,1.73
1/4/2014,
1/5/2014,
1/6/2014,1.7
1/7/2014,1.69
1/8/2014,1.77
1/9/2014,1.75
1/10/2014,1.64
1/11/2014,
1/12/2014,
1/13/2014,1.6
1/14/2014,1.65
1/15/2014,1.68
1/16/2014,1.66
1/17/2014,1.64
1/18/2014,
1/19/2014,
1/20/2014,0
1/21/2014,1.67
1/22/2014,1.72
1/23/2014,1.62
1/24/2014,1.58
1/25/2014,
1/26/2014,
1/27/2014,1.61
1/28/2014,1.59
1/29/2014,1.52
1/30/2014,1.55
1/31/2014,1.49
2/1/2014,
2/2/2014,
2/3/2014,1.44
2/4/2014,1.46
2/5/2014,1.5
2/6/2014,1.52
2/7/2014,1.47
2/8/2014,
2/9/2014,
2/10/2014,1.48
2/11/2014,1.54
2/12/2014,1.59
2/13/2014,1.51
2/14/2014,1.53
2/15/2014,
2/16/2014,
2/17/2014,0
2/18/2014,1.5
2/19/2014,1.53
2/20/2014,1.57
2/21/2014,1.56
2/22/2014,
2/23/2014,
2/24/2014,1.57
2/25/2014,1.53
2/26/2014,1.5
2/27/2014,1.49
2/28/2014,1.51
3/1/2014,
3/2/2014,
3/3/2014,1.46
3/4/2014,1.54
3/5/2014,1.54
3/6/2014,1.57
3/7/2014,1.65
3/8/2014,
3/9/2014,
3/10/2014,1.64
3/11/2014,1.62
3/12/2014,1.59
3/13/2014,1.53
3/14/2014,1.55
3/15/2014,
3/16/2014,
3/17/2014,1.58
3/18/2014,1.56
3/19/2014,1.75
3/20/2014,1.73
3/21/2014,1.73
3/22/2014,
3/23/2014,
3/24/2014,1.76
3/25/2014,1.76
3/26/2014,1.7
3/27/2014,1.7
3/28/2014,1.74
3/29/2014,
3/30/2014,
3/31/2014,1.73
4/1/2014,1.74
4/2/2014,1.8
4/3/2014,1.79
4/4/2014,1.71
4/5/2014,
4/6/2014,
4/7/2014,1.68
4/8/2014,1.67
4/9/2014,1.65
4/10/2014,1.59
4/11/2014,1.58
4/12/2014,
4/13/2014,
4/14/2014,1.61
4/15/2014,1.63
4/16/2014,1.67
4/17/2014,1.75
4/18/2014,0
4/19/2014,
4/20/2014,
4/21/2014,1.74
4/22/2014,1.76
4/23/2014,1.73
4/24/2014,1.74
4/25/2014,1.72
4/26/2014,
4/27/2014,
4/28/2014,1.73
4/29/2014,1.74
4/30/2014,1.69
5/1/2014,1.66
5/2/2014,1.67
5/3/2014,
5/4/2014,
5/5/2014,1.68
5/6/2014,1.68
5/7/2014,1.65
5/8/2014,1.63
5/9/2014,1.63
5/10/2014,
5/11/2014,
5/12/2014,1.67
5/13/2014,1.62
5/14/2014,1.57
5/15/2014,1.55
5/16/2014,1.56
5/17/2014,
5/18/2014,
5/19/2014,1.56
5/20/2014,1.53
5/21/2014,1.55
5/22/2014,1.57
5/23/2014,1.55
5/24/2014,
5/25/2014,
5/26/2014,0
5/27/2014,1.56
5/28/2014,1.5
5/29/2014,1.52
5/30/2014,1.54
5/31/2014,
6/1/2014,
6/2/2014,1.6
6/3/2014,1.65
6/4/2014,1.65
6/5/2014,1.63
6/6/2014,1.66
6/7/2014,
6/8/2014,
6/9/2014,1.69
6/10/2014,1.71
6/11/2014,1.7
6/12/2014,1.66
6/13/2014,1.7
6/14/2014,
6/15/2014,
6/16/2014,1.71
6/17/2014,1.77
6/18/2014,1.71
6/19/2014,1.71
6/20/2014,1.71
6/21/2014,
6/22/2014,
6/23/2014,1.72
6/24/2014,1.7
6/25/2014,1.68
6/26/2014,1.64
6/27/2014,1.64
6/28/2014,
6/29/2014,
6/30/2014,1.62
7/1/2014,1.66
7/2/2014,1.71
7/3/2014,1.74
7/4/2014,0
7/5/2014,
7/6/2014,
7/7/2014,1.74
7/8/2014,1.7
7/9/2014,1.68
7/10/2014,1.66
7/11/2014,1.65
7/12/2014,
7/13/2014,
7/14/2014,1.68
7/15/2014,1.7
7/16/2014,1.71
7/17/2014,1.65
7/18/2014,1.69
7/19/2014,
7/20/2014,
7/21/2014,1.7
7/22/2014,1.68
7/23/2014,1.67
7/24/2014,1.72
7/25/2014,1.69
7/26/2014,
7/27/2014,
7/28/2014,1.73
7/29/2014,1.7
7/30/2014,1.77
7/31/2014,1.76
8/1/2014,1.67
8/2/2014,
8/3/2014,
8/4/2014,1.66
8/5/2014,1.66
8/6/2014,1.66
8/7/2014,1.6
8/8/2014,1.62
8/9/2014,
8/10/2014,
8/11/2014,1.62
8/12/2014,1.63
8/13/2014,1.59
8/14/2014,1.58
8/15/2014,1.55
8/16/2014,
8/17/2014,
8/18/2014,1.58
8/19/2014,1.59
8/20/2014,1.65
8/21/2014,1.64
8/22/2014,1.68
8/23/2014,
8/24/2014,
8/25/2014,1.69
8/26/2014,1.68
8/27/2014,1.65
8/28/2014,1.63
8/29/2014,1.63
8/30/2014,
8/31/2014,
9/1/2014,0
9/2/2014,1.69
9/3/2014,1.69
9/4/2014,1.71
9/5/2014,1.69
9/6/2014,
9/7/2014,
9/8/2014,1.72
9/9/2014,1.76
9/10/2014,1.79
9/11/2014,1.79
9/12/2014,1.83
9/13/2014,
9/14/2014,
9/15/2014,1.8
9/16/2014,1.78
9/17/2014,1.82
9/18/2014,1.85
9/19/2014,1.83
9/20/2014,
9/21/2014,
9/22/2014,1.8
9/23/2014,1.78
9/24/2014,1.82
9/25/2014,1.75
9/26/2014,1.8
9/27/2014,
9/28/2014,
9/29/2014,1.77
9/30/2014,1.78
10/1/2014,1.69
10/2/2014,1.7
10/3/2014,1.73
10/4/2014,
10/5/2014,
10/6/2014,1.7
10/7/2014,1.64
10/8/2014,1.57
10/9/2014,1.58
10/10/2014,1.55
10/11/2014,
10/12/2014,
10/13/2014,0
10/14/2014,1.45
10/15/2014,1.37
10/16/2014,1.39
10/17/2014,1.44
10/18/2014,
10/19/2014,
10/20/2014,1.41
10/21/2014,1.44
10/22/2014,1.46
10/23/2014,1.52
10/24/2014,1.52
10/25/2014,
10/26/2014,
10/27/2014,1.51
10/28/2014,1.53
10/29/2014,1.61
10/30/2014,1.58
10/31/2014,1.62
11/1/2014,
11/2/2014,
11/3/2014,1.63
11/4/2014,1.63
11/5/2014,1.63
11/6/2014,1.67
11/7/2014,1.6
11/8/2014,
11/9/2014,
11/10/2014,1.65
11/11/2014,0
11/12/2014,1.65
11/13/2014,1.64
11/14/2014,1.62
11/15/2014,
11/16/2014,
11/17/2014,1.64
11/18/2014,1.63
11/19/2014,1.66
11/20/2014,1.64
11/21/2014,1.63
11/22/2014,
11/23/2014,
11/24/2014,1.62
11/25/2014,1.58
11/26/2014,1.56
11/27/2014,0
11/28/2014,1.49
11/29/2014,
11/30/2014,
12/1/2014,1.52
12/2/2014,1.59
12/3/2014,1.61
12/4/2014,1.59
12/5/2014,1.69
12/6/2014,
12/7/2014,
12/8/2014,1.67
12/9/2014,1.63
12/10/2014,1.58
12/11/2014,1.62
12/12/2014,1.53
12/13/2014,
12/14/2014,
12/15/2014,1.58
12/16/2014,1.53
12/17/2014,1.61
12/18/2014,1.68
12/19/2014,1.66
12/20/2014,
12/21/2014,
12/22/2014,1.67
12/23/2014,1.76
12/24/2014,1.76
12/25/2014,0
12/26/2014,1.75
12/27/2014,
12/28/2014,
12/29/2014,1.72
12/30/2014,1.68
12/31/2014,1.65
1/1/2015,0
1/2/2015,1.61
1/3/2015,
1/4/2015,
1/5/2015,1.57
1/6/2015,1.5
1/7/2015,1.47
1/8/2015,1.5
1/9/2015,1.45
1/10/2015,
1/11/2015,
1/12/2015,1.39
1/13/2015,1.37
1/14/2015,1.33
1/15/2015,1.22
1/16/2015,1.29
1/17/2015,
1/18/2015,
1/19/2015,0
1/20/2015,1.31
1/21/2015,1.35
1/22/2015,1.39
1/23/2015,1.33
1/24/2015,
1/25/2015,
1/26/2015,1.36
1/27/2015,1.34
1/28/2015,1.25
1/29/2015,1.28
1/30/2015,1.18
1/31/2015,
2/1/2015,
2/2/2015,1.19
2/3/2015,1.28
2/4/2015,1.29
2/5/2015,1.3
2/6/2015,1.48
2/7/2015,
2/8/2015,
2/9/2015,1.49
2/10/2015,1.52
2/11/2015,1.53
2/12/2015,1.5
2/13/2015,1.53
2/14/2015,
2/15/2015,
2/16/2015,0
2/17/2015,1.62
2/18/2015,1.52
2/19/2015,1.58
2/20/2015,1.61
2/21/2015,
2/22/2015,
2/23/2015,1.56
2/24/2015,1.47
2/25/2015,1.47
2/26/2015,1.54
2/27/2015,1.5
2/28/2015,
3/1/2015,
3/2/2015,1.57
3/3/2015,1.61
3/4/2015,1.6
3/5/2015,1.57
3/6/2015,1.7
3/7/2015,
3/8/2015,
3/9/2015,1.66
3/10/2015,1.62
3/11/2015,1.6
3/12/2015,1.59
3/13/2015,1.6
3/14/2015,
3/15/2015,
3/16/2015,1.57
3/17/2015,1.56
3/18/2015,1.41
3/19/2015,1.48
3/20/2015,1.42
3/21/2015,
3/22/2015,
3/23/2015,1.41
3/24/2015,1.37
3/25/2015,1.41
3/26/2015,1.47
3/27/2015,1.42
3/28/2015,
3/29/2015,
3/30/2015,1.41
3/31/2015,1.37
4/1/2015,1.32
4/2/2015,1.35
4/3/2015,1.26
4/4/2015,
4/5/2015,
4/6/2015,1.31
4/7/2015,1.32
4/8/2015,1.35
4/9/2015,1.4
4/10/2015,1.41
4/11/2015,
4/12/2015,
4/13/2015,1.38
4/14/2015,1.34
4/15/2015,1.33
4/16/2015,1.31
4/17/2015,1.31
4/18/2015,
4/19/2015,
4/20/2015,1.33
4/21/2015,1.35
4/22/2015,1.41
4/23/2015,1.37
4/24/2015,1.34
4/25/2015,
4/26/2015,
4/27/2015,1.36
4/28/2015,1.39
4/29/2015,1.43
4/30/2015,1.43
5/1/2015,1.5
5/2/2015,
5/3/2015,
5/4/2015,1.51
5/5/2015,1.54
5/6/2015,1.58
5/7/2015,1.55
5/8/2015,1.5
5/9/2015,
5/10/2015,
5/11/2015,1.59
5/12/2015,1.58
5/13/2015,1.57
5/14/2015,1.51
5/15/2015,1.46
5/16/2015,
5/17/2015,
5/18/2015,1.54
5/19/2015,1.6
5/20/2015,1.57
5/21/2015,1.53
5/22/2015,1.57
5/23/2015,
5/24/2015,
5/25/2015,0
5/26/2015,1.54
5/27/2015,1.53
5/28/2015,1.51
5/29/2015,1.49
5/30/2015,
5/31/2015,
6/1/2015,1.55
6/2/2015,1.61
6/3/2015,1.69
6/4/2015,1.65
6/5/2015,1.75
6/6/2015,
6/7/2015,
6/8/2015,1.72
6/9/2015,1.74
6/10/2015,1.8
6/11/2015,1.74
6/12/2015,1.75
6/13/2015,
6/14/2015,
6/15/2015,1.71
6/16/2015,1.68
6/17/2015,1.63
6/18/2015,1.65
6/19/2015,1.59
6/20/2015,
6/21/2015,
6/22/2015,1.68
6/23/2015,1.71
6/24/2015,1.69
6/25/2015,1.7
6/26/2015,1.75
6/27/2015,
6/28/2015,
6/29/2015,1.62
6/30/2015,1.63
7/1/2015,1.7
7/2/2015,1.64
7/3/2015,0
7/4/2015,
7/5/2015,
7/6/2015,1.56
7/7/2015,1.55
7/8/2015,1.5
7/9/2015,1.58
7/10/2015,1.68
7/11/2015,
7/12/2015,
7/13/2015,1.71
7/14/2015,1.67
7/15/2015,1.63
7/16/2015,1.66
7/17/2015,1.67
7/18/2015,
7/19/2015,
7/20/2015,1.72
7/21/2015,1.69
7/22/2015,1.69
7/23/2015,1.65
7/24/2015,1.64
7/25/2015,
7/26/2015,
7/27/2015,1.58
7/28/2015,1.61
7/29/2015,1.62
7/30/2015,1.62
7/31/2015,1.54
8/1/2015,
8/2/2015,
8/3/2015,1.52
8/4/2015,1.6
8/5/2015,1.65
8/6/2015,1.62
8/7/2015,1.59
8/8/2015,
8/9/2015,
8/10/2015,1.62
8/11/2015,1.53
8/12/2015,1.52
8/13/2015,1.58
8/14/2015,1.61
8/15/2015,
8/16/2015,
8/17/2015,1.58
8/18/2015,1.6
8/19/2015,1.5
8/20/2015,1.5
8/21/2015,1.44
8/22/2015,
8/23/2015,
8/24/2015,1.39
8/25/2015,1.48
8/26/2015,1.49
8/27/2015,1.49
8/28/2015,1.52
8/29/2015,
8/30/2015,
8/31/2015,1.54
9/1/2015,1.49
9/2/2015,1.52
9/3/2015,1.49
9/4/2015,1.47
9/5/2015,
9/6/2015,
9/7/2015,0
9/8/2015,1.53
9/9/2015,1.53
9/10/2015,1.55
9/11/2015,1.52
9/12/2015,
9/13/2015,
9/14/2015,1.51
9/15/2015,1.61
9/16/2015,1.62
9/17/2015,1.5
9/18/2015,1.45
9/19/2015,
9/20/2015,
9/21/2015,1.51
9/22/2015,1.44
9/23/2015,1.47
9/24/2015,1.44
9/25/2015,1.48
9/26/2015,
9/27/2015,
9/28/2015,1.42
9/29/2015,1.37
9/30/2015,1.37
10/1/2015,1.37
10/2/2015,1.29
10/3/2015,
10/4/2015,
10/5/2015,1.35
10/6/2015,1.34
10/7/2015,1.37
10/8/2015,1.4
10/9/2015,1.41
10/10/2015,
10/11/2015,
10/12/2015,0
10/13/2015,1.36
10/14/2015,1.29
10/15/2015,1.34
10/16/2015,1.36
10/17/2015,
10/18/2015,
10/19/2015,1.35
10/20/2015,1.4
10/21/2015,1.37
10/22/2015,1.36
10/23/2015,1.43
10/24/2015,
10/25/2015,
10/26/2015,1.41
10/27/2015,1.38
10/28/2015,1.47
10/29/2015,1.53
10/30/2015,1.52
10/31/2015,
11/1/2015,
11/2/2015,1.57
11/3/2015,1.59
11/4/2015,1.64
11/5/2015,1.65
11/6/2015,1.73
11/7/2015,
11/8/2015,
11/9/2015,1.75
11/10/2015,1.72
11/11/2015,0
11/12/2015,1.73
11/13/2015,1.67
11/14/2015,
11/15/2015,
11/16/2015,1.66
11/17/2015,1.66
11/18/2015,1.69
11/19/2015,1.68
11/20/2015,1.7
11/21/2015,
11/22/2015,
11/23/2015,1.7
11/24/2015,1.66
11/25/2015,1.66
11/26/2015,0
11/27/2015,1.64
11/28/2015,
11/29/2015,
11/30/2015,1.65
12/1/2015,1.59
12/2/2015,1.63
12/3/2015,1.74
12/4/2015,1.71
12/5/2015,
12/6/2015,
12/7/2015,1.67
12/8/2015,1.68
12/9/2015,1.64
12/10/2015,1.68
12/11/2015,1.56
12/12/2015,
12/13/2015,
12/14/2015,1.66
12/15/2015,1.71
12/16/2015,1.75
12/17/2015,1.73
12/18/2015,1.67
12/19/2015,
12/20/2015,
12/21/2015,1.67
12/22/2015,1.71
12/23/2015,1.74
12/24/2015,1.73
12/25/2015,0
12/26/2015,
12/27/2015,
12/28/2015,1.73
12/29/2015,1.81
12/30/2015,1.8
12/31/2015,1.76
1/1/2016,0
1/2/2016,
1/3/2016,
1/4/2016,1.73
1/5/2016,1.73
1/6/2016,1.65
1/7/2016,1.61
1/8/2016,1.57
1/9/2016,
1/10/2016,
1/11/2016,1.58
1/12/2016,1.55
1/13/2016,1.51
1/14/2016,1.52
1/15/2016,1.46
1/16/2016,
1/17/2016,
1/18/2016,0
1/19/2016,1.49
1/20/2016,1.44
1/21/2016,1.44
1/22/2016,1.49
1/23/2016,
1/24/2016,
1/25/2016,1.47
1/26/2016,1.45
1/27/2016,1.43
1/28/2016,1.4
1/29/2016,1.33
1/30/2016,
1/31/2016,
2/1/2016,1.38
2/2/2016,1.28
2/3/2016,1.27
2/4/2016,1.25
2/5/2016,1.25
2/6/2016,
2/7/2016,
2/8/2016,1.16
2/9/2016,1.15
2/10/2016,1.15
2/11/2016,1.11
2/12/2016,1.2
2/13/2016,
2/14/2016,
2/15/2016,0
2/16/2016,1.23
2/17/2016,1.26
2/18/2016,1.21
2/19/2016,1.24
2/20/2016,
2/21/2016,
2/22/2016,1.25
2/23/2016,1.23
2/24/2016,1.21
2/25/2016,1.16
2/26/2016,1.23
2/27/2016,
2/28/2016,
2/29/2016,1.22
3/1/2016,1.31
3/2/2016,1.34
3/3/2016,1.33
3/4/2016,1.38
3/5/2016,
3/6/2016,
3/7/2016,1.42
3/8/2016,1.34
3/9/2016,1.39
3/10/2016,1.45
3/11/2016,1.49
3/12/2016,
3/13/2016,
3/14/2016,1.49
3/15/2016,1.5
3/16/2016,1.41
3/17/2016,1.39
3/18/2016,1.34
3/19/2016,
3/20/2016,
3/21/2016,1.38
3/22/2016,1.42
3/23/2016,1.37
3/24/2016,1.39
3/25/2016,0
3/26/2016,
3/27/2016,
3/28/2016,1.37
3/29/2016,1.29
3/30/2016,1.26
3/31/2016,1.21
4/1/2016,1.24
4/2/2016,
4/3/2016,
4/4/2016,1.22
4/5/2016,1.17
4/6/2016,1.2
4/7/2016,1.14
4/8/2016,1.16
4/9/2016,
4/10/2016,
4/11/2016,1.16
4/12/2016,1.22
4/13/2016,1.22
4/14/2016,1.26
4/15/2016,1.22
4/16/2016,
4/17/2016,
4/18/2016,1.24
4/19/2016,1.26
4/20/2016,1.32
4/21/2016,1.35
4/22/2016,1.37
4/23/2016,
4/24/2016,
4/25/2016,1.38
4/26/2016,1.4
4/27/2016,1.33
4/28/2016,1.28
4/29/2016,1.28
4/30/2016,
5/1/2016,
5/2/2016,1.32
5/3/2016,1.25
5/4/2016,1.23
5/5/2016,1.2
5/6/2016,1.23
5/7/2016,
5/8/2016,
5/9/2016,1.2
5/10/2016,1.2
5/11/2016,1.2
5/12/2016,1.24
5/13/2016,1.22
5/14/2016,
5/15/2016,
5/16/2016,1.26
5/17/2016,1.29
5/18/2016,1.41
5/19/2016,1.38
5/20/2016,1.38
5/21/2016,
5/22/2016,
5/23/2016,1.38
5/24/2016,1.41
5/25/2016,1.4
5/26/2016,1.35
5/27/2016,1.39
5/28/2016,
5/29/2016,
5/30/2016,0
5/31/2016,1.37
6/1/2016,1.39
6/2/2016,1.36
6/3/2016,1.23
6/4/2016,
6/5/2016,
6/6/2016,1.25
6/7/2016,1.23
6/8/2016,1.23
6/9/2016,1.22
6/10/2016,1.17
6/11/2016,
6/12/2016,
6/13/2016,1.14
6/14/2016,1.15
6/15/2016,1.1
6/16/2016,1.1
6/17/2016,1.13
6/18/2016,
6/19/2016,
6/20/2016,1.17
6/21/2016,1.22
6/22/2016,1.2
6/23/2016,1.25
6/24/2016,1.08
6/25/2016,
6/26/2016,
6/27/2016,1
6/28/2016,1
6/29/2016,1.03
6/30/2016,1.01
7/1/2016,1
7/2/2016,
7/3/2016,
7/4/2016,0
7/5/2016,0.94
7/6/2016,0.95
7/7/2016,0.97
7/8/2016,0.95
7/9/2016,
7/10/2016,
7/11/2016,1.03
7/12/2016,1.1
7/13/2016,1.07
7/14/2016,1.1
7/15/2016,1.15
7/16/2016,
7/17/2016,
7/18/2016,1.14
7/19/2016,1.12
7/20/2016,1.15
7/21/2016,1.11
7/22/2016,1.13
7/23/2016,
7/24/2016,
7/25/2016,1.15
7/26/2016,1.15
7/27/2016,1.1
7/28/2016,1.09
7/29/2016,1.03
7/30/2016,
7/31/2016,
8/1/2016,1.06
8/2/2016,1.07
8/3/2016,1.07
8/4/2016,1.03
8/5/2016,1.13
8/6/2016,
8/7/2016,
8/8/2016,1.15
8/9/2016,1.11
8/10/2016,1.07
8/11/2016,1.16
8/12/2016,1.1
8/13/2016,
8/14/2016,
8/15/2016,1.14
8/16/2016,1.16
8/17/2016,1.15
8/18/2016,1.12
8/19/2016,1.17
8/20/2016,
8/21/2016,
8/22/2016,1.15
8/23/2016,1.15
8/24/2016,1.13
8/25/2016,1.16
8/26/2016,1.23
8/27/2016,
8/28/2016,
8/29/2016,1.18
8/30/2016,1.18
8/31/2016,1.19
9/1/2016,1.18
9/2/2016,1.2
9/3/2016,
9/4/2016,
9/5/2016,0
9/6/2016,1.13
9/7/2016,1.12
9/8/2016,1.19
9/9/2016,1.23
9/10/2016,
9/11/2016,
9/12/2016,1.21
9/13/2016,1.26
9/14/2016,1.21
9/15/2016,1.2
9/16/2016,1.21
9/17/2016,
9/18/2016,
9/19/2016,1.22
9/20/2016,1.2
9/21/2016,1.2
9/22/2016,1.18
9/23/2016,1.16
9/24/2016,
9/25/2016,
9/26/2016,1.13
9/27/2016,1.12
9/28/2016,1.13
9/29/2016,1.12
9/30/2016,1.14
10/1/2016,
10/2/2016,
10/3/2016,1.18
10/4/2016,1.22
10/5/2016,1.26
10/6/2016,1.28
10/7/2016,1.26
10/8/2016,
10/9/2016,
10/10/2016,0
10/11/2016,1.3
10/12/2016,1.31
10/13/2016,1.27
10/14/2016,1.28
10/15/2016,
10/16/2016,
10/17/2016,1.26
10/18/2016,1.24
10/19/2016,1.24
10/20/2016,1.26
10/21/2016,1.25
10/22/2016,
10/23/2016,
10/24/2016,1.27
10/25/2016,1.29
10/26/2016,1.3
10/27/2016,1.33
10/28/2016,1.33
10/29/2016,
10/30/2016,
10/31/2016,1.31
11/1/2016,1.3
11/2/2016,1.26
11/3/2016,1.26
11/4/2016,1.24
11/5/2016,
11/6/2016,
11/7/2016,1.29
11/8/2016,1.34
11/9/2016,1.49
11/10/2016,1.56
11/11/2016,0
11/12/2016,
11/13/2016,
11/14/2016,1.66
11/15/2016,1.68
11/16/2016,1.68
11/17/2016,1.73
11/18/2016,1.8
11/19/2016,
11/20/2016,
11/21/2016,1.79
11/22/2016,1.77
11/23/2016,1.83
11/24/2016,0
11/25/2016,1.83
11/26/2016,
11/27/2016,
11/28/2016,1.8
11/29/2016,1.78
11/30/2016,1.83
12/1/2016,1.9
12/2/2016,1.84
12/3/2016,
12/4/2016,
12/5/2016,1.84
12/6/2016,1.84
12/7/2016,1.8
12/8/2016,1.83
12/9/2016,1.89
12/10/2016,
12/11/2016,
12/12/2016,1.9
12/13/2016,1.92
12/14/2016,2.02
12/15/2016,2.1
12/16/2016,2.07
12/17/2016,
12/18/2016,
12/19/2016,2.03
12/20/2016,2.06
12/21/2016,2.04
12/22/2016,2.04
12/23/2016,2.04
12/24/2016,
12/25/2016,
12/26/2016,0
12/27/2016,2.07
12/28/2016,2.02
12/29/2016,1.96
12/30/2016,1.93
12/31/2016,
1/1/2017,
1/2/2017,0
1/3/2017,1.94
1/4/2017,1.94
1/5/2017,1.86
1/6/2017,1.92
1/7/2017,
1/8/2017,
1/9/2017,1.89
1/10/2017,1.89
1/11/2017,1.89
1/12/2017,1.87
1/13/2017,1.9
1/14/2017,
1/15/2017,
1/16/2017,0
1/17/2017,1.84
1/18/2017,1.93
1/19/2017,1.97
1/20/2017,1.95
1/21/2017,
1/22/2017,
1/23/2017,1.88
1/24/2017,1.94
1/25/2017,1.99
1/26/2017,1.95
1/27/2017,1.94
1/28/2017,
1/29/2017,
1/30/2017,1.94
1/31/2017,1.9
2/1/2017,1.93
2/2/2017,1.92
2/3/2017,1.93
2/4/2017,
2/5/2017,
2/6/2017,1.86
2/7/2017,1.85
2/8/2017,1.81
2/9/2017,1.88
2/10/2017,1.89
2/11/2017,
2/12/2017,
2/13/2017,1.92
2/14/2017,1.98
2/15/2017,2.01
2/16/2017,1.95
2/17/2017,1.92
2/18/2017,
2/19/2017,
2/20/2017,0
2/21/2017,1.93
2/22/2017,1.92
2/23/2017,1.87
2/24/2017,1.8
2/25/2017,
2/26/2017,
2/27/2017,1.87
2/28/2017,1.89
3/1/2017,1.99
3/2/2017,2.03
3/3/2017,2.02
3/4/2017,
3/5/2017,
3/6/2017,2.02
3/7/2017,2.05
3/8/2017,2.08
3/9/2017,2.13
3/10/2017,2.11
3/11/2017,
3/12/2017,
3/13/2017,2.14
3/14/2017,2.13
3/15/2017,2.02
3/16/2017,2.05
3/17/2017,2.03
3/18/2017,
3/19/2017,
3/20/2017,2
3/21/2017,1.96
3/22/2017,1.95
3/23/2017,1.95
3/24/2017,1.93
3/25/2017,
3/26/2017,
3/27/2017,1.93
3/28/2017,1.97
3/29/2017,1.93
3/30/2017,1.96
3/31/2017,1.93
4/1/2017,
4/2/2017,
4/3/2017,1.88
4/4/2017,1.88
4/5/2017,1.85
4/6/2017,1.87
4/7/2017,1.92
4/8/2017,
4/9/2017,
4/10/2017,1.91
4/11/2017,1.84
4/12/2017,1.81
4/13/2017,1.77
4/14/2017,0
4/15/2017,
4/16/2017,
4/17/2017,1.79
4/18/2017,1.71
4/19/2017,1.74
4/20/2017,1.78
4/21/2017,1.77
4/22/2017,
4/23/2017,
4/24/2017,1.81
4/25/2017,1.87
4/26/2017,1.84
4/27/2017,1.81
4/28/2017,1.81
4/29/2017,
4/30/2017,
5/1/2017,1.84
5/2/2017,1.81
5/3/2017,1.86
5/4/2017,1.88
5/5/2017,1.89
5/6/2017,
5/7/2017,
5/8/2017,1.91
5/9/2017,1.94
5/10/2017,1.94
5/11/2017,1.93
5/12/2017,1.85
5/13/2017,
5/14/2017,
5/15/2017,1.86
5/16/2017,1.86
5/17/2017,1.76
5/18/2017,1.78
5/19/2017,1.79
5/20/2017,
5/21/2017,
5/22/2017,1.8
5/23/2017,1.84
5/24/2017,1.79
5/25/2017,1.78
5/26/2017,1.79
5/27/2017,
5/28/2017,
5/29/2017,0
5/30/2017,1.76
5/31/2017,1.75
6/1/2017,1.76
6/2/2017,1.71
6/3/2017,
6/4/2017,
6/5/2017,1.74
6/6/2017,1.71
6/7/2017,1.74
6/8/2017,1.75
6/9/2017,1.77
6/10/2017,
6/11/2017,
6/12/2017,1.78
6/13/2017,1.79
6/14/2017,1.74
6/15/2017,1.76
6/16/2017,1.75
6/17/2017,
6/18/2017,
6/19/2017,1.8
6/20/2017,1.77
6/21/2017,1.78
6/22/2017,1.76
6/23/2017,1.77
6/24/2017,
6/25/2017,
6/26/2017,1.77
6/27/2017,1.83
6/28/2017,1.81
6/29/2017,1.85
6/30/2017,1.89
7/1/2017,
7/2/2017,
7/3/2017,1.93
7/4/2017,0
7/5/2017,1.92
7/6/2017,1.94
7/7/2017,1.95
7/8/2017,
7/9/2017,
7/10/2017,1.93
7/11/2017,1.92
7/12/2017,1.88
7/13/2017,1.89
7/14/2017,1.87
7/15/2017,
7/16/2017,
7/17/2017,1.86
7/18/2017,1.82
7/19/2017,1.83
7/20/2017,1.82
7/21/2017,1.81
7/22/2017,
7/23/2017,
7/24/2017,1.83
7/25/2017,1.9
7/26/2017,1.83
7/27/2017,1.84
7/28/2017,1.83
7/29/2017,
7/30/2017,
7/31/2017,1.84
8/1/2017,1.8
8/2/2017,1.82
8/3/2017,1.79
8/4/2017,1.82
8/5/2017,
8/6/2017,
8/7/2017,1.81
8/8/2017,1.84
8/9/2017,1.81
8/10/2017,1.78
8/11/2017,1.74
8/12/2017,
8/13/2017,
8/14/2017,1.77
8/15/2017,1.83
8/16/2017,1.79
8/17/2017,1.76
8/18/2017,1.77
8/19/2017,
8/20/2017,
8/21/2017,1.76
8/22/2017,1.8
8/23/2017,1.76
8/24/2017,1.78
8/25/2017,1.77
8/26/2017,
8/27/2017,
8/28/2017,1.74
8/29/2017,1.7
8/30/2017,1.72
8/31/2017,1.7
9/1/2017,1.73
9/2/2017,
9/3/2017,
9/4/2017,0
9/5/2017,1.65
9/6/2017,1.69
9/7/2017,1.63
9/8/2017,1.64
9/9/2017,
9/10/2017,
9/11/2017,1.71
9/12/2017,1.75
9/13/2017,1.78
9/14/2017,1.79
9/15/2017,1.81
9/16/2017,
9/17/2017,
9/18/2017,1.83
9/19/2017,1.84
9/20/2017,1.89
9/21/2017,1.89
9/22/2017,1.88
9/23/2017,
9/24/2017,
9/25/2017,1.85
9/26/2017,1.87
9/27/2017,1.91
9/28/2017,1.89
9/29/2017,1.92
9/30/2017,
10/1/2017,
10/2/2017,1.94
10/3/2017,1.92
10/4/2017,1.92
10/5/2017,1.94
10/6/2017,1.97
10/7/2017,
10/8/2017,
10/9/2017,0
10/10/2017,1.95
10/11/2017,1.95
10/12/2017,1.95
10/13/2017,1.91
10/14/2017,
10/15/2017,
10/16/2017,1.95
10/17/2017,1.97
10/18/2017,1.99
10/19/2017,1.98
10/20/2017,2.03
10/21/2017,
10/22/2017,
10/23/2017,2.01
10/24/2017,2.05
10/25/2017,2.06
10/26/2017,2.07
10/27/2017,2.03
10/28/2017,
10/29/2017,
10/30/2017,2
10/31/2017,2.01
11/1/2017,2.01
11/2/2017,2
11/3/2017,1.99
11/4/2017,
11/5/2017,
11/6/2017,1.99
11/7/2017,1.99
11/8/2017,2.01
11/9/2017,2.01
11/10/2017,2.06
11/11/2017,
11/12/2017,
11/13/2017,2.08
11/14/2017,2.06
11/15/2017,2.04
11/16/2017,2.07
11/17/2017,2.06
11/18/2017,
11/19/2017,
11/20/2017,2.09
11/21/2017,2.11
11/22/2017,2.05
11/23/2017,0
11/24/2017,2.07
11/25/2017,
11/26/2017,
11/27/2017,2.06
11/28/2017,2.07
11/29/2017,2.09
11/30/2017,2.14
12/1/2017,2.13
12/2/2017,
12/3/2017,
12/4/2017,2.15
12/5/2017,2.15
12/6/2017,2.11
12/7/2017,2.14
12/8/2017,2.14
12/9/2017,
12/10/2017,
12/11/2017,2.16
12/12/2017,2.18
12/13/2017,2.12
12/14/2017,2.14
12/15/2017,2.16
12/16/2017,
12/17/2017,
12/18/2017,2.17
12/19/2017,2.23
12/20/2017,2.24
12/21/2017,2.26
12/22/2017,2.26
12/23/2017,
12/24/2017,
12/25/2017,0
12/26/2017,2.25
12/27/2017,2.22
12/28/2017,2.23
12/29/2017,2.2
12/30/2017,
12/31/2017,
1/1/2018,0
1/2/2018,2.25
1/3/2018,2.25
1/4/2018,2.27
1/5/2018,2.29
1/6/2018,
1/7/2018,
1/8/2018,2.29
1/9/2018,2.33
1/10/2018,2.32
1/11/2018,2.32
1/12/2018,2.35
1/13/2018,
1/14/2018,
1/15/2018,0
1/16/2018,2.36
1/17/2018,2.39
1/18/2018,2.43
1/19/2018,2.45
1/20/2018,
1/21/2018,
1/22/2018,2.46
1/23/2018,2.43
1/24/2018,2.43
1/25/2018,2.41
1/26/2018,2.47
1/27/2018,
1/28/2018,
1/29/2018,2.49
1/30/2018,2.51
1/31/2018,2.52
2/1/2018,2.56
2/2/2018,2.58
2/3/2018,
2/4/2018,
2/5/2018,2.5
2/6/2018,2.52
2/7/2018,2.57
2/8/2018,2.57
2/9/2018,2.52
2/10/2018,
2/11/2018,
2/12/2018,2.56
2/13/2018,2.54
2/14/2018,2.65
2/15/2018,2.65
2/16/2018,2.63
2/17/2018,
2/18/2018,
2/19/2018,0
2/20/2018,2.65
2/21/2018,2.69
2/22/2018,2.66
2/23/2018,2.62
2/24/2018,
2/25/2018,
2/26/2018,2.6
2/27/2018,2.67
2/28/2018,2.65
3/1/2018,2.58
3/2/2018,2.63
3/3/2018,
3/4/2018,
3/5/2018,2.65
3/6/2018,2.65
3/7/2018,2.65
3/8/2018,2.63
3/9/2018,2.65
3/10/2018,
3/11/2018,
3/12/2018,2.64
3/13/2018,2.62
3/14/2018,2.61
3/15/2018,2.62
3/16/2018,2.65
3/17/2018,
3/18/2018,
3/19/2018,2.65
3/20/2018,2.69
3/21/2018,2.69
3/22/2018,2.63
3/23/2018,2.61
3/24/2018,
3/25/2018,
3/26/2018,2.64
3/27/2018,2.58
3/28/2018,2.59
3/29/2018,2.56
3/30/2018,0
3/31/2018,
4/1/2018,
4/2/2018,2.55
4/3/2018,2.6
4/4/2018,2.61
4/5/2018,2.64
4/6/2018,2.58
4/7/2018,
4/8/2018,
4/9/2018,2.6
4/10/2018,2.62
4/11/2018,2.62
4/12/2018,2.67
4/13/2018,2.67
4/14/2018,
4/15/2018,
4/16/2018,2.69
4/17/2018,2.68
4/18/2018,2.73
4/19/2018,2.77
4/20/2018,2.8
4/21/2018,
4/22/2018,
4/23/2018,2.83
4/24/2018,2.83
4/25/2018,2.84
4/26/2018,2.82
4/27/2018,2.8
4/28/2018,
4/29/2018,
4/30/2018,2.79
5/1/2018,2.82
5/2/2018,2.8
5/3/2018,2.78
5/4/2018,2.78
5/5/2018,
5/6/2018,
5/7/2018,2.78
5/8/2018,2.81
5/9/2018,2.84
5/10/2018,2.83
5/11/2018,2.84
5/12/2018,
5/13/2018,
5/14/2018,2.85
5/15/2018,2.92
5/16/2018,2.94
5/17/2018,2.94
5/18/2018,2.9
5/19/2018,
5/20/2018,
5/21/2018,2.9
5/22/2018,2.9
5/23/2018,2.83
5/24/2018,2.82
5/25/2018,2.76
5/26/2018,
5/27/2018,
5/28/2018,0
5/29/2018,2.58
5/30/2018,2.67
5/31/2018,2.68
6/1/2018,2.74
6/2/2018,
6/3/2018,
6/4/2018,2.78
6/5/2018,2.76
6/6/2018,2.81
6/7/2018,2.77
6/8/2018,2.77
6/9/2018,
6/10/2018,
6/11/2018,2.8
6/12/2018,2.81
6/13/2018,2.85
6/14/2018,2.81
6/15/2018,2.81
6/16/2018,
6/17/2018,
6/18/2018,2.8
6/19/2018,2.77
6/20/2018,2.8
6/21/2018,2.77
6/22/2018,2.77
6/23/2018,
6/24/2018,
6/25/2018,2.75
6/26/2018,2.75
6/27/2018,2.71
6/28/2018,2.73
6/29/2018,2.73
6/30/2018,
7/1/2018,
7/2/2018,2.75
7/3/2018,2.72
7/4/2018,0
7/5/2018,2.74
7/6/2018,2.71
7/7/2018,
7/8/2018,
7/9/2018,2.75
7/10/2018,2.77
7/11/2018,2.74
7/12/2018,2.75
7/13/2018,2.73
7/14/2018,
7/15/2018,
7/16/2018,2.75
7/17/2018,2.76
7/18/2018,2.77
7/19/2018,2.74
7/20/2018,2.77
7/21/2018,
7/22/2018,
7/23/2018,2.83
7/24/2018,2.83
7/25/2018,2.82
7/26/2018,2.86
7/27/2018,2.84
7/28/2018,
7/29/2018,
7/30/2018,2.85
7/31/2018,2.85
8/1/2018,2.87
8/2/2018,2.85
8/3/2018,2.82
8/4/2018,
8/5/2018,
8/6/2018,2.8
8/7/2018,2.84
8/8/2018,2.83
8/9/2018,2.8
8/10/2018,2.75
8/11/2018,
8/12/2018,
8/13/2018,2.75
8/14/2018,2.77
8/15/2018,2.73
8/16/2018,2.75
8/17/2018,2.75
8/18/2018,
8/19/2018,
8/20/2018,2.7
8/21/2018,2.73
8/22/2018,2.7
8/23/2018,2.72
8/24/2018,2.72
8/25/2018,
8/26/2018,
8/27/2018,2.74
8/28/2018,2.77
8/29/2018,2.78
8/30/2018,2.75
8/31/2018,2.74
9/1/2018,
9/2/2018,
9/3/2018,0
9/4/2018,2.78
9/5/2018,2.77
9/6/2018,2.76
9/7/2018,2.82
9/8/2018,
9/9/2018,
9/10/2018,2.83
9/11/2018,2.87
9/12/2018,2.87
9/13/2018,2.87
9/14/2018,2.9
9/15/2018,
9/16/2018,
9/17/2018,2.89
9/18/2018,2.94
9/19/2018,2.96
9/20/2018,2.96
9/21/2018,2.95
9/22/2018,
9/23/2018,
9/24/2018,2.96
9/25/2018,2.99
9/26/2018,2.96
9/27/2018,2.96
9/28/2018,2.94
9/29/2018,
9/30/2018,
10/1/2018,2.96
10/2/2018,2.94
10/3/2018,3.02
10/4/2018,3.05
10/5/2018,3.07
10/6/2018,
10/7/2018,
10/8/2018,0
10/9/2018,3.05
10/10/2018,3.05
10/11/2018,3
10/12/2018,3
10/13/2018,
10/14/2018,
10/15/2018,3.01
10/16/2018,3.02
10/17/2018,3.04
10/18/2018,3.03
10/19/2018,3.05
10/20/2018,
10/21/2018,
10/22/2018,3.05
10/23/2018,3.01
10/24/2018,2.94
10/25/2018,2.98
10/26/2018,2.91
10/27/2018,
10/28/2018,
10/29/2018,2.91
10/30/2018,2.94
10/31/2018,2.98
11/1/2018,2.96
11/2/2018,3.04
11/3/2018,
11/4/2018,
11/5/2018,3.03
11/6/2018,3.05
11/7/2018,3.07
11/8/2018,3.09
11/9/2018,3.05
11/10/2018,
11/11/2018,
11/12/2018,0
11/13/2018,2.99
11/14/2018,2.95
11/15/2018,2.94
11/16/2018,2.9
11/17/2018,
11/18/2018,
11/19/2018,2.87
11/20/2018,2.88
11/21/2018,2.89
11/22/2018,0
11/23/2018,2.88
11/24/2018,
11/25/2018,
11/26/2018,2.9
11/27/2018,2.89
11/28/2018,2.87
11/29/2018,2.85
11/30/2018,2.84
12/1/2018,
12/2/2018,
12/3/2018,2.83
12/4/2018,2.79
12/5/2018,0
12/6/2018,2.75
12/7/2018,2.7
12/8/2018,
12/9/2018,
12/10/2018,2.71
12/11/2018,2.75
12/12/2018,2.77
12/13/2018,2.75
12/14/2018,2.73
12/15/2018,
12/16/2018,
12/17/2018,2.69
12/18/2018,2.65
12/19/2018,2.62
12/20/2018,2.65
12/21/2018,2.64
12/22/2018,
12/23/2018,
12/24/2018,2.58
12/25/2018,0
12/26/2018,2.67
12/27/2018,2.6
12/28/2018,2.56
12/29/2018,
12/30/2018,
12/31/2018,2.51
1/1/2019,0
1/2/2019,2.49
1/3/2019,2.37
1/4/2019,2.49
1/5/2019,
1/6/2019,
1/7/2019,2.53
1/8/2019,2.58
1/9/2019,2.57
1/10/2019,2.56
1/11/2019,2.52
1/12/2019,
1/13/2019,
1/14/2019,2.53
1/15/2019,2.53
1/16/2019,2.54
1/17/2019,2.58
1/18/2019,2.62
1/19/2019,
1/20/2019,
1/21/2019,0
1/22/2019,2.57
1/23/2019,2.59
1/24/2019,2.55
1/25/2019,2.59
1/26/2019,
1/27/2019,
1/28/2019,2.58
1/29/2019,2.55
1/30/2019,2.49
1/31/2019,2.43
2/1/2019,2.51
2/2/2019,
2/3/2019,
2/4/2019,2.53
2/5/2019,2.51
2/6/2019,2.5
2/7/2019,2.46
2/8/2019,2.44
2/9/2019,
2/10/2019,
2/11/2019,2.47
2/12/2019,2.49
2/13/2019,2.53
2/14/2019,2.48
2/15/2019,2.49
2/16/2019,
2/17/2019,
2/18/2019,0
2/19/2019,2.47
2/20/2019,2.47
2/21/2019,2.51
2/22/2019,2.47
2/23/2019,
2/24/2019,
2/25/2019,2.48
2/26/2019,2.45
2/27/2019,2.49
2/28/2019,2.52
3/1/2019,2.56
3/2/2019,
3/3/2019,
3/4/2019,2.53
3/5/2019,2.53
3/6/2019,2.49
3/7/2019,2.44
3/8/2019,2.42
3/9/2019,
3/10/2019,
3/11/2019,2.44
3/12/2019,2.41
3/13/2019,2.42
3/14/2019,2.43
3/15/2019,2.4
3/16/2019,
3/17/2019,
3/18/2019,2.42
3/19/2019,2.42
3/20/2019,2.34
3/21/2019,2.34
3/22/2019,2.24
3/23/2019,
3/24/2019,
3/25/2019,2.21
3/26/2019,2.18
3/27/2019,2.18
3/28/2019,2.2
3/29/2019,2.23
3/30/2019,
3/31/2019,
4/1/2019,2.31
4/2/2019,2.28
4/3/2019,2.32
4/4/2019,2.32
4/5/2019,2.31
4/6/2019,
4/7/2019,
4/8/2019,2.33
4/9/2019,2.31
4/10/2019,2.28
4/11/2019,2.31
4/12/2019,2.38
4/13/2019,
4/14/2019,
4/15/2019,2.37
4/16/2019,2.41
4/17/2019,2.4
4/18/2019,2.38
4/19/2019,0
4/20/2019,
4/21/2019,
4/22/2019,2.39
4/23/2019,2.36
4/24/2019,2.32
4/25/2019,2.33
4/26/2019,2.29
4/27/2019,
4/28/2019,
4/29/2019,2.32
4/30/2019,2.28
5/1/2019,2.31
5/2/2019,2.34
5/3/2019,2.33
5/4/2019,
5/5/2019,
5/6/2019,2.3
5/7/2019,2.25
5/8/2019,2.28
5/9/2019,2.25
5/10/2019,2.26
5/11/2019,
5/12/2019,
5/13/2019,2.18
5/14/2019,2.2
5/15/2019,2.15
5/16/2019,2.18
5/17/2019,2.17
5/18/2019,
5/19/2019,
5/20/2019,2.21
5/21/2019,2.23
5/22/2019,2.19
5/23/2019,2.11
5/24/2019,2.12
5/25/2019,
5/26/2019,
5/27/2019,0
5/28/2019,2.06
5/29/2019,2.05
5/30/2019,2.03
5/31/2019,1.93
6/1/2019,
6/2/2019,
6/3/2019,1.83
6/4/2019,1.89
6/5/2019,1.86
6/6/2019,1.88
6/7/2019,1.85
6/8/2019,
6/9/2019,
6/10/2019,1.91
6/11/2019,1.92
6/12/2019,1.88
6/13/2019,1.84
6/14/2019,1.85
6/15/2019,
6/16/2019,
6/17/2019,1.85
6/18/2019,1.83
6/19/2019,1.77
6/20/2019,1.74
6/21/2019,1.8
6/22/2019,
6/23/2019,
6/24/2019,1.75
6/25/2019,1.73
6/26/2019,1.8
6/27/2019,1.76
6/28/2019,1.76
6/29/2019,
6/30/2019,
7/1/2019,1.79
7/2/2019,1.75
7/3/2019,1.74
7/4/2019,0
7/5/2019,1.84
7/6/2019,
7/7/2019,
7/8/2019,1.86
7/9/2019,1.88
7/10/2019,1.82
7/11/2019,1.88
7/12/2019,1.86
7/13/2019,
7/14/2019,
7/15/2019,1.84
7/16/2019,1.88
7/17/2019,1.83
7/18/2019,1.78
7/19/2019,1.8
7/20/2019,
7/21/2019,
7/22/2019,1.8
7/23/2019,1.83
7/24/2019,1.82
7/25/2019,1.85
7/26/2019,1.85
7/27/2019,
7/28/2019,
7/29/2019,1.84
7/30/2019,1.84
7/31/2019,1.84
8/1/2019,1.68
8/2/2019,1.66
8/3/2019,
8/4/2019,
8/5/2019,1.55
8/6/2019,1.53
8/7/2019,1.52
8/8/2019,1.54
8/9/2019,1.57
8/10/2019,
8/11/2019,
8/12/2019,1.49
8/13/2019,1.57
8/14/2019,1.51
8/15/2019,1.42
8/16/2019,1.42
8/17/2019,
8/18/2019,
8/19/2019,1.47
8/20/2019,1.42
8/21/2019,1.47
8/22/2019,1.5
8/23/2019,1.4
8/24/2019,
8/25/2019,
8/26/2019,1.43
8/27/2019,1.4
8/28/2019,1.37
8/29/2019,1.4
8/30/2019,1.39
8/31/2019,
9/1/2019,
9/2/2019,0
9/3/2019,1.35
9/4/2019,1.32
9/5/2019,1.43
9/6/2019,1.42
9/7/2019,
9/8/2019,
9/9/2019,1.49
9/10/2019,1.58
9/11/2019,1.6
9/12/2019,1.65
9/13/2019,1.75
9/14/2019,
9/15/2019,
9/16/2019,1.69
9/17/2019,1.66
9/18/2019,1.68
9/19/2019,1.66
9/20/2019,1.61
9/21/2019,
9/22/2019,
9/23/2019,1.59
9/24/2019,1.52
9/25/2019,1.6
9/26/2019,1.59
9/27/2019,1.56
9/28/2019,
9/29/2019,
9/30/2019,1.55
10/1/2019,1.51
10/2/2019,1.43
10/3/2019,1.34
10/4/2019,1.34
10/5/2019,
10/6/2019,
10/7/2019,1.38
10/8/2019,1.36
10/9/2019,1.4
10/10/2019,1.48
10/11/2019,1.59
10/12/2019,
10/13/2019,
10/14/2019,0
10/15/2019,1.59
10/16/2019,1.57
10/17/2019,1.57
10/18/2019,1.56
10/19/2019,
10/20/2019,
10/21/2019,1.61
10/22/2019,1.6
10/23/2019,1.58
10/24/2019,1.58
10/25/2019,1.62
10/26/2019,
10/27/2019,
10/28/2019,1.66
10/29/2019,1.66
10/30/2019,1.61
10/31/2019,1.51
11/1/2019,1.55
11/2/2019,
11/3/2019,
11/4/2019,1.6
11/5/2019,1.66
11/6/2019,1.63
11/7/2019,1.74
11/8/2019,1.74
11/9/2019,
11/10/2019,
11/11/2019,0
11/12/2019,1.73
11/13/2019,1.69
11/14/2019,1.63
11/15/2019,1.65
11/16/2019,
11/17/2019,
11/18/2019,1.63
11/19/2019,1.63
11/20/2019,1.58
11/21/2019,1.62
11/22/2019,1.62
11/23/2019,
11/24/2019,
11/25/2019,1.62
11/26/2019,1.58
11/27/2019,1.63
11/28/2019,0
11/29/2019,1.62
11/30/2019,
12/1/2019,
12/2/2019,1.65
12/3/2019,1.54
12/4/2019,1.6
12/5/2019,1.62
12/6/2019,1.67
12/7/2019,
12/8/2019,
12/9/2019,1.67
12/10/2019,1.68
12/11/2019,1.64
12/12/2019,1.73
12/13/2019,1.66
12/14/2019,
12/15/2019,
12/16/2019,1.72
12/17/2019,1.71
12/18/2019,1.74
12/19/2019,1.73
12/20/2019,1.73
12/21/2019,
12/22/2019,
12/23/2019,1.75
12/24/2019,1.72
12/25/2019,0
12/26/2019,1.72
12/27/2019,1.68
12/28/2019,
12/29/2019,
12/30/2019,1.68
12/31/2019,1.69
1/1/2020,0
1/2/2020,1.67
1/3/2020,1.59
1/4/2020,
1/5/2020,
1/6/2020,1.61
1/7/2020,1.62
1/8/2020,1.67
1/9/2020,1.65
1/10/2020,1.63
1/11/2020,
1/12/2020,
1/13/2020,1.65
1/14/2020,1.63
1/15/2020,1.6
1/16/2020,1.63
1/17/2020,1.63
1/18/2020,
1/19/2020,
1/20/2020,0
1/21/2020,1.57
1/22/2020,1.57
1/23/2020,1.55
1/24/2020,1.51
1/25/2020,
1/26/2020,
1/27/2020,1.44
1/28/2020,1.47
1/29/2020,1.41
1/30/2020,1.39
1/31/2020,1.32
2/1/2020,
2/2/2020,
2/3/2020,1.35
2/4/2020,1.42
2/5/2020,1.46
2/6/2020,1.45
2/7/2020,1.41
2/8/2020,
2/9/2020,
2/10/2020,1.38
2/11/2020,1.4
2/12/2020,1.45
2/13/2020,1.43
2/14/2020,1.42
2/15/2020,
2/16/2020,
2/17/2020,0
2/18/2020,1.39
2/19/2020,1.41
2/20/2020,1.37
2/21/2020,1.3
2/22/2020,
2/23/2020,
2/24/2020,1.21
2/25/2020,1.16
2/26/2020,1.14
2/27/2020,1.11
2/28/2020,0.89
2/29/2020,
3/1/2020,
3/2/2020,0.88
3/3/2020,0.77
3/4/2020,0.75
3/5/2020,0.67
3/6/2020,0.58
3/7/2020,
3/8/2020,
3/9/2020,0.46
3/10/2020,0.63
3/11/2020,0.66
3/12/2020,0.66
3/13/2020,0.7
3/14/2020,
3/15/2020,
3/16/2020,0.49
3/17/2020,0.66
3/18/2020,0.79
3/19/2020,0.66
3/20/2020,0.52
3/21/2020,
3/22/2020,
3/23/2020,0.38
3/24/2020,0.52
3/25/2020,0.56
3/26/2020,0.51
3/27/2020,0.41
3/28/2020,
3/29/2020,
3/30/2020,0.39
3/31/2020,0.37
4/1/2020,0.37
4/2/2020,0.39
4/3/2020,0.39
4/4/2020,
4/5/2020,
4/6/2020,0.44
4/7/2020,0.48
4/8/2020,0.47
4/9/2020,0.41
4/10/2020,0
4/11/2020,
4/12/2020,
4/13/2020,0.44
4/14/2020,0.42
4/15/2020,0.34
4/16/2020,0.35
4/17/2020,0.36
4/18/2020,
4/19/2020,
4/20/2020,0.35
4/21/2020,0.34
4/22/2020,0.37
4/23/2020,0.37
4/24/2020,0.36
4/25/2020,
4/26/2020,
4/27/2020,0.41
4/28/2020,0.37
4/29/2020,0.36
4/30/2020,0.36
5/1/2020,0.36
5/2/2020,
5/3/2020,
5/4/2020,0.36
5/5/2020,0.36
5/6/2020,0.37
5/7/2020,0.29
5/8/2020,0.33
5/9/2020,
5/10/2020,
5/11/2020,0.36
5/12/2020,0.34
5/13/2020,0.31
5/14/2020,0.31
5/15/2020,0.31
5/16/2020,
5/17/2020,
5/18/2020,0.38
5/19/2020,0.35
5/20/2020,0.34
5/21/2020,0.35
5/22/2020,0.34
5/23/2020,
5/24/2020,
5/25/2020,0
5/26/2020,0.35
5/27/2020,0.34
5/28/2020,0.34
5/29/2020,0.3
5/30/2020,
5/31/2020,
6/1/2020,0.31
6/2/2020,0.32
6/3/2020,0.38
6/4/2020,0.4
6/5/2020,0.47
6/6/2020,
6/7/2020,
6/8/2020,0.45
6/9/2020,0.4
6/10/2020,0.33
6/11/2020,0.32
6/12/2020,0.33
6/13/2020,
6/14/2020,
6/15/2020,0.33
6/16/2020,0.34
6/17/2020,0.34
6/18/2020,0.34
6/19/2020,0.33
6/20/2020,
6/21/2020,
6/22/2020,0.34
6/23/2020,0.33
6/24/2020,0.33
6/25/2020,0.32
6/26/2020,0.3
6/27/2020,
6/28/2020,
6/29/2020,0.28
6/30/2020,0.29
7/1/2020,0.31
7/2/2020,0.29
7/3/2020,0
7/4/2020,
7/5/2020,
7/6/2020,0.31
7/7/2020,0.29
7/8/2020,0.3
7/9/2020,0.28
7/10/2020,0.3
7/11/2020,
7/12/2020,
7/13/2020,0.3
7/14/2020,0.28
7/15/2020,0.28
7/16/2020,0.28
7/17/2020,0.29
7/18/2020,
7/19/2020,
7/20/2020,0.29
7/21/2020,0.27
7/22/2020,0.27
7/23/2020,0.27
7/24/2020,0.27
7/25/2020,
7/26/2020,
7/27/2020,0.3
7/28/2020,0.26
7/29/2020,0.25
7/30/2020,0.23
7/31/2020,0.21
8/1/2020,
8/2/2020,
8/3/2020,0.22
8/4/2020,0.19
8/5/2020,0.22
8/6/2020,0.21
8/7/2020,0.23
8/8/2020,
8/9/2020,
8/10/2020,0.24
8/11/2020,0.27
8/12/2020,0.3
8/13/2020,0.32
8/14/2020,0.29
8/15/2020,
8/16/2020,
8/17/2020,0.29
8/18/2020,0.27
8/19/2020,0.29
8/20/2020,0.26
8/21/2020,0.27
8/22/2020,
8/23/2020,
8/24/2020,0.28
8/25/2020,0.3
8/26/2020,0.28
8/27/2020,0.31
8/28/2020,0.28
8/29/2020,
8/30/2020,
8/31/2020,0.28
9/1/2020,0.26
9/2/2020,0.26
9/3/2020,0.24
9/4/2020,0.3
9/5/2020,
9/6/2020,
9/7/2020,0
9/8/2020,0.28
9/9/2020,0.28
9/10/2020,0.26
9/11/2020,0.26
9/12/2020,
9/13/2020,
9/14/2020,0.27
9/15/2020,0.27
9/16/2020,0.28
9/17/2020,0.28
9/18/2020,0.29
9/19/2020,
9/20/2020,
9/21/2020,0.27
9/22/2020,0.27
9/23/2020,0.28
9/24/2020,0.27
9/25/2020,0.26
9/26/2020,
9/27/2020,
9/28/2020,0.26
9/29/2020,0.24
9/30/2020,0.28
10/1/2020,0.27
10/2/2020,0.28
10/3/2020,
10/4/2020,
10/5/2020,0.33
10/6/2020,0.32
10/7/2020,0.35
10/8/2020,0.33
10/9/2020,0.34
10/10/2020,
10/11/2020,
10/12/2020,0
10/13/2020,0.31
10/14/2020,0.3
10/15/2020,0.32
10/16/2020,0.32
10/17/2020,
10/18/2020,
10/19/2020,0.34
10/20/2020,0.34
10/21/2020,0.36
10/22/2020,0.38
10/23/2020,0.37
10/24/2020,
10/25/2020,
10/26/2020,0.35
10/27/2020,0.34
10/28/2020,0.34
10/29/2020,0.38
10/30/2020,0.38
10/31/2020,
11/1/2020,
11/2/2020,0.38
11/3/2020,0.39
11/4/2020,0.33
11/5/2020,0.33
11/6/2020,0.36
11/7/2020,
11/8/2020,
11/9/2020,0.44
11/10/2020,0.46
11/11/2020,0
11/12/2020,0.4
11/13/2020,0.41
11/14/2020,
11/15/2020,
11/16/2020,0.41
11/17/2020,0.39
11/18/2020,0.4
11/19/2020,0.39
11/20/2020,0.38
11/21/2020,
11/22/2020,
11/23/2020,0.39
11/24/2020,0.39
11/25/2020,0.39
11/26/2020,0
11/27/2020,0.37
11/28/2020,
11/29/2020,
11/30/2020,0.36
12/1/2020,0.42
12/2/2020,0.42
12/3/2020,0.4
12/4/2020,0.42
12/5/2020,
12/6/2020,
12/7/2020,0.4
12/8/2020,0.39
12/9/2020,0.41
12/10/2020,0.39
12/11/2020,0.37
12/12/2020,
12/13/2020,
12/14/2020,0.37
12/15/2020,0.37
12/16/2020,0.37
12/17/2020,0.38
12/18/2020,0.39
12/19/2020,
12/20/2020,
12/21/2020,0.39
12/22/2020,0.37
12/23/2020,0.38
12/24/2020,0.37
12/25/2020,0
12/26/2020,
12/27/2020,
12/28/2020,0.38
12/29/2020,0.37
12/30/2020,0.37
12/31/2020,0.36
1/1/2021,0
1/2/2021,
1/3/2021,
1/4/2021,0.36
1/5/2021,0.38
1/6/2021,0.43
1/7/2021,0.46
1/8/2021,0.49
1/9/2021,
1/10/2021,
1/11/2021,0.5
1/12/2021,0.5
1/13/2021,0.48
1/14/2021,0.49
1/15/2021,0.46
1/16/2021,
1/17/2021,
1/18/2021,0
1/19/2021,0.45
1/20/2021,0.45
1/21/2021,0.45
1/22/2021,0.44
1/23/2021,
1/24/2021,
1/25/2021,0.42
1/26/2021,0.42
1/27/2021,0.41
1/28/2021,0.42
1/29/2021,0.45
1/30/2021,
1/31/2021,
2/1/2021,0.42
2/2/2021,0.45
2/3/2021,0.46
2/4/2021,0.46
2/5/2021,0.47
2/6/2021,
2/7/2021,
2/8/2021,0.48
2/9/2021,0.48
2/10/2021,0.46
2/11/2021,0.46
2/12/2021,0.5
2/13/2021,
2/14/2021,
2/15/2021,0
2/16/2021,0.57
2/17/2021,0.57
2/18/2021,0.56
2/19/2021,0.59
2/20/2021,
2/21/2021,
2/22/2021,0.61
2/23/2021,0.59
2/24/2021,0.62
2/25/2021,0.81
2/26/2021,0.75
2/27/2021,
2/28/2021,
3/1/2021,0.71
3/2/2021,0.67
3/3/2021,0.73
3/4/2021,0.77
3/5/2021,0.79
3/6/2021,
3/7/2021,
3/8/2021,0.86
3/9/2021,0.83
3/10/2021,0.8
3/11/2021,0.78
3/12/2021,0.85
3/13/2021,
3/14/2021,
3/15/2021,0.84
3/16/2021,0.83
3/17/2021,0.8
3/18/2021,0.86
3/19/2021,0.9
3/20/2021,
3/21/2021,
3/22/2021,0.87
3/23/2021,0.83
3/24/2021,0.83
3/25/2021,0.82
3/26/2021,0.85
3/27/2021,
3/28/2021,
3/29/2021,0.89
3/30/2021,0.9
3/31/2021,0.92
4/1/2021,0.9
4/2/2021,0.97
4/3/2021,
4/4/2021,
4/5/2021,0.94
4/6/2021,0.88
4/7/2021,0.87
4/8/2021,0.85
4/9/2021,0.87
4/10/2021,
4/11/2021,
4/12/2021,0.89
4/13/2021,0.85
4/14/2021,0.87
4/15/2021,0.81
4/16/2021,0.84
4/17/2021,
4/18/2021,
4/19/2021,0.85
4/20/2021,0.81
4/21/2021,0.81
4/22/2021,0.81
4/23/2021,0.83
4/24/2021,
4/25/2021,
4/26/2021,0.85
4/27/2021,0.88
4/28/2021,0.86
4/29/2021,0.86
4/30/2021,0.86
5/1/2021,
5/2/2021,
5/3/2021,0.84
5/4/2021,0.82
5/5/2021,0.8
5/6/2021,0.81
5/7/2021,0.77
5/8/2021,
5/9/2021,
5/10/2021,0.8
5/11/2021,0.8
5/12/2021,0.87
5/13/2021,0.84
5/14/2021,0.82
5/15/2021,
5/16/2021,
5/17/2021,0.84
5/18/2021,0.83
5/19/2021,0.87
5/20/2021,0.83
5/21/2021,0.84
5/22/2021,
5/23/2021,
5/24/2021,0.82
5/25/2021,0.79
5/26/2021,0.8
5/27/2021,0.81
5/28/2021,0.79
5/29/2021,
5/30/2021,
5/31/2021,0
6/1/2021,0.81
6/2/2021,0.8
6/3/2021,0.84
6/4/2021,0.78
6/5/2021,
6/6/2021,
6/7/2021,0.79
6/8/2021,0.77
6/9/2021,0.75
6/10/2021,0.73
6/11/2021,0.76
6/12/2021,
6/13/2021,
6/14/2021,0.8
6/15/2021,0.79
6/16/2021,0.89
6/17/2021,0.9
6/18/2021,0.89
6/19/2021,
6/20/2021,
6/21/2021,0.9
6/22/2021,0.87
6/23/2021,0.9
6/24/2021,0.9
6/25/2021,0.92
6/26/2021,
6/27/2021,
6/28/2021,0.9
6/29/2021,0.89
6/30/2021,0.87
7/1/2021,0.89
7/2/2021,0.86
7/3/2021,
7/4/2021,
7/5/2021,0
7/6/2021,0.81
7/7/2021,0.79
7/8/2021,0.74
7/9/2021,0.79
7/10/2021,
7/11/2021,
7/12/2021,0.81
7/13/2021,0.85
7/14/2021,0.8
7/15/2021,0.78
7/16/2021,0.79
7/17/2021,
7/18/2021,
7/19/2021,0.7
7/20/2021,0.69
7/21/2021,0.74
7/22/2021,0.71
7/23/2021,0.72
7/24/2021,
7/25/2021,
7/26/2021,0.73
7/27/2021,0.71
7/28/2021,0.72
7/29/2021,0.73
7/30/2021,0.69
7/31/2021,
8/1/2021,
8/2/2021,0.66
8/3/2021,0.65
8/4/2021,0.67
8/5/2021,0.72
8/6/2021,0.77
8/7/2021,
8/8/2021,
8/9/2021,0.79
8/10/2021,0.82
8/11/2021,0.81
8/12/2021,0.83
8/13/2021,0.79
8/14/2021,
8/15/2021,
8/16/2021,0.75
8/17/2021,0.77
8/18/2021,0.79
8/19/2021,0.78
8/20/2021,0.8
8/21/2021,
8/22/2021,
8/23/2021,0.78
8/24/2021,0.8
8/25/2021,0.84
8/26/2021,0.84
8/27/2021,0.79
8/28/2021,
8/29/2021,
8/30/2021,0.77
8/31/2021,0.77
9/1/2021,0.78
9/2/2021,0.78
9/3/2021,0.78
9/4/2021,
9/5/2021,
9/6/2021,0
9/7/2021,0.82
9/8/2021,0.81
9/9/2021,0.79
9/10/2021,0.82
9/11/2021,
9/12/2021,
9/13/2021,0.81
9/14/2021,0.79
9/15/2021,0.81
9/16/2021,0.84
9/17/2021,0.88
9/18/2021,
9/19/2021,
9/20/2021,0.83
9/21/2021,0.84
9/22/2021,0.86
9/23/2021,0.94
9/24/2021,0.97
9/25/2021,
9/26/2021,
9/27/2021,0.98
9/28/2021,1.02
9/29/2021,1.01
9/30/2021,0.98
10/1/2021,0.93
10/2/2021,
10/3/2021,
10/4/2021,0.95
10/5/2021,0.98
10/6/2021,0.99
10/7/2021,1.02
10/8/2021,1.05
10/9/2021,
10/10/2021,
10/11/2021,0
10/12/2021,1.08
10/13/2021,1.09
10/14/2021,1.05
10/15/2021,1.13
10/16/2021,
10/17/2021,
10/18/2021,1.16
10/19/2021,1.17
10/20/2021,1.16
10/21/2021,1.23
10/22/2021,1.22
10/23/2021,
10/24/2021,
10/25/2021,1.19
10/26/2021,1.2
10/27/2021,1.16
10/28/2021,1.18
10/29/2021,1.18
10/30/2021,
10/31/2021,
11/1/2021,1.2
11/2/2021,1.15
11/3/2021,1.19
11/4/2021,1.1
11/5/2021,1.04
11/6/2021,
11/7/2021,
11/8/2021,1.13
11/9/2021,1.08
11/10/2021,1.23
11/11/2021,0
11/12/2021,1.24
11/13/2021,
11/14/2021,
11/15/2021,1.26
11/16/2021,1.27
11/17/2021,1.24
11/18/2021,1.22
11/19/2021,1.22
11/20/2021,
11/21/2021,
11/22/2021,1.33
11/23/2021,1.33
11/24/2021,1.34
11/25/2021,0
11/26/2021,1.16
11/27/2021,
11/28/2021,
11/29/2021,1.18
11/30/2021,1.14
12/1/2021,1.15
12/2/2021,1.21
12/3/2021,1.13
12/4/2021,
12/5/2021,
12/6/2021,1.21
12/7/2021,1.26
12/8/2021,1.27
12/9/2021,1.26
12/10/2021,1.25
12/11/2021,
12/12/2021,
12/13/2021,1.21
12/14/2021,1.23
12/15/2021,1.26
12/16/2021,1.19
12/17/2021,1.18
12/18/2021,
12/19/2021,
12/20/2021,1.17
12/21/2021,1.24
12/22/2021,1.23
12/23/2021,1.25
12/24/2021,0
12/25/2021,
12/26/2021,
12/27/2021,1.26
12/28/2021,1.27
12/29/2021,1.29
12/30/2021,1.27
12/31/2021,1.26
1/1/2022,
1/2/2022,
1/3/2022,1.37
1/4/2022,1.37
1/5/2022,1.43
1/6/2022,1.47
1/7/2022,1.5
1/8/2022,
1/9/2022,
1/10/2022,1.53
1/11/2022,1.51
1/12/2022,1.5
1/13/2022,1.47
1/14/2022,1.55
1/15/2022,
1/16/2022,
1/17/2022,0
1/18/2022,1.65
1/19/2022,1.62
1/20/2022,1.62
1/21/2022,1.54
1/22/2022,
1/23/2022,
1/24/2022,1.53
1/25/2022,1.56
1/26/2022,1.66
1/27/2022,1.66
1/28/2022,1.61
1/29/2022,
1/30/2022,
1/31/2022,1.62
2/1/2022,1.63
2/2/2022,1.6
2/3/2022,1.66
2/4/2022,1.78
2/5/2022,
2/6/2022,
2/7/2022,1.76
2/8/2022,1.81
2/9/2022,1.82
2/10/2022,1.96
2/11/2022,1.84
2/12/2022,
2/13/2022,
2/14/2022,1.9
2/15/2022,1.94
2/16/2022,1.9
2/17/2022,1.85
2/18/2022,1.82
2/19/2022,
2/20/2022,
2/21/2022,0
2/22/2022,1.85
2/23/2022,1.89
2/24/2022,1.84
2/25/2022,1.86
2/26/2022,
2/27/2022,
2/28/2022,1.71
3/1/2022,1.56
3/2/2022,1.74
3/3/2022,1.74
3/4/2022,1.65
3/5/2022,
3/6/2022,
3/7/2022,1.71
3/8/2022,1.8
3/9/2022,1.87
3/10/2022,1.92
3/11/2022,1.96
3/12/2022,
3/13/2022,
3/14/2022,2.1
3/15/2022,2.1
3/16/2022,2.18
3/17/2022,2.17
3/18/2022,2.14
3/19/2022,
3/20/2022,
3/21/2022,2.33
3/22/2022,2.39
3/23/2022,2.34
3/24/2022,2.37
3/25/2022,2.55
3/26/2022,
3/27/2022,
3/28/2022,2.54
3/29/2022,2.49
3/30/2022,2.44
3/31/2022,2.42
4/1/2022,2.55
4/2/2022,
4/3/2022,
4/4/2022,2.56
4/5/2022,2.69
4/6/2022,2.7
4/7/2022,2.7
4/8/2022,2.76
4/9/2022,
4/10/2022,
4/11/2022,2.79
4/12/2022,2.66
4/13/2022,2.66
4/14/2022,2.79
4/15/2022,0
4/16/2022,
4/17/2022,
4/18/2022,2.79
4/19/2022,2.91
4/20/2022,2.87
4/21/2022,2.96
4/22/2022,2.94
4/23/2022,
4/24/2022,
4/25/2022,2.84
4/26/2022,2.79
4/27/2022,2.81
4/28/2022,2.86
4/29/2022,2.92
4/30/2022,
5/1/2022,
5/2/2022,3.01
5/3/2022,3.01
5/4/2022,2.93
5/5/2022,3.01
5/6/2022,3.06
5/7/2022,
5/8/2022,
5/9/2022,2.95
5/10/2022,2.91
5/11/2022,2.89
5/12/2022,2.81
5/13/2022,2.89
5/14/2022,
5/15/2022,
5/16/2022,2.83
5/17/2022,2.96
5/18/2022,2.89
5/19/2022,2.84
5/20/2022,2.8
5/21/2022,
5/22/2022,
5/23/2022,2.88
5/24/2022,2.76
5/25/2022,2.71
5/26/2022,2.7
5/27/2022,2.71
5/28/2022,
5/29/2022,
5/30/2022,0
5/31/2022,2.81
6/1/2022,2.94
6/2/2022,2.92
6/3/2022,2.95
6/4/2022,
6/5/2022,
6/6/2022,3.03
6/7/2022,2.99
6/8/2022,3.03
6/9/2022,3.07
6/10/2022,3.25
6/11/2022,
6/12/2022,
6/13/2022,3.56
6/14/2022,3.61
6/15/2022,3.38
6/16/2022,3.35
6/17/2022,3.34
6/18/2022,
6/19/2022,
6/20/2022,0
6/21/2022,3.38
6/22/2022,3.22
6/23/2022,3.14
6/24/2022,3.18
6/25/2022,
6/26/2022,
6/27/2022,3.24
6/28/2022,3.25
6/29/2022,3.15
6/30/2022,3.01
7/1/2022,2.88
7/2/2022,
7/3/2022,
7/4/2022,0
7/5/2022,2.82
7/6/2022,2.96
7/7/2022,3.05
7/8/2022,3.13
7/9/2022,
7/10/2022,
7/11/2022,3.05
7/12/2022,3.01
7/13/2022,3.02
7/14/2022,3.06
7/15/2022,3.05
7/16/2022,
7/17/2022,
7/18/2022,3.06
7/19/2022,3.14
7/20/2022,3.18
7/21/2022,3
7/22/2022,2.87
7/23/2022,
7/24/2022,
7/25/2022,2.89
7/26/2022,2.89
7/27/2022,2.82
7/28/2022,2.69
7/29/2022,2.7
7/30/2022,
7/31/2022,
8/1/2022,2.66
8/2/2022,2.85
8/3/2022,2.86
8/4/2022,2.76
8/5/2022,2.97
8/6/2022,
8/7/2022,
8/8/2022,2.91
8/9/2022,2.97
8/10/2022,2.93
8/11/2022,2.98
8/12/2022,2.97
8/13/2022,
8/14/2022,
8/15/2022,2.91
8/16/2022,2.95
8/17/2022,3.04
8/18/2022,3.02
8/19/2022,3.11
8/20/2022,
8/21/2022,
8/22/2022,3.17
8/23/2022,3.18
8/24/2022,3.2
8/25/2022,3.15
8/26/2022,3.2
8/27/2022,
8/28/2022,
8/29/2022,3.27
8/30/2022,3.27
8/31/2022,3.3
9/1/2022,3.39
9/2/2022,3.3
9/3/2022,
9/4/2022,
9/5/2022,0
9/6/2022,3.43
9/7/2022,3.37
9/8/2022,3.39
9/9/2022,3.45
9/10/2022,
9/11/2022,
9/12/2022,3.47
9/13/2022,3.58
9/14/2022,3.6
9/15/2022,3.66
9/16/2022,3.62
9/17/2022,
9/18/2022,
9/19/2022,3.69
9/20/2022,3.75
9/21/2022,3.74
9/22/2022,3.91
9/23/2022,3.96
9/24/2022,
9/25/2022,
9/26/2022,4.15
9/27/2022,4.21
9/28/2022,3.92
9/29/2022,3.98
9/30/2022,4.06
10/1/2022,
10/2/2022,
10/3/2022,3.9
10/4/2022,3.84
10/5/2022,3.96
10/6/2022,4.05
10/7/2022,4.14
10/8/2022,
10/9/2022,
10/10/2022,0
10/11/2022,4.14
10/12/2022,4.12
10/13/2022,4.21
10/14/2022,4.25
10/15/2022,
10/16/2022,
10/17/2022,4.24
10/18/2022,4.21
10/19/2022,4.35
10/20/2022,4.45
10/21/2022,4.34
10/22/2022,
10/23/2022,
10/24/2022,4.36
10/25/2022,4.25
10/26/2022,4.2
10/27/2022,4.09
10/28/2022,4.19
10/29/2022,
10/30/2022,
10/31/2022,4.27
11/1/2022,4.27
11/2/2022,4.3
11/3/2022,4.36
11/4/2022,4.33
11/5/2022,
11/6/2022,
11/7/2022,4.39
11/8/2022,4.31
11/9/2022,4.27
11/10/2022,3.95
11/11/2022,0
11/12/2022,
11/13/2022,
11/14/2022,4
11/15/2022,3.93
11/16/2022,3.83
11/17/2022,3.93
11/18/2022,3.99
11/19/2022,
11/20/2022,
11/21/2022,3.97
11/22/2022,3.93
11/23/2022,3.88
11/24/2022,0
11/25/2022,3.85
11/26/2022,
11/27/2022,
11/28/2022,3.88
11/29/2022,3.92
11/30/2022,3.82
12/1/2022,3.68
12/2/2022,3.67
12/3/2022,
12/4/2022,
12/5/2022,3.8
12/6/2022,3.73
12/7/2022,3.62
12/8/2022,3.71
12/9/2022,3.75
12/10/2022,
12/11/2022,
12/12/2022,3.8
12/13/2022,3.66
12/14/2022,3.64
12/15/2022,3.62
12/16/2022,3.61
12/17/2022,
12/18/2022,
12/19/2022,3.7
12/20/2022,3.79
12/21/2022,3.78
12/22/2022,3.79
12/23/2022,3.86
12/24/2022,
12/25/2022,
12/26/2022,0
12/27/2022,3.94
12/28/2022,3.97
12/29/2022,3.94
12/30/2022,3.99
12/31/2022,
1/1/2023,
1/2/2023,0
1/3/2023,3.94
1/4/2023,3.85
1/5/2023,3.9
1/6/2023,3.69
1/7/2023,
1/8/2023,
1/9/2023,3.66
1/10/2023,3.72
1/11/2023,3.66
1/12/2023,3.53
1/13/2023,3.6
1/14/2023,
1/15/2023,
1/16/2023,0
1/17/2023,3.6
1/18/2023,3.43
1/19/2023,3.48
1/20/2023,3.56
1/21/2023,
1/22/2023,
1/23/2023,3.61
1/24/2023,3.58
1/25/2023,3.54
1/26/2023,3.58
1/27/2023,3.62
1/28/2023,
1/29/2023,
1/30/2023,3.68
1/31/2023,3.63
2/1/2023,3.48
2/2/2023,3.49
2/3/2023,3.67
2/4/2023,
2/5/2023,
2/6/2023,3.81
2/7/2023,3.85
2/8/2023,3.82
2/9/2023,3.87
2/10/2023,3.93
2/11/2023,
2/12/2023,
2/13/2023,3.93
2/14/2023,4
2/15/2023,4.04
2/16/2023,4.06
2/17/2023,4.03
2/18/2023,
2/19/2023,
2/20/2023,0
2/21/2023,4.16
2/22/2023,4.13
2/23/2023,4.09
2/24/2023,4.19
2/25/2023,
2/26/2023,
2/27/2023,4.17
2/28/2023,4.18
3/1/2023,4.27
3/2/2023,4.32
3/3/2023,4.26
3/4/2023,
3/5/2023,
3/6/2023,4.27
3/7/2023,4.31
3/8/2023,4.34
3/9/2023,4.22
3/10/2023,3.96
3/11/2023,
3/12/2023,
3/13/2023,3.68
3/14/2023,3.78
3/15/2023,3.59
3/16/2023,3.72
3/17/2023,3.44
3/18/2023,
3/19/2023,
3/20/2023,3.56
3/21/2023,3.73
3/22/2023,3.54
3/23/2023,3.39
3/24/2023,3.41
3/25/2023,
3/26/2023,
3/27/2023,3.59
3/28/2023,3.63
3/29/2023,3.67
3/30/2023,3.66
3/31/2023,3.6
4/1/2023,
4/2/2023,
4/3/2023,3.52
4/4/2023,3.39
4/5/2023,3.36
4/6/2023,3.37
4/7/2023,3.49
4/8/2023,
4/9/2023,
4/10/2023,3.52
4/11/2023,3.54
4/12/2023,3.46
4/13/2023,3.51
4/14/2023,3.6
4/15/2023,
4/16/2023,
4/17/2023,3.69
4/18/2023,3.69
4/19/2023,3.71
4/20/2023,3.63
4/21/2023,3.66
4/22/2023,
4/23/2023,
4/24/2023,3.6
4/25/2023,3.43
4/26/2023,3.46
4/27/2023,3.6
4/28/2023,3.51
4/29/2023,
4/30/2023,
5/1/2023,3.64
5/2/2023,3.46
5/3/2023,3.37
5/4/2023,3.29
5/5/2023,3.41
5/6/2023,
5/7/2023,
5/8/2023,3.49
5/9/2023,3.51
5/10/2023,3.37
5/11/2023,3.36
5/12/2023,3.45
5/13/2023,
5/14/2023,
5/15/2023,3.46
5/16/2023,3.52
5/17/2023,3.58
5/18/2023,3.69
5/19/2023,3.76
5/20/2023,
5/21/2023,
5/22/2023,3.77
5/23/2023,3.76
5/24/2023,3.75
5/25/2023,3.9
5/26/2023,3.92
5/27/2023,
5/28/2023,
5/29/2023,0
5/30/2023,3.81
5/31/2023,3.74
6/1/2023,3.7
6/2/2023,3.84
6/3/2023,
6/4/2023,
6/5/2023,3.82
6/6/2023,3.85
6/7/2023,3.93
6/8/2023,3.87
6/9/2023,3.92
6/10/2023,
6/11/2023,
6/12/2023,3.89
6/13/2023,4.01
6/14/2023,4.06
6/15/2023,3.91
6/16/2023,3.99
6/17/2023,
6/18/2023,
6/19/2023,0
6/20/2023,3.96
6/21/2023,3.95
6/22/2023,4.03
6/23/2023,3.99
6/24/2023,
6/25/2023,
6/26/2023,3.96
6/27/2023,4.02
6/28/2023,3.97
6/29/2023,4.14
6/30/2023,4.13
7/1/2023,
7/2/2023,
7/3/2023,4.19
7/4/2023,0
7/5/2023,4.25
7/6/2023,4.37
7/7/2023,4.35
7/8/2023,
7/9/2023,
7/10/2023,4.25
7/11/2023,4.24
7/12/2023,4.07
7/13/2023,3.93
7/14/2023,4.04
7/15/2023,
7/16/2023,
7/17/2023,4.02
7/18/2023,4
7/19/2023,3.98
7/20/2023,4.08
7/21/2023,4.09
7/22/2023,
7/23/2023,
7/24/2023,4.13
7/25/2023,4.15
7/26/2023,4.09
7/27/2023,4.24
7/28/2023,4.18
7/29/2023,
7/30/2023,
7/31/2023,4.18
8/1/2023,4.24
8/2/2023,4.24
8/3/2023,4.3
8/4/2023,4.15
8/5/2023,
8/6/2023,
8/7/2023,4.16
8/8/2023,4.1
8/9/2023,4.12
8/10/2023,4.21
8/11/2023,4.31
8/12/2023,
8/13/2023,
8/14/2023,4.36
8/15/2023,4.36
8/16/2023,4.42
8/17/2023,4.42
8/18/2023,4.38
8/19/2023,
8/20/2023,
8/21/2023,4.46
8/22/2023,4.49
8/23/2023,4.36
8/24/2023,4.39
8/25/2023,4.44
8/26/2023,
8/27/2023,
8/28/2023,4.38
8/29/2023,4.26
8/30/2023,4.27
8/31/2023,4.23
9/1/2023,4.29
9/2/2023,
9/3/2023,
9/4/2023,0
9/5/2023,4.37
9/6/2023,4.44
9/7/2023,4.38
9/8/2023,4.39
9/9/2023,
9/10/2023,
9/11/2023,4.4
9/12/2023,4.41
9/13/2023,4.39
9/14/2023,4.42
9/15/2023,4.45
9/16/2023,
9/17/2023,
9/18/2023,4.46
9/19/2023,4.51
9/20/2023,4.52
9/21/2023,4.61
9/22/2023,4.57
9/23/2023,
9/24/2023,
9/25/2023,4.62
9/26/2023,4.62
9/27/2023,4.67
9/28/2023,4.62
9/29/2023,4.6
9/30/2023,
10/1/2023,
10/2/2023,4.72
10/3/2023,4.8
10/4/2023,4.72
10/5/2023,4.68
10/6/2023,4.75
10/7/2023,
10/8/2023,
10/9/2023,0
10/10/2023,4.62
10/11/2023,4.59
10/12/2023,4.69
10/13/2023,4.65
10/14/2023,
10/15/2023,
10/16/2023,4.72
10/17/2023,4.86
10/18/2023,4.92
10/19/2023,4.95
10/20/2023,4.86
10/21/2023,
10/22/2023,
10/23/2023,4.81
10/24/2023,4.82
10/25/2023,4.89
10/26/2023,4.79
10/27/2023,4.76
10/28/2023,
10/29/2023,
10/30/2023,4.8
10/31/2023,4.82
11/1/2023,4.67
11/2/2023,4.65
11/3/2023,4.49
11/4/2023,
11/5/2023,
11/6/2023,4.6
11/7/2023,4.53
11/8/2023,4.51
11/9/2023,4.65
11/10/2023,4.65
11/11/2023,
11/12/2023,
11/13/2023,4.66
11/14/2023,4.42
11/15/2023,4.52
11/16/2023,4.43
11/17/2023,4.45
11/18/2023,
11/19/2023,
11/20/2023,4.44
11/21/2023,4.41
11/22/2023,4.44
11/23/2023,0
11/24/2023,4.49
11/25/2023,
11/26/2023,
11/27/2023,4.38
11/28/2023,4.29
11/29/2023,4.22
11/30/2023,4.31
12/1/2023,4.14
12/2/2023,
12/3/2023,
12/4/2023,4.23
12/5/2023,4.14
12/6/2023,4.12
12/7/2023,4.11
12/8/2023,4.24
12/9/2023,
12/10/2023,
12/11/2023,4.25
12/12/2023,4.23
12/13/2023,4
12/14/2023,3.9
12/15/2023,3.91
12/16/2023,
12/17/2023,
12/18/2023,3.94
12/19/2023,3.94
12/20/2023,3.86
12/21/2023,3.87
12/22/2023,3.87
12/23/2023,
12/24/2023,
12/25/2023,0
12/26/2023,3.89
12/27/2023,3.78
12/28/2023,3.83
12/29/2023,3.84
12/30/2023,
12/31/2023,
1/1/2024,0
1/2/2024,3.93
1/3/2024,3.9
1/4/2024,3.97
1/5/2024,4.02
1/6/2024,
1/7/2024,
1/8/2024,3.97
1/9/2024,3.97
1/10/2024,3.99
1/11/2024,3.9
1/12/2024,3.84
1/13/2024,
1/14/2024,
1/15/2024,0
1/16/2024,3.95
1/17/2024,4.02
1/18/2024,4.04
1/19/2024,4.08
1/20/2024,
1/21/2024,
1/22/2024,4.03
1/23/2024,4.06
1/24/2024,4.06
1/25/2024,4.01
1/26/2024,4.04
1/27/2024,
1/28/2024,
1/29/2024,3.97
1/30/2024,4
1/31/2024,3.91
2/1/2024,3.8
2/2/2024,3.99
2/3/2024,
2/4/2024,
2/5/2024,4.13
2/6/2024,4.03
2/7/2024,4.06
2/8/2024,4.12
2/9/2024,4.14
2/10/2024,
2/11/2024,
2/12/2024,4.13
2/13/2024,4.31
2/14/2024,4.25
2/15/2024,4.22
2/16/2024,4.29
2/17/2024,
2/18/2024,
2/19/2024,0
2/20/2024,4.25
2/21/2024,4.3
2/22/2024,4.33
2/23/2024,4.28
2/24/2024,
2/25/2024,
2/26/2024,4.29
2/27/2024,4.32
2/28/2024,4.26
2/29/2024,4.26
3/1/2024,4.17
3/2/2024,
3/3/2024,
3/4/2024,4.21
3/5/2024,4.13
3/6/2024,4.12
3/7/2024,4.07
3/8/2024,4.06
3/9/2024,
3/10/2024,
3/11/2024,4.08
3/12/2024,4.15
3/13/2024,4.19
3/14/2024,4.29
3/15/2024,4.33
3/16/2024,
3/17/2024,
3/18/2024,4.36
3/19/2024,4.31
3/20/2024,4.25
3/21/2024,4.26
3/22/2024,4.2
3/23/2024,
3/24/2024,
3/25/2024,4.23
3/26/2024,4.22
3/27/2024,4.18
3/28/2024,4.21
3/29/2024,0
3/30/2024,
3/31/2024,
4/1/2024,4.34
4/2/2024,4.35
4/3/2024,4.34
4/4/2024,4.3
4/5/2024,4.38
4/6/2024,
4/7/2024,
4/8/2024,4.43
4/9/2024,4.37
4/10/2024,4.61
4/11/2024,4.61
4/12/2024,4.54
4/13/2024,
4/14/2024,
4/15/2024,4.65
4/16/2024,4.69
4/17/2024,4.62
4/18/2024,4.68
4/19/2024,4.66
4/20/2024,
4/21/2024,
4/22/2024,4.66
4/23/2024,4.63
4/24/2024,4.64
4/25/2024,4.7
4/26/2024,4.68
4/27/2024,
4/28/2024,
4/29/2024,4.65
4/30/2024,4.72
5/1/2024,4.64
5/2/2024,4.57
5/3/2024,4.48
5/4/2024,
5/5/2024,
5/6/2024,4.48
5/7/2024,4.48
5/8/2024,4.5
5/9/2024,4.47
5/10/2024,4.52
5/11/2024,
5/12/2024,
5/13/2024,4.5
5/14/2024,4.46
5/15/2024,4.35
5/16/2024,4.4
5/17/2024,4.44
5/18/2024,
5/19/2024,
5/20/2024,4.46
5/21/2024,4.43
5/22/2024,4.47
5/23/2024,4.52
5/24/2024,4.53
5/25/2024,
5/26/2024,
5/27/2024,0
5/28/2024,4.56
5/29/2024,4.63
5/30/2024,4.57
5/31/2024,4.52
6/1/2024,
6/2/2024,
6/3/2024,4.42
6/4/2024,4.35
6/5/2024,4.31
6/6/2024,4.29
6/7/2024,4.46
6/8/2024,
6/9/2024,
6/10/2024,4.48
6/11/2024,4.41
6/12/2024,4.32
6/13/2024,4.24
6/14/2024,4.22
6/15/2024,
6/16/2024,
6/17/2024,4.3
6/18/2024,4.24
6/19/2024,0
6/20/2024,4.26
6/21/2024,4.26
6/22/2024,
6/23/2024,
6/24/2024,4.27
6/25/2024,4.25
6/26/2024,4.32
6/27/2024,4.29
6/28/2024,4.33
6/29/2024,
6/30/2024,
7/1/2024,4.44
7/2/2024,4.39
7/3/2024,4.33
7/4/2024,0
7/5/2024,4.22
7/6/2024,
7/7/2024,
7/8/2024,4.23
7/9/2024,4.24
7/10/2024,4.24
7/11/2024,4.13
7/12/2024,4.1
7/13/2024,
7/14/2024,
7/15/2024,4.13
7/16/2024,4.09
7/17/2024,4.07
7/18/2024,4.11
7/19/2024,4.16
7/20/2024,
7/21/2024,
7/22/2024,4.17
7/23/2024,4.15
7/24/2024,4.12
7/25/2024,4.13
7/26/2024,4.06
7/27/2024,
7/28/2024,
7/29/2024,4.05
7/30/2024,4.03
7/31/2024,3.97
8/1/2024,3.84
8/2/2024,3.62
8/3/2024,
8/4/2024,
8/5/2024,3.62
8/6/2024,3.73
8/7/2024,3.79
8/8/2024,3.83
8/9/2024,3.8
8/10/2024,
8/11/2024,
8/12/2024,3.75
8/13/2024,3.68
8/14/2024,3.67
8/15/2024,3.79
8/16/2024,3.77
8/17/2024,
8/18/2024,
8/19/2024,3.75
8/20/2024,3.7
8/21/2024,3.64
8/22/2024,3.72
8/23/2024,3.65
8/24/2024,
8/25/2024,
8/26/2024,3.66
8/27/2024,3.66
8/28/2024,3.63
8/29/2024,3.66
8/30/2024,3.71
8/31/2024,
9/1/2024,
9/2/2024,0
9/3/2024,3.65
9/4/2024,3.56
9/5/2024,3.54
9/6/2024,3.5
9/7/2024,
9/8/2024,
9/9/2024,3.49
9/10/2024,3.43
9/11/2024,3.45
9/12/2024,3.47
9/13/2024,3.43
9/14/2024,
9/15/2024,
9/16/2024,3.41
9/17/2024,3.44
9/18/2024,3.47
9/19/2024,3.49
9/20/2024,3.48
9/21/2024,
9/22/2024,
9/23/2024,3.51
9/24/2024,3.47
9/25/2024,3.52
9/26/2024,3.55
9/27/2024,3.5
9/28/2024,
9/29/2024,
9/30/2024,3.58
10/1/2024,3.51
10/2/2024,3.55
10/3/2024,3.62
10/4/2024,3.81
10/5/2024,
10/6/2024,
10/7/2024,3.86
10/8/2024,3.86
10/9/2024,3.91
10/10/2024,3.91
10/11/2024,3.88
10/12/2024,
10/13/2024,
10/14/2024,0
10/15/2024,3.86
10/16/2024,3.84
10/17/2024,3.9
10/18/2024,3.88
10/19/2024,
10/20/2024,
10/21/2024,3.98
10/22/2024,4
10/23/2024,4.05
10/24/2024,4.03
10/25/2024,4.07
10/26/2024,
10/27/2024,
10/28/2024,4.11
10/29/2024,4.11
10/30/2024,4.14
10/31/2024,4.15
11/1/2024,4.22
11/2/2024,
11/3/2024,
11/4/2024,4.17
11/5/2024,4.16
11/6/2024,4.27
11/7/2024,4.17
11/8/2024,4.2
11/9/2024,
11/10/2024,
11/11/2024,0
11/12/2024,4.32
11/13/2024,4.3
11/14/2024,4.32
11/15/2024,4.3
11/16/2024,
11/17/2024,
11/18/2024,4.28
11/19/2024,4.25
11/20/2024,4.28
11/21/2024,4.3
11/22/2024,4.3
11/23/2024,
11/24/2024,
11/25/2024,4.17
11/26/2024,4.17
11/27/2024,4.11
11/28/2024,0
11/29/2024,4.05
11/30/2024,
12/1/2024,
12/2/2024,4.08
12/3/2024,4.11
12/4/2024,4.07
12/5/2024,4.07
12/6/2024,4.03
12/7/2024,
12/8/2024,
12/9/2024,4.07
12/10/2024,4.09
12/11/2024,4.13
12/12/2024,4.18
12/13/2024,4.25
12/14/2024,
12/15/2024,
12/16/2024,4.25
12/17/2024,4.26
12/18/2024,4.4
12/19/2024,4.43
12/20/2024,4.37
12/21/2024,
12/22/2024,
12/23/2024,4.44
12/24/2024,4.43
12/25/2024,0
12/26/2024,4.42
12/27/2024,4.45
12/28/2024,
12/29/2024,
12/30/2024,4.37
12/31/2024,4.38
1/1/2025,0
1/2/2025,4.38
1/3/2025,4.41
1/4/2025,
1/5/2025,
1/6/2025,4.42
1/7/2025,4.46
1/8/2025,4.45
1/9/2025,4.46
1/10/2025,4.59
1/11/2025,
1/12/2025,
1/13/2025,4.61
1/14/2025,4.59
1/15/2025,4.45
1/16/2025,4.39
1/17/2025,4.42
1/18/2025,
1/19/2025,
1/20/2025,0
1/21/2025,4.4
1/22/2025,4.43
1/23/2025,4.45
1/24/2025,4.43
1/25/2025,
1/26/2025,
1/27/2025,4.32
1/28/2025,4.33
1/29/2025,4.35
1/30/2025,4.31
1/31/2025,4.36
2/1/2025,
2/2/2025,
2/3/2025,4.35
2/4/2025,4.31
2/5/2025,4.24
2/6/2025,4.28
2/7/2025,4.34
2/8/2025,
2/9/2025,
2/10/2025,4.34
2/11/2025,4.37
2/12/2025,4.48
2/13/2025,4.39
2/14/2025,4.33
2/15/2025,
2/16/2025,
2/17/2025,0
2/18/2025,4.4
2/19/2025,4.37
2/20/2025,4.34
2/21/2025,4.26
2/22/2025,
2/23/2025,
2/24/2025,4.23
2/25/2025,4.12
2/26/2025,4.06
2/27/2025,4.09
2/28/2025,4.03
3/1/2025,
3/2/2025,
3/3/2025,3.97
3/4/2025,4.01
3/5/2025,4.08
3/6/2025,4.06
3/7/2025,4.09
3/8/2025,
3/9/2025,
3/10/2025,3.98
3/11/2025,4.03
3/12/2025,4.09
3/13/2025,4.02
3/14/2025,4.09
3/15/2025,
3/16/2025,
3/17/2025,4.11
3/18/2025,4.07
3/19/2025,4.03
3/20/2025,4.01
3/21/2025,4
3/22/2025,
3/23/2025,
3/24/2025,4.09
3/25/2025,4.07
3/26/2025,4.08
3/27/2025,4.09
3/28/2025,3.98
3/29/2025,
3/30/2025,
3/31/2025,3.96
4/1/2025,3.91
4/2/2025,3.95
4/3/2025,3.75
4/4/2025,3.72
4/5/2025,
4/6/2025,
4/7/2025,3.82
4/8/2025,3.88
4/9/2025,4.06
4/10/2025,4.04
4/11/2025,4.15
4/12/2025,
4/13/2025,
4/14/2025,4.02
4/15/2025,3.98
4/16/2025,3.91
4/17/2025,3.95
4/18/2025,0
4/19/2025,
4/20/2025,
4/21/2025,3.97
4/22/2025,3.98
4/23/2025,4
4/24/2025,3.91
4/25/2025,3.88
4/26/2025,
4/27/2025,
4/28/2025,3.81
4/29/2025,3.77
4/30/2025,3.72
5/1/2025,3.81
5/2/2025,3.92
5/3/2025,
5/4/2025,
5/5/2025,3.95
5/6/2025,3.9
5/7/2025,3.87
5/8/2025,4
5/9/2025,4
5/10/2025,
5/11/2025,
5/12/2025,4.09
5/13/2025,4.12
5/14/2025,4.17
5/15/2025,4.07
5/16/2025,4.06
5/17/2025,
5/18/2025,
5/19/2025,4.07
5/20/2025,4.07
5/21/2025,4.15
5/22/2025,4.11
5/23/2025,4.08
5/24/2025,
5/25/2025,
5/26/2025,0
5/27/2025,4.04
5/28/2025,4.05
5/29/2025,4
5/30/2025,3.96
5/31/2025,
6/1/2025,
6/2/2025,4.01
6/3/2025,4.04
6/4/2025,3.93
6/5/2025,3.99
6/6/2025,4.13
6/7/2025,
6/8/2025,
6/9/2025,4.09
6/10/2025,4.08
6/11/2025,4.02
6/12/2025,3.97
6/13/2025,4.02
6/14/2025,
6/15/2025,
6/16/2025,4.04
6/17/2025,3.99
6/18/2025,3.98
6/19/2025,0
6/20/2025,3.96
6/21/2025,
6/22/2025,
6/23/2025,3.91
6/24/2025,3.86
6/25/2025,3.83
6/26/2025,3.79
6/27/2025,3.83
6/28/2025,
6/29/2025,
6/30/2025,3.79
7/1/2025,3.84
7/2/2025,3.87
7/3/2025,3.94
7/4/2025,0
7/5/2025,
7/6/2025,
7/7/2025,3.96
7/8/2025,3.99
7/9/2025,3.92
7/10/2025,3.93
7/11/2025,3.99
7/12/2025,
7/13/2025,
7/14/2025,3.98
7/15/2025,4.05
7/16/2025,3.99
7/17/2025,4.01
7/18/2025,3.96
7/19/2025,
7/20/2025,
7/21/2025,3.91
7/22/2025,3.88
7/23/2025,3.94
7/24/2025,3.98
7/25/2025,3.95
7/26/2025,
7/27/2025,
7/28/2025,3.96
7/29/2025,3.9
7/30/2025,3.96
7/31/2025,3.96
8/1/2025,3.77
8/2/2025,
8/3/2025,
8/4/2025,3.75
8/5/2025,3.77
8/6/2025,3.77
8/7/2025,3.79
8/8/2025,3.84
8/9/2025,
8/10/2025,
8/11/2025,3.83
8/12/2025,3.83
8/13/2025,3.77
8/14/2025,3.82
8/15/2025,3.85
8/16/2025,
8/17/2025,
8/18/2025,3.86
8/19/2025,3.82
8/20/2025,3.81
8/21/2025,3.86
8/22/2025,3.76
8/23/2025,
8/24/2025,
8/25/2025,3.8
8/26/2025,3.75
8/27/2025,3.69
8/28/2025,3.69
8/29/2025,3.68
8/30/2025,
8/31/2025,
9/1/2025,0
9/2/2025,3.74
9/3/2025,3.69
9/4/2025,3.65
9/5/2025,3.59
9/6/2025,
9/7/2025,
9/8/2025,3.57
9/9/2025,3.61
9/10/2025,3.59
9/11/2025,3.59
9/12/2025,3.63
9/13/2025,
9/14/2025,
9/15/2025,3.61
9/16/2025,3.59
9/17/2025,3.62
9/18/2025,3.67
9/19/2025,3.68
9/20/2025,
9/21/2025,
9/22/2025,3.71
9/23/2025,3.68
9/24/2025,3.7
9/25/2025,3.75
9/26/2025,3.76
9/27/2025,
9/28/2025,
9/29/2025,3.74
9/30/2025,3.74
10/1/2025,3.68
10/2/2025,3.67
10/3/2025,3.72
10/4/2025,
10/5/2025,
10/6/2025,3.75
10/7/2025,3.71
10/8/2025,3.72
10/9/2025,3.74
10/10/2025,3.65
10/11/2025,
10/12/2025,
10/13/2025,0
10/14/2025,3.6
10/15/2025,3.63
10/16/2025,3.55
10/17/2025,3.59
10/18/2025,
10/19/2025,
10/20/2025,3.58
10/21/2025,3.56
10/22/2025,3.56
10/23/2025,3.61
10/24/2025,3.61
10/25/2025,
10/26/2025,
10/27/2025,3.61
10/28/2025,3.6
10/29/2025,3.7
10/30/2025,
10/31/2025,
,
